timestamp,open,high,low,close,volume
2024-01-01T00:00:00Z,42324.8,42610.9,42300.2,42517.4,3038.207
2024-01-01T01:00:00Z,42517.4,42842.9,42475.1,42661.3,3308.231
2024-01-01T02:00:00Z,42661.3,42691.9,42550.8,42631.8,1651.447
2024-01-01T03:00:00Z,42631.8,42641.4,42271.5,42384.1,3499.277
2024-01-01T04:00:00Z,42384.1,42448.0,42250.5,42446.3,1800.157
2024-01-01T05:00:00Z,42446.3,42450.0,42211.2,42280.9,1749.233
2024-01-01T06:00:00Z,42280.9,42467.8,42248.5,42431.7,1117.49
2024-01-01T07:00:00Z,42431.7,42533.0,42431.6,42531.7,1373.99
2024-01-01T08:00:00Z,42531.7,42599.6,42492.7,42596.1,1274.532
2024-01-01T09:00:00Z,42596.1,42739.8,42574.1,42696.9,2249.746
2024-01-01T10:00:00Z,42696.9,42796.1,42656.9,42731.4,2127.375
2024-01-01T11:00:00Z,42731.4,42809.6,42645.6,42735.1,1903.864
2024-01-01T12:00:00Z,42735.1,42820.0,42657.1,42690.6,2067.997
2024-01-01T13:00:00Z,42690.6,42787.5,42651.1,42760.3,1117.358
2024-01-01T14:00:00Z,42760.3,42760.3,42605.4,42651.0,1814.759
2024-01-01T15:00:00Z,42651.0,42890.0,42617.6,42825.1,2622.198
2024-01-01T16:00:00Z,42825.1,42909.1,42707.1,42774.3,1950.463
2024-01-01T17:00:00Z,42774.3,42868.0,42750.0,42852.4,1114.03
2024-01-01T18:00:00Z,42852.4,43279.0,42852.3,43153.8,7712.586
2024-01-01T19:00:00Z,43153.8,43604.0,43140.7,43570.1,6668.097
2024-01-01T20:00:00Z,43570.1,43909.5,43566.6,43753.4,9272.61
2024-01-01T21:00:00Z,43753.4,43855.1,43528.5,43677.7,3978.033
2024-01-01T22:00:00Z,43677.7,43726.4,43421.8,43579.6,3014.063
2024-01-01T23:00:00Z,43579.6,44284.9,43579.5,44235.5,12697.696
2024-01-02T00:00:00Z,44235.5,45376.1,44208.7,45187.9,24268.271
2024-01-02T01:00:00Z,45187.9,45493.6,44744.5,44929.4,11581.241
2024-01-02T02:00:00Z,44929.4,45440.0,44929.4,45430.1,6549.609
2024-01-02T03:00:00Z,45430.1,45578.9,45131.1,45434.1,9517.238
2024-01-02T04:00:00Z,45434.1,45485.2,45201.6,45219.9,4935.6
2024-01-02T05:00:00Z,45219.9,45368.5,45160.0,45220.0,2833.337
2024-01-02T06:00:00Z,45220.0,45350.0,45170.0,45203.1,2035.927
2024-01-02T07:00:00Z,45203.1,45792.8,45203.1,45500.0,9055.449
2024-01-02T08:00:00Z,45500.0,45927.0,45372.7,45817.9,11023.565
2024-01-02T09:00:00Z,45817.9,45946.5,45683.8,45731.6,5245.819
2024-01-02T10:00:00Z,45731.6,45774.2,45500.0,45658.7,5303.585
2024-01-02T11:00:00Z,45658.7,45772.0,45242.3,45495.9,6793.223
2024-01-02T12:00:00Z,45495.9,45669.9,45326.7,45365.3,5606.18
2024-01-02T13:00:00Z,45365.3,45770.0,45333.2,45699.6,5280.287
2024-01-02T14:00:00Z,45699.6,45864.3,45039.1,45301.3,13280.197
2024-01-02T15:00:00Z,45301.3,45369.9,44868.2,45230.3,11672.408
2024-01-02T16:00:00Z,45230.3,45455.0,44935.8,45408.8,7851.995
2024-01-02T17:00:00Z,45408.8,45428.5,44981.0,45014.4,4812.876
2024-01-02T18:00:00Z,45014.4,45320.5,44990.6,45202.6,4516.388
2024-01-02T19:00:00Z,45202.6,45297.2,44795.7,45088.6,6189.442
2024-01-02T20:00:00Z,45088.6,45227.4,44763.1,44823.8,5715.518
2024-01-02T21:00:00Z,44823.8,45177.7,44633.0,45177.6,8366.57
2024-01-02T22:00:00Z,45177.6,45369.9,44879.0,45024.9,5272.773
2024-01-02T23:00:00Z,45024.9,45099.3,44831.8,44989.0,2822.585
2024-01-03T00:00:00Z,44989.0,45255.0,44909.8,45183.1,3602.603
2024-01-03T01:00:00Z,45183.1,45390.7,45137.2,45367.7,2759.04
2024-01-03T02:00:00Z,45367.7,45476.0,45258.7,45323.0,2404.027
2024-01-03T03:00:00Z,45323.0,45359.7,45201.3,45309.2,1436.861
2024-01-03T04:00:00Z,45309.2,45320.1,45154.3,45226.4,1280.242
2024-01-03T05:00:00Z,45226.4,45336.4,45158.7,45206.1,1593.278
2024-01-03T06:00:00Z,45206.1,45414.0,45195.0,45366.0,2357.874
2024-01-03T07:00:00Z,45366.0,45426.3,44971.0,45044.0,4504.15
2024-01-03T08:00:00Z,45044.0,45236.1,45036.6,45231.7,3291.135
2024-01-03T09:00:00Z,45231.7,45567.8,45212.5,45383.0,5578.414
2024-01-03T10:00:00Z,45383.0,45431.0,45079.0,45186.0,4024.037
2024-01-03T11:00:00Z,45186.0,45211.0,43434.7,43736.2,42463.983
2024-01-03T12:00:00Z,43736.2,43749.9,40210.0,42797.1,117274.089
2024-01-03T13:00:00Z,42797.1,42828.0,42316.1,42559.5,14333.067
2024-01-03T14:00:00Z,42559.5,42565.5,42051.4,42205.9,10923.607
2024-01-03T15:00:00Z,42205.9,43077.9,42196.1,43011.3,14851.06
2024-01-03T16:00:00Z,43011.3,43615.5,42768.3,43031.9,22601.014
2024-01-03T17:00:00Z,43031.9,43080.0,42512.0,42929.2,9098.126
2024-01-03T18:00:00Z,42929.2,43098.9,41728.4,42280.3,16108.558
2024-01-03T19:00:00Z,42280.3,43062.0,42179.6,42616.6,12972.291
2024-01-03T20:00:00Z,42616.6,42878.4,42535.2,42748.0,4854.342
2024-01-03T21:00:00Z,42748.0,42995.0,42604.0,42954.5,4423.524
2024-01-03T22:00:00Z,42954.5,42975.4,42621.7,42783.8,3304.367
2024-01-03T23:00:00Z,42783.8,42876.9,42606.9,42871.9,2177.864
2024-01-04T00:00:00Z,42871.9,43019.0,42779.4,42901.9,3137.349
2024-01-04T01:00:00Z,42901.9,42959.4,42637.0,42731.0,3308.845
2024-01-04T02:00:00Z,42731.0,43270.0,42710.1,43173.7,4445.951
2024-01-04T03:00:00Z,43173.7,43247.7,43031.5,43141.4,2873.57
2024-01-04T04:00:00Z,43141.4,43247.6,43000.0,43188.5,2311.476
2024-01-04T05:00:00Z,43188.5,43317.1,43100.2,43214.4,2348.459
2024-01-04T06:00:00Z,43214.4,43257.1,43111.0,43185.6,2119.909
2024-01-04T07:00:00Z,43185.6,43299.1,42773.0,42795.3,9475.043
2024-01-04T08:00:00Z,42795.3,42999.8,42750.0,42878.9,4101.862
2024-01-04T09:00:00Z,42878.9,43121.0,42878.8,43038.9,2733.749
2024-01-04T10:00:00Z,43038.9,43130.6,42677.4,43104.0,5803.599
2024-01-04T11:00:00Z,43104.0,43268.9,42955.9,43205.0,3750.629
2024-01-04T12:00:00Z,43205.0,43490.0,43121.4,43399.9,7727.44
2024-01-04T13:00:00Z,43399.9,43532.8,43183.3,43375.7,5487.558
2024-01-04T14:00:00Z,43375.7,43800.0,43269.9,43703.7,9383.868
2024-01-04T15:00:00Z,43703.7,44390.0,43622.8,44089.9,20745.342
2024-01-04T16:00:00Z,44089.9,44175.5,43806.1,43941.8,9417.534
2024-01-04T17:00:00Z,43941.8,44270.6,43840.0,44010.9,7903.554
2024-01-04T18:00:00Z,44010.9,44187.2,43891.6,44074.9,3791.04
2024-01-04T19:00:00Z,44074.9,44477.9,43930.8,43962.8,11312.166
2024-01-04T20:00:00Z,43962.8,44875.5,43910.1,44137.8,14690.304
2024-01-04T21:00:00Z,44137.8,44814.9,44131.2,44456.0,13433.702
2024-01-04T22:00:00Z,44456.0,44773.4,44164.3,44336.0,9821.855
2024-01-04T23:00:00Z,44336.0,44379.2,44037.0,44156.3,4553.169
2024-01-05T00:00:00Z,44156.3,44260.0,43956.1,44220.5,5108.638
2024-01-05T01:00:00Z,44220.5,44293.0,42181.0,43389.5,28450.067
2024-01-05T02:00:00Z,43389.5,44019.3,43300.0,43512.1,11569.425
2024-01-05T03:00:00Z,43512.1,43862.8,43410.5,43472.0,6031.197
2024-01-05T04:00:00Z,43472.0,43646.7,43163.4,43602.9,6468.852
2024-01-05T05:00:00Z,43602.9,43741.5,43516.8,43658.6,3789.941
2024-01-05T06:00:00Z,43658.6,43940.0,43585.8,43862.9,4042.024
2024-01-05T07:00:00Z,43862.9,43950.0,43730.4,43793.8,3248.466
2024-01-05T08:00:00Z,43793.8,43973.9,43788.0,43932.8,2558.441
2024-01-05T09:00:00Z,43932.8,44391.2,43932.8,44168.0,12655.141
2024-01-05T10:00:00Z,44168.0,44175.0,43465.7,43640.8,7696.632
2024-01-05T11:00:00Z,43640.8,43931.0,43612.4,43786.0,5528.117
2024-01-05T12:00:00Z,43786.0,44300.0,43621.0,43908.1,8728.414
2024-01-05T13:00:00Z,43908.1,44129.4,43709.2,44000.4,6903.595
2024-01-05T14:00:00Z,44000.4,44085.0,42972.2,43499.9,19470.044
2024-01-05T15:00:00Z,43499.9,43827.1,43359.5,43516.1,8438.589
2024-01-05T16:00:00Z,43516.1,43600.0,43215.6,43224.4,7599.279
2024-01-05T17:00:00Z,43224.4,43637.1,43076.0,43611.3,7645.746
2024-01-05T18:00:00Z,43611.3,43716.3,43408.3,43619.8,3604.012
2024-01-05T19:00:00Z,43619.8,43836.3,43527.8,43612.3,3907.046
2024-01-05T20:00:00Z,43612.3,44436.4,43612.2,43965.7,15346.755
2024-01-05T21:00:00Z,43965.7,43977.9,43569.3,43957.7,7126.708
2024-01-05T22:00:00Z,43957.7,44068.5,43762.4,43975.9,2527.093
2024-01-05T23:00:00Z,43975.9,44353.0,43973.8,44156.8,5912.38
2024-01-06T00:00:00Z,44156.8,44229.4,43979.3,44072.7,2575.357
2024-01-06T01:00:00Z,44072.7,44100.0,43910.0,43977.8,1998.585
2024-01-06T02:00:00Z,43977.8,44024.6,43835.1,43903.1,2245.474
2024-01-06T03:00:00Z,43903.1,44027.9,43814.2,43934.0,1758.206
2024-01-06T04:00:00Z,43934.0,43977.5,43841.7,43860.2,931.363
2024-01-06T05:00:00Z,43860.2,43882.8,43603.0,43710.8,3726.614
2024-01-06T06:00:00Z,43710.8,43715.8,43440.0,43472.1,3779.834
2024-01-06T07:00:00Z,43472.1,43688.0,43400.7,43671.1,3573.92
2024-01-06T08:00:00Z,43671.1,43775.0,43574.1,43715.8,2426.426
2024-01-06T09:00:00Z,43715.8,43783.6,43654.0,43669.0,1376.433
2024-01-06T10:00:00Z,43669.0,43789.9,43599.1,43709.0,1540.521
2024-01-06T11:00:00Z,43709.0,43720.0,43630.0,43683.6,944.294
2024-01-06T12:00:00Z,43683.6,43765.0,43525.5,43621.4,2019.197
2024-01-06T13:00:00Z,43621.4,43750.0,43550.0,43715.2,1551.174
2024-01-06T14:00:00Z,43715.2,43935.5,43715.0,43839.2,4277.677
2024-01-06T15:00:00Z,43839.2,43908.0,43793.5,43872.1,1441.303
2024-01-06T16:00:00Z,43872.1,43981.0,43833.0,43880.1,1930.698
2024-01-06T17:00:00Z,43880.1,44020.0,43849.5,43974.4,1701.751
2024-01-06T18:00:00Z,43974.4,44168.6,43885.0,44009.9,3566.988
2024-01-06T19:00:00Z,44009.9,44028.0,43832.6,43914.0,1939.081
2024-01-06T20:00:00Z,43914.0,43967.8,43548.5,43825.6,4145.24
2024-01-06T21:00:00Z,43825.6,43949.4,43714.2,43893.5,1884.568
2024-01-06T22:00:00Z,43893.5,43930.0,43739.7,43882.0,1428.847
2024-01-06T23:00:00Z,43882.0,43992.5,43722.5,43972.4,1558.539
2024-01-07T00:00:00Z,43972.4,44285.0,43914.4,44129.2,4457.738
2024-01-07T01:00:00Z,44129.2,44171.4,43966.6,43970.8,2044.55
2024-01-07T02:00:00Z,43970.8,44100.0,43840.8,43940.6,2713.349
2024-01-07T03:00:00Z,43940.6,44045.4,43911.0,43944.7,1249.782
2024-01-07T04:00:00Z,43944.7,44048.0,43890.0,44003.9,1029.308
2024-01-07T05:00:00Z,44003.9,44078.7,43850.8,43899.5,1253.966
2024-01-07T06:00:00Z,43899.5,44111.0,43858.8,44031.4,2056.233
2024-01-07T07:00:00Z,44031.4,44112.8,43996.1,44092.0,1401.213
2024-01-07T08:00:00Z,44092.0,44182.5,44020.0,44031.4,1967.53
2024-01-07T09:00:00Z,44031.4,44082.0,43885.6,43945.7,2320.086
2024-01-07T10:00:00Z,43945.7,44008.5,43922.3,43974.0,977.617
2024-01-07T11:00:00Z,43974.0,44138.9,43973.6,44076.9,1732.855
2024-01-07T12:00:00Z,44076.9,44160.5,43971.1,44102.5,1871.915
2024-01-07T13:00:00Z,44102.5,44468.3,44084.9,44426.7,6941.211
2024-01-07T14:00:00Z,44426.7,44509.6,44286.0,44418.9,4205.604
2024-01-07T15:00:00Z,44418.9,44444.0,43935.0,44061.0,6793.992
2024-01-07T16:00:00Z,44061.0,44204.7,43835.9,43922.8,5145.41
2024-01-07T17:00:00Z,43922.8,44118.9,43639.6,44070.9,5499.799
2024-01-07T18:00:00Z,44070.9,44189.9,44037.9,44106.5,1815.004
2024-01-07T19:00:00Z,44106.5,44272.9,44042.3,44249.9,1927.435
2024-01-07T20:00:00Z,44249.9,44280.0,44120.0,44125.0,1263.594
2024-01-07T21:00:00Z,44125.0,44263.2,44112.4,44243.9,1867.4
2024-01-07T22:00:00Z,44243.9,44243.9,43768.9,43863.2,5474.911
2024-01-07T23:00:00Z,43863.2,44028.7,43577.0,43936.2,7650.394
2024-01-08T00:00:00Z,43936.2,43997.7,43630.2,43641.9,4709.897
2024-01-08T01:00:00Z,43641.9,43819.8,43610.8,43716.0,2339.577
2024-01-08T02:00:00Z,43716.0,43805.0,43136.9,43363.0,8632.148
2024-01-08T03:00:00Z,43363.0,43572.6,43213.1,43527.7,5559.21
2024-01-08T04:00:00Z,43527.7,43625.0,43446.5,43611.9,2586.941
2024-01-08T05:00:00Z,43611.9,43669.6,43486.0,43654.0,2549.473
2024-01-08T06:00:00Z,43654.0,44444.0,43605.6,43920.3,15992.787
2024-01-08T07:00:00Z,43920.3,44088.0,43789.4,43979.0,3928.632
2024-01-08T08:00:00Z,43979.0,44079.9,43853.1,43870.0,2137.348
2024-01-08T09:00:00Z,43870.0,43924.6,43640.1,43731.6,3067.786
2024-01-08T10:00:00Z,43731.6,44148.0,43698.9,44100.0,4495.324
2024-01-08T11:00:00Z,44100.0,44749.3,43906.1,44653.9,14930.271
2024-01-08T12:00:00Z,44653.9,45211.1,44296.1,45118.0,29919.653
2024-01-08T13:00:00Z,45118.0,45183.5,44820.2,44925.9,10487.396
2024-01-08T14:00:00Z,44925.9,45112.9,44672.1,44798.7,6227.585
2024-01-08T15:00:00Z,44798.7,45413.0,44465.0,44975.3,15066.649
2024-01-08T16:00:00Z,44975.3,45170.0,44791.0,44943.1,6835.379
2024-01-08T17:00:00Z,44943.1,45683.0,44900.0,45648.0,12733.765
2024-01-08T18:00:00Z,45648.0,47033.0,45648.0,46981.2,37747.778
2024-01-08T19:00:00Z,46981.2,47318.3,46550.0,47005.9,17799.604
2024-01-08T20:00:00Z,47005.9,47180.0,46726.3,46799.9,7547.419
2024-01-08T21:00:00Z,46799.9,47238.3,46666.6,47082.0,6678.924
2024-01-08T22:00:00Z,47082.0,47134.6,46822.3,47015.4,3456.915
2024-01-08T23:00:00Z,47015.4,47125.9,46844.2,46972.8,3191.971
2024-01-09T00:00:00Z,46972.8,47164.0,46261.0,46700.0,12202.001
2024-01-09T01:00:00Z,46700.0,46820.2,46324.0,46589.2,7237.874
2024-01-09T02:00:00Z,46589.2,46812.6,46510.0,46802.0,3418.572
2024-01-09T03:00:00Z,46802.0,47009.3,46770.0,46949.2,4247.463
2024-01-09T04:00:00Z,46949.2,46966.8,46681.7,46823.8,3066.028
2024-01-09T05:00:00Z,46823.8,46878.0,46624.0,46741.4,3002.479
2024-01-09T06:00:00Z,46741.4,46853.0,46690.9,46801.4,2090.01
2024-01-09T07:00:00Z,46801.4,46957.0,46750.0,46855.0,2516.916
2024-01-09T08:00:00Z,46855.0,46900.0,46531.0,46573.3,3833.706
2024-01-09T09:00:00Z,46573.3,46718.0,46411.8,46519.5,4266.316
2024-01-09T10:00:00Z,46519.5,46704.8,46423.4,46474.8,2874.43
2024-01-09T11:00:00Z,46474.8,46666.2,46456.3,46643.9,3018.975
2024-01-09T12:00:00Z,46643.9,47065.0,45500.0,46186.3,21726.746
2024-01-09T13:00:00Z,46186.3,47080.0,46065.4,46851.0,18963.957
2024-01-09T14:00:00Z,46851.0,47017.9,46500.0,46577.7,10961.555
2024-01-09T15:00:00Z,46577.7,47039.1,46430.0,46875.0,12369.579
2024-01-09T16:00:00Z,46875.0,46985.0,46717.0,46904.0,4323.853
2024-01-09T17:00:00Z,46904.0,46929.2,46640.3,46725.9,3949.477
2024-01-09T18:00:00Z,46725.9,46748.5,46500.0,46649.8,4738.012
2024-01-09T19:00:00Z,46649.8,46900.0,46583.3,46882.1,3219.118
2024-01-09T20:00:00Z,46882.1,46948.7,46600.0,46647.8,3230.028
2024-01-09T21:00:00Z,46647.8,48083.4,44750.0,45455.6,84755.425
2024-01-09T22:00:00Z,45455.6,46290.0,45309.0,46259.6,12713.101
2024-01-09T23:00:00Z,46259.6,46264.5,45913.2,46128.0,5267.796
2024-01-10T00:00:00Z,46128.0,46259.9,45780.1,45872.5,7693.479
2024-01-10T01:00:00Z,45872.5,45982.6,45633.3,45949.9,4043.346
2024-01-10T02:00:00Z,45949.9,46116.6,45899.1,45995.9,2855.651
2024-01-10T03:00:00Z,45995.9,46227.0,45943.0,46129.1,2563.102
2024-01-10T04:00:00Z,46129.1,46197.5,45956.5,45973.3,2462.386
2024-01-10T05:00:00Z,45973.3,46042.0,45911.9,45997.5,1544.921
2024-01-10T06:00:00Z,45997.5,46088.3,45883.3,46025.7,1873.153
2024-01-10T07:00:00Z,46025.7,46045.0,45738.5,45773.6,3280.453
2024-01-10T08:00:00Z,45773.6,45877.9,45322.4,45340.8,7345.57
2024-01-10T09:00:00Z,45340.8,45728.8,45324.3,45680.1,5887.884
2024-01-10T10:00:00Z,45680.1,45757.6,45538.6,45544.4,2915.984
2024-01-10T11:00:00Z,45544.4,45676.8,44881.0,45544.0,10413.354
2024-01-10T12:00:00Z,45544.0,45688.0,44354.5,44678.0,27359.806
2024-01-10T13:00:00Z,44678.0,45448.8,44301.0,45135.9,19471.604
2024-01-10T14:00:00Z,45135.9,45434.7,44824.3,44904.0,12238.667
2024-01-10T15:00:00Z,44904.0,45689.4,44812.3,45578.4,15109.954
2024-01-10T16:00:00Z,45578.4,45760.4,45182.7,45329.2,10850.613
2024-01-10T17:00:00Z,45329.2,46481.7,45242.2,46426.0,16220.977
2024-01-10T18:00:00Z,46426.0,46699.3,45843.0,46562.1,17901.418
2024-01-10T19:00:00Z,46562.1,46777.0,46051.6,46506.2,15595.797
2024-01-10T20:00:00Z,46506.2,46523.0,44727.6,46137.2,56383.019
2024-01-10T21:00:00Z,46137.2,46318.1,45140.2,45970.7,27661.723
2024-01-10T22:00:00Z,45970.7,46964.9,45765.1,46920.0,17238.225
2024-01-10T23:00:00Z,46920.0,47732.0,46327.6,46659.9,33569.625
2024-01-11T00:00:00Z,46659.9,46731.8,46305.0,46682.1,8705.992
2024-01-11T01:00:00Z,46682.1,46764.7,46472.3,46510.1,3172.995
2024-01-11T02:00:00Z,46510.1,46630.6,46495.7,46571.4,1816.075
2024-01-11T03:00:00Z,46571.4,46608.1,46171.0,46508.8,8728.249
2024-01-11T04:00:00Z,46508.8,46520.0,46320.0,46416.6,2169.253
2024-01-11T05:00:00Z,46416.6,46436.9,45851.0,46080.1,7063.012
2024-01-11T06:00:00Z,46080.1,46105.3,45620.0,45901.9,6651.236
2024-01-11T07:00:00Z,45901.9,46188.2,45884.0,46113.2,5257.97
2024-01-11T08:00:00Z,46113.2,46339.9,46067.1,46286.4,2757.195
2024-01-11T09:00:00Z,46286.4,46369.6,46213.2,46223.6,2349.009
2024-01-11T10:00:00Z,46223.6,46889.1,46198.2,46880.1,9095.131
2024-01-11T11:00:00Z,46880.1,47183.4,46701.3,47067.1,9488.921
2024-01-11T12:00:00Z,47067.1,47484.8,46945.4,47459.2,9133.187
2024-01-11T13:00:00Z,47459.2,47459.3,46741.7,47332.9,17046.147
2024-01-11T14:00:00Z,47332.9,49054.4,47202.1,48578.2,51132.616
2024-01-11T15:00:00Z,48578.2,48684.5,46476.1,46822.3,43735.712
2024-01-11T16:00:00Z,46822.3,47059.4,45756.0,46040.2,33889.96
2024-01-11T17:00:00Z,46040.2,46587.4,45525.3,46528.4,15808.758
2024-01-11T18:00:00Z,46528.4,46693.2,46263.5,46629.0,6931.579
2024-01-11T19:00:00Z,46629.0,46768.8,46295.1,46714.8,4324.221
2024-01-11T20:00:00Z,46714.8,46982.5,46106.0,46241.8,12854.658
2024-01-11T21:00:00Z,46241.8,46473.0,46117.5,46168.8,4367.182
2024-01-11T22:00:00Z,46168.8,46458.6,46083.7,46422.6,2793.144
2024-01-11T23:00:00Z,46422.6,46511.8,46308.5,46347.7,2192.784
2024-01-12T00:00:00Z,46347.7,46550.0,46002.9,46306.4,6786.56
2024-01-12T01:00:00Z,46306.4,46348.0,45909.1,46149.4,4762.695
2024-01-12T02:00:00Z,46149.4,46275.5,46008.0,46163.9,2904.379
2024-01-12T03:00:00Z,46163.9,46198.0,45933.0,45995.2,3016.364
2024-01-12T04:00:00Z,45995.2,46123.5,45862.0,45963.0,3114.895
2024-01-12T05:00:00Z,45963.0,46232.7,45900.8,46208.5,2653.216
2024-01-12T06:00:00Z,46208.5,46397.8,46121.0,46121.0,3383.37
2024-01-12T07:00:00Z,46121.0,46162.5,45681.0,46017.3,7005.145
2024-01-12T08:00:00Z,46017.3,46021.9,45629.7,45868.1,5654.146
2024-01-12T09:00:00Z,45868.1,46111.0,45530.2,45960.6,10820.01
2024-01-12T10:00:00Z,45960.6,46157.0,45853.9,46077.9,3653.102
2024-01-12T11:00:00Z,46077.9,46290.0,45956.5,45968.8,4778.556
2024-01-12T12:00:00Z,45968.8,46139.0,45680.0,45887.7,4638.053
2024-01-12T13:00:00Z,45887.7,45966.1,45603.0,45794.3,5881.607
2024-01-12T14:00:00Z,45794.3,46037.0,45280.0,45483.1,17843.903
2024-01-12T15:00:00Z,45483.1,45501.9,44358.4,44501.5,26650.493
2024-01-12T16:00:00Z,44501.5,44722.0,43202.6,43662.0,46348.523
2024-01-12T17:00:00Z,43662.0,43846.7,43309.0,43841.8,17556.731
2024-01-12T18:00:00Z,43841.8,43978.4,43354.4,43517.0,12917.033
2024-01-12T19:00:00Z,43517.0,43768.5,43310.0,43512.1,8049.057
2024-01-12T20:00:00Z,43512.1,44000.0,43456.0,43689.1,8667.066
2024-01-12T21:00:00Z,43689.1,43899.3,43213.0,43479.3,8690.502
2024-01-12T22:00:00Z,43479.3,43489.6,41323.0,42521.8,40660.572
2024-01-12T23:00:00Z,42521.8,42965.4,42493.0,42797.9,9344.755
2024-01-13T00:00:00Z,42797.9,43025.2,42770.0,42813.8,4609.496
2024-01-13T01:00:00Z,42813.8,42904.0,42520.1,42684.0,5942.434
2024-01-13T02:00:00Z,42684.0,42869.0,42551.7,42557.9,3103.616
2024-01-13T03:00:00Z,42557.9,42699.9,42449.0,42629.6,2590.512
2024-01-13T04:00:00Z,42629.6,42880.5,42574.2,42855.3,2920.272
2024-01-13T05:00:00Z,42855.3,43146.0,42785.7,43111.9,4580.185
2024-01-13T06:00:00Z,43111.9,43190.0,42968.7,43162.9,3021.253
2024-01-13T07:00:00Z,43162.9,43267.6,43072.9,43113.4,3142.945
2024-01-13T08:00:00Z,43113.4,43260.8,43080.9,43183.0,1814.861
2024-01-13T09:00:00Z,43183.0,43207.9,42775.6,42934.0,4854.135
2024-01-13T10:00:00Z,42934.0,42940.2,42634.6,42714.8,5098.241
2024-01-13T11:00:00Z,42714.8,42818.0,42506.0,42638.9,5003.019
2024-01-13T12:00:00Z,42638.9,42784.4,42522.3,42704.1,3124.145
2024-01-13T13:00:00Z,42704.1,42808.9,42628.0,42749.9,2988.546
2024-01-13T14:00:00Z,42749.9,42988.0,42651.1,42874.9,4623.119
2024-01-13T15:00:00Z,42874.9,43259.0,42872.1,43169.3,6231.096
2024-01-13T16:00:00Z,43169.3,43202.0,42735.4,42905.0,6331.714
2024-01-13T17:00:00Z,42905.0,43024.0,42772.5,42910.6,2874.69
2024-01-13T18:00:00Z,42910.6,42919.6,42730.0,42812.3,2548.961
2024-01-13T19:00:00Z,42812.3,43002.5,42788.9,42795.0,2255.692
2024-01-13T20:00:00Z,42795.0,42924.3,42706.3,42870.0,1881.151
2024-01-13T21:00:00Z,42870.0,42990.0,42828.8,42970.2,918.879
2024-01-13T22:00:00Z,42970.2,43074.4,42891.7,43007.4,1388.809
2024-01-13T23:00:00Z,43007.4,43010.0,42810.1,42855.0,1057.853
2024-01-14T00:00:00Z,42855.0,42902.6,42667.0,42699.8,2184.756
2024-01-14T01:00:00Z,42699.8,42856.4,42688.1,42782.0,999.297
2024-01-14T02:00:00Z,42782.0,42837.8,42668.5,42797.2,963.116
2024-01-14T03:00:00Z,42797.2,42824.4,42658.8,42704.4,2183.322
2024-01-14T04:00:00Z,42704.4,42724.0,42576.7,42600.1,1806.699
2024-01-14T05:00:00Z,42600.1,42820.3,42599.6,42769.6,1188.559
2024-01-14T06:00:00Z,42769.6,43020.0,42762.6,43016.5,1825.008
2024-01-14T07:00:00Z,43016.5,43078.8,42906.0,43034.1,2434.579
2024-01-14T08:00:00Z,43034.1,43050.0,42916.5,43013.1,1105.722
2024-01-14T09:00:00Z,43013.1,43110.3,42840.0,43084.1,1851.49
2024-01-14T10:00:00Z,43084.1,43094.0,42879.3,42907.5,1818.096
2024-01-14T11:00:00Z,42907.5,42958.3,42770.2,42840.0,2288.721
2024-01-14T12:00:00Z,42840.0,42862.0,42695.6,42765.7,3520.143
2024-01-14T13:00:00Z,42765.7,42933.3,42739.1,42895.0,1498.408
2024-01-14T14:00:00Z,42895.0,43022.0,42780.4,42824.0,2995.153
2024-01-14T15:00:00Z,42824.0,42968.7,42808.0,42909.1,1422.984
2024-01-14T16:00:00Z,42909.1,42981.2,42863.5,42938.8,1758.109
2024-01-14T17:00:00Z,42938.8,43028.7,42890.0,42990.0,1410.015
2024-01-14T18:00:00Z,42990.0,43023.6,42835.5,42900.0,1575.215
2024-01-14T19:00:00Z,42900.0,42939.9,42633.9,42658.1,4144.317
2024-01-14T20:00:00Z,42658.1,42765.8,42046.2,42511.3,11300.787
2024-01-14T21:00:00Z,42511.3,42603.8,41920.0,42561.8,10905.984
2024-01-14T22:00:00Z,42561.8,42670.3,42055.4,42275.4,7026.051
2024-01-14T23:00:00Z,42275.4,42320.7,41708.8,41731.0,12828.507
2024-01-15T00:00:00Z,41731.0,42366.9,41710.6,42280.0,6985.136
2024-01-15T01:00:00Z,42280.0,42409.6,42170.3,42282.2,2657.249
2024-01-15T02:00:00Z,42282.2,42418.9,42193.3,42406.9,1878.631
2024-01-15T03:00:00Z,42406.9,42686.4,42390.0,42576.4,5150.298
2024-01-15T04:00:00Z,42576.4,42645.2,42509.6,42603.7,1951.459
2024-01-15T05:00:00Z,42603.7,42881.2,42579.0,42752.4,5193.313
2024-01-15T06:00:00Z,42752.4,42809.0,42614.4,42664.7,1848.435
2024-01-15T07:00:00Z,42664.7,42792.6,42488.0,42731.1,3262.916
2024-01-15T08:00:00Z,42731.1,42801.4,42657.4,42696.1,2012.092
2024-01-15T09:00:00Z,42696.1,42781.3,42590.5,42772.7,1954.67
2024-01-15T10:00:00Z,42772.7,42788.0,42502.1,42566.4,3714.242
2024-01-15T11:00:00Z,42566.4,42716.7,42542.9,42709.9,2071.257
2024-01-15T12:00:00Z,42709.9,42736.5,42568.3,42670.0,2074.666
2024-01-15T13:00:00Z,42670.0,42985.3,42621.0,42866.3,5122.699
2024-01-15T14:00:00Z,42866.3,42884.8,42159.2,42204.6,15693.72
2024-01-15T15:00:00Z,42204.6,42485.2,42162.0,42281.4,6160.356
2024-01-15T16:00:00Z,42281.4,42560.0,42258.1,42525.4,3378.237
2024-01-15T17:00:00Z,42525.4,42790.0,42525.4,42705.7,4050.687
2024-01-15T18:00:00Z,42705.7,43394.6,42705.7,43014.9,15476.17
2024-01-15T19:00:00Z,43014.9,43145.9,42817.8,42993.8,5667.041
2024-01-15T20:00:00Z,42993.8,43121.3,42838.3,42960.9,2805.309
2024-01-15T21:00:00Z,42960.9,42960.9,42690.0,42712.3,2637.637
2024-01-15T22:00:00Z,42712.3,42817.8,42328.5,42621.1,6685.198
2024-01-15T23:00:00Z,42621.1,42637.0,42463.1,42508.1,3248.224
2024-01-16T00:00:00Z,42508.1,42671.0,42458.6,42595.2,1969.006
2024-01-16T01:00:00Z,42595.2,42727.0,42552.5,42585.6,1422.957
2024-01-16T02:00:00Z,42585.6,42730.9,42550.2,42699.8,1546.385
2024-01-16T03:00:00Z,42699.8,42937.6,42687.5,42918.3,2596.412
2024-01-16T04:00:00Z,42918.3,42955.0,42750.0,42799.0,2104.353
2024-01-16T05:00:00Z,42799.0,42925.8,42756.1,42762.8,1614.676
2024-01-16T06:00:00Z,42762.8,42778.6,42633.9,42742.1,1945.197
2024-01-16T07:00:00Z,42742.1,42788.6,42605.6,42788.5,2186.21
2024-01-16T08:00:00Z,42788.5,43043.0,42710.0,43033.6,4723.297
2024-01-16T09:00:00Z,43033.6,43185.0,42906.6,42945.7,5171.003
2024-01-16T10:00:00Z,42945.7,42973.4,42847.6,42875.1,2294.332
2024-01-16T11:00:00Z,42875.1,42945.2,42755.0,42893.7,2571.761
2024-01-16T12:00:00Z,42893.7,43168.2,42856.1,43160.1,4146.419
2024-01-16T13:00:00Z,43160.1,43180.0,42660.9,42801.1,7782.047
2024-01-16T14:00:00Z,42801.1,42946.6,42003.9,42689.5,24457.693
2024-01-16T15:00:00Z,42689.5,43354.7,42532.1,43255.9,21174.696
2024-01-16T16:00:00Z,43255.9,43456.2,43003.2,43252.0,11134.851
2024-01-16T17:00:00Z,43252.0,43254.9,43026.0,43044.6,3465.141
2024-01-16T18:00:00Z,43044.6,43152.9,42820.2,43005.0,5033.165
2024-01-16T19:00:00Z,43005.0,43180.0,42938.1,43164.7,2950.097
2024-01-16T20:00:00Z,43164.7,43374.1,43042.5,43191.9,5402.203
2024-01-16T21:00:00Z,43191.9,43579.9,43178.6,43418.1,6758.222
2024-01-16T22:00:00Z,43418.1,43490.0,43190.2,43200.2,2793.347
2024-01-16T23:00:00Z,43200.2,43286.0,43103.0,43128.1,2284.151
2024-01-17T00:00:00Z,43128.1,43169.0,43036.0,43086.1,1742.629
2024-01-17T01:00:00Z,43086.1,43197.0,42947.1,42964.7,2527.759
2024-01-17T02:00:00Z,42964.7,43068.4,42903.6,42993.6,1809.109
2024-01-17T03:00:00Z,42993.6,43024.3,42839.9,42840.8,1631.49
2024-01-17T04:00:00Z,42840.8,42915.0,42743.1,42841.0,2348.043
2024-01-17T05:00:00Z,42841.0,42920.0,42754.2,42774.4,1574.666
2024-01-17T06:00:00Z,42774.4,42867.0,42752.2,42800.0,1218.044
2024-01-17T07:00:00Z,42800.0,42847.6,42600.2,42642.0,3855.614
2024-01-17T08:00:00Z,42642.0,42742.0,42550.0,42712.5,3614.306
2024-01-17T09:00:00Z,42712.5,42824.8,42665.0,42669.4,2293.349
2024-01-17T10:00:00Z,42669.4,42849.9,42608.1,42849.8,2858.07
2024-01-17T11:00:00Z,42849.8,42849.9,42667.2,42683.9,2004.5
2024-01-17T12:00:00Z,42683.9,42800.0,42379.8,42791.9,8249.793
2024-01-17T13:00:00Z,42791.9,42792.0,42511.5,42620.0,4219.463
2024-01-17T14:00:00Z,42620.0,42952.5,42306.0,42573.9,15982.018
2024-01-17T15:00:00Z,42573.9,42779.6,42460.3,42478.1,7409.786
2024-01-17T16:00:00Z,42478.1,42561.8,42263.3,42366.1,6200.725
2024-01-17T17:00:00Z,42366.1,42474.3,42195.7,42374.8,4224.804
2024-01-17T18:00:00Z,42374.8,42628.7,42272.3,42622.2,3444.125
2024-01-17T19:00:00Z,42622.2,42760.0,42554.6,42621.1,2484.011
2024-01-17T20:00:00Z,42621.1,42884.7,42562.5,42739.8,5597.573
2024-01-17T21:00:00Z,42739.8,42836.0,42614.8,42690.5,2602.929
2024-01-17T22:00:00Z,42690.5,42741.4,42442.3,42733.4,2605.127
2024-01-17T23:00:00Z,42733.4,42787.0,42624.6,42782.1,1632.618
2024-01-18T00:00:00Z,42782.1,42800.0,42621.2,42667.9,1346.699
2024-01-18T01:00:00Z,42667.9,42722.7,42503.0,42587.3,1727.654
2024-01-18T02:00:00Z,42587.3,42731.0,42581.0,42661.3,1313.171
2024-01-18T03:00:00Z,42661.3,42684.7,42555.4,42594.3,1052.564
2024-01-18T04:00:00Z,42594.3,42700.0,42589.9,42681.3,1079.479
2024-01-18T05:00:00Z,42681.3,42795.0,42644.5,42780.4,1755.228
2024-01-18T06:00:00Z,42780.4,42880.0,42761.1,42803.9,2227.996
2024-01-18T07:00:00Z,42803.9,42931.3,42803.8,42920.2,2387.287
2024-01-18T08:00:00Z,42920.2,42931.3,42715.7,42744.8,2013.957
2024-01-18T09:00:00Z,42744.8,42873.9,42710.8,42747.8,1976.119
2024-01-18T10:00:00Z,42747.8,42786.3,42388.6,42460.1,4976.324
2024-01-18T11:00:00Z,42460.1,42565.3,42401.6,42555.1,3417.144
2024-01-18T12:00:00Z,42555.1,42561.6,42347.5,42450.1,3406.107
2024-01-18T13:00:00Z,42450.1,42688.8,42369.3,42519.5,4942.267
2024-01-18T14:00:00Z,42519.5,42766.6,42436.7,42752.9,5482.318
2024-01-18T15:00:00Z,42752.9,42829.0,42621.2,42629.3,4170.159
2024-01-18T16:00:00Z,42629.3,42629.3,41745.0,41967.6,19434.235
2024-01-18T17:00:00Z,41967.6,42213.5,41459.4,41823.0,18668.676
2024-01-18T18:00:00Z,41823.0,41936.0,41356.4,41528.1,13691.997
2024-01-18T19:00:00Z,41528.1,41614.6,40812.0,41028.8,20293.089
2024-01-18T20:00:00Z,41028.8,41314.9,40669.0,40853.5,20249.952
2024-01-18T21:00:00Z,40853.5,41270.8,40770.0,41127.8,10874.879
2024-01-18T22:00:00Z,41127.8,41380.4,41071.4,41350.0,5067.532
2024-01-18T23:00:00Z,41350.0,41357.1,41194.4,41330.5,2245.214
2024-01-19T00:00:00Z,41330.5,41376.2,41101.7,41290.2,3706.441
2024-01-19T01:00:00Z,41290.2,41341.6,41123.3,41271.7,2531.594
2024-01-19T02:00:00Z,41271.7,41307.8,41083.6,41116.6,2593.206
2024-01-19T03:00:00Z,41116.6,41140.0,40743.7,41055.7,7513.846
2024-01-19T04:00:00Z,41055.7,41228.2,41035.3,41103.5,3212.118
2024-01-19T05:00:00Z,41103.5,41244.0,41057.6,41212.0,1687.613
2024-01-19T06:00:00Z,41212.0,41519.5,41191.1,41466.1,4811.916
2024-01-19T07:00:00Z,41466.1,41570.0,41270.2,41289.3,4528.153
2024-01-19T08:00:00Z,41289.3,41390.0,41140.3,41291.5,3565.525
2024-01-19T09:00:00Z,41291.5,41479.1,41243.9,41399.9,3412.907
2024-01-19T10:00:00Z,41399.9,41500.5,41335.8,41494.1,3279.469
2024-01-19T11:00:00Z,41494.1,41521.1,41373.3,41474.0,2609.25
2024-01-19T12:00:00Z,41474.0,41500.0,41275.0,41349.4,3549.026
2024-01-19T13:00:00Z,41349.4,41434.0,41272.0,41399.4,3015.622
2024-01-19T14:00:00Z,41399.4,41461.1,40856.4,40973.2,12795.741
2024-01-19T15:00:00Z,40973.2,41188.1,40714.9,40900.6,13549.744
2024-01-19T16:00:00Z,40900.6,40959.2,40300.0,40411.4,21011.52
2024-01-19T17:00:00Z,40411.4,41431.3,40269.0,41256.1,24358.861
2024-01-19T18:00:00Z,41256.1,42000.0,41025.0,41815.1,17429.606
2024-01-19T19:00:00Z,41815.1,41927.7,41592.0,41830.1,7267.814
2024-01-19T20:00:00Z,41830.1,42199.0,41525.4,41643.1,9827.17
2024-01-19T21:00:00Z,41643.1,41806.0,41558.0,41640.2,4736.233
2024-01-19T22:00:00Z,41640.2,41744.7,41542.0,41689.3,1870.473
2024-01-19T23:00:00Z,41689.3,41727.2,41612.7,41663.0,1297.357
2024-01-20T00:00:00Z,41663.0,41685.7,41412.6,41482.1,4646.001
2024-01-20T01:00:00Z,41482.1,41705.0,41482.0,41659.9,1668.827
2024-01-20T02:00:00Z,41659.9,41668.8,41540.8,41630.0,1180.808
2024-01-20T03:00:00Z,41630.0,41660.0,41530.3,41639.9,1442.736
2024-01-20T04:00:00Z,41639.9,41665.0,41580.6,41608.4,1288.165
2024-01-20T05:00:00Z,41608.4,41652.3,41561.8,41629.5,805.485
2024-01-20T06:00:00Z,41629.5,41704.2,41624.1,41676.4,1279.488
2024-01-20T07:00:00Z,41676.4,41789.1,41642.9,41647.4,2106.94
2024-01-20T08:00:00Z,41647.4,41670.4,41524.6,41592.0,3042.932
2024-01-20T09:00:00Z,41592.0,41646.1,41450.4,41527.0,2561.169
2024-01-20T10:00:00Z,41527.0,41619.0,41499.1,41541.0,1369.337
2024-01-20T11:00:00Z,41541.0,41613.9,41478.7,41580.0,1388.812
2024-01-20T12:00:00Z,41580.0,41695.7,41529.4,41613.0,1402.744
2024-01-20T13:00:00Z,41613.0,41685.9,41577.6,41625.8,1552.409
2024-01-20T14:00:00Z,41625.8,41641.0,41481.9,41537.4,1710.625
2024-01-20T15:00:00Z,41537.4,41677.0,41480.0,41567.1,1641.993
2024-01-20T16:00:00Z,41567.1,41653.3,41530.9,41563.8,1528.961
2024-01-20T17:00:00Z,41563.8,41624.0,41530.8,41583.0,723.624
2024-01-20T18:00:00Z,41583.0,41634.5,41518.9,41606.1,875.233
2024-01-20T19:00:00Z,41606.1,41688.1,41599.8,41632.8,712.478
2024-01-20T20:00:00Z,41632.8,41838.3,41610.6,41744.8,2159.643
2024-01-20T21:00:00Z,41744.8,41874.9,41728.0,41731.1,1543.406
2024-01-20T22:00:00Z,41731.1,41823.8,41669.4,41777.5,1378.195
2024-01-20T23:00:00Z,41777.5,41812.6,41616.9,41691.9,1244.911
2024-01-21T00:00:00Z,41691.9,41730.4,41630.1,41651.2,853.121
2024-01-21T01:00:00Z,41651.2,41734.0,41630.0,41663.1,677.061
2024-01-21T02:00:00Z,41663.1,41719.4,41659.4,41704.9,391.365
2024-01-21T03:00:00Z,41704.9,41738.9,41670.0,41680.1,707.84
2024-01-21T04:00:00Z,41680.1,41687.7,41654.3,41679.0,437.816
2024-01-21T05:00:00Z,41679.0,41701.6,41630.5,41634.7,774.777
2024-01-21T06:00:00Z,41634.7,41659.7,41557.6,41601.5,1062.263
2024-01-21T07:00:00Z,41601.5,41665.0,41581.3,41638.5,696.26
2024-01-21T08:00:00Z,41638.5,41706.0,41638.4,41659.9,958.318
2024-01-21T09:00:00Z,41659.9,41745.0,41659.9,41743.6,1171.922
2024-01-21T10:00:00Z,41743.6,41830.0,41702.0,41786.9,2968.399
2024-01-21T11:00:00Z,41786.9,41798.6,41675.6,41720.3,1104.207
2024-01-21T12:00:00Z,41720.3,41821.0,41696.5,41729.9,1436.035
2024-01-21T13:00:00Z,41729.9,41858.0,41729.9,41846.6,1660.203
2024-01-21T14:00:00Z,41846.6,41867.8,41745.8,41774.4,1484.448
2024-01-21T15:00:00Z,41774.4,41853.0,41590.1,41647.1,2901.731
2024-01-21T16:00:00Z,41647.1,41669.9,41511.0,41600.1,2638.535
2024-01-21T17:00:00Z,41600.1,41692.2,41591.6,41671.7,928.679
2024-01-21T18:00:00Z,41671.7,41757.9,41623.2,41684.3,1412.43
2024-01-21T19:00:00Z,41684.3,41724.1,41633.3,41724.1,582.988
2024-01-21T20:00:00Z,41724.1,41770.0,41620.0,41644.0,1580.762
2024-01-21T21:00:00Z,41644.0,41816.1,41608.3,41783.3,1405.015
2024-01-21T22:00:00Z,41783.3,41787.4,41620.8,41637.4,966.499
2024-01-21T23:00:00Z,41637.4,41680.0,41493.0,41585.6,2900.28
2024-01-22T00:00:00Z,41585.6,41687.7,41456.0,41653.3,3355.042
2024-01-22T01:00:00Z,41653.3,41695.0,41250.0,41375.5,8340.77
2024-01-22T02:00:00Z,41375.5,41432.1,41263.9,41324.0,2562.267
2024-01-22T03:00:00Z,41324.0,41351.0,41055.9,41206.8,5488.463
2024-01-22T04:00:00Z,41206.8,41238.8,40743.9,40782.2,10353.275
2024-01-22T05:00:00Z,40782.2,41148.0,40669.3,41129.9,8942.583
2024-01-22T06:00:00Z,41129.9,41321.2,40988.6,41205.7,5987.379
2024-01-22T07:00:00Z,41205.7,41216.6,40980.9,41047.7,3275.101
2024-01-22T08:00:00Z,41047.7,41047.8,40754.0,40967.6,8096.869
2024-01-22T09:00:00Z,40967.6,41060.3,40529.8,40749.9,8107.778
2024-01-22T10:00:00Z,40749.9,40857.1,40350.0,40706.8,13123.709
2024-01-22T11:00:00Z,40706.8,40945.0,40662.8,40819.9,6270.11
2024-01-22T12:00:00Z,40819.9,40932.1,40690.0,40890.2,4048.291
2024-01-22T13:00:00Z,40890.2,41250.0,40856.9,40943.8,10441.928
2024-01-22T14:00:00Z,40943.8,40981.6,40502.5,40691.7,13671.926
2024-01-22T15:00:00Z,40691.7,40862.1,40318.0,40774.0,12541.401
2024-01-22T16:00:00Z,40774.0,40896.7,40400.0,40518.6,10566.997
2024-01-22T17:00:00Z,40518.6,40822.0,40454.7,40719.6,5076.55
2024-01-22T18:00:00Z,40719.6,40812.2,39850.0,40318.8,17715.658
2024-01-22T19:00:00Z,40318.8,40579.3,39394.7,39811.1,32676.708
2024-01-22T20:00:00Z,39811.1,40345.5,39742.8,40180.8,15811.775
2024-01-22T21:00:00Z,40180.8,40213.0,39835.0,39846.7,8292.175
2024-01-22T22:00:00Z,39846.7,40082.1,39360.0,39820.1,11294.541
2024-01-22T23:00:00Z,39820.1,39964.5,39472.5,39559.3,6987.62
2024-01-23T00:00:00Z,39559.3,39891.6,39497.9,39868.0,5633.662
2024-01-23T01:00:00Z,39868.0,39914.3,39703.5,39822.2,2546.344
2024-01-23T02:00:00Z,39822.2,40063.5,39800.0,40055.9,3166.863
2024-01-23T03:00:00Z,40055.9,40110.9,39973.1,39997.3,2642.205
2024-01-23T04:00:00Z,39997.3,40180.0,39997.3,40056.8,2215.301
2024-01-23T05:00:00Z,40056.8,40125.6,40050.8,40065.1,1240.32
2024-01-23T06:00:00Z,40065.1,40128.1,39949.0,40017.7,2663.556
2024-01-23T07:00:00Z,40017.7,40027.7,39653.9,39776.9,5371.006
2024-01-23T08:00:00Z,39776.9,39864.1,39318.1,39462.1,12796.442
2024-01-23T09:00:00Z,39462.1,39492.2,38890.4,38955.9,25577.835
2024-01-23T10:00:00Z,38955.9,39165.8,38822.0,38917.1,9559.182
2024-01-23T11:00:00Z,38917.1,39054.6,38641.3,38840.9,11613.805
2024-01-23T12:00:00Z,38840.9,39085.0,38742.7,39059.9,9486.728
2024-01-23T13:00:00Z,39059.9,39068.7,38841.0,38852.6,4452.664
2024-01-23T14:00:00Z,38852.6,38900.0,38531.5,38763.9,17338.64
2024-01-23T15:00:00Z,38763.9,39480.0,38761.2,39194.1,16469.915
2024-01-23T16:00:00Z,39194.1,39392.7,38920.0,39317.0,10411.986
2024-01-23T17:00:00Z,39317.0,39661.8,39268.5,39401.4,11111.369
2024-01-23T18:00:00Z,39401.4,39649.2,39090.0,39090.0,7030.535
2024-01-23T19:00:00Z,39090.0,39286.0,38970.1,39133.0,5663.749
2024-01-23T20:00:00Z,39133.0,39353.2,39015.0,39171.7,6431.936
2024-01-23T21:00:00Z,39171.7,39300.0,39055.1,39214.0,3719.301
2024-01-23T22:00:00Z,39214.0,39561.6,39188.7,39471.9,4469.413
2024-01-23T23:00:00Z,39471.9,39911.0,39471.9,39900.1,8374.541
2024-01-24T00:00:00Z,39900.1,40246.9,39782.5,40174.0,7662.685
2024-01-24T01:00:00Z,40174.0,40174.0,39740.8,39763.0,6127.223
2024-01-24T02:00:00Z,39763.0,39889.9,39691.4,39761.9,3470.163
2024-01-24T03:00:00Z,39761.9,39789.9,39572.5,39614.0,3848.569
2024-01-24T04:00:00Z,39614.0,39747.7,39561.0,39652.2,2434.738
2024-01-24T05:00:00Z,39652.2,39860.0,39652.2,39797.1,2641.588
2024-01-24T06:00:00Z,39797.1,39893.5,39658.0,39880.8,2826.794
2024-01-24T07:00:00Z,39880.8,40181.7,39811.7,39986.8,5494.56
2024-01-24T08:00:00Z,39986.8,40139.5,39858.5,39946.2,4073.968
2024-01-24T09:00:00Z,39946.2,40102.0,39904.4,40020.0,3512.874
2024-01-24T10:00:00Z,40020.0,40565.3,39984.1,40349.7,10149.782
2024-01-24T11:00:00Z,40349.7,40372.8,40090.1,40207.2,5112.188
2024-01-24T12:00:00Z,40207.2,40298.4,39968.0,40029.9,5121.693
2024-01-24T13:00:00Z,40029.9,40120.0,39863.0,39978.6,6375.359
2024-01-24T14:00:00Z,39978.6,40224.9,39752.0,39912.7,12184.487
2024-01-24T15:00:00Z,39912.7,40100.0,39831.8,40046.0,4862.366
2024-01-24T16:00:00Z,40046.0,40197.2,39916.7,40191.7,3818.366
2024-01-24T17:00:00Z,40191.7,40212.7,40040.0,40139.8,3455.739
2024-01-24T18:00:00Z,40139.8,40150.0,39579.0,39753.4,8701.775
2024-01-24T19:00:00Z,39753.4,39851.8,39628.8,39795.7,3336.313
2024-01-24T20:00:00Z,39795.7,39999.6,39505.0,39538.0,7074.417
2024-01-24T21:00:00Z,39538.0,39782.4,39488.0,39782.4,3891.943
2024-01-24T22:00:00Z,39782.4,39899.2,39742.2,39867.2,1910.665
2024-01-24T23:00:00Z,39867.2,40185.9,39838.0,40078.1,5012.266
2024-01-25T00:00:00Z,40078.1,40177.4,40008.9,40165.5,2426.713
2024-01-25T01:00:00Z,40165.5,40183.1,39916.9,39973.9,3625.485
2024-01-25T02:00:00Z,39973.9,40067.3,39911.0,39935.0,1617.021
2024-01-25T03:00:00Z,39935.0,40098.5,39924.0,40008.0,1405.752
2024-01-25T04:00:00Z,40008.0,40032.0,39911.8,39955.1,1041.673
2024-01-25T05:00:00Z,39955.1,39964.4,39775.9,39870.0,3027.653
2024-01-25T06:00:00Z,39870.0,40050.2,39867.7,40030.7,2553.196
2024-01-25T07:00:00Z,40030.7,40129.5,39980.8,40125.0,2278.907
2024-01-25T08:00:00Z,40125.0,40175.0,40013.3,40072.5,2425.718
2024-01-25T09:00:00Z,40072.5,40133.3,40027.5,40033.2,1474.449
2024-01-25T10:00:00Z,40033.2,40123.7,39961.0,40112.2,2710.811
2024-01-25T11:00:00Z,40112.2,40324.3,40071.3,40173.0,7018.422
2024-01-25T12:00:00Z,40173.0,40282.8,39810.0,39856.0,7048.126
2024-01-25T13:00:00Z,39856.0,39961.4,39713.3,39901.3,7091.482
2024-01-25T14:00:00Z,39901.3,40086.9,39837.2,40003.1,5748.487
2024-01-25T15:00:00Z,40003.1,40041.0,39587.4,39791.0,9432.223
2024-01-25T16:00:00Z,39791.0,39847.0,39652.7,39699.7,5000.526
2024-01-25T17:00:00Z,39699.7,39842.0,39537.0,39799.9,5911.943
2024-01-25T18:00:00Z,39799.9,40045.0,39701.0,39831.7,10317.304
2024-01-25T19:00:00Z,39831.7,39987.3,39715.5,39982.8,2822.77
2024-01-25T20:00:00Z,39982.8,39987.6,39629.2,39832.2,3895.22
2024-01-25T21:00:00Z,39832.2,39938.4,39776.6,39921.5,3076.167
2024-01-25T22:00:00Z,39921.5,39980.0,39876.6,39947.2,1164.2
2024-01-25T23:00:00Z,39947.2,39987.1,39879.0,39954.0,1579.97
2024-01-26T00:00:00Z,39954.0,39966.0,39866.0,39886.4,1031.209
2024-01-26T01:00:00Z,39886.4,39945.0,39810.0,39923.4,1268.948
2024-01-26T02:00:00Z,39923.4,40221.3,39921.0,40127.6,5510.161
2024-01-26T03:00:00Z,40127.6,40181.5,40050.4,40054.0,1895.622
2024-01-26T04:00:00Z,40054.0,40217.8,40053.1,40136.6,1712.723
2024-01-26T05:00:00Z,40136.6,40177.0,40075.4,40092.8,1440.643
2024-01-26T06:00:00Z,40092.8,40146.0,39971.0,39991.1,2689.459
2024-01-26T07:00:00Z,39991.1,40022.7,39882.2,39949.5,3308.867
2024-01-26T08:00:00Z,39949.5,40170.0,39942.2,40120.1,4045.874
2024-01-26T09:00:00Z,40120.1,40426.5,40012.3,40065.6,8118.202
2024-01-26T10:00:00Z,40065.6,40749.9,40053.5,40669.8,15893.437
2024-01-26T11:00:00Z,40669.8,41348.3,40662.2,41263.3,19537.447
2024-01-26T12:00:00Z,41263.3,41494.6,41062.2,41121.8,15921.196
2024-01-26T13:00:00Z,41121.8,41220.4,40880.6,41000.9,6502.541
2024-01-26T14:00:00Z,41000.9,41568.0,41000.8,41568.0,8843.448
2024-01-26T15:00:00Z,41568.0,41568.9,41183.4,41391.2,8445.389
2024-01-26T16:00:00Z,41391.2,42012.7,41377.5,41945.6,19045.507
2024-01-26T17:00:00Z,41945.6,42006.4,41741.0,41900.0,8111.777
2024-01-26T18:00:00Z,41900.0,42193.0,41823.3,42085.0,10060.79
2024-01-26T19:00:00Z,42085.0,42111.0,41911.0,42045.4,4011.033
2024-01-26T20:00:00Z,42045.4,42238.1,41810.5,41954.0,7173.735
2024-01-26T21:00:00Z,41954.0,42034.7,41850.3,41974.0,2405.717
2024-01-26T22:00:00Z,41974.0,41990.0,41811.9,41883.4,3108.766
2024-01-26T23:00:00Z,41883.4,41954.5,41790.0,41805.5,1664.271
2024-01-27T00:00:00Z,41805.5,41854.3,41693.0,41776.4,2216.228
2024-01-27T01:00:00Z,41776.4,41921.3,41759.6,41807.4,1698.486
2024-01-27T02:00:00Z,41807.4,41886.7,41805.0,41821.9,732.432
2024-01-27T03:00:00Z,41821.9,41852.8,41755.0,41809.0,1400.642
2024-01-27T04:00:00Z,41809.0,41866.9,41782.8,41831.4,677.333
2024-01-27T05:00:00Z,41831.4,41877.0,41724.3,41748.7,1279.56
2024-01-27T06:00:00Z,41748.7,41808.0,41675.8,41693.3,1378.339
2024-01-27T07:00:00Z,41693.3,41722.4,41581.0,41701.1,2685.358
2024-01-27T08:00:00Z,41701.1,41731.1,41395.0,41448.8,6877.102
2024-01-27T09:00:00Z,41448.8,41714.9,41365.0,41649.1,3900.104
2024-01-27T10:00:00Z,41649.1,41784.5,41626.4,41728.5,2508.623
2024-01-27T11:00:00Z,41728.5,41770.0,41679.8,41741.4,1017.893
2024-01-27T12:00:00Z,41741.4,41794.4,41692.3,41721.4,1224.155
2024-01-27T13:00:00Z,41721.4,41790.0,41703.9,41727.9,902.494
2024-01-27T14:00:00Z,41727.9,41800.0,41705.5,41744.4,1257.222
2024-01-27T15:00:00Z,41744.4,41878.4,41714.0,41797.2,1877.829
2024-01-27T16:00:00Z,41797.2,41875.3,41764.9,41780.6,1165.549
2024-01-27T17:00:00Z,41780.6,41828.1,41752.0,41758.1,868.43
2024-01-27T18:00:00Z,41758.1,41796.9,41720.7,41773.0,697.965
2024-01-27T19:00:00Z,41773.0,41975.0,41766.9,41883.5,2399.735
2024-01-27T20:00:00Z,41883.5,42060.9,41883.5,42039.9,2632.801
2024-01-27T21:00:00Z,42039.9,42166.9,41999.2,42125.0,2519.194
2024-01-27T22:00:00Z,42125.0,42193.3,42036.4,42124.6,2343.611
2024-01-27T23:00:00Z,42124.6,42144.0,42043.8,42095.8,1439.184
2024-01-28T00:00:00Z,42095.8,42118.3,41905.1,41969.9,2502.523
2024-01-28T01:00:00Z,41969.9,42222.0,41969.8,42073.9,4246.717
2024-01-28T02:00:00Z,42073.9,42162.1,42072.4,42076.4,1574.314
2024-01-28T03:00:00Z,42076.4,42216.9,42050.0,42204.1,1550.163
2024-01-28T04:00:00Z,42204.1,42760.0,42202.4,42711.3,13763.496
2024-01-28T05:00:00Z,42711.3,42839.9,42403.5,42534.0,9856.193
2024-01-28T06:00:00Z,42534.0,42547.1,42267.1,42381.1,4030.727
2024-01-28T07:00:00Z,42381.1,42508.3,42336.9,42366.3,2678.768
2024-01-28T08:00:00Z,42366.3,42598.0,42300.6,42469.9,3992.764
2024-01-28T09:00:00Z,42469.9,42682.9,42407.0,42559.0,3990.133
2024-01-28T10:00:00Z,42559.0,42632.9,42478.0,42582.8,2136.471
2024-01-28T11:00:00Z,42582.8,42593.4,42328.5,42454.6,3357.609
2024-01-28T12:00:00Z,42454.6,42478.6,42272.0,42405.9,3233.076
2024-01-28T13:00:00Z,42405.9,42441.0,42222.7,42386.3,3042.277
2024-01-28T14:00:00Z,42386.3,42541.2,42236.3,42277.5,3766.139
2024-01-28T15:00:00Z,42277.5,42401.9,42130.2,42242.1,4012.086
2024-01-28T16:00:00Z,42242.1,42343.2,42100.4,42293.8,2827.065
2024-01-28T17:00:00Z,42293.8,42298.9,42063.6,42146.0,2483.644
2024-01-28T18:00:00Z,42146.0,42158.8,41910.5,41950.0,3810.301
2024-01-28T19:00:00Z,41950.0,42018.5,41704.3,41770.0,6462.478
2024-01-28T20:00:00Z,41770.0,41948.5,41660.0,41926.7,3965.467
2024-01-28T21:00:00Z,41926.7,42013.6,41793.0,41960.3,2496.357
2024-01-28T22:00:00Z,41960.3,41964.6,41587.4,41820.5,3262.174
2024-01-28T23:00:00Z,41820.5,42059.4,41733.1,42016.1,2829.954
2024-01-29T00:00:00Z,42016.1,42055.0,41859.2,41956.6,2384.807
2024-01-29T01:00:00Z,41956.6,42299.3,41954.1,42147.7,4169.878
2024-01-29T02:00:00Z,42147.7,42320.5,42107.2,42211.8,2457.895
2024-01-29T03:00:00Z,42211.8,42484.9,42211.8,42303.1,4262.504
2024-01-29T04:00:00Z,42303.1,42324.2,42165.8,42197.7,1985.12
2024-01-29T05:00:00Z,42197.7,42265.0,42101.6,42121.1,1643.409
2024-01-29T06:00:00Z,42121.1,42237.9,42116.1,42148.3,1521.912
2024-01-29T07:00:00Z,42148.3,42226.7,41974.4,42039.7,3001.772
2024-01-29T08:00:00Z,42039.7,42140.0,41939.6,42107.4,2869.292
2024-01-29T09:00:00Z,42107.4,42323.9,41943.0,42279.6,4274.98
2024-01-29T10:00:00Z,42279.6,42368.9,42186.2,42297.9,2787.123
2024-01-29T11:00:00Z,42297.9,42334.6,42174.0,42232.4,1993.747
2024-01-29T12:00:00Z,42232.4,42362.0,41957.2,42086.4,5612.87
2024-01-29T13:00:00Z,42086.4,42124.6,41901.6,41986.0,4096.182
2024-01-29T14:00:00Z,41986.0,42094.0,41767.9,41929.2,5844.485
2024-01-29T15:00:00Z,41929.2,42642.7,41854.3,42637.6,11765.83
2024-01-29T16:00:00Z,42637.6,43300.0,42501.5,43182.1,24675.665
2024-01-29T17:00:00Z,43182.1,43289.5,42905.1,42973.4,9534.149
2024-01-29T18:00:00Z,42973.4,43107.8,42860.0,43006.1,4294.947
2024-01-29T19:00:00Z,43006.1,43142.1,42954.7,42981.9,3669.495
2024-01-29T20:00:00Z,42981.9,43177.7,42958.8,43122.1,2090.44
2024-01-29T21:00:00Z,43122.1,43250.5,43033.5,43146.9,2652.874
2024-01-29T22:00:00Z,43146.9,43184.8,43053.6,43080.2,1632.086
2024-01-29T23:00:00Z,43080.2,43436.9,43051.5,43286.2,5227.104
2024-01-30T00:00:00Z,43286.2,43302.6,43121.5,43151.3,2585.12
2024-01-30T01:00:00Z,43151.3,43559.9,43138.0,43427.7,9133.503
2024-01-30T02:00:00Z,43427.7,43790.0,43427.7,43603.3,7062.158
2024-01-30T03:00:00Z,43603.3,43682.1,43432.8,43503.9,3761.197
2024-01-30T04:00:00Z,43503.9,43554.0,43388.2,43402.0,2111.371
2024-01-30T05:00:00Z,43402.0,43461.7,43316.7,43349.4,2243.02
2024-01-30T06:00:00Z,43349.4,43413.2,43230.9,43329.7,2830.097
2024-01-30T07:00:00Z,43329.7,43432.7,43303.1,43354.1,1898.508
2024-01-30T08:00:00Z,43354.1,43453.5,43172.1,43412.4,5228.8
2024-01-30T09:00:00Z,43412.4,43449.5,43294.7,43306.0,1754.232
2024-01-30T10:00:00Z,43306.0,43505.0,43275.0,43470.1,2731.0
2024-01-30T11:00:00Z,43470.1,43550.0,43396.9,43519.7,3241.018
2024-01-30T12:00:00Z,43519.7,43890.8,43226.9,43377.1,18509.246
2024-01-30T13:00:00Z,43377.1,43473.7,43127.6,43271.5,7872.482
2024-01-30T14:00:00Z,43271.5,43496.0,43083.7,43464.2,7350.626
2024-01-30T15:00:00Z,43464.2,43624.0,43263.1,43353.0,7722.32
2024-01-30T16:00:00Z,43353.0,43510.7,43191.6,43483.7,5189.603
2024-01-30T17:00:00Z,43483.7,43591.2,43280.2,43370.6,3667.731
2024-01-30T18:00:00Z,43370.6,43471.1,43255.3,43350.1,3751.127
2024-01-30T19:00:00Z,43350.1,43563.5,43318.9,43522.3,2299.609
2024-01-30T20:00:00Z,43522.3,43742.2,43455.1,43534.0,5258.311
2024-01-30T21:00:00Z,43534.0,43669.9,43457.1,43519.9,2560.211
2024-01-30T22:00:00Z,43519.9,43543.8,43302.0,43302.1,2224.647
2024-01-30T23:00:00Z,43302.1,43328.4,42647.5,42919.0,13030.779
2024-01-31T00:00:00Z,42919.0,43087.0,42812.7,42908.3,6452.111
2024-01-31T01:00:00Z,42908.3,42978.1,42702.9,42766.1,4325.845
2024-01-31T02:00:00Z,42766.1,42882.7,42631.0,42860.1,3167.521
2024-01-31T03:00:00Z,42860.1,42972.0,42838.6,42912.4,1867.594
2024-01-31T04:00:00Z,42912.4,42980.3,42845.1,42942.4,1420.868
2024-01-31T05:00:00Z,42942.4,43032.1,42903.5,42958.7,2105.643
2024-01-31T06:00:00Z,42958.7,43048.3,42891.6,42955.4,1993.775
2024-01-31T07:00:00Z,42955.4,43069.9,42925.6,43031.0,1498.704
2024-01-31T08:00:00Z,43031.0,43069.8,42920.9,42966.7,1916.899
2024-01-31T09:00:00Z,42966.7,42966.8,42563.3,42639.0,6614.36
2024-01-31T10:00:00Z,42639.0,42775.0,42360.1,42365.3,8763.035
2024-01-31T11:00:00Z,42365.3,42672.8,42333.3,42625.4,5420.087
2024-01-31T12:00:00Z,42625.4,42709.0,42521.4,42601.5,3770.612
2024-01-31T13:00:00Z,42601.5,42909.9,42488.9,42776.5,8287.656
2024-01-31T14:00:00Z,42776.5,42967.3,42521.2,42850.0,8905.803
2024-01-31T15:00:00Z,42850.0,43458.5,42659.0,43330.0,15944.391
2024-01-31T16:00:00Z,43330.0,43614.0,43264.0,43456.6,8823.405
2024-01-31T17:00:00Z,43456.6,43735.9,43404.3,43688.6,6790.485
2024-01-31T18:00:00Z,43688.6,43721.4,43442.9,43493.4,4940.612
2024-01-31T19:00:00Z,43493.4,43542.0,43001.7,43308.0,13998.38
2024-01-31T20:00:00Z,43308.0,43339.8,42488.0,42516.5,16872.473
2024-01-31T21:00:00Z,42516.5,42683.3,42255.0,42465.0,9658.675
2024-01-31T22:00:00Z,42465.0,42663.9,42347.0,42625.5,4517.432
2024-01-31T23:00:00Z,42625.5,42677.6,42532.1,42552.7,2676.134
2024-02-01T00:00:00Z,42552.7,42668.0,42166.0,42445.1,7304.536
2024-02-01T01:00:00Z,42445.1,42450.0,41843.5,41960.1,10195.655
2024-02-01T02:00:00Z,41960.1,42194.9,41935.4,42146.0,5149.264
2024-02-01T03:00:00Z,42146.0,42168.9,41943.9,42003.0,2748.565
2024-02-01T04:00:00Z,42003.0,42138.4,41883.8,42064.7,3638.022
2024-02-01T05:00:00Z,42064.7,42188.0,42014.1,42148.6,2173.66
2024-02-01T06:00:00Z,42148.6,42217.0,42106.4,42174.9,2378.745
2024-02-01T07:00:00Z,42174.9,42293.7,42102.6,42181.6,3667.138
2024-02-01T08:00:00Z,42181.6,42244.6,42114.2,42238.0,2082.419
2024-02-01T09:00:00Z,42238.0,42259.4,42120.5,42143.2,1726.231
2024-02-01T10:00:00Z,42143.2,42329.9,42103.4,42212.0,3099.637
2024-02-01T11:00:00Z,42212.0,42297.4,42000.0,42064.2,4568.346
2024-02-01T12:00:00Z,42064.2,42220.9,41931.0,42129.1,5982.493
2024-02-01T13:00:00Z,42129.1,42284.3,41965.1,42203.5,5063.967
2024-02-01T14:00:00Z,42203.5,42645.3,42167.9,42624.9,9854.118
2024-02-01T15:00:00Z,42624.9,42928.0,42466.0,42477.9,15628.904
2024-02-01T16:00:00Z,42477.9,42684.5,42333.0,42626.2,8632.315
2024-02-01T17:00:00Z,42626.2,43145.0,42604.1,42900.0,12775.627
2024-02-01T18:00:00Z,42900.0,43038.4,42733.3,42822.0,5120.91
2024-02-01T19:00:00Z,42822.0,43307.3,42796.3,43201.1,8443.65
2024-02-01T20:00:00Z,43201.1,43272.0,42873.7,42985.9,4817.442
2024-02-01T21:00:00Z,42985.9,43207.6,42945.1,43072.9,3673.385
2024-02-01T22:00:00Z,43072.9,43091.4,42855.0,42911.1,1915.23
2024-02-01T23:00:00Z,42911.1,43066.0,42870.8,43064.6,1627.059
2024-02-02T00:00:00Z,43064.6,43430.5,43023.9,43153.0,5951.19
2024-02-02T01:00:00Z,43153.0,43279.4,43082.9,43098.1,2058.694
2024-02-02T02:00:00Z,43098.1,43174.0,43012.5,43061.2,2132.432
2024-02-02T03:00:00Z,43061.2,43094.8,43002.3,43017.3,758.504
2024-02-02T04:00:00Z,43017.3,43049.5,42922.7,42950.0,1601.934
2024-02-02T05:00:00Z,42950.0,43133.7,42931.8,43089.0,1489.418
2024-02-02T06:00:00Z,43089.0,43243.7,43073.2,43141.3,2862.667
2024-02-02T07:00:00Z,43141.3,43242.3,43074.4,43078.3,3362.12
2024-02-02T08:00:00Z,43078.3,43099.9,42935.7,43004.1,3192.023
2024-02-02T09:00:00Z,43004.1,43059.7,42935.1,42973.2,1672.841
2024-02-02T10:00:00Z,42973.2,43130.0,42922.2,43108.2,2267.012
2024-02-02T11:00:00Z,43108.2,43196.0,43043.5,43132.0,2558.684
2024-02-02T12:00:00Z,43132.0,43232.9,43026.6,43113.7,3329.064
2024-02-02T13:00:00Z,43113.7,43127.9,42520.3,42679.0,11346.486
2024-02-02T14:00:00Z,42679.0,42888.9,42588.0,42784.4,5809.787
2024-02-02T15:00:00Z,42784.4,43247.0,42728.3,43222.7,10569.694
2024-02-02T16:00:00Z,43222.7,43476.7,43072.8,43197.1,10328.731
2024-02-02T17:00:00Z,43197.1,43274.4,42865.0,42936.0,4570.436
2024-02-02T18:00:00Z,42936.0,42983.1,42742.0,42905.6,4759.612
2024-02-02T19:00:00Z,42905.6,43069.1,42890.3,43041.0,2245.57
2024-02-02T20:00:00Z,43041.0,43075.9,42870.5,42932.2,2270.133
2024-02-02T21:00:00Z,42932.2,43043.0,42927.4,42971.9,884.673
2024-02-02T22:00:00Z,42971.9,43197.5,42971.9,43178.9,1490.914
2024-02-02T23:00:00Z,43178.9,43210.0,43102.5,43178.1,1203.605
2024-02-03T00:00:00Z,43178.1,43377.8,43130.0,43207.2,3034.173
2024-02-03T01:00:00Z,43207.2,43294.3,43165.0,43194.6,1185.618
2024-02-03T02:00:00Z,43194.6,43209.9,43129.9,43164.9,911.588
2024-02-03T03:00:00Z,43164.9,43209.9,43120.3,43151.0,666.426
2024-02-03T04:00:00Z,43151.0,43200.0,43131.4,43171.8,530.267
2024-02-03T05:00:00Z,43171.8,43191.0,43076.9,43151.9,927.346
2024-02-03T06:00:00Z,43151.9,43152.0,43062.0,43074.3,742.412
2024-02-03T07:00:00Z,43074.3,43108.7,43017.5,43037.4,851.366
2024-02-03T08:00:00Z,43037.4,43076.1,42985.6,43005.6,915.775
2024-02-03T09:00:00Z,43005.6,43109.9,42996.5,43076.1,1025.118
2024-02-03T10:00:00Z,43076.1,43104.9,43023.6,43053.6,617.241
2024-02-03T11:00:00Z,43053.6,43053.6,42955.1,42985.9,1561.325
2024-02-03T12:00:00Z,42985.9,43074.3,42937.7,43050.8,1537.985
2024-02-03T13:00:00Z,43050.8,43078.2,43016.4,43055.1,785.39
2024-02-03T14:00:00Z,43055.1,43060.2,42998.9,43019.6,598.367
2024-02-03T15:00:00Z,43019.6,43167.6,42859.1,43092.4,4608.897
2024-02-03T16:00:00Z,43092.4,43166.0,43046.7,43076.2,1527.618
2024-02-03T17:00:00Z,43076.2,43249.8,43069.0,43211.2,1995.139
2024-02-03T18:00:00Z,43211.2,43240.1,43000.7,43054.9,2746.329
2024-02-03T19:00:00Z,43054.9,43064.3,42988.0,43040.6,1118.895
2024-02-03T20:00:00Z,43040.6,43082.2,42972.3,43042.5,716.968
2024-02-03T21:00:00Z,43042.5,43079.0,43000.0,43024.8,356.854
2024-02-03T22:00:00Z,43024.8,43063.6,42985.8,43016.2,485.126
2024-02-03T23:00:00Z,43016.2,43059.1,42931.0,42991.8,1342.742
2024-02-04T00:00:00Z,42991.8,42999.5,42875.6,42992.1,1524.259
2024-02-04T01:00:00Z,42992.1,43031.7,42928.0,43024.0,759.586
2024-02-04T02:00:00Z,43024.0,43049.0,42997.1,43003.4,547.636
2024-02-04T03:00:00Z,43003.4,43029.4,43001.0,43006.9,296.365
2024-02-04T04:00:00Z,43006.9,43010.0,42883.0,42906.7,884.203
2024-02-04T05:00:00Z,42906.7,42945.5,42829.8,42870.1,1272.055
2024-02-04T06:00:00Z,42870.1,42919.8,42722.9,42731.8,2231.894
2024-02-04T07:00:00Z,42731.8,42844.0,42711.0,42823.0,1557.604
2024-02-04T08:00:00Z,42823.0,42828.0,42752.7,42779.8,822.791
2024-02-04T09:00:00Z,42779.8,42972.3,42716.5,42917.7,2547.142
2024-02-04T10:00:00Z,42917.7,42939.5,42850.0,42927.1,1079.539
2024-02-04T11:00:00Z,42927.1,43114.7,42914.5,43039.3,2330.345
2024-02-04T12:00:00Z,43039.3,43096.1,42966.1,42966.5,1740.544
2024-02-04T13:00:00Z,42966.5,43020.0,42942.0,42976.7,1018.571
2024-02-04T14:00:00Z,42976.7,43001.9,42824.2,42859.4,1908.545
2024-02-04T15:00:00Z,42859.4,42935.0,42812.0,42919.0,1403.815
2024-02-04T16:00:00Z,42919.0,42922.4,42860.1,42900.1,652.444
2024-02-04T17:00:00Z,42900.1,42962.9,42813.6,42883.1,1038.754
2024-02-04T18:00:00Z,42883.1,42924.0,42732.0,42770.1,1683.377
2024-02-04T19:00:00Z,42770.1,42804.3,42550.5,42617.8,4934.124
2024-02-04T20:00:00Z,42617.8,42932.2,42515.0,42870.0,4410.493
2024-02-04T21:00:00Z,42870.0,42978.1,42742.8,42754.3,2109.029
2024-02-04T22:00:00Z,42754.3,42855.0,42154.0,42549.6,7701.892
2024-02-04T23:00:00Z,42549.6,42639.5,42481.3,42559.6,1699.736
2024-02-05T00:00:00Z,42559.6,42606.2,42330.7,42334.6,3442.983
2024-02-05T01:00:00Z,42334.6,42537.4,42229.6,42512.4,3843.158
2024-02-05T02:00:00Z,42512.4,42518.6,42357.1,42432.8,1530.165
2024-02-05T03:00:00Z,42432.8,42718.8,42422.7,42700.1,2744.633
2024-02-05T04:00:00Z,42700.1,42814.2,42650.0,42724.7,2623.285
2024-02-05T05:00:00Z,42724.7,42767.0,42620.3,42762.6,1656.762
2024-02-05T06:00:00Z,42762.6,42835.0,42675.2,42797.3,1781.948
2024-02-05T07:00:00Z,42797.3,43150.0,42765.6,43047.2,6827.012
2024-02-05T08:00:00Z,43047.2,43190.6,42974.7,43018.8,4526.962
2024-02-05T09:00:00Z,43018.8,43052.2,42934.0,43022.6,1830.087
2024-02-05T10:00:00Z,43022.6,43266.6,43022.6,43128.5,5338.833
2024-02-05T11:00:00Z,43128.5,43199.0,43060.0,43184.1,1772.854
2024-02-05T12:00:00Z,43184.1,43313.0,43109.9,43239.2,2850.601
2024-02-05T13:00:00Z,43239.2,43567.9,43200.0,43428.0,10385.614
2024-02-05T14:00:00Z,43428.0,43475.5,43130.7,43181.7,6097.557
2024-02-05T15:00:00Z,43181.7,43181.7,42563.2,42617.6,17071.003
2024-02-05T16:00:00Z,42617.6,42758.7,42439.4,42713.0,9017.99
2024-02-05T17:00:00Z,42713.0,42824.2,42633.4,42705.6,3094.524
2024-02-05T18:00:00Z,42705.6,42725.5,42547.0,42718.2,2934.587
2024-02-05T19:00:00Z,42718.2,42859.1,42688.0,42754.2,2866.191
2024-02-05T20:00:00Z,42754.2,42788.7,42302.1,42406.7,8069.01
2024-02-05T21:00:00Z,42406.7,42539.0,42341.7,42353.9,3021.845
2024-02-05T22:00:00Z,42353.9,42508.4,42286.3,42476.0,2455.879
2024-02-05T23:00:00Z,42476.0,42716.1,42435.0,42692.6,3026.083
2024-02-06T00:00:00Z,42692.6,42728.0,42568.8,42586.1,2044.463
2024-02-06T01:00:00Z,42586.1,42760.0,42554.0,42647.4,1917.269
2024-02-06T02:00:00Z,42647.4,42924.0,42628.4,42833.0,3513.687
2024-02-06T03:00:00Z,42833.0,42950.0,42753.9,42836.1,2034.085
2024-02-06T04:00:00Z,42836.1,42913.9,42772.7,42813.9,1454.332
2024-02-06T05:00:00Z,42813.9,42832.8,42737.4,42770.2,1283.147
2024-02-06T06:00:00Z,42770.2,42777.0,42615.1,42760.9,2506.763
2024-02-06T07:00:00Z,42760.9,42900.8,42723.8,42872.2,2445.983
2024-02-06T08:00:00Z,42872.2,43075.4,42863.8,43052.0,5163.355
2024-02-06T09:00:00Z,43052.0,43099.1,42925.6,42975.6,2689.412
2024-02-06T10:00:00Z,42975.6,43097.4,42645.6,42780.8,7338.49
2024-02-06T11:00:00Z,42780.8,42839.6,42675.9,42807.5,2679.856
2024-02-06T12:00:00Z,42807.5,42886.0,42631.0,42767.8,4578.959
2024-02-06T13:00:00Z,42767.8,42991.8,42718.4,42857.3,4853.188
2024-02-06T14:00:00Z,42857.3,43082.3,42783.6,42915.6,3929.084
2024-02-06T15:00:00Z,42915.6,43250.0,42880.1,43224.9,6975.248
2024-02-06T16:00:00Z,43224.9,43370.4,43130.3,43132.3,6318.915
2024-02-06T17:00:00Z,43132.3,43249.8,43083.2,43157.0,2688.881
2024-02-06T18:00:00Z,43157.0,43240.0,42968.3,43178.1,3422.803
2024-02-06T19:00:00Z,43178.1,43283.9,43094.9,43260.0,2229.764
2024-02-06T20:00:00Z,43260.0,43305.1,43039.3,43065.5,2009.816
2024-02-06T21:00:00Z,43065.5,43246.7,43027.6,43138.5,1485.893
2024-02-06T22:00:00Z,43138.5,43198.5,43093.3,43181.7,979.654
2024-02-06T23:00:00Z,43181.7,43200.0,43010.8,43083.9,1815.969
2024-02-07T00:00:00Z,43083.9,43179.9,43030.3,43076.3,1723.532
2024-02-07T01:00:00Z,43076.3,43166.7,43025.0,43032.9,1279.576
2024-02-07T02:00:00Z,43032.9,43082.6,42984.9,43030.0,1047.518
2024-02-07T03:00:00Z,43030.0,43032.9,42774.2,42790.6,4006.077
2024-02-07T04:00:00Z,42790.6,42931.9,42779.3,42907.8,2042.245
2024-02-07T05:00:00Z,42907.8,43037.9,42864.6,43013.3,2498.138
2024-02-07T06:00:00Z,43013.3,43013.3,42865.0,42945.0,1609.305
2024-02-07T07:00:00Z,42945.0,42985.4,42872.2,42898.5,962.014
2024-02-07T08:00:00Z,42898.5,42950.6,42850.3,42922.3,1247.219
2024-02-07T09:00:00Z,42922.3,43191.8,42880.8,43127.4,4364.562
2024-02-07T10:00:00Z,43127.4,43133.9,42807.3,42884.1,4173.833
2024-02-07T11:00:00Z,42884.1,42975.0,42856.5,42919.7,2056.801
2024-02-07T12:00:00Z,42919.7,43095.8,42869.9,43062.0,2338.245
2024-02-07T13:00:00Z,43062.0,43167.9,43018.5,43123.4,3036.792
2024-02-07T14:00:00Z,43123.4,43312.8,42893.9,43004.1,8017.87
2024-02-07T15:00:00Z,43004.1,43176.1,42888.0,43047.2,4492.738
2024-02-07T16:00:00Z,43047.2,43244.7,42988.9,43224.9,3134.78
2024-02-07T17:00:00Z,43224.9,43717.5,43204.0,43488.7,15841.162
2024-02-07T18:00:00Z,43488.7,43664.6,43443.2,43642.2,4788.517
2024-02-07T19:00:00Z,43642.2,43689.4,43407.9,43595.2,3429.362
2024-02-07T20:00:00Z,43595.2,44239.9,43595.2,44108.9,17506.323
2024-02-07T21:00:00Z,44108.9,44379.1,44078.0,44157.4,9211.709
2024-02-07T22:00:00Z,44157.4,44318.9,44088.0,44137.8,3335.064
2024-02-07T23:00:00Z,44137.8,44330.0,44131.0,44318.0,2845.332
2024-02-08T00:00:00Z,44318.0,44718.7,44300.1,44652.2,13296.795
2024-02-08T01:00:00Z,44652.2,44678.5,44446.9,44630.0,4306.931
2024-02-08T02:00:00Z,44630.0,44793.2,44505.2,44624.7,5392.402
2024-02-08T03:00:00Z,44624.7,44710.7,44500.0,44513.7,3010.342
2024-02-08T04:00:00Z,44513.7,44586.5,44450.3,44462.6,1675.798
2024-02-08T05:00:00Z,44462.6,44608.9,44462.5,44527.6,1795.069
2024-02-08T06:00:00Z,44527.6,44556.6,44419.9,44446.1,1643.893
2024-02-08T07:00:00Z,44446.1,44530.0,44401.0,44496.8,1858.769
2024-02-08T08:00:00Z,44496.8,44730.2,44493.6,44692.5,3993.353
2024-02-08T09:00:00Z,44692.5,44766.1,44588.9,44659.9,2991.775
2024-02-08T10:00:00Z,44659.9,44889.0,44657.0,44799.9,6743.832
2024-02-08T11:00:00Z,44799.9,44874.9,44650.9,44678.0,4072.124
2024-02-08T12:00:00Z,44678.0,44819.3,44564.8,44662.8,3822.89
2024-02-08T13:00:00Z,44662.8,44990.2,44652.2,44959.1,7477.174
2024-02-08T14:00:00Z,44959.1,45286.0,44832.0,45048.7,17702.868
2024-02-08T15:00:00Z,45048.7,45458.3,44900.8,45409.4,14397.997
2024-02-08T16:00:00Z,45409.4,45479.0,44861.7,45037.0,9858.304
2024-02-08T17:00:00Z,45037.0,45216.6,44870.9,45020.1,5687.421
2024-02-08T18:00:00Z,45020.1,45300.0,44952.4,45282.0,3801.368
2024-02-08T19:00:00Z,45282.0,45429.9,45207.5,45249.1,4533.329
2024-02-08T20:00:00Z,45249.1,45628.2,45236.9,45467.2,9050.084
2024-02-08T21:00:00Z,45467.2,45474.0,45238.5,45282.4,2869.8
2024-02-08T22:00:00Z,45282.4,45377.0,45180.1,45244.5,2188.395
2024-02-08T23:00:00Z,45244.5,45380.0,45225.6,45260.5,1670.745
2024-02-09T00:00:00Z,45260.5,45379.1,45210.0,45262.7,2130.172
2024-02-09T01:00:00Z,45262.7,45490.3,45238.5,45466.5,2199.056
2024-02-09T02:00:00Z,45466.5,46382.0,45410.7,46271.5,20205.823
2024-02-09T03:00:00Z,46271.5,46343.5,46007.5,46046.1,7114.862
2024-02-09T04:00:00Z,46046.1,46145.0,45824.4,45946.1,5112.026
2024-02-09T05:00:00Z,45946.1,46262.8,45910.0,46247.7,4472.175
2024-02-09T06:00:00Z,46247.7,46249.2,46112.0,46182.7,2784.974
2024-02-09T07:00:00Z,46182.7,46438.0,46174.4,46195.5,6016.678
2024-02-09T08:00:00Z,46195.5,46712.9,46195.4,46631.2,8916.134
2024-02-09T09:00:00Z,46631.2,46754.0,46478.8,46508.5,6309.22
2024-02-09T10:00:00Z,46508.5,46799.3,46503.9,46751.6,3770.327
2024-02-09T11:00:00Z,46751.6,47299.8,46646.4,47163.8,16668.28
2024-02-09T12:00:00Z,47163.8,47749.0,47100.9,47298.0,21345.626
2024-02-09T13:00:00Z,47298.0,47629.5,47225.0,47446.7,8512.719
2024-02-09T14:00:00Z,47446.7,47720.8,46603.2,47034.7,27232.816
2024-02-09T15:00:00Z,47034.7,47240.0,46726.3,47133.7,11970.227
2024-02-09T16:00:00Z,47133.7,47515.4,47107.4,47252.4,8623.852
2024-02-09T17:00:00Z,47252.4,47647.5,47194.0,47632.4,7856.57
2024-02-09T18:00:00Z,47632.4,48230.0,47466.6,47585.2,21321.632
2024-02-09T19:00:00Z,47585.2,47661.6,47237.6,47486.4,8952.108
2024-02-09T20:00:00Z,47486.4,47672.6,47436.8,47486.7,4553.783
2024-02-09T21:00:00Z,47486.7,47572.2,47263.2,47479.4,3524.779
2024-02-09T22:00:00Z,47479.4,47530.0,47000.9,47256.9,3768.158
2024-02-09T23:00:00Z,47256.9,47273.0,47045.0,47122.4,2178.751
2024-02-10T00:00:00Z,47122.4,47237.0,47027.5,47070.6,2171.543
2024-02-10T01:00:00Z,47070.6,47349.7,47044.4,47284.1,2820.404
2024-02-10T02:00:00Z,47284.1,47327.3,47258.2,47300.1,1556.72
2024-02-10T03:00:00Z,47300.1,47489.6,47300.0,47370.0,2710.406
2024-02-10T04:00:00Z,47370.0,47422.9,47306.1,47409.0,1373.485
2024-02-10T05:00:00Z,47409.0,47427.2,47251.3,47330.6,1218.93
2024-02-10T06:00:00Z,47330.6,47352.6,47265.0,47348.7,965.062
2024-02-10T07:00:00Z,47348.7,47354.8,47133.3,47142.5,1844.884
2024-02-10T08:00:00Z,47142.5,47271.0,47071.3,47085.1,2034.642
2024-02-10T09:00:00Z,47085.1,47219.0,47050.0,47065.2,2160.344
2024-02-10T10:00:00Z,47065.2,47171.5,46840.0,46883.6,4974.494
2024-02-10T11:00:00Z,46883.6,47193.4,46851.0,47176.4,4735.344
2024-02-10T12:00:00Z,47176.4,47254.0,47144.5,47224.8,2782.213
2024-02-10T13:00:00Z,47224.8,47388.3,47101.5,47293.0,3757.238
2024-02-10T14:00:00Z,47293.0,47359.8,47233.0,47259.3,1585.103
2024-02-10T15:00:00Z,47259.3,47346.1,47240.0,47339.5,1023.349
2024-02-10T16:00:00Z,47339.5,47340.3,47182.4,47244.7,1703.598
2024-02-10T17:00:00Z,47244.7,47329.3,47142.3,47187.6,1748.232
2024-02-10T18:00:00Z,47187.6,47330.0,47170.0,47320.0,1265.445
2024-02-10T19:00:00Z,47320.0,47672.8,47291.0,47519.9,6177.489
2024-02-10T20:00:00Z,47519.9,48197.9,47440.4,47865.8,9457.51
2024-02-10T21:00:00Z,47865.8,48149.5,47762.8,47940.7,6193.489
2024-02-10T22:00:00Z,47940.7,47949.9,47574.5,47820.4,4229.282
2024-02-10T23:00:00Z,47820.4,47939.0,47681.2,47728.1,2333.265
2024-02-11T00:00:00Z,47728.1,47767.6,47588.2,47719.9,1929.615
2024-02-11T01:00:00Z,47719.9,47759.2,47555.7,47611.2,2057.769
2024-02-11T02:00:00Z,47611.2,47765.9,47608.3,47755.0,1039.079
2024-02-11T03:00:00Z,47755.0,48586.9,47754.9,48525.1,14227.481
2024-02-11T04:00:00Z,48525.1,48603.5,48265.7,48300.1,5596.27
2024-02-11T05:00:00Z,48300.1,48348.0,48111.0,48228.8,2887.884
2024-02-11T06:00:00Z,48228.8,48317.3,48126.0,48222.0,2246.125
2024-02-11T07:00:00Z,48222.0,48366.5,48066.0,48191.9,3634.397
2024-02-11T08:00:00Z,48191.9,48297.9,48082.0,48148.1,2141.744
2024-02-11T09:00:00Z,48148.1,48230.7,48090.0,48147.5,1545.565
2024-02-11T10:00:00Z,48147.5,48195.6,47906.4,48160.5,3964.833
2024-02-11T11:00:00Z,48160.5,48466.6,48150.3,48422.7,4402.874
2024-02-11T12:00:00Z,48422.7,48485.0,48263.2,48299.3,3563.356
2024-02-11T13:00:00Z,48299.3,48365.4,48003.9,48068.8,5531.879
2024-02-11T14:00:00Z,48068.8,48257.5,47937.6,48239.7,4536.376
2024-02-11T15:00:00Z,48239.7,48240.0,48039.1,48148.2,2044.573
2024-02-11T16:00:00Z,48148.2,48210.9,47933.0,48109.9,3579.768
2024-02-11T17:00:00Z,48109.9,48431.7,48106.6,48307.9,4400.043
2024-02-11T18:00:00Z,48307.9,48364.2,48003.1,48283.8,4043.819
2024-02-11T19:00:00Z,48283.8,48400.0,48244.3,48293.4,1537.424
2024-02-11T20:00:00Z,48293.4,48396.2,47985.0,48035.6,4548.321
2024-02-11T21:00:00Z,48035.6,48149.7,47965.0,48135.7,2205.196
2024-02-11T22:00:00Z,48135.7,48245.0,48094.7,48154.5,2050.436
2024-02-11T23:00:00Z,48154.5,48330.8,48026.7,48328.5,2813.47
2024-02-12T00:00:00Z,48328.5,48893.7,48250.0,48635.0,11418.156
2024-02-12T01:00:00Z,48635.0,48640.0,48362.6,48502.4,4159.305
2024-02-12T02:00:00Z,48502.4,48560.0,48002.5,48172.8,5531.537
2024-02-12T03:00:00Z,48172.8,48239.8,48080.0,48152.8,2672.763
2024-02-12T04:00:00Z,48152.8,48153.5,48020.9,48079.9,2311.117
2024-02-12T05:00:00Z,48079.9,48197.0,48073.0,48073.2,1516.292
2024-02-12T06:00:00Z,48073.2,48188.3,47712.8,48163.1,7048.372
2024-02-12T07:00:00Z,48163.1,48395.5,48130.0,48219.3,5874.226
2024-02-12T08:00:00Z,48219.3,48346.3,48090.0,48124.1,4107.995
2024-02-12T09:00:00Z,48124.1,48145.5,47833.3,47898.9,4900.453
2024-02-12T10:00:00Z,47898.9,48091.5,47725.2,47880.8,5427.401
2024-02-12T11:00:00Z,47880.8,47946.3,47762.7,47919.3,3479.59
2024-02-12T12:00:00Z,47919.3,48059.8,47851.2,48048.3,2888.443
2024-02-12T13:00:00Z,48048.3,48069.6,47901.0,47966.7,2001.969
2024-02-12T14:00:00Z,47966.7,48834.0,47940.3,48827.1,15020.153
2024-02-12T15:00:00Z,48827.1,49999.0,48697.4,49960.4,40658.918
2024-02-12T16:00:00Z,49960.4,50000.0,49408.3,49622.2,19073.154
2024-02-12T17:00:00Z,49622.2,50439.2,49590.0,49888.2,23143.333
2024-02-12T18:00:00Z,49888.2,50033.9,49682.0,49762.2,6194.555
2024-02-12T19:00:00Z,49762.2,49991.2,49528.0,49556.9,5650.261
2024-02-12T20:00:00Z,49556.9,50269.2,49556.9,50180.8,7801.542
2024-02-12T21:00:00Z,50180.8,50299.0,49828.5,49843.5,6339.975
2024-02-12T22:00:00Z,49843.5,50108.1,49834.5,50064.3,3329.675
2024-02-12T23:00:00Z,50064.3,50089.0,49905.0,49960.9,2292.019
2024-02-13T00:00:00Z,49960.9,50199.3,49940.7,50134.9,3602.889
2024-02-13T01:00:00Z,50134.9,50430.5,50010.0,50173.2,5526.194
2024-02-13T02:00:00Z,50173.2,50184.7,49863.0,49972.2,3656.976
2024-02-13T03:00:00Z,49972.2,49984.5,49762.0,49819.0,3342.395
2024-02-13T04:00:00Z,49819.0,49999.0,49816.1,49934.0,2272.403
2024-02-13T05:00:00Z,49934.0,50089.2,49835.0,50086.3,2150.279
2024-02-13T06:00:00Z,50086.3,50123.0,49982.0,50030.0,1962.122
2024-02-13T07:00:00Z,50030.0,50168.6,49920.7,50031.2,2575.923
2024-02-13T08:00:00Z,50031.2,50197.2,50002.4,50158.1,2693.966
2024-02-13T09:00:00Z,50158.1,50296.0,50055.0,50245.1,3479.79
2024-02-13T10:00:00Z,50245.1,50272.3,49851.0,49875.1,6490.492
2024-02-13T11:00:00Z,49875.1,50040.0,49660.0,49998.7,7104.377
2024-02-13T12:00:00Z,49998.7,50004.7,49804.6,49874.0,2618.355
2024-02-13T13:00:00Z,49874.0,49948.0,49180.2,49553.2,19788.973
2024-02-13T14:00:00Z,49553.2,49681.0,48362.5,48706.6,36828.605
2024-02-13T15:00:00Z,48706.6,49039.9,48455.0,48749.0,13835.762
2024-02-13T16:00:00Z,48749.0,48873.2,48444.3,48487.9,6956.225
2024-02-13T17:00:00Z,48487.9,48912.9,48300.1,48861.4,9927.162
2024-02-13T18:00:00Z,48861.4,49286.6,48842.9,49126.8,8549.627
2024-02-13T19:00:00Z,49126.8,49265.0,48907.5,49050.0,4402.972
2024-02-13T20:00:00Z,49050.0,49523.4,49007.9,49412.3,7103.802
2024-02-13T21:00:00Z,49412.3,49766.8,49355.0,49551.3,7419.865
2024-02-13T22:00:00Z,49551.3,49657.7,49267.0,49540.0,3726.255
2024-02-13T23:00:00Z,49540.0,49798.0,49362.0,49710.4,2924.691
2024-02-14T00:00:00Z,49710.4,49733.0,49401.9,49506.1,3077.186
2024-02-14T01:00:00Z,49506.1,49547.8,49329.0,49454.8,2473.36
2024-02-14T02:00:00Z,49454.8,49584.0,49391.7,49514.4,1181.344
2024-02-14T03:00:00Z,49514.4,49651.6,49490.9,49539.2,1682.938
2024-02-14T04:00:00Z,49539.2,49609.4,49220.5,49405.9,3688.971
2024-02-14T05:00:00Z,49405.9,49673.0,49405.9,49569.0,2834.119
2024-02-14T06:00:00Z,49569.0,49681.0,49534.3,49659.7,2172.415
2024-02-14T07:00:00Z,49659.7,49912.0,49638.4,49859.9,4630.826
2024-02-14T08:00:00Z,49859.9,50924.5,49743.8,50816.1,15822.416
2024-02-14T09:00:00Z,50816.1,51765.6,50672.2,51576.0,31273.354
2024-02-14T10:00:00Z,51576.0,51625.5,51259.0,51336.1,8340.006
2024-02-14T11:00:00Z,51336.1,51831.0,51019.1,51600.0,11779.001
2024-02-14T12:00:00Z,51600.0,51890.1,51462.7,51614.8,12055.21
2024-02-14T13:00:00Z,51614.8,51850.0,51540.9,51822.5,5724.647
2024-02-14T14:00:00Z,51822.5,52098.4,51585.0,51943.8,13993.68
2024-02-14T15:00:00Z,51943.8,52035.0,51320.0,51621.9,16500.032
2024-02-14T16:00:00Z,51621.9,51784.9,51196.3,51597.7,11611.976
2024-02-14T17:00:00Z,51597.7,51759.5,51505.6,51688.8,2907.873
2024-02-14T18:00:00Z,51688.8,51714.9,51385.1,51466.2,3516.859
2024-02-14T19:00:00Z,51466.2,51702.0,51219.3,51702.0,4715.829
2024-02-14T20:00:00Z,51702.0,51904.0,51652.7,51707.5,5009.513
2024-02-14T21:00:00Z,51707.5,51811.9,51478.8,51754.5,3153.676
2024-02-14T22:00:00Z,51754.5,51847.8,51632.3,51816.4,1633.722
2024-02-14T23:00:00Z,51816.4,51919.9,51752.5,51821.8,2614.58
2024-02-15T00:00:00Z,51821.8,52575.5,51793.3,52352.1,13554.521
2024-02-15T01:00:00Z,52352.1,52385.2,51733.5,51932.7,8434.04
2024-02-15T02:00:00Z,51932.7,52282.0,51886.5,52090.5,4814.428
2024-02-15T03:00:00Z,52090.5,52449.8,52069.0,52394.9,4050.356
2024-02-15T04:00:00Z,52394.9,52415.1,52156.0,52191.8,3561.567
2024-02-15T05:00:00Z,52191.8,52280.0,51850.0,51996.6,4034.433
2024-02-15T06:00:00Z,51996.6,52143.9,51870.0,52014.4,3375.143
2024-02-15T07:00:00Z,52014.4,52149.7,51659.1,51817.3,4819.931
2024-02-15T08:00:00Z,51817.3,52024.3,51680.1,51970.2,3746.978
2024-02-15T09:00:00Z,51970.2,52319.0,51928.0,52212.9,5365.232
2024-02-15T10:00:00Z,52212.9,52390.0,52136.3,52321.6,4168.024
2024-02-15T11:00:00Z,52321.6,52571.0,52182.7,52362.4,5981.357
2024-02-15T12:00:00Z,52362.4,52532.2,52102.1,52362.9,7007.865
2024-02-15T13:00:00Z,52362.9,52394.9,52120.0,52253.3,4352.705
2024-02-15T14:00:00Z,52253.3,52879.5,52100.4,52656.4,17082.2
2024-02-15T15:00:00Z,52656.4,52700.0,51700.9,51962.1,21294.463
2024-02-15T16:00:00Z,51962.1,52447.8,51755.0,52308.1,12147.004
2024-02-15T17:00:00Z,52308.1,52365.2,51849.1,51901.9,7761.42
2024-02-15T18:00:00Z,51901.9,52096.3,51824.7,52002.9,4315.837
2024-02-15T19:00:00Z,52002.9,52084.0,51733.1,52022.1,5363.008
2024-02-15T20:00:00Z,52022.1,52030.4,51564.4,51700.0,6776.396
2024-02-15T21:00:00Z,51700.0,51829.9,51322.5,51348.5,7075.879
2024-02-15T22:00:00Z,51348.5,51861.0,51336.0,51666.1,4752.679
2024-02-15T23:00:00Z,51666.1,52024.7,51648.1,51904.2,3576.957
2024-02-16T00:00:00Z,51904.2,52038.0,51827.2,51941.9,2316.741
2024-02-16T01:00:00Z,51941.9,52199.8,51900.0,51972.6,3244.216
2024-02-16T02:00:00Z,51972.6,52244.9,51863.1,52198.1,3331.997
2024-02-16T03:00:00Z,52198.1,52367.5,52115.7,52306.7,3678.696
2024-02-16T04:00:00Z,52306.7,52384.8,52139.9,52142.0,2256.608
2024-02-16T05:00:00Z,52142.0,52230.0,52021.0,52099.0,2569.923
2024-02-16T06:00:00Z,52099.0,52203.3,51865.0,51930.8,3163.269
2024-02-16T07:00:00Z,51930.8,51996.8,51765.5,51791.0,3556.944
2024-02-16T08:00:00Z,51791.0,52075.0,51755.0,51878.2,6111.073
2024-02-16T09:00:00Z,51878.2,52021.0,51586.2,51876.1,6107.004
2024-02-16T10:00:00Z,51876.1,52338.3,51833.3,52330.8,5581.702
2024-02-16T11:00:00Z,52330.8,52476.8,52205.2,52241.7,6123.379
2024-02-16T12:00:00Z,52241.7,52444.0,52112.8,52415.5,3987.192
2024-02-16T13:00:00Z,52415.5,52543.1,52160.0,52501.0,7181.998
2024-02-16T14:00:00Z,52501.0,52625.0,51770.0,51955.0,15147.0
2024-02-16T15:00:00Z,51955.0,51955.0,51600.6,51914.4,9491.969
2024-02-16T16:00:00Z,51914.4,52286.0,51870.0,52062.9,7722.685
2024-02-16T17:00:00Z,52062.9,52094.9,51831.1,52040.0,3893.604
2024-02-16T18:00:00Z,52040.0,52072.6,51847.9,51999.9,2871.617
2024-02-16T19:00:00Z,51999.9,52060.0,51672.0,51783.1,3386.932
2024-02-16T20:00:00Z,51783.1,51931.2,51708.3,51849.5,2930.162
2024-02-16T21:00:00Z,51849.5,52046.0,51767.1,52003.2,1824.339
2024-02-16T22:00:00Z,52003.2,52024.0,51907.1,52010.4,1188.867
2024-02-16T23:00:00Z,52010.4,52272.0,51982.0,52151.8,2891.881
2024-02-17T00:00:00Z,52151.8,52200.0,52027.6,52041.8,1630.24
2024-02-17T01:00:00Z,52041.8,52065.3,51861.7,51999.9,2060.497
2024-02-17T02:00:00Z,51999.9,52049.0,51905.2,51963.0,986.521
2024-02-17T03:00:00Z,51963.0,52008.7,51926.9,52004.0,485.439
2024-02-17T04:00:00Z,52004.0,52092.4,51958.0,52046.7,867.717
2024-02-17T05:00:00Z,52046.7,52048.0,51815.3,51951.9,1751.63
2024-02-17T06:00:00Z,51951.9,51986.4,51909.9,51950.1,770.322
2024-02-17T07:00:00Z,51950.1,51994.0,51934.5,51935.9,705.289
2024-02-17T08:00:00Z,51935.9,51936.0,51733.0,51762.7,3002.623
2024-02-17T09:00:00Z,51762.7,51830.0,51676.5,51705.3,2476.47
2024-02-17T10:00:00Z,51705.3,51776.6,51514.6,51766.0,4985.279
2024-02-17T11:00:00Z,51766.0,51845.2,51707.5,51726.3,2193.641
2024-02-17T12:00:00Z,51726.3,51780.2,51583.4,51755.7,2535.889
2024-02-17T13:00:00Z,51755.7,51760.0,51104.9,51215.8,14845.878
2024-02-17T14:00:00Z,51215.8,51380.0,50652.3,50883.8,17057.206
2024-02-17T15:00:00Z,50883.8,51221.5,50664.1,51015.6,8587.648
2024-02-17T16:00:00Z,51015.6,51065.0,50766.6,50981.9,4851.569
2024-02-17T17:00:00Z,50981.9,51298.0,50976.1,51242.3,7149.701
2024-02-17T18:00:00Z,51242.3,51315.0,51164.5,51293.7,1630.235
2024-02-17T19:00:00Z,51293.7,51476.0,51251.3,51424.9,3112.93
2024-02-17T20:00:00Z,51424.9,51595.0,51325.0,51543.8,2730.697
2024-02-17T21:00:00Z,51543.8,52113.0,51462.7,51845.1,11256.058
2024-02-17T22:00:00Z,51845.1,51935.3,51639.4,51757.6,2815.704
2024-02-17T23:00:00Z,51757.6,51788.1,51642.0,51693.1,1649.648
2024-02-18T00:00:00Z,51693.1,51812.5,51592.0,51725.8,2177.135
2024-02-18T01:00:00Z,51725.8,51856.6,51521.7,51576.3,2922.964
2024-02-18T02:00:00Z,51576.3,51600.0,51176.0,51311.5,6690.875
2024-02-18T03:00:00Z,51311.5,51515.9,51284.2,51515.5,2297.666
2024-02-18T04:00:00Z,51515.5,51665.3,51507.7,51582.3,2316.671
2024-02-18T05:00:00Z,51582.3,51720.2,51563.5,51684.2,2102.856
2024-02-18T06:00:00Z,51684.2,51727.2,51425.4,51543.7,2280.442
2024-02-18T07:00:00Z,51543.7,51777.0,51468.9,51699.9,2372.643
2024-02-18T08:00:00Z,51699.9,51836.8,51665.9,51816.2,1729.035
2024-02-18T09:00:00Z,51816.2,52030.8,51815.2,52007.0,3986.929
2024-02-18T10:00:00Z,52007.0,52111.6,51818.1,51865.4,3167.36
2024-02-18T11:00:00Z,51865.4,51881.3,51680.3,51869.1,2590.579
2024-02-18T12:00:00Z,51869.1,51902.7,51564.8,51589.3,3410.111
2024-02-18T13:00:00Z,51589.3,51737.6,51564.4,51652.0,2388.338
2024-02-18T14:00:00Z,51652.0,51999.0,51652.0,51932.1,4282.451
2024-02-18T15:00:00Z,51932.1,51936.7,51761.4,51821.0,2333.105
2024-02-18T16:00:00Z,51821.0,51929.9,51683.0,51875.1,2410.267
2024-02-18T17:00:00Z,51875.1,52027.6,51818.1,51871.8,3218.349
2024-02-18T18:00:00Z,51871.8,51871.8,51690.5,51837.2,2155.073
2024-02-18T19:00:00Z,51837.2,51920.0,51730.6,51792.9,1565.216
2024-02-18T20:00:00Z,51792.9,51828.8,51616.9,51817.6,1906.45
2024-02-18T21:00:00Z,51817.6,51969.9,51782.6,51889.7,1436.885
2024-02-18T22:00:00Z,51889.7,52456.7,51853.3,52278.1,10027.064
2024-02-18T23:00:00Z,52278.1,52403.5,52007.0,52174.9,5893.109
2024-02-19T00:00:00Z,52174.9,52499.2,52142.9,52218.1,4434.421
2024-02-19T01:00:00Z,52218.1,52224.4,51930.1,52118.6,3147.444
2024-02-19T02:00:00Z,52118.6,52246.7,52118.5,52182.9,1526.035
2024-02-19T03:00:00Z,52182.9,52199.9,52013.7,52103.1,2074.452
2024-02-19T04:00:00Z,52103.1,52258.8,52055.0,52141.2,1478.669
2024-02-19T05:00:00Z,52141.2,52189.2,52012.3,52163.4,1889.488
2024-02-19T06:00:00Z,52163.4,52534.5,52163.3,52439.2,6700.327
2024-02-19T07:00:00Z,52439.2,52559.2,52332.2,52438.1,3076.345
2024-02-19T08:00:00Z,52438.1,52457.9,52102.6,52139.4,3693.303
2024-02-19T09:00:00Z,52139.4,52416.3,52139.4,52294.6,3050.058
2024-02-19T10:00:00Z,52294.6,52496.1,52194.7,52386.4,3314.162
2024-02-19T11:00:00Z,52386.4,52475.0,52316.3,52386.1,1767.027
2024-02-19T12:00:00Z,52386.1,52517.5,52276.4,52312.1,3218.88
2024-02-19T13:00:00Z,52312.1,52412.6,52150.0,52180.9,3658.147
2024-02-19T14:00:00Z,52180.9,52241.2,52033.8,52130.1,3686.665
2024-02-19T15:00:00Z,52130.1,52394.6,52051.0,52157.9,4493.797
2024-02-19T16:00:00Z,52157.9,52275.9,51701.0,51801.8,6785.327
2024-02-19T17:00:00Z,51801.8,52260.0,51703.6,52189.5,6429.763
2024-02-19T18:00:00Z,52189.5,52249.7,51938.6,51958.0,2681.846
2024-02-19T19:00:00Z,51958.0,51973.6,51803.6,51850.1,3222.678
2024-02-19T20:00:00Z,51850.1,51972.8,51788.3,51832.0,2011.61
2024-02-19T21:00:00Z,51832.0,51957.1,51725.0,51930.2,2623.944
2024-02-19T22:00:00Z,51930.2,52150.7,51895.8,51977.4,2980.757
2024-02-19T23:00:00Z,51977.4,52052.0,51732.8,51814.9,2940.624
2024-02-20T00:00:00Z,51814.9,51865.3,51430.4,51663.5,5720.112
2024-02-20T01:00:00Z,51663.5,51736.7,51324.9,51659.7,6394.312
2024-02-20T02:00:00Z,51659.7,51791.8,51577.8,51745.5,2292.354
2024-02-20T03:00:00Z,51745.5,51830.8,51602.4,51610.1,1525.993
2024-02-20T04:00:00Z,51610.1,51860.4,51538.8,51822.8,2922.074
2024-02-20T05:00:00Z,51822.8,52029.7,51791.3,51951.1,3569.855
2024-02-20T06:00:00Z,51951.1,52105.1,51935.1,51995.0,2785.176
2024-02-20T07:00:00Z,51995.0,52018.6,51823.7,51880.9,2643.764
2024-02-20T08:00:00Z,51880.9,51925.8,51620.0,51812.2,4577.069
2024-02-20T09:00:00Z,51812.2,51872.4,51583.4,51781.5,5170.133
2024-02-20T10:00:00Z,51781.5,52166.7,51780.3,52157.4,5585.428
2024-02-20T11:00:00Z,52157.4,52433.0,52157.3,52323.0,7769.786
2024-02-20T12:00:00Z,52323.0,52432.0,52175.3,52222.9,4381.543
2024-02-20T13:00:00Z,52222.9,53120.0,52172.3,52887.3,20375.709
2024-02-20T14:00:00Z,52887.3,52905.0,51756.8,52078.5,24793.468
2024-02-20T15:00:00Z,52078.5,52118.6,51350.0,51706.3,17287.933
2024-02-20T16:00:00Z,51706.3,51832.0,51380.0,51420.7,6719.586
2024-02-20T17:00:00Z,51420.7,51420.7,50725.2,51351.8,18651.501
2024-02-20T18:00:00Z,51351.8,51583.5,51270.0,51539.6,5337.162
2024-02-20T19:00:00Z,51539.6,52188.1,51456.9,52136.6,8047.603
2024-02-20T20:00:00Z,52136.6,52235.3,51979.2,52011.3,4979.227
2024-02-20T21:00:00Z,52011.3,52199.7,51905.9,52033.4,3013.766
2024-02-20T22:00:00Z,52033.4,52329.9,52017.6,52188.0,2561.199
2024-02-20T23:00:00Z,52188.0,52555.0,52186.8,52287.1,5676.539
2024-02-21T00:00:00Z,52287.1,52404.5,52141.6,52191.5,3345.81
2024-02-21T01:00:00Z,52191.5,52315.3,52051.8,52120.0,2477.796
2024-02-21T02:00:00Z,52120.0,52173.4,52053.3,52086.9,1288.783
2024-02-21T03:00:00Z,52086.9,52133.0,51990.3,52016.2,1198.614
2024-02-21T04:00:00Z,52016.2,52023.8,51821.8,51969.1,2758.002
2024-02-21T05:00:00Z,51969.1,52128.5,51814.4,51848.2,3416.907
2024-02-21T06:00:00Z,51848.2,51917.2,51673.0,51755.5,3567.97
2024-02-21T07:00:00Z,51755.5,51803.5,51454.9,51572.2,6019.725
2024-02-21T08:00:00Z,51572.2,51817.6,51529.7,51688.6,4077.303
2024-02-21T09:00:00Z,51688.6,51732.2,50995.6,51100.1,11325.139
2024-02-21T10:00:00Z,51100.1,51420.0,50864.8,51280.1,9977.851
2024-02-21T11:00:00Z,51280.1,51375.1,50806.0,50965.7,6707.936
2024-02-21T12:00:00Z,50965.7,51409.7,50430.0,51316.3,15681.061
2024-02-21T13:00:00Z,51316.3,51459.3,50875.0,51190.3,8979.398
2024-02-21T14:00:00Z,51190.3,51224.1,50708.9,50957.6,10695.333
2024-02-21T15:00:00Z,50957.6,51340.0,50824.6,51166.0,8681.79
2024-02-21T16:00:00Z,51166.0,51437.4,51007.3,51357.2,5674.891
2024-02-21T17:00:00Z,51357.2,51436.0,50862.3,50930.9,6418.844
2024-02-21T18:00:00Z,50930.9,51117.0,50776.8,50860.0,5974.7
2024-02-21T19:00:00Z,50860.0,51083.1,50574.4,51076.9,6347.082
2024-02-21T20:00:00Z,51076.9,51150.0,50868.5,50962.5,4391.742
2024-02-21T21:00:00Z,50962.5,51410.6,50951.2,51402.8,8802.717
2024-02-21T22:00:00Z,51402.8,51559.0,51217.5,51527.4,3419.619
2024-02-21T23:00:00Z,51527.4,52022.4,51512.2,51875.2,9832.96
2024-02-22T00:00:00Z,51875.2,51906.3,51516.9,51551.8,3927.794
2024-02-22T01:00:00Z,51551.8,51663.7,51161.3,51250.0,5149.02
2024-02-22T02:00:00Z,51250.0,51509.8,51233.4,51435.7,2565.374
2024-02-22T03:00:00Z,51435.7,51676.5,51375.6,51592.5,2485.46
2024-02-22T04:00:00Z,51592.5,51663.4,51358.6,51451.5,2023.424
2024-02-22T05:00:00Z,51451.5,51701.4,51436.6,51541.9,2808.509
2024-02-22T06:00:00Z,51541.9,51837.3,51541.9,51789.2,2742.776
2024-02-22T07:00:00Z,51789.2,51950.0,51678.0,51860.0,4041.149
2024-02-22T08:00:00Z,51860.0,51978.0,51701.0,51911.7,4286.007
2024-02-22T09:00:00Z,51911.7,52074.9,51720.0,51971.0,4264.911
2024-02-22T10:00:00Z,51971.0,51975.0,51605.7,51719.0,3186.423
2024-02-22T11:00:00Z,51719.0,51724.0,51539.0,51646.7,2828.488
2024-02-22T12:00:00Z,51646.7,51758.8,51431.3,51545.2,4031.907
2024-02-22T13:00:00Z,51545.2,51566.1,50939.9,51180.0,12260.076
2024-02-22T14:00:00Z,51180.0,51445.0,51067.0,51391.1,7676.053
2024-02-22T15:00:00Z,51391.1,51705.5,51294.5,51610.1,8167.892
2024-02-22T16:00:00Z,51610.1,51773.6,51392.8,51489.2,5186.423
2024-02-22T17:00:00Z,51489.2,51750.0,51459.6,51712.6,2852.99
2024-02-22T18:00:00Z,51712.6,51757.7,51508.0,51743.1,2876.824
2024-02-22T19:00:00Z,51743.1,51743.2,51470.4,51535.1,1812.049
2024-02-22T20:00:00Z,51535.1,52119.7,51476.5,52017.8,10230.216
2024-02-22T21:00:00Z,52017.8,52034.0,51546.8,51663.5,4240.688
2024-02-22T22:00:00Z,51663.5,51735.4,51142.4,51468.1,7416.733
2024-02-22T23:00:00Z,51468.1,51500.8,51232.6,51304.7,2951.895
2024-02-23T00:00:00Z,51304.7,51499.8,51275.7,51473.2,1996.385
2024-02-23T01:00:00Z,51473.2,51571.7,51327.5,51330.0,2027.227
2024-02-23T02:00:00Z,51330.0,51450.0,51022.8,51111.7,3580.949
2024-02-23T03:00:00Z,51111.7,51215.0,50969.1,51124.1,7527.403
2024-02-23T04:00:00Z,51124.1,51366.5,51014.7,51250.7,3913.145
2024-02-23T05:00:00Z,51250.7,51273.2,51145.0,51266.0,2011.343
2024-02-23T06:00:00Z,51266.0,51352.1,51245.7,51336.6,1727.285
2024-02-23T07:00:00Z,51336.6,51336.7,50890.8,50954.7,4377.907
2024-02-23T08:00:00Z,50954.7,51213.6,50846.2,50999.1,5157.307
2024-02-23T09:00:00Z,50999.1,51112.3,50903.9,51045.7,3500.493
2024-02-23T10:00:00Z,51045.7,51222.9,51000.0,51220.1,3981.427
2024-02-23T11:00:00Z,51220.1,51300.0,51184.5,51262.5,2532.958
2024-02-23T12:00:00Z,51262.5,51268.5,50940.8,51013.4,5701.685
2024-02-23T13:00:00Z,51013.4,51124.8,50934.8,51084.9,2678.374
2024-02-23T14:00:00Z,51084.9,51375.3,50771.5,51151.9,13880.757
2024-02-23T15:00:00Z,51151.9,51152.0,50851.0,50934.4,6079.113
2024-02-23T16:00:00Z,50934.4,51142.1,50610.1,51072.9,10137.016
2024-02-23T17:00:00Z,51072.9,51189.4,50983.3,51146.9,2737.441
2024-02-23T18:00:00Z,51146.9,51219.3,51006.8,51126.4,2198.589
2024-02-23T19:00:00Z,51126.4,51227.7,51057.4,51125.9,1887.592
2024-02-23T20:00:00Z,51125.9,51179.1,50975.0,51101.6,2046.169
2024-02-23T21:00:00Z,51101.6,51112.7,50989.6,50991.3,909.126
2024-02-23T22:00:00Z,50991.3,51046.3,50753.8,50801.3,2176.813
2024-02-23T23:00:00Z,50801.3,50940.7,50538.5,50774.1,5628.789
2024-02-24T00:00:00Z,50774.1,50936.6,50711.0,50914.5,2216.329
2024-02-24T01:00:00Z,50914.5,50920.2,50606.0,50612.6,2703.154
2024-02-24T02:00:00Z,50612.6,50823.1,50600.0,50819.6,1608.46
2024-02-24T03:00:00Z,50819.6,50878.0,50702.4,50869.9,1113.659
2024-02-24T04:00:00Z,50869.9,51039.0,50839.9,50985.4,2302.659
2024-02-24T05:00:00Z,50985.4,51099.4,50942.9,51079.4,1885.533
2024-02-24T06:00:00Z,51079.4,51093.1,50971.5,51000.6,1322.498
2024-02-24T07:00:00Z,51000.6,51135.9,50968.7,51103.8,1465.208
2024-02-24T08:00:00Z,51103.8,51150.0,50975.0,51015.8,1300.867
2024-02-24T09:00:00Z,51015.8,51145.0,51007.0,51111.1,1031.021
2024-02-24T10:00:00Z,51111.1,51208.0,51095.0,51114.7,1416.914
2024-02-24T11:00:00Z,51114.7,51186.3,51063.1,51170.1,1464.232
2024-02-24T12:00:00Z,51170.1,51172.4,51070.0,51114.2,983.173
2024-02-24T13:00:00Z,51114.2,51222.4,51087.4,51185.3,1189.573
2024-02-24T14:00:00Z,51185.3,51213.7,51110.0,51175.8,850.903
2024-02-24T15:00:00Z,51175.8,51194.9,51135.4,51140.7,663.212
2024-02-24T16:00:00Z,51140.7,51273.9,51132.2,51253.5,1158.199
2024-02-24T17:00:00Z,51253.5,51742.7,51251.7,51568.6,8430.96
2024-02-24T18:00:00Z,51568.6,51739.9,51428.4,51472.9,3918.34
2024-02-24T19:00:00Z,51472.9,51670.0,51472.8,51584.6,1676.271
2024-02-24T20:00:00Z,51584.6,51615.0,51468.3,51536.8,1521.939
2024-02-24T21:00:00Z,51536.8,51678.1,51486.2,51582.2,1478.924
2024-02-24T22:00:00Z,51582.2,51700.0,51566.8,51571.4,1534.683
2024-02-24T23:00:00Z,51571.4,51664.0,51518.8,51588.9,1118.167
2024-02-25T00:00:00Z,51588.9,51610.0,51468.1,51515.6,1311.191
2024-02-25T01:00:00Z,51515.6,51721.5,51465.7,51712.5,2035.517
2024-02-25T02:00:00Z,51712.5,51936.0,51568.8,51630.1,4965.838
2024-02-25T03:00:00Z,51630.1,51659.5,51485.0,51657.3,1610.363
2024-02-25T04:00:00Z,51657.3,51657.3,51533.8,51646.1,744.475
2024-02-25T05:00:00Z,51646.1,51757.1,51619.5,51690.6,1026.239
2024-02-25T06:00:00Z,51690.6,51841.5,51653.1,51782.7,1914.592
2024-02-25T07:00:00Z,51782.7,51811.4,51695.9,51749.9,1395.078
2024-02-25T08:00:00Z,51749.9,51806.3,51612.9,51627.7,1446.137
2024-02-25T09:00:00Z,51627.7,51684.7,51562.0,51667.4,1163.145
2024-02-25T10:00:00Z,51667.4,51704.6,51583.4,51608.1,808.365
2024-02-25T11:00:00Z,51608.1,51734.4,51587.1,51672.0,809.183
2024-02-25T12:00:00Z,51672.0,51694.3,51600.4,51680.1,881.951
2024-02-25T13:00:00Z,51680.1,51720.5,51568.3,51631.9,1205.502
2024-02-25T14:00:00Z,51631.9,51809.7,51615.1,51761.3,2249.318
2024-02-25T15:00:00Z,51761.3,51788.0,51441.0,51538.5,4054.331
2024-02-25T16:00:00Z,51538.5,51651.2,51300.0,51393.0,5410.578
2024-02-25T17:00:00Z,51393.0,51598.0,51380.0,51584.9,2041.809
2024-02-25T18:00:00Z,51584.9,51606.5,51515.8,51605.3,1009.397
2024-02-25T19:00:00Z,51605.3,51766.0,51524.5,51690.9,2443.34
2024-02-25T20:00:00Z,51690.9,52000.0,51690.8,51761.0,6188.66
2024-02-25T21:00:00Z,51761.0,51818.2,51661.8,51790.0,1583.8
2024-02-25T22:00:00Z,51790.0,51899.9,51668.4,51732.2,1785.812
2024-02-25T23:00:00Z,51732.2,51830.1,51668.5,51747.5,1934.056
2024-02-26T00:00:00Z,51747.5,51825.2,51600.5,51700.1,2396.385
2024-02-26T01:00:00Z,51700.1,51711.6,51471.4,51482.4,2071.588
2024-02-26T02:00:00Z,51482.4,51561.3,51425.8,51434.6,1425.0
2024-02-26T03:00:00Z,51434.6,51576.2,51407.5,51572.4,1514.776
2024-02-26T04:00:00Z,51572.4,51601.0,51484.4,51549.3,971.89
2024-02-26T05:00:00Z,51549.3,51614.0,51429.8,51580.4,1509.779
2024-02-26T06:00:00Z,51580.4,51621.9,51504.7,51549.3,768.165
2024-02-26T07:00:00Z,51549.3,51549.4,51305.0,51314.0,3041.989
2024-02-26T08:00:00Z,51314.0,51407.8,51272.6,51280.0,2860.648
2024-02-26T09:00:00Z,51280.0,51332.0,50922.0,50977.2,8603.282
2024-02-26T10:00:00Z,50977.2,51270.0,50961.4,51191.0,4570.745
2024-02-26T11:00:00Z,51191.0,51250.0,51060.1,51116.0,2193.157
2024-02-26T12:00:00Z,51116.0,51265.0,50980.5,51264.9,3226.214
2024-02-26T13:00:00Z,51264.9,51481.0,51226.4,51263.0,5638.928
2024-02-26T14:00:00Z,51263.0,51753.1,51228.8,51725.7,7119.226
2024-02-26T15:00:00Z,51725.7,52924.4,51670.4,52899.2,30458.034
2024-02-26T16:00:00Z,52899.2,53733.0,52809.7,53442.6,28777.131
2024-02-26T17:00:00Z,53442.6,53577.4,53251.1,53536.3,7165.886
2024-02-26T18:00:00Z,53536.3,53672.5,53321.2,53624.6,6473.91
2024-02-26T19:00:00Z,53624.6,54599.8,53455.8,54537.7,24325.164
2024-02-26T20:00:00Z,54537.7,54992.2,54311.0,54486.0,16190.208
2024-02-26T21:00:00Z,54486.0,54787.0,54353.6,54686.4,4751.424
2024-02-26T22:00:00Z,54686.4,54864.5,54500.0,54706.2,4434.22
2024-02-26T23:00:00Z,54706.2,54708.8,54479.5,54515.0,2375.817
2024-02-27T00:00:00Z,54515.0,54691.0,54488.8,54601.4,3042.191
2024-02-27T01:00:00Z,54601.4,55913.6,54560.2,55866.0,16348.507
2024-02-27T02:00:00Z,55866.0,57600.0,55687.0,56419.2,30914.136
2024-02-27T03:00:00Z,56419.2,56653.4,55607.5,55772.0,11013.622
2024-02-27T04:00:00Z,55772.0,56182.0,55680.0,55817.9,7495.007
2024-02-27T05:00:00Z,55817.9,56265.0,55716.3,56130.2,5082.263
2024-02-27T06:00:00Z,56130.2,56498.6,56108.3,56396.5,4790.208
2024-02-27T07:00:00Z,56396.5,56419.3,55850.1,56100.0,6460.296
2024-02-27T08:00:00Z,56100.0,56527.0,56075.6,56295.1,5264.935
2024-02-27T09:00:00Z,56295.1,56828.0,56232.0,56678.4,6187.735
2024-02-27T10:00:00Z,56678.4,56898.9,56415.2,56574.0,6054.838
2024-02-27T11:00:00Z,56574.0,56646.9,56370.8,56590.1,3774.953
2024-02-27T12:00:00Z,56590.1,57497.8,56504.9,56832.4,17915.401
2024-02-27T13:00:00Z,56832.4,57262.5,56628.0,57161.0,12444.076
2024-02-27T14:00:00Z,57161.0,57395.0,56670.1,57019.8,14315.32
2024-02-27T15:00:00Z,57019.8,57346.7,56620.1,56780.0,12448.569
2024-02-27T16:00:00Z,56780.0,57220.0,56232.3,57095.4,14830.867
2024-02-27T17:00:00Z,57095.4,57275.0,56701.0,56816.0,7649.989
2024-02-27T18:00:00Z,56816.0,57200.0,56725.7,57167.8,3913.309
2024-02-27T19:00:00Z,57167.8,57699.0,56963.4,57400.0,9898.47
2024-02-27T20:00:00Z,57400.0,57429.0,56720.0,57022.9,10063.752
2024-02-27T21:00:00Z,57022.9,57066.8,56620.6,56758.9,4278.943
2024-02-27T22:00:00Z,56758.9,57056.1,56661.6,56940.4,4102.003
2024-02-27T23:00:00Z,56940.4,57150.0,56852.4,57077.9,3271.747
2024-02-28T00:00:00Z,57077.9,57148.0,56902.9,57059.1,2118.175
2024-02-28T01:00:00Z,57059.1,57145.0,56800.5,56813.3,2511.035
2024-02-28T02:00:00Z,56813.3,57023.9,56735.4,56971.7,2068.606
2024-02-28T03:00:00Z,56971.7,57016.3,56875.0,56966.9,896.29
2024-02-28T04:00:00Z,56966.9,57325.0,56933.3,57250.0,2900.773
2024-02-28T05:00:00Z,57250.0,57320.1,57084.9,57116.7,2324.875
2024-02-28T06:00:00Z,57116.7,57239.0,57090.0,57230.0,1331.575
2024-02-28T07:00:00Z,57230.0,58485.4,57190.0,58330.0,19244.228
2024-02-28T08:00:00Z,58330.0,59614.5,58201.8,59530.9,33474.214
2024-02-28T09:00:00Z,59530.9,59557.9,58880.7,59377.3,16381.583
2024-02-28T10:00:00Z,59377.3,59445.5,59022.7,59336.9,7001.895
2024-02-28T11:00:00Z,59336.9,59587.2,58524.1,59017.7,17414.478
2024-02-28T12:00:00Z,59017.7,59494.7,58950.1,59405.0,9744.827
2024-02-28T13:00:00Z,59405.0,61100.0,59360.0,60532.3,42079.454
2024-02-28T14:00:00Z,60532.3,61310.0,59798.6,61042.3,25543.262
2024-02-28T15:00:00Z,61042.3,61453.0,60613.7,61006.6,20295.762
2024-02-28T16:00:00Z,61006.6,62643.0,60975.7,62534.0,28567.664
2024-02-28T17:00:00Z,62534.0,64496.7,58558.5,61469.9,116077.173
2024-02-28T18:00:00Z,61469.9,61629.5,59207.2,61179.0,39949.459
2024-02-28T19:00:00Z,61179.0,61580.0,60656.2,61027.9,15069.15
2024-02-28T20:00:00Z,61027.9,61180.6,59977.0,60450.3,16462.113
2024-02-28T21:00:00Z,60450.3,60669.4,59811.7,60613.0,8851.049
2024-02-28T22:00:00Z,60613.0,61438.0,60560.4,61319.5,7565.546
2024-02-28T23:00:00Z,61319.5,62713.0,61310.0,62484.1,14132.617
2024-02-29T00:00:00Z,62484.1,62500.0,61254.6,61427.2,13137.617
2024-02-29T01:00:00Z,61427.2,61623.7,61078.7,61466.9,6158.795
2024-02-29T02:00:00Z,61466.9,61832.8,61150.1,61830.1,4261.869
2024-02-29T03:00:00Z,61830.1,61830.1,61200.0,61636.5,3879.73
2024-02-29T04:00:00Z,61636.5,62868.8,61407.0,62543.0,9381.791
2024-02-29T05:00:00Z,62543.0,62767.2,61860.4,62636.9,8619.267
2024-02-29T06:00:00Z,62636.9,63796.6,62560.0,63077.1,16220.297
2024-02-29T07:00:00Z,63077.1,63252.9,62604.3,62783.0,8401.594
2024-02-29T08:00:00Z,62783.0,63235.0,62338.5,62882.0,10622.467
2024-02-29T09:00:00Z,62882.0,63075.0,62340.9,62776.2,6519.766
2024-02-29T10:00:00Z,62776.2,62891.2,62170.0,62799.1,6743.146
2024-02-29T11:00:00Z,62799.1,63475.5,62700.6,63035.1,8546.915
2024-02-29T12:00:00Z,63035.1,63141.0,62364.2,62745.3,7838.732
2024-02-29T13:00:00Z,62745.3,63160.6,62056.1,63013.5,11739.724
2024-02-29T14:00:00Z,63013.5,63649.1,62800.8,62959.2,14237.798
2024-02-29T15:00:00Z,62959.2,63363.6,62616.2,62811.1,8216.036
2024-02-29T16:00:00Z,62811.1,62964.0,61532.1,62250.1,18839.818
2024-02-29T17:00:00Z,62250.1,62484.5,60560.0,61072.0,22165.505
2024-02-29T18:00:00Z,61072.0,61608.0,60460.9,60912.8,13205.224
2024-02-29T19:00:00Z,60912.8,61730.0,60707.3,61687.1,8637.113
2024-02-29T20:00:00Z,61687.1,62380.0,61602.5,61994.8,10451.576
2024-02-29T21:00:00Z,61994.8,62046.6,60600.0,61433.9,17541.179
2024-02-29T22:00:00Z,61433.9,61538.0,60715.0,61270.3,6923.042
2024-02-29T23:00:00Z,61270.3,61598.1,61144.4,61184.1,4978.547
2024-03-01T00:00:00Z,61184.1,61816.2,61167.8,61565.1,5170.855
2024-03-01T01:00:00Z,61565.1,61642.6,61168.4,61265.4,4274.859
2024-03-01T02:00:00Z,61265.4,61265.7,60827.0,61038.4,5078.52
2024-03-01T03:00:00Z,61038.4,61299.9,60830.0,61162.2,2708.48
2024-03-01T04:00:00Z,61162.2,61611.0,61112.6,61611.0,3136.617
2024-03-01T05:00:00Z,61611.0,61641.4,61355.0,61379.7,2449.549
2024-03-01T06:00:00Z,61379.7,61848.0,61263.5,61619.6,3731.495
2024-03-01T07:00:00Z,61619.6,61847.2,61440.0,61494.0,3982.332
2024-03-01T08:00:00Z,61494.0,62324.0,61366.0,61968.1,8036.809
2024-03-01T09:00:00Z,61968.1,62314.9,61925.2,62210.1,4393.172
2024-03-01T10:00:00Z,62210.1,62287.3,61903.1,62052.0,4150.028
2024-03-01T11:00:00Z,62052.0,62186.0,61865.8,61923.7,2895.853
2024-03-01T12:00:00Z,61923.7,62655.0,61911.4,62292.0,7495.518
2024-03-01T13:00:00Z,62292.0,62763.3,62250.3,62510.0,5022.691
2024-03-01T14:00:00Z,62510.0,62538.2,61544.5,62013.8,10938.715
2024-03-01T15:00:00Z,62013.8,62240.0,61156.6,61331.4,10275.724
2024-03-01T16:00:00Z,61331.4,61689.0,61300.0,61481.4,6341.501
2024-03-01T17:00:00Z,61481.4,62163.0,61481.3,61964.0,6104.306
2024-03-01T18:00:00Z,61964.0,62542.0,61871.3,62385.2,5573.659
2024-03-01T19:00:00Z,62385.2,62414.1,62014.1,62265.0,3798.396
2024-03-01T20:00:00Z,62265.0,63181.9,62264.9,62903.9,7828.132
2024-03-01T21:00:00Z,62903.9,62939.9,62311.6,62558.0,7655.741
2024-03-01T22:00:00Z,62558.0,62737.8,62333.7,62520.9,3822.405
2024-03-01T23:00:00Z,62520.9,62782.3,62384.6,62417.6,3160.753
2024-03-02T00:00:00Z,62417.6,62483.9,62144.1,62358.8,2768.811
2024-03-02T01:00:00Z,62358.8,62364.3,61972.3,62064.3,3437.143
2024-03-02T02:00:00Z,62064.3,62267.8,61976.9,62151.1,2798.824
2024-03-02T03:00:00Z,62151.1,62499.0,62060.0,62367.9,3595.434
2024-03-02T04:00:00Z,62367.9,62367.9,62078.7,62084.2,2305.641
2024-03-02T05:00:00Z,62084.2,62139.4,61788.5,62062.9,3856.918
2024-03-02T06:00:00Z,62062.9,62348.6,61987.2,62015.4,2812.878
2024-03-02T07:00:00Z,62015.4,62114.6,61858.6,62079.9,2238.827
2024-03-02T08:00:00Z,62079.9,62210.8,61827.0,62018.1,2669.375
2024-03-02T09:00:00Z,62018.1,62062.8,61700.4,61908.1,4268.745
2024-03-02T10:00:00Z,61908.1,62107.6,61880.3,61979.9,2332.403
2024-03-02T11:00:00Z,61979.9,62128.0,61905.2,61905.2,1638.119
2024-03-02T12:00:00Z,61905.2,62250.0,61900.0,62158.8,1973.437
2024-03-02T13:00:00Z,62158.8,62160.0,61866.4,61870.1,1953.667
2024-03-02T14:00:00Z,61870.1,61980.0,61591.3,61903.9,5390.475
2024-03-02T15:00:00Z,61903.9,62056.8,61800.0,61838.1,2152.825
2024-03-02T16:00:00Z,61838.1,61954.9,61705.2,61931.6,2191.265
2024-03-02T17:00:00Z,61931.6,62020.6,61808.1,61838.0,1447.767
2024-03-02T18:00:00Z,61838.0,62125.8,61818.1,62109.8,1486.584
2024-03-02T19:00:00Z,62109.8,62193.8,62013.0,62193.8,1211.439
2024-03-02T20:00:00Z,62193.8,62277.0,61828.0,61948.7,2895.456
2024-03-02T21:00:00Z,61948.7,62100.0,61891.8,61977.7,925.997
2024-03-02T22:00:00Z,61977.7,62017.3,61749.3,61749.3,1138.9
2024-03-02T23:00:00Z,61749.3,62135.0,61749.3,62055.9,1846.03
2024-03-03T00:00:00Z,62055.9,62068.6,61796.7,61805.9,1588.779
2024-03-03T01:00:00Z,61805.9,61970.5,61797.0,61864.3,746.111
2024-03-03T02:00:00Z,61864.3,61876.8,61694.0,61866.7,1400.075
2024-03-03T03:00:00Z,61866.7,62073.0,61836.0,61996.6,1777.953
2024-03-03T04:00:00Z,61996.6,62171.0,61968.5,62085.4,1318.434
2024-03-03T05:00:00Z,62085.4,62113.5,61960.0,61962.1,714.916
2024-03-03T06:00:00Z,61962.1,62124.1,61833.2,61925.1,1666.623
2024-03-03T07:00:00Z,61925.1,61955.0,61317.7,61641.2,9147.946
2024-03-03T08:00:00Z,61641.2,61761.8,61451.2,61655.2,3958.532
2024-03-03T09:00:00Z,61655.2,61968.0,61607.5,61789.8,3262.212
2024-03-03T10:00:00Z,61789.8,61890.1,61672.7,61725.0,1873.976
2024-03-03T11:00:00Z,61725.0,61904.7,61673.7,61904.7,1453.782
2024-03-03T12:00:00Z,61904.7,62729.5,61888.5,62257.4,12632.616
2024-03-03T13:00:00Z,62257.4,62480.5,62005.0,62465.9,5422.407
2024-03-03T14:00:00Z,62465.9,62529.2,62151.8,62152.6,3099.316
2024-03-03T15:00:00Z,62152.6,62332.8,62152.6,62220.1,1455.704
2024-03-03T16:00:00Z,62220.1,62939.8,62160.7,62911.0,5787.972
2024-03-03T17:00:00Z,62911.0,63087.2,62515.4,62634.9,6257.785
2024-03-03T18:00:00Z,62634.9,62944.8,62634.8,62875.1,2455.757
2024-03-03T19:00:00Z,62875.1,62926.0,62714.3,62788.7,1656.267
2024-03-03T20:00:00Z,62788.7,62926.1,62626.0,62823.6,1586.855
2024-03-03T21:00:00Z,62823.6,62899.9,62682.2,62889.9,1510.32
2024-03-03T22:00:00Z,62889.9,63333.0,62758.0,62894.5,6320.129
2024-03-03T23:00:00Z,62894.5,63227.9,62764.0,63179.1,3373.193
2024-03-04T00:00:00Z,63179.1,64440.0,62235.0,63555.2,32452.991
2024-03-04T01:00:00Z,63555.2,63940.0,63333.3,63590.7,8910.261
2024-03-04T02:00:00Z,63590.7,63987.9,63180.0,63769.0,7487.503
2024-03-04T03:00:00Z,63769.0,63837.4,63410.1,63530.6,3366.401
2024-03-04T04:00:00Z,63530.6,63846.9,63426.0,63712.5,2605.683
2024-03-04T05:00:00Z,63712.5,63787.6,63282.1,63433.5,3342.369
2024-03-04T06:00:00Z,63433.5,63776.0,63401.4,63758.8,2220.946
2024-03-04T07:00:00Z,63758.8,64400.0,63544.0,64141.8,6971.268
2024-03-04T08:00:00Z,64141.8,65713.0,64107.9,65355.0,22147.959
2024-03-04T09:00:00Z,65355.0,65699.0,64720.0,65387.1,12890.56
2024-03-04T10:00:00Z,65387.1,65415.0,64802.1,65160.0,7121.526
2024-03-04T11:00:00Z,65160.0,65328.2,64916.1,65328.1,4286.557
2024-03-04T12:00:00Z,65328.1,65353.8,64932.0,65208.7,4380.976
2024-03-04T13:00:00Z,65208.7,65797.4,65106.8,65188.3,9821.891
2024-03-04T14:00:00Z,65188.3,66537.5,64557.1,66257.1,26541.796
2024-03-04T15:00:00Z,66257.1,66709.2,65933.0,66526.3,12417.555
2024-03-04T16:00:00Z,66526.3,66981.5,66118.8,66667.2,13720.319
2024-03-04T17:00:00Z,66667.2,67666.0,66247.3,66947.3,21764.608
2024-03-04T18:00:00Z,66947.3,67172.7,66150.0,66704.7,12994.168
2024-03-04T19:00:00Z,66704.7,67546.9,66388.0,67499.9,8734.856
2024-03-04T20:00:00Z,67499.9,67885.0,67150.5,67507.6,10960.776
2024-03-04T21:00:00Z,67507.6,67760.5,66835.0,67512.2,9990.981
2024-03-04T22:00:00Z,67512.2,68051.3,67332.4,68037.7,8547.478
2024-03-04T23:00:00Z,68037.7,68686.8,67517.1,68360.0,18995.838
2024-03-05T00:00:00Z,68360.0,68599.4,67872.1,68163.8,7427.208
2024-03-05T01:00:00Z,68163.8,68850.0,68098.6,68642.1,10001.704
2024-03-05T02:00:00Z,68642.1,68680.0,67826.6,68263.2,9967.353
2024-03-05T03:00:00Z,68263.2,68365.7,67580.8,68223.2,7984.501
2024-03-05T04:00:00Z,68223.2,68521.0,66901.0,67450.2,11334.614
2024-03-05T05:00:00Z,67450.2,67450.2,64878.0,67098.8,29836.584
2024-03-05T06:00:00Z,67098.8,67610.3,66741.9,67403.0,8814.661
2024-03-05T07:00:00Z,67403.0,67479.0,66110.0,66241.8,12875.931
2024-03-05T08:00:00Z,66241.8,67004.1,65561.4,66973.2,15083.788
2024-03-05T09:00:00Z,66973.2,66999.0,66139.1,66516.9,6790.722
2024-03-05T10:00:00Z,66516.9,67300.0,66516.8,66900.2,6650.521
2024-03-05T11:00:00Z,66900.2,66987.6,66548.0,66753.4,5435.019
2024-03-05T12:00:00Z,66753.4,67434.0,66684.0,67412.2,6101.747
2024-03-05T13:00:00Z,67412.2,68191.3,67402.1,67861.3,12545.317
2024-03-05T14:00:00Z,67861.3,68964.0,67325.5,68837.5,17959.004
2024-03-05T15:00:00Z,68837.5,69387.2,66400.0,66843.9,43603.414
2024-03-05T16:00:00Z,66843.9,67090.4,64521.0,65607.1,43305.669
2024-03-05T17:00:00Z,65607.1,65734.0,63410.9,65667.9,29871.266
2024-03-05T18:00:00Z,65667.9,65667.9,63696.4,64070.4,12953.422
2024-03-05T19:00:00Z,64070.4,64330.0,59111.0,61482.4,53464.707
2024-03-05T20:00:00Z,61482.4,63228.3,61250.0,61937.8,28499.205
2024-03-05T21:00:00Z,61937.8,64049.9,61930.1,63297.1,19537.502
2024-03-05T22:00:00Z,63297.1,63641.9,62486.0,63439.7,11487.494
2024-03-05T23:00:00Z,63439.7,64400.0,63269.8,63750.1,9196.069
2024-03-06T00:00:00Z,63750.1,64186.0,63404.0,63468.9,7660.965
2024-03-06T01:00:00Z,63468.9,63818.6,63111.7,63147.6,5614.773
2024-03-06T02:00:00Z,63147.6,63567.0,62824.1,62836.2,5563.408
2024-03-06T03:00:00Z,62836.2,63431.4,62824.1,63323.7,4206.712
2024-03-06T04:00:00Z,63323.7,64689.5,63309.4,64681.7,7641.388
2024-03-06T05:00:00Z,64681.7,66535.7,64333.3,66516.0,19073.84
2024-03-06T06:00:00Z,66516.0,66663.9,65768.9,65818.0,11516.51
2024-03-06T07:00:00Z,65818.0,66873.1,65555.3,66774.4,10969.346
2024-03-06T08:00:00Z,66774.4,67764.5,66656.4,67034.4,17001.698
2024-03-06T09:00:00Z,67034.4,67487.7,66096.4,66217.4,11729.402
2024-03-06T10:00:00Z,66217.4,66850.0,66217.3,66748.6,7163.458
2024-03-06T11:00:00Z,66748.6,67420.0,66468.4,67385.2,10321.447
2024-03-06T12:00:00Z,67385.2,67700.0,64349.3,66004.0,31606.526
2024-03-06T13:00:00Z,66004.0,66721.2,65211.0,66391.8,15787.112
2024-03-06T14:00:00Z,66391.8,67288.0,65875.8,65917.7,16009.365
2024-03-06T15:00:00Z,65917.7,66742.1,65277.5,66538.2,13639.481
2024-03-06T16:00:00Z,66538.2,67230.9,66281.6,67174.0,6962.134
2024-03-06T17:00:00Z,67174.0,67439.8,66700.0,67414.5,6621.376
2024-03-06T18:00:00Z,67414.5,67579.6,66655.0,67163.9,6626.249
2024-03-06T19:00:00Z,67163.9,67323.0,66700.0,66818.2,3956.212
2024-03-06T20:00:00Z,66818.2,67437.7,66724.0,66947.1,4524.704
2024-03-06T21:00:00Z,66947.1,66947.1,66323.4,66470.0,4628.285
2024-03-06T22:00:00Z,66470.0,66558.6,65916.0,65975.5,3830.784
2024-03-06T23:00:00Z,65975.5,66320.5,65719.5,66118.5,3613.14
2024-03-07T00:00:00Z,66118.5,66317.3,65733.9,66252.8,4029.406
2024-03-07T01:00:00Z,66252.8,66527.5,65555.0,66484.4,5960.939
2024-03-07T02:00:00Z,66484.4,66550.0,65910.6,66175.8,3411.519
2024-03-07T03:00:00Z,66175.8,66460.9,65886.2,65911.8,2927.953
2024-03-07T04:00:00Z,65911.8,66230.0,65693.0,65897.2,3239.47
2024-03-07T05:00:00Z,65897.2,66183.2,65700.8,65847.8,3322.478
2024-03-07T06:00:00Z,65847.8,66252.0,65714.6,65928.1,3650.266
2024-03-07T07:00:00Z,65928.1,66534.9,65828.6,66443.3,4077.574
2024-03-07T08:00:00Z,66443.3,67113.8,66400.0,66731.6,7232.279
2024-03-07T09:00:00Z,66731.6,66968.0,66565.0,66772.6,3174.196
2024-03-07T10:00:00Z,66772.6,67039.0,66700.8,66958.3,3073.862
2024-03-07T11:00:00Z,66958.3,67356.9,66531.3,66981.8,8149.449
2024-03-07T12:00:00Z,66981.8,67195.7,66639.8,66789.1,4151.624
2024-03-07T13:00:00Z,66789.1,67088.8,66650.6,66975.5,3446.732
2024-03-07T14:00:00Z,66975.5,68008.5,66572.0,67080.0,20686.013
2024-03-07T15:00:00Z,67080.0,67651.7,66782.1,67304.2,9081.32
2024-03-07T16:00:00Z,67304.2,67548.7,67078.0,67381.4,4986.965
2024-03-07T17:00:00Z,67381.4,68160.3,67285.0,67679.8,9019.347
2024-03-07T18:00:00Z,67679.8,67854.3,67474.5,67668.5,2820.43
2024-03-07T19:00:00Z,67668.5,67945.0,67270.9,67559.3,3521.277
2024-03-07T20:00:00Z,67559.3,67983.8,67516.2,67605.5,3829.445
2024-03-07T21:00:00Z,67605.5,67638.1,67105.3,67298.0,4651.311
2024-03-07T22:00:00Z,67298.0,67551.8,67016.8,67149.9,2172.045
2024-03-07T23:00:00Z,67149.9,67233.7,66850.8,66858.7,2771.281
2024-03-08T00:00:00Z,66858.7,67160.0,66790.0,67126.8,2723.432
2024-03-08T01:00:00Z,67126.8,67308.5,66885.1,66991.2,2970.017
2024-03-08T02:00:00Z,66991.2,67184.5,66893.9,67170.4,1344.906
2024-03-08T03:00:00Z,67170.4,67337.4,67026.8,67206.0,1786.465
2024-03-08T04:00:00Z,67206.0,67308.8,67051.0,67128.4,1287.792
2024-03-08T05:00:00Z,67128.4,67166.2,66806.0,66959.2,1870.364
2024-03-08T06:00:00Z,66959.2,67693.5,66890.0,67648.5,3290.965
2024-03-08T07:00:00Z,67648.5,67729.7,67282.8,67318.5,3898.14
2024-03-08T08:00:00Z,67318.5,67478.8,67095.7,67282.3,3261.054
2024-03-08T09:00:00Z,67282.3,67469.0,67114.5,67198.0,2297.116
2024-03-08T10:00:00Z,67198.0,67474.3,67162.0,67402.7,1886.932
2024-03-08T11:00:00Z,67402.7,67849.0,67353.0,67826.7,4820.064
2024-03-08T12:00:00Z,67826.7,67850.0,67428.0,67525.2,3161.039
2024-03-08T13:00:00Z,67525.2,67973.0,67359.0,67846.7,5944.898
2024-03-08T14:00:00Z,67846.7,68749.9,67613.1,68504.0,15585.173
2024-03-08T15:00:00Z,68504.0,70320.0,67091.7,67666.0,50545.007
2024-03-08T16:00:00Z,67666.0,68036.6,66135.1,67877.5,31168.257
2024-03-08T17:00:00Z,67877.5,68910.0,67730.2,68416.1,11401.592
2024-03-08T18:00:00Z,68416.1,68914.5,68135.0,68646.2,6231.54
2024-03-08T19:00:00Z,68646.2,68940.9,68164.1,68940.8,5774.203
2024-03-08T20:00:00Z,68940.8,69476.4,68866.5,69123.0,8487.91
2024-03-08T21:00:00Z,69123.0,69232.0,67779.5,68213.1,8366.877
2024-03-08T22:00:00Z,68213.1,68470.6,68000.5,68133.0,2952.559
2024-03-08T23:00:00Z,68133.0,68440.0,68072.0,68165.0,2180.437
2024-03-09T00:00:00Z,68165.0,68329.9,68050.0,68138.9,2076.981
2024-03-09T01:00:00Z,68138.9,68208.9,67897.4,67966.1,2176.253
2024-03-09T02:00:00Z,67966.1,68265.5,67900.3,68200.0,1483.681
2024-03-09T03:00:00Z,68200.0,68346.3,68109.0,68290.1,1019.546
2024-03-09T04:00:00Z,68290.1,68432.4,68179.2,68351.1,1270.029
2024-03-09T05:00:00Z,68351.1,68370.7,68211.0,68300.7,870.052
2024-03-09T06:00:00Z,68300.7,68570.0,68216.1,68475.8,1909.297
2024-03-09T07:00:00Z,68475.8,68606.0,68328.1,68331.3,1793.647
2024-03-09T08:00:00Z,68331.3,68520.0,68331.3,68364.2,1157.96
2024-03-09T09:00:00Z,68364.2,68439.9,68175.0,68368.7,1501.175
2024-03-09T10:00:00Z,68368.7,68373.8,67983.5,68230.0,2907.203
2024-03-09T11:00:00Z,68230.0,68423.7,68199.2,68360.0,1133.447
2024-03-09T12:00:00Z,68360.0,68548.5,68246.7,68521.4,1496.627
2024-03-09T13:00:00Z,68521.4,68580.0,68366.6,68396.8,1294.245
2024-03-09T14:00:00Z,68396.8,68454.8,68146.2,68189.8,1641.981
2024-03-09T15:00:00Z,68189.8,68398.6,68189.7,68338.9,1028.116
2024-03-09T16:00:00Z,68338.9,68360.0,68074.0,68170.5,1341.768
2024-03-09T17:00:00Z,68170.5,68299.8,68050.1,68216.0,1202.43
2024-03-09T18:00:00Z,68216.0,68388.2,68166.2,68303.6,784.152
2024-03-09T19:00:00Z,68303.6,68381.5,68205.0,68249.9,535.001
2024-03-09T20:00:00Z,68249.9,68414.9,68249.9,68396.7,646.009
2024-03-09T21:00:00Z,68396.7,68495.2,68261.3,68428.2,733.723
2024-03-09T22:00:00Z,68428.2,68471.0,68368.4,68418.4,341.691
2024-03-09T23:00:00Z,68418.4,68495.2,68321.0,68374.4,961.777
2024-03-10T00:00:00Z,68374.4,68528.5,68275.0,68408.6,2046.84
2024-03-10T01:00:00Z,68408.6,69347.0,68372.4,69036.7,11612.704
2024-03-10T02:00:00Z,69036.7,69310.2,68839.5,68891.5,5090.817
2024-03-10T03:00:00Z,68891.5,69220.0,68771.0,69195.4,2109.927
2024-03-10T04:00:00Z,69195.4,69776.9,69088.7,69484.1,6592.084
2024-03-10T05:00:00Z,69484.1,69600.0,69255.8,69407.1,2144.111
2024-03-10T06:00:00Z,69407.1,69473.4,69127.5,69404.4,1852.99
2024-03-10T07:00:00Z,69404.4,69518.0,69305.1,69440.8,1583.674
2024-03-10T08:00:00Z,69440.8,69850.0,69414.6,69759.9,2897.619
2024-03-10T09:00:00Z,69759.9,69989.0,69246.4,69905.6,7760.133
2024-03-10T10:00:00Z,69905.6,70029.1,69660.0,69863.3,4720.442
2024-03-10T11:00:00Z,69863.3,69954.9,69366.8,69650.3,3786.522
2024-03-10T12:00:00Z,69650.3,69934.6,69500.0,69850.0,3789.998
2024-03-10T13:00:00Z,69850.0,69913.4,69152.6,69396.1,4717.007
2024-03-10T14:00:00Z,69396.1,69568.4,68674.8,69340.3,8019.33
2024-03-10T15:00:00Z,69340.3,69518.6,69010.0,69253.1,3297.941
2024-03-10T16:00:00Z,69253.1,69849.8,69220.0,69498.3,5117.61
2024-03-10T17:00:00Z,69498.3,69679.8,69413.8,69498.8,1617.378
2024-03-10T18:00:00Z,69498.8,69566.7,69264.2,69301.2,2927.388
2024-03-10T19:00:00Z,69301.2,69522.0,69172.0,69469.1,1359.275
2024-03-10T20:00:00Z,69469.1,69529.6,69293.5,69383.9,761.614
2024-03-10T21:00:00Z,69383.9,69460.7,69160.0,69178.3,1335.738
2024-03-10T22:00:00Z,69178.3,69178.3,68122.0,68474.0,8706.264
2024-03-10T23:00:00Z,68474.0,69058.0,68400.1,68999.6,4067.011
2024-03-11T00:00:00Z,68999.6,69005.4,66923.0,68148.8,13663.897
2024-03-11T01:00:00Z,68148.8,68437.2,67634.2,68374.9,8162.461
2024-03-11T02:00:00Z,68374.9,68605.7,68306.2,68371.8,3074.52
2024-03-11T03:00:00Z,68371.8,68702.3,68334.2,68643.1,2584.627
2024-03-11T04:00:00Z,68643.1,68873.5,68524.1,68608.2,2088.877
2024-03-11T05:00:00Z,68608.2,68860.0,68566.0,68615.3,1709.255
2024-03-11T06:00:00Z,68615.3,69448.0,68501.4,69409.8,4270.996
2024-03-11T07:00:00Z,69409.8,71512.0,69354.3,71202.1,34499.005
2024-03-11T08:00:00Z,71202.1,71880.1,71201.6,71299.6,11903.315
2024-03-11T09:00:00Z,71299.6,71981.0,71270.0,71899.5,6897.044
2024-03-11T10:00:00Z,71899.5,71979.5,71519.2,71574.0,5510.044
2024-03-11T11:00:00Z,71574.0,72372.4,71303.0,71557.3,12984.147
2024-03-11T12:00:00Z,71557.3,72297.2,71441.2,72068.1,8484.657
2024-03-11T13:00:00Z,72068.1,72527.0,71414.7,71593.6,12232.845
2024-03-11T14:00:00Z,71593.6,72479.8,71571.0,72266.1,8508.699
2024-03-11T15:00:00Z,72266.1,72769.4,72027.0,72051.0,11721.064
2024-03-11T16:00:00Z,72051.0,72694.0,71860.0,72586.4,7834.256
2024-03-11T17:00:00Z,72586.4,72655.5,72273.4,72552.3,3134.64
2024-03-11T18:00:00Z,72552.3,72691.5,72246.3,72549.9,3883.925
2024-03-11T19:00:00Z,72549.9,72919.6,71801.7,72038.9,7970.767
2024-03-11T20:00:00Z,72038.9,72337.0,71889.0,72183.2,2585.267
2024-03-11T21:00:00Z,72183.2,72694.2,72095.5,72607.1,2169.267
2024-03-11T22:00:00Z,72607.1,72850.0,72468.6,72516.6,3440.142
2024-03-11T23:00:00Z,72516.6,72528.6,72134.5,72152.4,2262.948
2024-03-12T00:00:00Z,72152.4,72419.4,72063.4,72072.1,2841.202
2024-03-12T01:00:00Z,72072.1,72578.6,71956.0,72529.9,2878.106
2024-03-12T02:00:00Z,72529.9,72530.0,72233.9,72290.3,1423.447
2024-03-12T03:00:00Z,72290.3,72357.1,71361.2,71679.8,7914.976
2024-03-12T04:00:00Z,71679.8,72170.0,71336.3,71870.0,6755.28
2024-03-12T05:00:00Z,71870.0,72145.0,71760.8,72049.3,2367.853
2024-03-12T06:00:00Z,72049.3,72340.0,71474.3,72340.0,5186.429
2024-03-12T07:00:00Z,72340.0,72433.0,72085.8,72188.5,3305.893
2024-03-12T08:00:00Z,72188.5,72269.4,71425.1,71741.1,6796.492
2024-03-12T09:00:00Z,71741.1,72180.0,71735.4,72011.8,3344.175
2024-03-12T10:00:00Z,72011.8,72102.2,71730.0,71950.1,2915.055
2024-03-12T11:00:00Z,71950.1,72460.0,71937.6,72108.0,4231.922
2024-03-12T12:00:00Z,72108.0,72396.2,71510.0,72257.0,11362.416
2024-03-12T13:00:00Z,72257.0,72422.0,71757.2,72370.0,9322.892
2024-03-12T14:00:00Z,72370.0,73391.0,71665.0,71728.8,26322.252
2024-03-12T15:00:00Z,71728.8,72170.0,70696.2,71792.4,16129.158
2024-03-12T16:00:00Z,71792.4,71939.4,70137.8,70580.4,21262.394
2024-03-12T17:00:00Z,70580.4,71197.3,68671.3,71161.6,33473.885
2024-03-12T18:00:00Z,71161.6,71598.9,70553.8,71484.1,12456.931
2024-03-12T19:00:00Z,71484.1,71749.5,71264.0,71403.1,6065.384
2024-03-12T20:00:00Z,71403.1,71415.4,70645.2,71100.3,6266.821
2024-03-12T21:00:00Z,71100.3,71195.1,70631.7,70900.0,3198.733
2024-03-12T22:00:00Z,70900.0,71332.7,70715.1,71219.3,3287.067
2024-03-12T23:00:00Z,71219.3,71629.6,71090.0,71512.0,2814.915
2024-03-13T00:00:00Z,71512.0,71847.2,71382.2,71483.8,2706.621
2024-03-13T01:00:00Z,71483.8,72213.0,71447.5,72084.7,4790.244
2024-03-13T02:00:00Z,72084.7,72187.6,71952.2,72047.7,2035.097
2024-03-13T03:00:00Z,72047.7,72299.3,71964.4,72142.5,2392.107
2024-03-13T04:00:00Z,72142.5,72299.9,72006.0,72298.1,1598.738
2024-03-13T05:00:00Z,72298.1,72299.6,72063.7,72236.9,1374.919
2024-03-13T06:00:00Z,72236.9,72865.7,72188.0,72829.5,6685.517
2024-03-13T07:00:00Z,72829.5,73350.0,72730.0,72955.1,9317.956
2024-03-13T08:00:00Z,72955.1,73749.9,72907.5,73508.5,9408.796
2024-03-13T09:00:00Z,73508.5,73690.0,73152.4,73375.2,4819.869
2024-03-13T10:00:00Z,73375.2,73472.4,73173.1,73320.5,3188.477
2024-03-13T11:00:00Z,73320.5,73535.0,73101.1,73146.2,3161.333
2024-03-13T12:00:00Z,73146.2,73272.2,72505.1,72872.2,8950.889
2024-03-13T13:00:00Z,72872.2,73125.0,71673.6,72275.8,18033.809
2024-03-13T14:00:00Z,72275.8,72997.0,72071.1,72423.0,13410.469
2024-03-13T15:00:00Z,72423.0,73200.0,72353.3,72671.2,10025.332
2024-03-13T16:00:00Z,72671.2,73088.7,72400.2,73060.4,4178.334
2024-03-13T17:00:00Z,73060.4,73260.0,72717.1,72884.3,4093.15
2024-03-13T18:00:00Z,72884.3,73360.7,72770.2,73210.0,3245.441
2024-03-13T19:00:00Z,73210.0,73436.0,72830.2,73400.0,3571.73
2024-03-13T20:00:00Z,73400.0,73490.9,72980.0,73138.5,4184.533
2024-03-13T21:00:00Z,73138.5,73446.3,72966.7,73311.5,3157.528
2024-03-13T22:00:00Z,73311.5,73349.0,72889.0,72997.8,1953.562
2024-03-13T23:00:00Z,72997.8,73197.1,72944.7,73133.0,1493.946
2024-03-14T00:00:00Z,73133.0,73249.5,72809.3,72900.0,1683.163
2024-03-14T01:00:00Z,72900.0,73029.5,72550.0,72997.1,3316.806
2024-03-14T02:00:00Z,72997.1,73300.0,72879.2,73106.2,2156.638
2024-03-14T03:00:00Z,73106.2,73387.7,73088.0,73348.8,1916.561
2024-03-14T04:00:00Z,73348.8,73865.9,72697.1,73009.7,8596.325
2024-03-14T05:00:00Z,73009.7,73242.7,72767.1,73223.8,3697.365
2024-03-14T06:00:00Z,73223.8,73698.1,73187.9,73656.2,5548.533
2024-03-14T07:00:00Z,73656.2,73949.0,73150.0,73290.0,6931.419
2024-03-14T08:00:00Z,73290.0,73613.3,73276.7,73408.3,2397.634
2024-03-14T09:00:00Z,73408.3,73589.5,73238.0,73396.9,2491.063
2024-03-14T10:00:00Z,73396.9,73416.9,72902.3,73052.5,4823.988
2024-03-14T11:00:00Z,73052.5,73108.6,72666.6,72954.5,5233.979
2024-03-14T12:00:00Z,72954.5,73129.3,72392.2,72906.2,6774.544
2024-03-14T13:00:00Z,72906.2,72986.7,71500.0,71957.6,17711.4
2024-03-14T14:00:00Z,71957.6,72672.6,71260.0,71782.1,15636.367
2024-03-14T15:00:00Z,71782.1,72146.0,70591.1,70894.1,19915.263
2024-03-14T16:00:00Z,70894.1,71538.0,69880.0,71415.2,20080.916
2024-03-14T17:00:00Z,71415.2,71548.0,70730.1,71090.8,7796.626
2024-03-14T18:00:00Z,71090.8,71098.2,69310.0,70157.0,15779.006
2024-03-14T19:00:00Z,70157.0,70518.2,68613.6,69528.9,28221.056
2024-03-14T20:00:00Z,69528.9,71307.0,69412.6,70806.5,13976.112
2024-03-14T21:00:00Z,70806.5,71208.8,70354.8,71167.8,5903.406
2024-03-14T22:00:00Z,71167.8,71738.4,71149.0,71607.2,5628.711
2024-03-14T23:00:00Z,71607.2,71796.0,71431.6,71473.1,3146.312
2024-03-15T00:00:00Z,71473.1,72525.0,71326.5,71981.7,7610.314
2024-03-15T01:00:00Z,71981.7,72158.2,71686.2,71723.6,2350.937
2024-03-15T02:00:00Z,71723.6,71858.5,67821.7,69104.1,27681.293
2024-03-15T03:00:00Z,69104.1,69523.8,66586.0,68254.1,34413.523
2024-03-15T04:00:00Z,68254.1,68571.9,66909.9,67485.7,19100.069
2024-03-15T05:00:00Z,67485.7,68314.9,67138.1,67489.9,9770.689
2024-03-15T06:00:00Z,67489.9,68713.0,67466.4,68694.3,8369.071
2024-03-15T07:00:00Z,68694.3,68892.6,68154.0,68460.3,6764.593
2024-03-15T08:00:00Z,68460.3,68641.3,67020.1,67089.1,14812.919
2024-03-15T09:00:00Z,67089.1,68150.0,65559.2,67835.9,30209.549
2024-03-15T10:00:00Z,67835.9,68143.9,67266.0,67281.9,7855.074
2024-03-15T11:00:00Z,67281.9,67926.8,66745.0,67782.6,12506.709
2024-03-15T12:00:00Z,67782.6,68090.0,67523.0,67947.6,7824.831
2024-03-15T13:00:00Z,67947.6,68710.0,67416.5,68500.6,11950.305
2024-03-15T14:00:00Z,68500.6,68690.8,67900.0,68675.3,8149.141
2024-03-15T15:00:00Z,68675.3,68790.0,68152.1,68198.7,4670.223
2024-03-15T16:00:00Z,68198.7,68488.4,67533.0,67944.0,9423.239
2024-03-15T17:00:00Z,67944.0,68400.0,67641.9,68249.9,5324.125
2024-03-15T18:00:00Z,68249.9,70556.3,68240.9,70278.5,16735.445
2024-03-15T19:00:00Z,70278.5,70700.0,68567.1,69009.5,16618.924
2024-03-15T20:00:00Z,69009.5,69015.6,67346.9,67903.4,13584.894
2024-03-15T21:00:00Z,67903.4,68354.1,67850.0,68345.9,3212.592
2024-03-15T22:00:00Z,68345.9,69233.2,68229.2,69138.2,4544.247
2024-03-15T23:00:00Z,69138.2,69777.0,68821.0,69523.8,6914.054
2024-03-16T00:00:00Z,69523.8,70081.3,69443.9,69688.8,7757.847
2024-03-16T01:00:00Z,69688.8,69928.1,69061.0,69319.4,6018.562
2024-03-16T02:00:00Z,69319.4,69362.8,68931.1,69105.0,2449.71
2024-03-16T03:00:00Z,69105.0,69482.0,69006.4,69240.1,1952.977
2024-03-16T04:00:00Z,69240.1,69348.6,68831.4,69040.6,2880.932
2024-03-16T05:00:00Z,69040.6,69149.9,68631.0,69019.1,3084.396
2024-03-16T06:00:00Z,69019.1,69275.3,68968.6,69221.5,1695.378
2024-03-16T07:00:00Z,69221.5,69511.0,69176.0,69474.8,2799.801
2024-03-16T08:00:00Z,69474.8,69474.8,68980.0,69049.8,2426.268
2024-03-16T09:00:00Z,69049.8,69185.0,68882.2,68980.0,2338.354
2024-03-16T10:00:00Z,68980.0,69040.7,68306.3,68469.1,5170.427
2024-03-16T11:00:00Z,68469.1,68605.4,67740.0,68292.2,7762.09
2024-03-16T12:00:00Z,68292.2,68503.3,67903.6,67922.2,3972.17
2024-03-16T13:00:00Z,67922.2,68303.7,67639.6,67738.9,5367.978
2024-03-16T14:00:00Z,67738.9,68299.3,67544.2,68240.1,5553.656
2024-03-16T15:00:00Z,68240.1,68571.2,67877.5,68423.6,4122.572
2024-03-16T16:00:00Z,68423.6,68463.9,68160.0,68220.1,2695.021
2024-03-16T17:00:00Z,68220.1,68282.2,67109.7,67276.7,8158.093
2024-03-16T18:00:00Z,67276.7,67396.1,66666.0,67034.6,17031.587
2024-03-16T19:00:00Z,67034.6,67748.4,66854.9,66896.0,11581.923
2024-03-16T20:00:00Z,66896.0,67578.9,66733.4,67143.2,6796.683
2024-03-16T21:00:00Z,67143.2,67275.8,66020.6,66263.8,11041.942
2024-03-16T22:00:00Z,66263.8,66800.0,65808.1,66384.3,6748.982
2024-03-16T23:00:00Z,66384.3,66411.9,64696.4,65331.2,18533.828
2024-03-17T00:00:00Z,65331.2,66334.2,65125.5,65254.2,9474.958
2024-03-17T01:00:00Z,65254.2,66254.0,65250.2,66199.9,5302.728
2024-03-17T02:00:00Z,66199.9,66619.1,66065.0,66378.7,4285.097
2024-03-17T03:00:00Z,66378.7,66600.0,66230.1,66556.4,2237.309
2024-03-17T04:00:00Z,66556.4,66584.3,66304.3,66386.1,2069.234
2024-03-17T05:00:00Z,66386.1,66574.7,66001.2,66276.0,3204.94
2024-03-17T06:00:00Z,66276.0,66398.6,64950.5,64980.8,8316.051
2024-03-17T07:00:00Z,64980.8,65850.5,64539.8,65673.0,13168.2
2024-03-17T08:00:00Z,65673.0,66775.0,65315.3,66570.7,7133.593
2024-03-17T09:00:00Z,66570.7,66880.0,66287.1,66503.6,5262.514
2024-03-17T10:00:00Z,66503.6,67444.0,66444.0,67210.6,7921.444
2024-03-17T11:00:00Z,67210.6,67580.0,66927.0,67005.5,5651.451
2024-03-17T12:00:00Z,67005.5,67449.9,66458.2,66622.5,5808.168
2024-03-17T13:00:00Z,66622.5,67550.0,66622.4,67187.3,7109.888
2024-03-17T14:00:00Z,67187.3,67671.9,66929.2,67655.7,4081.923
2024-03-17T15:00:00Z,67655.7,68188.2,67283.4,67992.8,5919.962
2024-03-17T16:00:00Z,67992.8,68420.0,67810.9,68056.2,6592.214
2024-03-17T17:00:00Z,68056.2,68765.5,67945.2,68582.7,6001.95
2024-03-17T18:00:00Z,68582.7,68660.0,68119.1,68228.0,2541.498
2024-03-17T19:00:00Z,68228.0,68619.9,68139.4,68564.0,1438.718
2024-03-17T20:00:00Z,68564.0,68711.8,68250.1,68322.8,2920.229
2024-03-17T21:00:00Z,68322.8,68426.0,68002.1,68190.2,1647.598
2024-03-17T22:00:00Z,68190.2,68970.0,68190.2,68266.5,6038.143
2024-03-17T23:00:00Z,68266.5,68710.0,68117.0,68432.2,3142.521
2024-03-18T00:00:00Z,68432.2,68468.8,67314.9,67354.6,8683.353
2024-03-18T01:00:00Z,67354.6,67830.0,66832.7,67675.9,7134.155
2024-03-18T02:00:00Z,67675.9,68264.0,67446.2,67823.1,4940.864
2024-03-18T03:00:00Z,67823.1,68218.9,67800.0,68036.1,2562.054
2024-03-18T04:00:00Z,68036.1,68637.3,67752.8,68415.7,4118.864
2024-03-18T05:00:00Z,68415.7,69040.0,68268.3,68747.6,4692.261
2024-03-18T06:00:00Z,68747.6,68783.9,68455.0,68535.3,2561.885
2024-03-18T07:00:00Z,68535.3,68539.1,68116.9,68262.8,4285.441
2024-03-18T08:00:00Z,68262.8,68277.6,67325.3,68072.0,7749.564
2024-03-18T09:00:00Z,68072.0,68290.0,67680.3,67894.8,4030.762
2024-03-18T10:00:00Z,67894.8,68255.5,67737.6,68180.1,2803.578
2024-03-18T11:00:00Z,68180.1,68529.4,68055.4,68294.3,2673.273
2024-03-18T12:00:00Z,68294.3,68654.9,68057.1,68604.1,4374.161
2024-03-18T13:00:00Z,68604.1,68686.3,67172.7,67582.8,14956.578
2024-03-18T14:00:00Z,67582.8,67856.6,66668.8,67034.0,14749.94
2024-03-18T15:00:00Z,67034.0,67525.5,66622.9,67504.8,8216.376
2024-03-18T16:00:00Z,67504.8,68140.0,66965.0,67137.2,10177.849
2024-03-18T17:00:00Z,67137.2,67519.0,66533.5,67403.1,9911.426
2024-03-18T18:00:00Z,67403.1,67491.9,66956.4,67015.2,3302.5
2024-03-18T19:00:00Z,67015.2,67449.2,66860.7,66931.5,3714.753
2024-03-18T20:00:00Z,66931.5,67414.9,66931.5,67380.0,2554.534
2024-03-18T21:00:00Z,67380.0,67949.0,67354.0,67642.1,4157.671
2024-03-18T22:00:00Z,67642.1,67750.0,67333.0,67724.1,3468.862
2024-03-18T23:00:00Z,67724.1,68033.6,67535.4,67643.9,3247.823
2024-03-19T00:00:00Z,67643.9,68174.9,66865.0,67106.2,7813.25
2024-03-19T01:00:00Z,67106.2,67190.0,65812.0,65877.0,18176.447
2024-03-19T02:00:00Z,65877.0,66417.6,65470.0,65900.1,12156.124
2024-03-19T03:00:00Z,65900.1,66080.0,64851.0,65898.3,13290.619
2024-03-19T04:00:00Z,65898.3,66012.4,65029.5,65380.1,8482.315
2024-03-19T05:00:00Z,65380.1,65658.2,64624.4,65232.1,9434.6
2024-03-19T06:00:00Z,65232.1,65444.0,64600.0,64955.6,6527.211
2024-03-19T07:00:00Z,64955.6,64956.3,63589.6,64734.1,17900.741
2024-03-19T08:00:00Z,64734.1,64738.0,63143.8,63508.0,17515.537
2024-03-19T09:00:00Z,63508.0,64246.0,63007.0,64168.1,15856.446
2024-03-19T10:00:00Z,64168.1,64180.9,62711.0,63284.9,13339.158
2024-03-19T11:00:00Z,63284.9,63439.0,62544.6,63127.0,11186.67
2024-03-19T12:00:00Z,63127.0,63855.5,63041.7,63659.2,12495.171
2024-03-19T13:00:00Z,63659.2,63911.1,63086.2,63600.0,9324.086
2024-03-19T14:00:00Z,63600.0,63600.1,62420.1,62931.2,12403.872
2024-03-19T15:00:00Z,62931.2,64213.0,62626.1,64090.0,11961.158
2024-03-19T16:00:00Z,64090.0,65094.0,64004.9,65014.9,12030.679
2024-03-19T17:00:00Z,65014.9,65782.8,64662.2,64899.5,12290.247
2024-03-19T18:00:00Z,64899.5,64983.0,64210.0,64736.2,6606.685
2024-03-19T19:00:00Z,64736.2,65336.0,64412.0,64424.1,4975.09
2024-03-19T20:00:00Z,64424.1,64537.6,63563.9,63804.8,8813.332
2024-03-19T21:00:00Z,63804.8,64148.0,63545.3,63984.1,4001.332
2024-03-19T22:00:00Z,63984.1,64078.2,62490.0,62673.6,9181.27
2024-03-19T23:00:00Z,62673.6,62843.7,61555.0,61971.5,15176.251
2024-03-20T00:00:00Z,61971.5,63442.0,61875.0,63281.9,11097.923
2024-03-20T01:00:00Z,63281.9,63299.9,61875.0,62426.4,8945.066
2024-03-20T02:00:00Z,62426.4,63099.0,62276.7,62923.2,4638.277
2024-03-20T03:00:00Z,62923.2,63505.9,61618.0,61858.1,11379.103
2024-03-20T04:00:00Z,61858.1,62359.7,61090.0,61663.8,12999.345
2024-03-20T05:00:00Z,61663.8,61796.5,60761.2,61555.3,11814.754
2024-03-20T06:00:00Z,61555.3,62066.0,61530.0,61779.4,6301.894
2024-03-20T07:00:00Z,61779.4,63248.9,61754.7,62994.1,10599.172
2024-03-20T08:00:00Z,62994.1,63328.6,62715.4,62729.4,8264.655
2024-03-20T09:00:00Z,62729.4,63399.9,62664.9,63248.4,6370.226
2024-03-20T10:00:00Z,63248.4,63341.8,62859.1,63080.2,3502.91
2024-03-20T11:00:00Z,63080.2,63999.0,63004.3,63416.4,8624.182
2024-03-20T12:00:00Z,63416.4,64384.0,63191.4,64082.9,11789.536
2024-03-20T13:00:00Z,64082.9,64090.0,63073.0,63613.1,9652.382
2024-03-20T14:00:00Z,63613.1,64360.7,63458.0,64243.6,6751.879
2024-03-20T15:00:00Z,64243.6,64428.0,63391.2,63615.6,8195.344
2024-03-20T16:00:00Z,63615.6,63807.9,62055.6,63130.1,19722.613
2024-03-20T17:00:00Z,63130.1,64837.7,62850.1,64147.2,14701.586
2024-03-20T18:00:00Z,64147.2,65530.0,63975.0,65441.7,13892.17
2024-03-20T19:00:00Z,65441.7,66065.5,65130.0,65808.3,10913.897
2024-03-20T20:00:00Z,65808.3,67855.0,65668.9,67082.3,18430.899
2024-03-20T21:00:00Z,67082.3,67952.7,66934.3,67703.6,7866.597
2024-03-20T22:00:00Z,67703.6,68133.2,67370.0,67699.3,8530.256
2024-03-20T23:00:00Z,67699.3,68099.6,67451.0,67850.5,5058.981
2024-03-21T00:00:00Z,67850.5,68287.7,67430.6,67670.9,7350.162
2024-03-21T01:00:00Z,67670.9,67975.0,67670.8,67809.7,2262.608
2024-03-21T02:00:00Z,67809.7,67956.7,67502.1,67551.1,2329.861
2024-03-21T03:00:00Z,67551.1,67755.0,66336.0,66641.6,10077.92
2024-03-21T04:00:00Z,66641.6,66961.2,66480.1,66723.6,4715.558
2024-03-21T05:00:00Z,66723.6,67118.1,66073.5,67035.7,7064.896
2024-03-21T06:00:00Z,67035.7,67339.5,66920.3,66990.9,4982.596
2024-03-21T07:00:00Z,66990.9,67307.1,66929.9,66993.1,2677.209
2024-03-21T08:00:00Z,66993.1,67697.0,66993.1,67309.9,6315.869
2024-03-21T09:00:00Z,67309.9,67382.9,66666.0,66865.2,4858.714
2024-03-21T10:00:00Z,66865.2,67060.0,66679.3,66992.1,3140.213
2024-03-21T11:00:00Z,66992.1,67274.2,66743.9,67058.0,4006.696
2024-03-21T12:00:00Z,67058.0,67490.0,67034.6,67279.3,4458.219
2024-03-21T13:00:00Z,67279.3,67745.0,66555.9,66757.4,10714.727
2024-03-21T14:00:00Z,66757.4,67442.7,66537.8,66892.8,5489.953
2024-03-21T15:00:00Z,66892.8,67025.4,66088.0,66588.7,9167.334
2024-03-21T16:00:00Z,66588.7,66869.6,66203.0,66826.0,4667.983
2024-03-21T17:00:00Z,66826.0,67067.3,65701.7,65767.2,8320.418
2024-03-21T18:00:00Z,65767.2,65923.6,64875.6,65178.3,13244.214
2024-03-21T19:00:00Z,65178.3,65615.7,64953.7,65255.7,5540.834
2024-03-21T20:00:00Z,65255.7,66010.5,64528.0,65519.9,12429.017
2024-03-21T21:00:00Z,65519.9,65793.1,65133.6,65692.7,3019.29
2024-03-21T22:00:00Z,65692.7,65890.0,65394.9,65425.4,3186.136
2024-03-21T23:00:00Z,65425.4,65673.7,65307.7,65536.0,1723.021
2024-03-22T00:00:00Z,65536.0,66058.6,65406.0,65845.2,5760.402
2024-03-22T01:00:00Z,65845.2,65963.0,65212.1,65247.4,4709.129
2024-03-22T02:00:00Z,65247.4,65750.0,65150.0,65677.7,4001.822
2024-03-22T03:00:00Z,65677.7,66198.4,65615.0,66011.0,4525.991
2024-03-22T04:00:00Z,66011.0,66357.3,65784.1,66163.3,3153.988
2024-03-22T05:00:00Z,66163.3,66480.2,65970.2,66460.9,3273.262
2024-03-22T06:00:00Z,66460.9,66666.6,66324.7,66478.0,2974.961
2024-03-22T07:00:00Z,66478.0,66478.0,66140.8,66204.8,1939.895
2024-03-22T08:00:00Z,66204.8,66397.2,65814.5,65876.4,3340.928
2024-03-22T09:00:00Z,65876.4,66088.6,65320.0,65519.0,6901.122
2024-03-22T10:00:00Z,65519.0,65647.8,64530.0,64676.1,12277.816
2024-03-22T11:00:00Z,64676.1,64997.8,64026.2,64229.5,10590.571
2024-03-22T12:00:00Z,64229.5,64689.7,63888.0,64264.8,9861.73
2024-03-22T13:00:00Z,64264.8,64448.3,62826.1,63077.9,21146.645
2024-03-22T14:00:00Z,63077.9,63503.8,62556.8,62751.0,18799.119
2024-03-22T15:00:00Z,62751.0,64401.2,62641.5,63901.8,17002.493
2024-03-22T16:00:00Z,63901.8,63914.0,62613.0,63275.4,16046.822
2024-03-22T17:00:00Z,63275.4,63905.0,63264.0,63612.0,9919.473
2024-03-22T18:00:00Z,63612.0,64019.8,63455.0,63761.2,4354.95
2024-03-22T19:00:00Z,63761.2,64150.0,63438.1,63875.8,4129.197
2024-03-22T20:00:00Z,63875.8,63984.8,63320.4,63504.5,4014.91
2024-03-22T21:00:00Z,63504.5,63526.8,62098.0,62970.0,12077.17
2024-03-22T22:00:00Z,62970.0,63259.7,62555.0,63038.6,6586.644
2024-03-22T23:00:00Z,63038.6,63844.3,63000.0,63815.8,4468.008
2024-03-23T00:00:00Z,63815.8,63825.0,63554.5,63606.0,3932.676
2024-03-23T01:00:00Z,63606.0,64369.8,63582.6,64130.0,4726.942
2024-03-23T02:00:00Z,64130.0,64400.0,63739.4,63888.4,4054.971
2024-03-23T03:00:00Z,63888.4,63897.8,63001.1,63587.8,6942.801
2024-03-23T04:00:00Z,63587.8,64141.4,63535.5,63899.9,3804.298
2024-03-23T05:00:00Z,63899.9,64159.0,63733.0,64088.6,1894.483
2024-03-23T06:00:00Z,64088.6,64323.1,63989.9,64181.1,2017.229
2024-03-23T07:00:00Z,64181.1,64888.0,64177.6,64585.3,6894.591
2024-03-23T08:00:00Z,64585.3,64856.0,64196.6,64563.2,3971.568
2024-03-23T09:00:00Z,64563.2,64627.1,64224.0,64503.7,3041.738
2024-03-23T10:00:00Z,64503.7,64769.0,64238.0,64363.9,2964.971
2024-03-23T11:00:00Z,64363.9,64692.8,64278.3,64674.7,1821.11
2024-03-23T12:00:00Z,64674.7,64990.0,64579.3,64730.1,3067.16
2024-03-23T13:00:00Z,64730.1,64759.6,64272.2,64619.5,4561.604
2024-03-23T14:00:00Z,64619.5,65478.9,64379.0,65270.0,8537.631
2024-03-23T15:00:00Z,65270.0,65390.0,64733.7,65128.4,4333.45
2024-03-23T16:00:00Z,65128.4,65830.0,64927.2,65667.4,6056.39
2024-03-23T17:00:00Z,65667.4,66064.7,65484.1,65695.0,7274.265
2024-03-23T18:00:00Z,65695.0,65713.7,65313.0,65433.6,3470.133
2024-03-23T19:00:00Z,65433.6,65539.2,64782.0,64890.0,5933.975
2024-03-23T20:00:00Z,64890.0,65157.5,64689.3,65023.2,2883.662
2024-03-23T21:00:00Z,65023.2,65213.0,64800.0,64962.0,1244.607
2024-03-23T22:00:00Z,64962.0,65078.1,64760.1,64760.8,934.045
2024-03-23T23:00:00Z,64760.8,64825.0,63875.6,63996.3,7472.978
2024-03-24T00:00:00Z,63996.3,64600.0,63957.8,64542.0,2887.172
2024-03-24T01:00:00Z,64542.0,64742.0,64388.0,64497.7,2170.834
2024-03-24T02:00:00Z,64497.7,64557.1,64177.3,64300.1,2008.706
2024-03-24T03:00:00Z,64300.1,64300.1,63944.9,63984.0,2787.713
2024-03-24T04:00:00Z,63984.0,64261.0,63780.6,64236.7,3433.084
2024-03-24T05:00:00Z,64236.7,64398.4,64114.1,64309.1,1610.287
2024-03-24T06:00:00Z,64309.1,64436.2,64076.0,64233.7,1644.784
2024-03-24T07:00:00Z,64233.7,64610.3,64028.5,64604.3,2359.907
2024-03-24T08:00:00Z,64604.3,65279.3,64491.2,65258.8,6368.207
2024-03-24T09:00:00Z,65258.8,65268.0,64794.7,64899.1,2934.919
2024-03-24T10:00:00Z,64899.1,65397.9,64890.0,65110.5,2531.318
2024-03-24T11:00:00Z,65110.5,65361.8,64970.0,65350.0,1898.905
2024-03-24T12:00:00Z,65350.0,65824.2,65201.1,65660.2,6078.506
2024-03-24T13:00:00Z,65660.2,65870.0,65272.3,65369.4,4701.736
2024-03-24T14:00:00Z,65369.4,65956.8,65319.8,65658.3,4223.807
2024-03-24T15:00:00Z,65658.3,65775.5,65426.3,65685.9,2561.801
2024-03-24T16:00:00Z,65685.9,65857.0,65152.3,65256.2,3606.4
2024-03-24T17:00:00Z,65256.2,65560.0,64601.0,65354.4,9583.148
2024-03-24T18:00:00Z,65354.4,66146.4,65345.1,65880.0,7496.081
2024-03-24T19:00:00Z,65880.0,66090.0,65662.0,65868.1,3982.622
2024-03-24T20:00:00Z,65868.1,66496.7,65756.7,66187.2,5454.624
2024-03-24T21:00:00Z,66187.2,66812.5,66187.1,66540.1,4426.742
2024-03-24T22:00:00Z,66540.1,67087.0,66490.0,66965.0,6884.484
2024-03-24T23:00:00Z,66965.0,67698.8,66940.1,67248.1,8046.369
2024-03-25T00:00:00Z,67248.1,67353.3,66513.7,66605.3,5733.768
2024-03-25T01:00:00Z,66605.3,67035.0,66450.3,66573.2,3917.988
2024-03-25T02:00:00Z,66573.2,66824.3,66374.5,66715.1,2309.938
2024-03-25T03:00:00Z,66715.1,67393.8,66588.8,67382.1,4198.394
2024-03-25T04:00:00Z,67382.1,67568.3,67051.2,67520.0,4570.429
2024-03-25T05:00:00Z,67520.0,67777.2,67325.0,67376.5,3785.469
2024-03-25T06:00:00Z,67376.5,67425.5,66950.0,67170.1,3364.117
2024-03-25T07:00:00Z,67170.1,67299.9,66729.5,66839.9,3301.888
2024-03-25T08:00:00Z,66839.9,67235.9,66809.2,66958.0,3248.851
2024-03-25T09:00:00Z,66958.0,67140.0,66768.0,67088.9,2277.089
2024-03-25T10:00:00Z,67088.9,67403.4,66865.0,67041.2,4292.317
2024-03-25T11:00:00Z,67041.2,67066.0,66799.7,66841.3,3336.883
2024-03-25T12:00:00Z,66841.3,67307.2,66794.3,67115.2,4076.188
2024-03-25T13:00:00Z,67115.2,68090.9,66874.0,68037.0,10809.305
2024-03-25T14:00:00Z,68037.0,69567.7,67693.8,69431.0,31375.453
2024-03-25T15:00:00Z,69431.0,70122.1,69189.6,69847.2,17039.631
2024-03-25T16:00:00Z,69847.2,70369.2,69481.4,70204.3,11307.435
2024-03-25T17:00:00Z,70204.3,70887.5,70179.8,70609.1,10475.884
2024-03-25T18:00:00Z,70609.1,70963.1,70415.6,70908.1,5101.097
2024-03-25T19:00:00Z,70908.1,71074.2,70550.0,71025.6,5948.566
2024-03-25T20:00:00Z,71025.6,71278.3,70718.3,70960.0,5058.654
2024-03-25T21:00:00Z,70960.0,70990.0,69600.0,69893.9,9909.059
2024-03-25T22:00:00Z,69893.9,70732.7,69883.7,70348.4,6197.646
2024-03-25T23:00:00Z,70348.4,70507.0,69712.0,69903.4,4820.802
2024-03-26T00:00:00Z,69903.4,70273.7,69750.2,69941.0,3949.149
2024-03-26T01:00:00Z,69941.0,70370.0,69822.3,70330.7,2768.697
2024-03-26T02:00:00Z,70330.7,70620.0,70070.0,70589.4,3064.314
2024-03-26T03:00:00Z,70589.4,70666.0,70343.3,70480.0,3539.016
2024-03-26T04:00:00Z,70480.0,70720.0,70459.3,70649.2,2241.336
2024-03-26T05:00:00Z,70649.2,70667.4,70319.3,70347.6,2257.443
2024-03-26T06:00:00Z,70347.6,70669.1,70320.8,70657.6,1537.393
2024-03-26T07:00:00Z,70657.6,71650.0,70433.0,70545.6,14698.799
2024-03-26T08:00:00Z,70545.6,70905.4,70304.8,70760.2,5317.551
2024-03-26T09:00:00Z,70760.2,71367.5,70674.7,71207.5,5480.901
2024-03-26T10:00:00Z,71207.5,71267.0,70920.5,70953.2,3708.251
2024-03-26T11:00:00Z,70953.2,70971.0,70633.4,70738.4,3832.644
2024-03-26T12:00:00Z,70738.4,71194.1,70571.8,71174.1,4873.826
2024-03-26T13:00:00Z,71174.1,71213.0,70104.5,70447.8,13252.007
2024-03-26T14:00:00Z,70447.8,70749.0,69333.0,70390.3,21806.52
2024-03-26T15:00:00Z,70390.3,70425.1,69736.6,70320.0,6704.177
2024-03-26T16:00:00Z,70320.0,70605.5,69465.5,69798.2,8605.349
2024-03-26T17:00:00Z,69798.2,70276.6,69542.9,70146.0,5521.587
2024-03-26T18:00:00Z,70146.0,70506.1,70004.0,70011.4,3159.592
2024-03-26T19:00:00Z,70011.4,70150.0,69473.0,69520.0,5212.105
2024-03-26T20:00:00Z,69520.0,69936.8,69431.2,69875.6,3380.525
2024-03-26T21:00:00Z,69875.6,70299.6,69789.5,70067.6,3151.8
2024-03-26T22:00:00Z,70067.6,70349.9,69692.4,70306.3,4697.489
2024-03-26T23:00:00Z,70306.3,70390.0,69995.4,70046.0,3105.516
2024-03-27T00:00:00Z,70046.0,70814.2,69889.0,70711.9,6305.014
2024-03-27T01:00:00Z,70711.9,70829.5,70220.5,70403.5,4956.17
2024-03-27T02:00:00Z,70403.5,70661.2,70225.3,70643.2,3204.833
2024-03-27T03:00:00Z,70643.2,70750.0,70380.0,70444.3,3174.069
2024-03-27T04:00:00Z,70444.3,70547.0,70100.0,70257.2,2821.488
2024-03-27T05:00:00Z,70257.2,70596.6,70212.3,70533.3,1907.051
2024-03-27T06:00:00Z,70533.3,70647.8,70211.9,70378.1,1896.555
2024-03-27T07:00:00Z,70378.1,70400.0,69678.0,69772.8,6375.257
2024-03-27T08:00:00Z,69772.8,70032.0,69553.1,69600.1,4153.962
2024-03-27T09:00:00Z,69600.1,70214.7,69468.0,70126.7,7098.02
2024-03-27T10:00:00Z,70126.7,70311.7,69992.6,70193.3,3208.968
2024-03-27T11:00:00Z,70193.3,70458.7,70081.5,70307.8,3354.683
2024-03-27T12:00:00Z,70307.8,70448.8,70060.6,70252.3,2902.667
2024-03-27T13:00:00Z,70252.3,71898.0,69567.9,69943.9,45247.895
2024-03-27T14:00:00Z,69943.9,70319.6,68400.0,70138.0,35153.228
2024-03-27T15:00:00Z,70138.0,70166.3,68889.0,68908.0,12830.492
2024-03-27T16:00:00Z,68908.0,69377.0,68402.7,69307.5,11488.044
2024-03-27T17:00:00Z,69307.5,69482.5,68592.9,68722.7,5307.517
2024-03-27T18:00:00Z,68722.7,68979.4,68456.0,68539.0,7241.074
2024-03-27T19:00:00Z,68539.0,68995.7,68480.4,68701.4,4080.036
2024-03-27T20:00:00Z,68701.4,69235.6,68670.2,68955.9,3166.658
2024-03-27T21:00:00Z,68955.9,69349.6,68938.4,69005.4,2874.42
2024-03-27T22:00:00Z,69005.4,69541.7,68990.1,69509.4,3553.899
2024-03-27T23:00:00Z,69509.4,69721.2,69146.3,69548.6,3234.844
2024-03-28T00:00:00Z,69548.6,70104.1,69460.3,69760.0,5435.599
2024-03-28T01:00:00Z,69760.0,69824.3,69348.5,69511.0,2328.875
2024-03-28T02:00:00Z,69511.0,69644.7,68955.0,69219.3,3249.312
2024-03-28T03:00:00Z,69219.3,69444.0,69115.8,69356.3,2664.05
2024-03-28T04:00:00Z,69356.3,69859.2,69337.2,69801.2,4355.564
2024-03-28T05:00:00Z,69801.2,70024.1,69675.4,69794.1,2627.343
2024-03-28T06:00:00Z,69794.1,70482.9,69720.0,70428.6,6505.366
2024-03-28T07:00:00Z,70428.6,70549.9,70261.4,70467.0,3982.521
2024-03-28T08:00:00Z,70467.0,70939.9,70352.5,70638.1,4947.789
2024-03-28T09:00:00Z,70638.1,71023.5,70575.4,70638.4,4009.596
2024-03-28T10:00:00Z,70638.4,70944.5,70404.8,70889.3,3924.644
2024-03-28T11:00:00Z,70889.3,71084.0,70596.9,70733.0,4666.503
2024-03-28T12:00:00Z,70733.0,70964.4,70415.5,70930.0,4354.267
2024-03-28T13:00:00Z,70930.0,71473.6,70485.5,70934.3,12466.2
2024-03-28T14:00:00Z,70934.3,71615.8,70736.1,71597.5,9703.023
2024-03-28T15:00:00Z,71597.5,71597.5,71020.1,71349.9,5948.62
2024-03-28T16:00:00Z,71349.9,71393.8,70574.5,70752.2,6019.11
2024-03-28T17:00:00Z,70752.2,70925.8,70528.9,70875.4,2654.402
2024-03-28T18:00:00Z,70875.4,71057.1,70452.6,70616.0,2736.417
2024-03-28T19:00:00Z,70616.0,70987.7,70551.6,70859.7,2725.319
2024-03-28T20:00:00Z,70859.7,70936.6,70675.7,70735.6,1044.507
2024-03-28T21:00:00Z,70735.6,70992.8,70708.0,70850.1,1291.358
2024-03-28T22:00:00Z,70850.1,70955.0,70594.0,70913.9,1803.927
2024-03-28T23:00:00Z,70913.9,71165.0,70750.0,70858.8,2053.694
2024-03-29T00:00:00Z,70858.8,70905.5,70680.0,70820.7,1603.895
2024-03-29T01:00:00Z,70820.7,70990.0,70725.2,70871.9,1306.634
2024-03-29T02:00:00Z,70871.9,70905.0,70644.1,70700.0,1521.088
2024-03-29T03:00:00Z,70700.0,70788.8,70324.8,70489.2,4200.364
2024-03-29T04:00:00Z,70489.2,70603.3,70350.0,70424.4,1403.272
2024-03-29T05:00:00Z,70424.4,70510.1,70216.4,70233.0,2451.139
2024-03-29T06:00:00Z,70233.0,70543.7,70068.3,70491.9,3693.259
2024-03-29T07:00:00Z,70491.9,70560.0,69816.6,69863.7,7632.791
2024-03-29T08:00:00Z,69863.7,70159.2,69758.2,70008.7,4154.637
2024-03-29T09:00:00Z,70008.7,70123.0,69633.0,69813.0,4017.353
2024-03-29T10:00:00Z,69813.0,70197.3,69633.0,70160.0,3200.102
2024-03-29T11:00:00Z,70160.0,70387.9,70109.3,70193.6,3204.546
2024-03-29T12:00:00Z,70193.6,70370.0,69861.5,70190.0,5066.002
2024-03-29T13:00:00Z,70190.0,70740.0,70100.0,70510.0,6698.973
2024-03-29T14:00:00Z,70510.0,70589.0,70101.4,70139.2,2829.825
2024-03-29T15:00:00Z,70139.2,70200.0,69000.5,69236.4,13497.225
2024-03-29T16:00:00Z,69236.4,69638.0,69111.3,69224.5,5409.301
2024-03-29T17:00:00Z,69224.5,69522.9,69129.8,69458.1,3182.684
2024-03-29T18:00:00Z,69458.1,69663.9,69368.5,69571.5,2260.879
2024-03-29T19:00:00Z,69571.5,69746.3,69410.0,69733.3,1280.012
2024-03-29T20:00:00Z,69733.3,69785.0,69568.1,69680.0,1125.784
2024-03-29T21:00:00Z,69680.0,69689.1,69313.7,69480.0,1475.245
2024-03-29T22:00:00Z,69480.0,69920.0,69480.0,69858.9,1995.402
2024-03-29T23:00:00Z,69858.9,69984.6,69788.0,69899.2,1391.579
2024-03-30T00:00:00Z,69899.2,69998.6,69757.7,69983.1,1097.993
2024-03-30T01:00:00Z,69983.1,70249.7,69890.0,70050.0,2785.943
2024-03-30T02:00:00Z,70050.0,70096.5,69914.5,70009.4,1106.286
2024-03-30T03:00:00Z,70009.4,70105.9,69817.6,69848.0,1182.67
2024-03-30T04:00:00Z,69848.0,70179.4,69825.0,70133.2,1121.951
2024-03-30T05:00:00Z,70133.2,70400.0,69955.5,70078.3,2572.422
2024-03-30T06:00:00Z,70078.3,70162.1,69928.8,70015.5,1236.74
2024-03-30T07:00:00Z,70015.5,70090.6,69893.1,69901.5,799.26
2024-03-30T08:00:00Z,69901.5,70072.0,69878.2,70032.6,1263.262
2024-03-30T09:00:00Z,70032.6,70216.5,69968.9,70079.8,1135.441
2024-03-30T10:00:00Z,70079.8,70169.7,69983.9,70091.8,574.07
2024-03-30T11:00:00Z,70091.8,70254.5,70091.8,70250.0,1013.44
2024-03-30T12:00:00Z,70250.0,70287.6,70144.4,70281.9,866.844
2024-03-30T13:00:00Z,70281.9,70331.1,70130.0,70214.0,1029.719
2024-03-30T14:00:00Z,70214.0,70242.4,70033.8,70090.7,971.665
2024-03-30T15:00:00Z,70090.7,70211.0,69967.2,70052.9,926.492
2024-03-30T16:00:00Z,70052.9,70350.0,69953.8,70240.2,1797.259
2024-03-30T17:00:00Z,70240.2,70248.7,70064.1,70107.9,791.522
2024-03-30T18:00:00Z,70107.9,70108.0,69906.7,69977.2,1359.507
2024-03-30T19:00:00Z,69977.2,70001.9,69712.0,69950.2,2476.562
2024-03-30T20:00:00Z,69950.2,69956.8,69827.1,69860.2,791.517
2024-03-30T21:00:00Z,69860.2,69914.7,69665.0,69767.0,1051.713
2024-03-30T22:00:00Z,69767.0,69890.8,69699.0,69783.5,1075.689
2024-03-30T23:00:00Z,69783.5,69843.2,69582.0,69638.7,1373.781
2024-03-31T00:00:00Z,69638.7,70026.7,69609.4,69924.5,1667.041
2024-03-31T01:00:00Z,69924.5,70150.4,69880.6,70103.5,1331.279
2024-03-31T02:00:00Z,70103.5,70236.7,70006.8,70060.5,1175.96
2024-03-31T03:00:00Z,70060.5,70072.7,69828.0,69985.9,1278.606
2024-03-31T04:00:00Z,69985.9,70191.0,69936.3,70180.5,1050.495
2024-03-31T05:00:00Z,70180.5,70544.5,70124.3,70424.4,2932.951
2024-03-31T06:00:00Z,70424.4,70472.0,70250.3,70281.5,1391.797
2024-03-31T07:00:00Z,70281.5,70401.9,70217.5,70361.7,1138.638
2024-03-31T08:00:00Z,70361.7,70588.0,70309.7,70344.3,2133.925
2024-03-31T09:00:00Z,70344.3,70389.9,70215.0,70301.3,843.808
2024-03-31T10:00:00Z,70301.3,70398.4,70279.3,70344.5,732.75
2024-03-31T11:00:00Z,70344.5,70522.6,70344.5,70453.7,1429.313
2024-03-31T12:00:00Z,70453.7,70736.0,70430.6,70574.0,2569.53
2024-03-31T13:00:00Z,70574.0,70812.8,70573.9,70664.8,2547.061
2024-03-31T14:00:00Z,70664.8,70757.0,70511.5,70612.0,1488.041
2024-03-31T15:00:00Z,70612.0,70612.0,70343.0,70437.7,2113.69
2024-03-31T16:00:00Z,70437.7,70765.3,70378.2,70553.8,2357.882
2024-03-31T17:00:00Z,70553.8,70621.5,70500.0,70578.4,522.343
2024-03-31T18:00:00Z,70578.4,71363.3,70502.0,70956.0,5708.195
2024-03-31T19:00:00Z,70956.0,71238.9,70727.4,71122.1,3661.238
2024-03-31T20:00:00Z,71122.1,71235.2,70815.1,70928.5,1789.79
2024-03-31T21:00:00Z,70928.5,71041.7,70681.9,70929.6,1833.957
2024-03-31T22:00:00Z,70929.6,71147.3,70907.0,71046.0,1865.072
2024-03-31T23:00:00Z,71046.0,71514.2,70989.5,71378.0,4851.566
2024-04-01T00:00:00Z,71378.0,71394.6,70919.2,71220.0,3673.833
2024-04-01T01:00:00Z,71220.0,71245.2,70854.1,70880.1,2245.407
2024-04-01T02:00:00Z,70880.1,70985.2,70821.8,70932.6,1231.211
2024-04-01T03:00:00Z,70932.6,70953.0,70585.9,70660.0,2380.25
2024-04-01T04:00:00Z,70660.0,70734.9,70500.0,70516.4,2322.906
2024-04-01T05:00:00Z,70516.4,70605.7,68935.4,69178.7,18656.444
2024-04-01T06:00:00Z,69178.7,69710.0,68850.2,69646.0,9267.818
2024-04-01T07:00:00Z,69646.0,69833.0,69550.0,69634.2,3373.857
2024-04-01T08:00:00Z,69634.2,69643.9,69195.8,69433.8,4730.564
2024-04-01T09:00:00Z,69433.8,69669.6,69430.0,69447.2,1677.755
2024-04-01T10:00:00Z,69447.2,69641.2,69327.3,69606.8,1729.396
2024-04-01T11:00:00Z,69606.8,69872.4,69500.0,69515.0,2435.335
2024-04-01T12:00:00Z,69515.0,69898.9,69452.1,69896.7,2842.698
2024-04-01T13:00:00Z,69896.7,70161.0,69720.0,69935.6,5751.59
2024-04-01T14:00:00Z,69935.6,69995.1,68633.4,68936.9,13344.941
2024-04-01T15:00:00Z,68936.9,69070.0,68150.0,68277.7,16456.673
2024-04-01T16:00:00Z,68277.7,68840.6,68043.8,68613.7,7181.413
2024-04-01T17:00:00Z,68613.7,68794.4,68234.0,68788.0,4047.288
2024-04-01T18:00:00Z,68788.0,69034.3,68508.2,68960.1,3490.578
2024-04-01T19:00:00Z,68960.1,69876.0,68930.0,69684.3,7238.049
2024-04-01T20:00:00Z,69684.3,69817.0,69369.6,69787.0,4118.952
2024-04-01T21:00:00Z,69787.0,69985.3,69605.5,69640.0,3470.773
2024-04-01T22:00:00Z,69640.0,69921.8,69624.0,69764.0,1851.36
2024-04-01T23:00:00Z,69764.0,69978.5,69696.1,69706.8,2280.545
2024-04-02T00:00:00Z,69706.8,69743.9,69120.0,69419.8,5014.942
2024-04-02T01:00:00Z,69419.8,69693.9,69319.3,69450.0,2257.283
2024-04-02T02:00:00Z,69450.0,69487.0,65611.0,67031.6,30780.547
2024-04-02T03:00:00Z,67031.6,67312.0,66554.2,66731.3,9326.11
2024-04-02T04:00:00Z,66731.3,66960.0,66325.1,66620.0,6754.645
2024-04-02T05:00:00Z,66620.0,66860.8,66120.0,66781.2,6094.737
2024-04-02T06:00:00Z,66781.2,67157.5,66715.6,66903.0,4446.584
2024-04-02T07:00:00Z,66903.0,66938.2,66500.1,66520.0,5180.272
2024-04-02T08:00:00Z,66520.0,66757.7,66151.0,66275.2,6204.535
2024-04-02T09:00:00Z,66275.2,66576.9,65656.6,66111.8,13835.188
2024-04-02T10:00:00Z,66111.8,66319.7,65428.0,66034.1,10100.644
2024-04-02T11:00:00Z,66034.1,66084.0,65101.2,65686.5,15629.819
2024-04-02T12:00:00Z,65686.5,65878.3,65131.3,65387.3,8168.926
2024-04-02T13:00:00Z,65387.3,65499.3,64620.0,65242.8,20541.49
2024-04-02T14:00:00Z,65242.8,66308.3,65178.4,65736.8,14129.971
2024-04-02T15:00:00Z,65736.8,66190.0,64664.0,64893.3,13207.852
2024-04-02T16:00:00Z,64893.3,65811.5,64490.0,65573.3,14381.331
2024-04-02T17:00:00Z,65573.3,65712.0,65302.7,65651.2,4085.35
2024-04-02T18:00:00Z,65651.2,66131.0,65421.6,65868.1,5131.786
2024-04-02T19:00:00Z,65868.1,66219.2,65793.4,65925.0,4861.281
2024-04-02T20:00:00Z,65925.0,66132.2,65493.4,65668.5,4172.768
2024-04-02T21:00:00Z,65668.5,65848.7,65209.8,65699.9,4840.307
2024-04-02T22:00:00Z,65699.9,65947.2,65568.3,65837.6,1869.472
2024-04-02T23:00:00Z,65837.6,65855.7,65387.7,65484.0,2336.421
2024-04-03T00:00:00Z,65484.0,65624.8,64406.0,65426.2,14098.772
2024-04-03T01:00:00Z,65426.2,65969.6,65122.3,65831.8,5619.666
2024-04-03T02:00:00Z,65831.8,66099.2,65733.5,65943.2,3485.341
2024-04-03T03:00:00Z,65943.2,66345.0,65800.1,66255.3,3879.479
2024-04-03T04:00:00Z,66255.3,66500.0,66142.8,66347.7,4009.438
2024-04-03T05:00:00Z,66347.7,66390.0,65950.0,66110.0,2949.064
2024-04-03T06:00:00Z,66110.0,66420.3,66079.5,66374.9,1967.527
2024-04-03T07:00:00Z,66374.9,66530.9,66141.7,66168.2,2467.878
2024-04-03T08:00:00Z,66168.2,66687.8,66001.1,66554.2,4908.071
2024-04-03T09:00:00Z,66554.2,66683.1,66362.0,66521.9,2530.376
2024-04-03T10:00:00Z,66521.9,66562.3,66050.0,66241.6,3310.508
2024-04-03T11:00:00Z,66241.6,66265.8,65566.1,66095.8,8132.044
2024-04-03T12:00:00Z,66095.8,66273.5,65761.8,65949.9,3710.435
2024-04-03T13:00:00Z,65949.9,66075.0,65657.4,65844.3,5095.752
2024-04-03T14:00:00Z,65844.3,66950.0,65844.3,66662.2,12279.172
2024-04-03T15:00:00Z,66662.2,66677.0,65727.3,65860.1,8065.253
2024-04-03T16:00:00Z,65860.1,66648.7,65808.7,66231.4,7053.52
2024-04-03T17:00:00Z,66231.4,66433.6,65845.9,65982.8,4198.706
2024-04-03T18:00:00Z,65982.8,66165.6,65460.4,66037.3,6518.316
2024-04-03T19:00:00Z,66037.3,66184.2,65722.4,65792.0,2557.373
2024-04-03T20:00:00Z,65792.0,65856.6,65547.9,65719.3,2457.758
2024-04-03T21:00:00Z,65719.3,65963.0,65503.6,65942.9,2216.202
2024-04-03T22:00:00Z,65942.9,66265.4,65867.0,66158.6,3249.327
2024-04-03T23:00:00Z,66158.6,66318.3,65947.7,65971.5,1745.42
2024-04-04T00:00:00Z,65971.5,66384.0,65830.3,66310.0,3707.2
2024-04-04T01:00:00Z,66310.0,66320.4,66033.4,66165.7,1496.775
2024-04-04T02:00:00Z,66165.7,66170.5,65467.2,65764.7,4461.319
2024-04-04T03:00:00Z,65764.7,65827.0,65560.2,65645.0,2303.415
2024-04-04T04:00:00Z,65645.0,65729.8,65035.7,65502.5,6991.88
2024-04-04T05:00:00Z,65502.5,65732.6,65389.7,65607.0,2095.306
2024-04-04T06:00:00Z,65607.0,65833.7,65557.7,65786.8,1986.686
2024-04-04T07:00:00Z,65786.8,66298.6,65689.5,66094.7,4810.248
2024-04-04T08:00:00Z,66094.7,66443.0,66023.5,66226.0,3470.171
2024-04-04T09:00:00Z,66226.0,66445.8,66182.4,66289.8,3074.096
2024-04-04T10:00:00Z,66289.8,66522.0,66150.0,66299.4,2895.144
2024-04-04T11:00:00Z,66299.4,66450.0,66115.0,66363.0,1830.095
2024-04-04T12:00:00Z,66363.0,66819.7,66336.6,66708.1,5057.647
2024-04-04T13:00:00Z,66708.1,67498.0,66682.0,67229.1,11162.263
2024-04-04T14:00:00Z,67229.1,67909.4,67051.7,67666.5,9496.272
2024-04-04T15:00:00Z,67666.5,67794.2,67415.0,67619.8,4867.242
2024-04-04T16:00:00Z,67619.8,68178.7,67494.3,67771.5,6279.569
2024-04-04T17:00:00Z,67771.5,68878.6,67685.5,68813.9,9450.883
2024-04-04T18:00:00Z,68813.9,69315.8,68482.5,68558.3,15081.939
2024-04-04T19:00:00Z,68558.3,69089.8,68261.5,68481.0,9769.51
2024-04-04T20:00:00Z,68481.0,68540.0,67263.2,67929.2,16628.994
2024-04-04T21:00:00Z,67929.2,68157.4,67466.1,67795.0,4813.942
2024-04-04T22:00:00Z,67795.0,68037.0,67600.0,67914.6,2537.419
2024-04-04T23:00:00Z,67914.6,68576.4,67866.5,68480.4,5016.126
2024-04-05T00:00:00Z,68480.4,68775.9,68157.5,68605.0,3478.951
2024-04-05T01:00:00Z,68605.0,68617.0,67815.0,68167.2,3977.59
2024-04-05T02:00:00Z,68167.2,68167.7,67413.5,67607.9,5509.5
2024-04-05T03:00:00Z,67607.9,68032.3,67566.1,67875.6,3980.676
2024-04-05T04:00:00Z,67875.6,68036.9,67450.0,67651.8,2834.856
2024-04-05T05:00:00Z,67651.8,67756.0,66305.0,66868.9,14783.209
2024-04-05T06:00:00Z,66868.9,67180.6,66751.9,67156.7,4286.326
2024-04-05T07:00:00Z,67156.7,67156.7,66798.1,66933.0,3249.628
2024-04-05T08:00:00Z,66933.0,67696.2,66909.0,67175.1,7191.089
2024-04-05T09:00:00Z,67175.1,67175.1,66374.0,66815.9,8854.098
2024-04-05T10:00:00Z,66815.9,67233.6,66724.0,67063.6,5205.153
2024-04-05T11:00:00Z,67063.6,67124.7,66380.0,66490.0,5726.158
2024-04-05T12:00:00Z,66490.0,66941.4,65943.0,66902.2,15910.052
2024-04-05T13:00:00Z,66902.2,67620.0,66537.1,67514.0,11053.646
2024-04-05T14:00:00Z,67514.0,68591.0,67333.0,68149.9,12555.975
2024-04-05T15:00:00Z,68149.9,68283.1,67640.0,68214.1,7673.043
2024-04-05T16:00:00Z,68214.1,68411.6,67672.6,67972.1,5623.424
2024-04-05T17:00:00Z,67972.1,68010.4,67338.6,67468.1,5151.526
2024-04-05T18:00:00Z,67468.1,67742.0,67308.9,67633.3,3513.619
2024-04-05T19:00:00Z,67633.3,68068.7,67363.6,67389.5,4979.82
2024-04-05T20:00:00Z,67389.5,67756.0,67322.7,67611.5,2526.467
2024-04-05T21:00:00Z,67611.5,67815.2,67489.7,67490.0,1489.369
2024-04-05T22:00:00Z,67490.0,67849.6,67476.9,67631.6,1329.715
2024-04-05T23:00:00Z,67631.6,67955.8,67621.2,67814.0,1789.559
2024-04-06T00:00:00Z,67814.0,68050.0,67670.0,67898.1,2133.033
2024-04-06T01:00:00Z,67898.1,67979.2,67665.0,67698.9,1404.642
2024-04-06T02:00:00Z,67698.9,67773.0,67457.9,67577.8,1531.646
2024-04-06T03:00:00Z,67577.8,67889.3,67577.8,67791.7,1214.715
2024-04-06T04:00:00Z,67791.7,67821.0,67606.2,67739.6,755.969
2024-04-06T05:00:00Z,67739.6,68220.2,67717.5,68023.7,3287.526
2024-04-06T06:00:00Z,68023.7,68148.9,67866.0,68109.1,1187.922
2024-04-06T07:00:00Z,68109.1,68180.0,67928.9,67994.3,1498.921
2024-04-06T08:00:00Z,67994.3,68099.0,67858.7,68012.1,1935.68
2024-04-06T09:00:00Z,68012.1,68135.0,67761.0,67806.1,1715.344
2024-04-06T10:00:00Z,67806.1,67898.4,67714.4,67844.8,997.79
2024-04-06T11:00:00Z,67844.8,67918.0,67605.4,67664.0,1299.533
2024-04-06T12:00:00Z,67664.0,67806.2,67555.0,67747.8,1217.198
2024-04-06T13:00:00Z,67747.8,67748.1,67522.0,67697.4,1232.936
2024-04-06T14:00:00Z,67697.4,68070.3,67685.0,67987.2,2177.605
2024-04-06T15:00:00Z,67987.2,68311.9,67882.8,68100.9,3504.284
2024-04-06T16:00:00Z,68100.9,68169.0,67916.2,68127.7,1561.281
2024-04-06T17:00:00Z,68127.7,68499.8,68022.0,68297.5,3406.558
2024-04-06T18:00:00Z,68297.5,68379.1,68184.9,68307.3,778.901
2024-04-06T19:00:00Z,68307.3,68439.9,68215.6,68264.2,1243.485
2024-04-06T20:00:00Z,68264.2,68400.0,68165.0,68389.7,703.245
2024-04-06T21:00:00Z,68389.7,68445.7,68278.0,68301.8,729.953
2024-04-06T22:00:00Z,68301.8,69099.4,68273.6,69049.6,4589.835
2024-04-06T23:00:00Z,69049.6,69699.9,68788.3,68894.6,8174.667
2024-04-07T00:00:00Z,68894.6,69149.0,68803.4,68991.9,2678.946
2024-04-07T01:00:00Z,68991.9,69619.9,68970.6,69508.1,3641.288
2024-04-07T02:00:00Z,69508.1,69779.8,69279.1,69285.7,3454.602
2024-04-07T03:00:00Z,69285.7,69496.0,69211.0,69390.1,1247.181
2024-04-07T04:00:00Z,69390.1,69475.9,69020.0,69270.6,2462.358
2024-04-07T05:00:00Z,69270.6,69440.2,69231.5,69371.9,1284.78
2024-04-07T06:00:00Z,69371.9,69396.6,69104.0,69218.0,1214.304
2024-04-07T07:00:00Z,69218.0,69467.3,69197.7,69345.5,1303.697
2024-04-07T08:00:00Z,69345.5,69560.8,69312.8,69480.0,1439.767
2024-04-07T09:00:00Z,69480.0,69496.0,69200.7,69286.9,1353.954
2024-04-07T10:00:00Z,69286.9,69478.8,69230.6,69318.1,1161.953
2024-04-07T11:00:00Z,69318.1,69400.0,69190.0,69347.1,1250.691
2024-04-07T12:00:00Z,69347.1,69411.8,69192.4,69322.1,1331.592
2024-04-07T13:00:00Z,69322.1,69575.5,69282.0,69350.0,1874.609
2024-04-07T14:00:00Z,69350.0,69685.5,69219.0,69578.0,2978.481
2024-04-07T15:00:00Z,69578.0,69894.0,69343.0,69551.3,6352.854
2024-04-07T16:00:00Z,69551.3,70366.0,69482.0,70082.0,10381.011
2024-04-07T17:00:00Z,70082.0,70127.7,69655.0,69811.5,4168.402
2024-04-07T18:00:00Z,69811.5,69847.4,69230.6,69403.5,4289.548
2024-04-07T19:00:00Z,69403.5,69545.8,68855.0,69070.0,5034.519
2024-04-07T20:00:00Z,69070.0,69425.2,68969.0,69323.7,2117.801
2024-04-07T21:00:00Z,69323.7,69437.1,69034.0,69034.0,1755.921
2024-04-07T22:00:00Z,69034.0,69372.6,68897.5,69219.5,2814.517
2024-04-07T23:00:00Z,69219.5,69489.9,69194.0,69355.0,2070.03
2024-04-08T00:00:00Z,69355.0,69449.3,69050.0,69348.8,3269.05
2024-04-08T01:00:00Z,69348.8,69859.5,69291.8,69441.0,3919.302
2024-04-08T02:00:00Z,69441.0,69441.1,69105.5,69220.5,3113.285
2024-04-08T03:00:00Z,69220.5,69484.6,69120.1,69447.2,1607.889
2024-04-08T04:00:00Z,69447.2,69484.5,69257.4,69366.8,888.529
2024-04-08T05:00:00Z,69366.8,69800.0,69366.8,69707.0,2618.778
2024-04-08T06:00:00Z,69707.0,69819.5,69619.3,69787.3,1848.231
2024-04-08T07:00:00Z,69787.3,70865.0,69782.0,70697.1,13144.675
2024-04-08T08:00:00Z,70697.1,72353.4,70631.7,71993.2,20784.926
2024-04-08T09:00:00Z,71993.2,72730.9,71612.6,72248.1,14426.351
2024-04-08T10:00:00Z,72248.1,72434.2,71822.3,72365.4,6784.782
2024-04-08T11:00:00Z,72365.4,72715.9,72260.0,72446.3,5791.004
2024-04-08T12:00:00Z,72446.3,72854.5,72164.0,72234.0,7315.438
2024-04-08T13:00:00Z,72234.0,72360.4,71734.3,71998.4,7183.174
2024-04-08T14:00:00Z,71998.4,72048.3,71305.0,71787.0,11474.254
2024-04-08T15:00:00Z,71787.0,72060.9,71639.1,71822.4,5165.985
2024-04-08T16:00:00Z,71822.4,72075.4,71568.6,71780.1,4085.312
2024-04-08T17:00:00Z,71780.1,71850.0,71321.0,71731.2,4632.248
2024-04-08T18:00:00Z,71731.2,72184.1,71705.7,71953.8,3977.736
2024-04-08T19:00:00Z,71953.8,72021.8,71606.3,71806.4,2111.978
2024-04-08T20:00:00Z,71806.4,71859.9,71540.2,71759.3,1838.888
2024-04-08T21:00:00Z,71759.3,71967.7,71683.2,71737.8,1174.778
2024-04-08T22:00:00Z,71737.8,72033.3,71650.5,71972.0,1497.903
2024-04-08T23:00:00Z,71972.0,72073.0,71662.9,71674.4,1642.617
2024-04-09T00:00:00Z,71674.4,71814.0,71368.8,71473.2,3216.29
2024-04-09T01:00:00Z,71473.2,71500.0,70876.0,71326.3,6517.98
2024-04-09T02:00:00Z,71326.3,71671.8,71201.2,71530.8,2335.755
2024-04-09T03:00:00Z,71530.8,71716.6,71230.0,71349.2,2459.403
2024-04-09T04:00:00Z,71349.2,71400.0,70959.2,71260.0,3172.323
2024-04-09T05:00:00Z,71260.0,71390.0,70999.8,71105.6,2946.146
2024-04-09T06:00:00Z,71105.6,71322.1,70562.0,70800.0,7726.066
2024-04-09T07:00:00Z,70800.0,70996.9,70185.0,70434.8,9276.626
2024-04-09T08:00:00Z,70434.8,70654.5,69608.0,70535.2,14840.57
2024-04-09T09:00:00Z,70535.2,70889.0,70279.5,70424.1,5853.218
2024-04-09T10:00:00Z,70424.1,70741.2,70260.0,70603.7,3138.363
2024-04-09T11:00:00Z,70603.7,70959.7,70603.1,70855.1,3354.471
2024-04-09T12:00:00Z,70855.1,71033.3,70701.0,70735.1,2852.491
2024-04-09T13:00:00Z,70735.1,70983.5,69963.0,69983.9,10371.94
2024-04-09T14:00:00Z,69983.9,70505.9,68587.4,69413.2,27282.197
2024-04-09T15:00:00Z,69413.2,69415.7,68503.5,69324.0,13290.263
2024-04-09T16:00:00Z,69324.0,69404.7,68570.1,68655.9,7606.629
2024-04-09T17:00:00Z,68655.9,69015.6,68200.3,68884.0,10208.089
2024-04-09T18:00:00Z,68884.0,69077.0,68823.0,68926.6,2948.554
2024-04-09T19:00:00Z,68926.6,69232.6,68694.4,69058.8,4675.741
2024-04-09T20:00:00Z,69058.8,69291.0,69017.1,69225.4,2572.357
2024-04-09T21:00:00Z,69225.4,69312.4,68984.1,69254.4,1612.925
2024-04-09T22:00:00Z,69254.4,69464.6,69165.1,69354.6,1922.348
2024-04-09T23:00:00Z,69354.6,69362.0,68892.2,69187.0,3067.938
2024-04-10T00:00:00Z,69187.0,69347.2,69055.8,69185.9,1591.953
2024-04-10T01:00:00Z,69185.9,69318.1,68623.8,69318.1,5511.481
2024-04-10T02:00:00Z,69318.1,69648.2,68505.5,68696.0,6087.244
2024-04-10T03:00:00Z,68696.0,69226.9,68660.9,69187.9,3123.86
2024-04-10T04:00:00Z,69187.9,69253.0,69038.7,69169.9,1553.861
2024-04-10T05:00:00Z,69169.9,69461.9,69160.5,69296.0,2023.92
2024-04-10T06:00:00Z,69296.0,69525.0,69252.4,69410.8,1812.083
2024-04-10T07:00:00Z,69410.8,69559.9,69302.6,69372.3,1554.423
2024-04-10T08:00:00Z,69372.3,69372.3,68800.3,69055.2,6299.692
2024-04-10T09:00:00Z,69055.2,69212.2,68932.8,69177.3,1902.049
2024-04-10T10:00:00Z,69177.3,69224.5,68650.6,68951.8,5597.086
2024-04-10T11:00:00Z,68951.8,69168.8,68883.2,69084.7,3089.861
2024-04-10T12:00:00Z,69084.7,69267.2,67537.0,68016.9,25917.521
2024-04-10T13:00:00Z,68016.9,68384.0,67506.1,68309.6,14536.344
2024-04-10T14:00:00Z,68309.6,69030.8,68046.7,68747.8,11762.988
2024-04-10T15:00:00Z,68747.8,68833.9,68258.9,68691.9,6679.948
2024-04-10T16:00:00Z,68691.9,69587.6,68579.6,69548.0,9972.354
2024-04-10T17:00:00Z,69548.0,69956.4,69159.9,69379.4,9237.162
2024-04-10T18:00:00Z,69379.4,69446.8,69080.5,69346.9,4410.308
2024-04-10T19:00:00Z,69346.9,70121.5,69241.1,70113.4,5735.871
2024-04-10T20:00:00Z,70113.4,70168.3,69766.5,69838.6,3522.695
2024-04-10T21:00:00Z,69838.6,70060.8,69576.3,70047.9,3150.886
2024-04-10T22:00:00Z,70047.9,71269.0,70047.8,70568.5,10495.377
2024-04-10T23:00:00Z,70568.5,70836.5,70513.5,70655.8,2791.728
2024-04-11T00:00:00Z,70655.8,70690.0,70305.9,70547.8,3099.418
2024-04-11T01:00:00Z,70547.8,70798.1,70477.4,70590.2,2642.602
2024-04-11T02:00:00Z,70590.2,71094.0,70530.1,71011.2,3079.562
2024-04-11T03:00:00Z,71011.2,71043.0,70790.4,70875.6,1487.138
2024-04-11T04:00:00Z,70875.6,70916.5,70402.9,70628.7,3578.037
2024-04-11T05:00:00Z,70628.7,70717.5,70462.5,70614.4,1581.329
2024-04-11T06:00:00Z,70614.4,70919.5,70590.0,70735.0,2608.832
2024-04-11T07:00:00Z,70735.0,71341.7,70729.2,70749.0,6116.588
2024-04-11T08:00:00Z,70749.0,71284.0,70616.5,71054.2,4894.135
2024-04-11T09:00:00Z,71054.2,71065.2,70588.0,70614.2,3583.082
2024-04-11T10:00:00Z,70614.2,70811.9,70414.3,70478.0,2656.191
2024-04-11T11:00:00Z,70478.0,70613.8,69901.0,70002.6,8029.032
2024-04-11T12:00:00Z,70002.6,71101.0,69730.0,70864.0,12352.466
2024-04-11T13:00:00Z,70864.0,71000.0,69638.3,70301.0,19540.921
2024-04-11T14:00:00Z,70301.0,70364.8,69580.0,69612.5,10447.601
2024-04-11T15:00:00Z,69612.5,70073.4,69580.0,70038.6,5155.057
2024-04-11T16:00:00Z,70038.6,70184.7,69600.6,70054.3,6697.49
2024-04-11T17:00:00Z,70054.3,70486.6,70038.0,70242.0,4695.86
2024-04-11T18:00:00Z,70242.0,70476.1,69973.7,70135.8,2815.194
2024-04-11T19:00:00Z,70135.8,70560.1,70035.0,70493.6,2683.174
2024-04-11T20:00:00Z,70493.6,70800.0,70404.2,70550.0,3358.587
2024-04-11T21:00:00Z,70550.0,70552.8,70089.5,70166.4,2671.161
2024-04-11T22:00:00Z,70166.4,70317.2,70064.1,70191.1,1461.382
2024-04-11T23:00:00Z,70191.1,70244.6,69742.6,70038.5,2497.599
2024-04-12T00:00:00Z,70038.5,70374.7,70024.5,70332.6,1808.014
2024-04-12T01:00:00Z,70332.6,70405.8,70143.1,70316.9,1501.714
2024-04-12T02:00:00Z,70316.9,70839.4,70238.2,70667.0,3794.331
2024-04-12T03:00:00Z,70667.0,71049.1,70667.0,70999.4,5052.38
2024-04-12T04:00:00Z,70999.4,71281.1,70830.9,71153.1,3213.428
2024-04-12T05:00:00Z,71153.1,71210.0,70928.7,70986.2,2531.167
2024-04-12T06:00:00Z,70986.2,71040.0,70741.0,70898.1,2416.392
2024-04-12T07:00:00Z,70898.1,70996.8,70606.7,70800.4,2610.738
2024-04-12T08:00:00Z,70800.4,70926.9,70585.0,70800.0,2430.494
2024-04-12T09:00:00Z,70800.0,70894.2,70534.6,70682.9,1936.237
2024-04-12T10:00:00Z,70682.9,70909.5,70624.5,70811.4,1836.51
2024-04-12T11:00:00Z,70811.4,70998.9,70779.4,70914.1,1928.513
2024-04-12T12:00:00Z,70914.1,70989.9,70342.0,70566.2,5884.297
2024-04-12T13:00:00Z,70566.2,70566.2,69652.3,69912.0,10912.392
2024-04-12T14:00:00Z,69912.0,70117.3,69250.0,69283.3,12450.54
2024-04-12T15:00:00Z,69283.3,69756.8,69256.0,69375.9,5904.84
2024-04-12T16:00:00Z,69375.9,69628.6,68669.0,68863.3,14807.997
2024-04-12T17:00:00Z,68863.3,68980.0,67281.6,68187.4,32092.974
2024-04-12T18:00:00Z,68187.4,68418.3,64669.0,66489.9,47627.839
2024-04-12T19:00:00Z,66489.9,67300.0,66325.4,66818.6,15409.575
2024-04-12T20:00:00Z,66818.6,67458.5,66641.8,67130.0,8032.168
2024-04-12T21:00:00Z,67130.0,67143.9,66700.0,66979.7,4480.166
2024-04-12T22:00:00Z,66979.7,67280.0,66839.0,67067.7,2975.771
2024-04-12T23:00:00Z,67067.7,67246.5,66820.0,67120.5,2109.352
2024-04-13T00:00:00Z,67120.5,67159.3,66750.0,66936.1,2474.98
2024-04-13T01:00:00Z,66936.1,66945.7,65684.7,65866.4,11506.624
2024-04-13T02:00:00Z,65866.4,66588.6,65852.2,66524.7,4491.713
2024-04-13T03:00:00Z,66524.7,67156.5,66468.0,67135.4,4235.185
2024-04-13T04:00:00Z,67135.4,67937.6,66992.6,67577.3,8296.727
2024-04-13T05:00:00Z,67577.3,67897.5,67287.3,67329.7,4405.426
2024-04-13T06:00:00Z,67329.7,67503.0,67238.4,67475.0,2455.305
2024-04-13T07:00:00Z,67475.0,67564.7,67111.1,67432.1,2876.229
2024-04-13T08:00:00Z,67432.1,67443.1,67080.0,67166.0,2125.066
2024-04-13T09:00:00Z,67166.0,67481.3,67121.6,67381.7,1812.741
2024-04-13T10:00:00Z,67381.7,67480.0,67301.4,67423.6,1311.389
2024-04-13T11:00:00Z,67423.6,67831.8,67277.0,67341.6,3585.564
2024-04-13T12:00:00Z,67341.6,67686.0,67150.0,67499.9,3178.19
2024-04-13T13:00:00Z,67499.9,67784.5,67433.9,67531.5,3037.229
2024-04-13T14:00:00Z,67531.5,67718.0,67355.3,67556.0,2463.331
2024-04-13T15:00:00Z,67556.0,67937.0,67428.0,67660.0,3080.393
2024-04-13T16:00:00Z,67660.0,67751.8,67203.5,67417.9,3762.384
2024-04-13T17:00:00Z,67417.9,67421.0,66501.2,66735.1,12065.987
2024-04-13T18:00:00Z,66735.1,67264.0,66435.6,67165.2,6358.472
2024-04-13T19:00:00Z,67165.2,67258.1,63258.7,64708.0,23183.553
2024-04-13T20:00:00Z,64708.0,64824.0,59765.9,61765.9,60558.942
2024-04-13T21:00:00Z,61765.9,62947.8,61587.5,62891.2,16591.716
2024-04-13T22:00:00Z,62891.2,64571.0,62062.0,64258.3,17864.827
2024-04-13T23:00:00Z,64258.3,65597.3,63630.5,63905.1,19462.821
2024-04-14T00:00:00Z,63905.1,64273.7,62805.3,63646.7,14904.321
2024-04-14T01:00:00Z,63646.7,64067.8,63210.5,63714.4,6503.383
2024-04-14T02:00:00Z,63714.4,63930.5,62981.2,63058.1,4935.541
2024-04-14T03:00:00Z,63058.1,63569.6,62088.7,63406.3,11305.951
2024-04-14T04:00:00Z,63406.3,64159.8,63360.0,63938.9,7003.626
2024-04-14T05:00:00Z,63938.9,64448.1,63900.1,64362.6,4922.926
2024-04-14T06:00:00Z,64362.6,64870.5,64082.0,64624.0,5480.241
2024-04-14T07:00:00Z,64624.0,64818.5,64221.2,64439.9,4304.105
2024-04-14T08:00:00Z,64439.9,64870.0,64347.6,64509.3,3822.977
2024-04-14T09:00:00Z,64509.3,64710.0,63875.3,64101.9,5981.219
2024-04-14T10:00:00Z,64101.9,64653.2,64100.0,64430.0,3623.973
2024-04-14T11:00:00Z,64430.0,64564.3,63842.8,64156.2,4555.179
2024-04-14T12:00:00Z,64156.2,64835.8,64044.2,64506.2,5480.08
2024-04-14T13:00:00Z,64506.2,64842.1,64324.5,64354.3,5015.352
2024-04-14T14:00:00Z,64354.3,64391.4,63407.7,63904.5,12144.404
2024-04-14T15:00:00Z,63904.5,64478.4,63881.0,64166.8,4943.982
2024-04-14T16:00:00Z,64166.8,64747.0,64108.4,64392.1,4574.589
2024-04-14T17:00:00Z,64392.1,64566.6,62514.2,63855.1,22375.311
2024-04-14T18:00:00Z,63855.1,64696.1,63736.5,64381.4,7475.177
2024-04-14T19:00:00Z,64381.4,64465.1,63910.1,64144.4,3145.279
2024-04-14T20:00:00Z,64144.4,64333.3,63665.0,63820.3,4173.039
2024-04-14T21:00:00Z,63820.3,63821.0,63268.3,63645.4,4040.352
2024-04-14T22:00:00Z,63645.4,65445.1,63606.4,65299.0,14791.387
2024-04-14T23:00:00Z,65299.0,65824.0,65021.4,65618.9,6200.187
2024-04-15T00:00:00Z,65618.9,65845.0,65242.6,65454.3,6265.067
2024-04-15T01:00:00Z,65454.3,65689.9,65022.5,65254.1,4159.501
2024-04-15T02:00:00Z,65254.1,65339.9,64904.2,65107.7,3041.429
2024-04-15T03:00:00Z,65107.7,65299.3,65000.0,65104.7,2145.989
2024-04-15T04:00:00Z,65104.7,65143.7,64624.8,64878.1,4298.072
2024-04-15T05:00:00Z,64878.1,65490.0,64878.1,65440.4,3732.732
2024-04-15T06:00:00Z,65440.4,66529.0,65325.9,66414.9,11415.052
2024-04-15T07:00:00Z,66414.9,66531.6,66096.1,66205.4,5244.049
2024-04-15T08:00:00Z,66205.4,66433.4,66006.0,66240.0,4259.843
2024-04-15T09:00:00Z,66240.0,66834.9,66075.0,66554.9,7151.752
2024-04-15T10:00:00Z,66554.9,66625.4,66355.0,66440.4,2725.33
2024-04-15T11:00:00Z,66440.4,66700.0,65783.8,65837.7,7307.926
2024-04-15T12:00:00Z,65837.7,66220.0,65770.0,65999.9,4417.432
2024-04-15T13:00:00Z,65999.9,66350.0,65608.1,65823.5,7757.215
2024-04-15T14:00:00Z,65823.5,65945.4,64130.3,64198.7,22152.702
2024-04-15T15:00:00Z,64198.7,64754.1,63755.9,64530.2,13601.136
2024-04-15T16:00:00Z,64530.2,64861.8,63832.3,64107.8,10249.89
2024-04-15T17:00:00Z,64107.8,64709.6,63246.2,63873.2,14335.549
2024-04-15T18:00:00Z,63873.2,64026.1,63022.9,63115.2,10427.893
2024-04-15T19:00:00Z,63115.2,63619.3,62222.0,63268.6,15634.132
2024-04-15T20:00:00Z,63268.6,63600.0,62898.6,63095.8,5671.332
2024-04-15T21:00:00Z,63095.8,63462.9,62600.0,63244.4,4943.23
2024-04-15T22:00:00Z,63244.4,63522.0,62728.9,63439.2,5075.051
2024-04-15T23:00:00Z,63439.2,63544.3,63135.4,63413.7,2661.174
2024-04-16T00:00:00Z,63413.7,63718.7,62920.8,63250.0,5128.992
2024-04-16T01:00:00Z,63250.0,63899.4,63058.3,63116.0,4809.565
2024-04-16T02:00:00Z,63116.0,63478.2,62710.2,63368.9,5191.469
2024-04-16T03:00:00Z,63368.9,63532.0,62809.2,62936.0,4253.666
2024-04-16T04:00:00Z,62936.0,63021.6,61631.0,62468.8,16812.931
2024-04-16T05:00:00Z,62468.8,62866.1,62335.5,62677.9,4720.647
2024-04-16T06:00:00Z,62677.9,63223.6,62606.1,63165.0,4120.519
2024-04-16T07:00:00Z,63165.0,63786.7,63073.4,63482.3,6201.296
2024-04-16T08:00:00Z,63482.3,63634.0,63026.4,63254.2,4114.781
2024-04-16T09:00:00Z,63254.2,63550.0,63167.5,63215.6,3163.951
2024-04-16T10:00:00Z,63215.6,63312.9,61512.5,62544.4,19745.438
2024-04-16T11:00:00Z,62544.4,63262.8,62323.2,63071.3,8672.44
2024-04-16T12:00:00Z,63071.3,63433.7,62776.9,63025.3,6879.241
2024-04-16T13:00:00Z,63025.3,63320.0,62089.9,62674.8,13801.243
2024-04-16T14:00:00Z,62674.8,63088.7,61959.7,62059.5,12316.992
2024-04-16T15:00:00Z,62059.5,62399.1,61701.0,61738.7,10716.87
2024-04-16T16:00:00Z,61738.7,62757.0,61657.5,62748.4,10116.614
2024-04-16T17:00:00Z,62748.4,63277.7,62250.0,62457.2,10651.865
2024-04-16T18:00:00Z,62457.2,63027.0,62394.6,62992.9,6090.256
2024-04-16T19:00:00Z,62992.9,63091.1,62616.1,62682.4,3514.33
2024-04-16T20:00:00Z,62682.4,63030.0,62514.2,62999.0,2658.311
2024-04-16T21:00:00Z,62999.0,64357.6,62949.4,63975.9,9760.397
2024-04-16T22:00:00Z,63975.9,64045.0,63580.3,63752.7,3087.295
2024-04-16T23:00:00Z,63752.7,63863.9,63588.0,63772.3,1832.377
2024-04-17T00:00:00Z,63772.3,64211.0,63538.4,63991.0,3633.962
2024-04-17T01:00:00Z,63991.0,64036.2,63564.0,63997.3,2725.746
2024-04-17T02:00:00Z,63997.3,64285.0,63674.7,63821.7,3086.898
2024-04-17T03:00:00Z,63821.7,64049.9,63709.4,63815.1,1409.538
2024-04-17T04:00:00Z,63815.1,64211.0,63630.1,64061.1,2392.431
2024-04-17T05:00:00Z,64061.1,64479.9,63785.4,63894.4,4586.973
2024-04-17T06:00:00Z,63894.4,63966.0,63704.0,63849.1,2510.866
2024-04-17T07:00:00Z,63849.1,63907.1,62850.0,63249.3,7071.8
2024-04-17T08:00:00Z,63249.3,63552.0,63089.2,63296.0,4801.195
2024-04-17T09:00:00Z,63296.0,63508.7,63182.7,63286.8,2191.352
2024-04-17T10:00:00Z,63286.8,63306.5,62720.3,62871.2,6331.005
2024-04-17T11:00:00Z,62871.2,63138.8,62483.2,62558.7,5482.808
2024-04-17T12:00:00Z,62558.7,62800.0,62010.5,62289.0,8662.196
2024-04-17T13:00:00Z,62289.0,62961.0,62100.0,62595.2,8799.215
2024-04-17T14:00:00Z,62595.2,62623.5,60662.9,61256.5,29049.676
2024-04-17T15:00:00Z,61256.5,61527.1,59821.2,60270.6,29035.241
2024-04-17T16:00:00Z,60270.6,61088.0,59605.0,60162.8,22135.029
2024-04-17T17:00:00Z,60162.8,61333.0,60081.1,61247.6,9004.407
2024-04-17T18:00:00Z,61247.6,61946.4,61127.7,61418.2,12257.535
2024-04-17T19:00:00Z,61418.2,61447.5,60700.1,61000.1,8980.151
2024-04-17T20:00:00Z,61000.1,61471.9,60745.5,60825.9,5141.856
2024-04-17T21:00:00Z,60825.9,61651.8,60825.9,61281.2,5412.314
2024-04-17T22:00:00Z,61281.2,61696.0,61127.7,61661.8,2765.422
2024-04-17T23:00:00Z,61661.8,61746.8,61163.0,61245.0,2768.76
2024-04-18T00:00:00Z,61245.0,61510.0,60902.5,61499.4,4322.821
2024-04-18T01:00:00Z,61499.4,61648.6,61357.1,61613.2,3488.724
2024-04-18T02:00:00Z,61613.2,61887.1,61403.5,61636.7,3579.314
2024-04-18T03:00:00Z,61636.7,62224.0,61630.0,61966.3,5970.645
2024-04-18T04:00:00Z,61966.3,62067.2,61514.2,61611.3,3954.867
2024-04-18T05:00:00Z,61611.3,61794.2,60911.6,61024.9,7672.743
2024-04-18T06:00:00Z,61024.9,61269.0,60757.0,61116.7,5910.177
2024-04-18T07:00:00Z,61116.7,61318.2,60891.5,61143.3,3461.854
2024-04-18T08:00:00Z,61143.3,61536.3,60805.1,61299.2,5266.046
2024-04-18T09:00:00Z,61299.2,61676.7,61273.4,61597.0,3376.768
2024-04-18T10:00:00Z,61597.0,61925.0,61455.8,61789.8,4205.167
2024-04-18T11:00:00Z,61789.8,63039.9,61789.8,62551.8,13292.389
2024-04-18T12:00:00Z,62551.8,62701.0,61538.2,62216.9,12465.969
2024-04-18T13:00:00Z,62216.9,62810.9,61830.4,62770.1,11615.68
2024-04-18T14:00:00Z,62770.1,63942.3,62531.9,63776.0,17355.647
2024-04-18T15:00:00Z,63776.0,64166.1,63389.7,63465.5,9269.992
2024-04-18T16:00:00Z,63465.5,63825.9,63234.6,63488.0,6702.15
2024-04-18T17:00:00Z,63488.0,63583.3,62559.7,62754.9,7582.506
2024-04-18T18:00:00Z,62754.9,63198.8,62274.7,63076.5,7750.83
2024-04-18T19:00:00Z,63076.5,63538.0,63057.6,63445.8,4932.932
2024-04-18T20:00:00Z,63445.8,63627.9,63224.4,63471.5,3041.101
2024-04-18T21:00:00Z,63471.5,63800.0,63280.0,63433.9,3566.532
2024-04-18T22:00:00Z,63433.9,63625.0,63103.8,63466.0,3235.675
2024-04-18T23:00:00Z,63466.0,63644.8,63334.0,63445.1,1796.991
2024-04-19T00:00:00Z,63445.1,63445.5,62611.3,62688.7,4515.591
2024-04-19T01:00:00Z,62688.7,62755.2,60516.5,60990.7,22257.272
2024-04-19T02:00:00Z,60990.7,61362.9,59521.7,61340.0,27137.944
2024-04-19T03:00:00Z,61340.0,62090.9,61112.7,61768.2,13883.185
2024-04-19T04:00:00Z,61768.2,62747.0,61751.6,62422.8,10175.9
2024-04-19T05:00:00Z,62422.8,62585.4,61756.2,62064.0,8611.171
2024-04-19T06:00:00Z,62064.0,64980.0,61819.5,64600.1,22895.096
2024-04-19T07:00:00Z,64600.1,65200.0,64157.1,64523.4,14018.482
2024-04-19T08:00:00Z,64523.4,65088.7,64122.0,64612.1,11785.251
2024-04-19T09:00:00Z,64612.1,64933.0,64460.3,64760.5,4614.084
2024-04-19T10:00:00Z,64760.5,65150.0,64380.3,64753.1,6212.705
2024-04-19T11:00:00Z,64753.1,65431.6,64652.9,64841.9,10958.58
2024-04-19T12:00:00Z,64841.9,65421.0,64714.2,64930.9,7048.284
2024-04-19T13:00:00Z,64930.9,65044.6,64387.2,64868.2,9328.107
2024-04-19T14:00:00Z,64868.2,64938.7,63789.0,64418.0,11026.535
2024-04-19T15:00:00Z,64418.0,64704.1,64285.7,64413.9,4663.486
2024-04-19T16:00:00Z,64413.9,64512.9,63433.5,63970.0,12997.984
2024-04-19T17:00:00Z,63970.0,64857.0,63868.9,64599.9,8280.682
2024-04-19T18:00:00Z,64599.9,64634.3,64031.9,64183.3,5131.381
2024-04-19T19:00:00Z,64183.3,64380.8,64044.7,64307.5,3178.332
2024-04-19T20:00:00Z,64307.5,64314.4,63631.0,64026.1,4031.569
2024-04-19T21:00:00Z,64026.1,64440.0,64021.9,64373.8,2724.145
2024-04-19T22:00:00Z,64373.8,64489.2,63973.0,63974.7,2969.907
2024-04-19T23:00:00Z,63974.7,64094.5,62888.0,63774.8,10022.206
2024-04-20T00:00:00Z,63774.8,64238.5,63373.7,63401.0,6743.231
2024-04-20T01:00:00Z,63401.0,63748.4,63038.5,63620.1,4001.357
2024-04-20T02:00:00Z,63620.1,64065.0,63493.3,63795.7,2387.306
2024-04-20T03:00:00Z,63795.7,64002.9,63714.8,63927.4,1720.725
2024-04-20T04:00:00Z,63927.4,64257.3,63785.1,64101.6,3156.996
2024-04-20T05:00:00Z,64101.6,64216.9,63944.4,64120.0,1618.005
2024-04-20T06:00:00Z,64120.0,64193.9,63913.3,64015.3,1804.158
2024-04-20T07:00:00Z,64015.3,64130.0,63866.8,63935.9,1536.799
2024-04-20T08:00:00Z,63935.9,63957.6,63605.0,63697.3,3427.942
2024-04-20T09:00:00Z,63697.3,63740.6,63228.0,63580.1,6666.199
2024-04-20T10:00:00Z,63580.1,63762.6,63332.0,63532.3,3625.607
2024-04-20T11:00:00Z,63532.3,63899.9,63515.6,63676.2,2664.932
2024-04-20T12:00:00Z,63676.2,63899.8,63525.9,63784.6,2308.098
2024-04-20T13:00:00Z,63784.6,64017.9,63758.5,63836.7,2172.564
2024-04-20T14:00:00Z,63836.7,63944.2,63704.5,63890.0,1497.528
2024-04-20T15:00:00Z,63890.0,64949.3,63755.7,64774.9,8520.833
2024-04-20T16:00:00Z,64774.9,64946.0,64410.0,64710.6,5650.269
2024-04-20T17:00:00Z,64710.6,65407.0,64710.5,65170.0,8650.506
2024-04-20T18:00:00Z,65170.0,65277.7,64768.6,64922.0,4070.21
2024-04-20T19:00:00Z,64922.0,64968.7,64780.0,64839.0,2727.882
2024-04-20T20:00:00Z,64839.0,65006.6,64581.3,64690.6,2972.528
2024-04-20T21:00:00Z,64690.6,64798.8,64582.5,64694.4,1500.061
2024-04-20T22:00:00Z,64694.4,64748.9,64520.0,64580.0,1804.985
2024-04-20T23:00:00Z,64580.0,64957.0,64578.6,64900.0,1559.918
2024-04-21T00:00:00Z,64900.0,64925.5,64566.0,64730.0,1560.24
2024-04-21T01:00:00Z,64730.0,65096.6,64693.0,64917.7,1588.223
2024-04-21T02:00:00Z,64917.7,65365.8,64890.0,65270.1,3348.369
2024-04-21T03:00:00Z,65270.1,65694.2,65060.0,65147.2,4524.719
2024-04-21T04:00:00Z,65147.2,65172.2,64810.0,65031.1,2677.011
2024-04-21T05:00:00Z,65031.1,65218.0,64939.2,64997.4,1472.624
2024-04-21T06:00:00Z,64997.4,65180.0,64899.2,65026.1,1145.562
2024-04-21T07:00:00Z,65026.1,65145.7,64867.0,65108.0,2017.062
2024-04-21T08:00:00Z,65108.0,65203.2,64900.0,64907.2,1922.906
2024-04-21T09:00:00Z,64907.2,64970.4,64695.9,64880.1,2625.151
2024-04-21T10:00:00Z,64880.1,64950.0,64747.0,64927.0,1767.461
2024-04-21T11:00:00Z,64927.0,65436.2,64921.0,65201.8,5244.831
2024-04-21T12:00:00Z,65201.8,65350.0,64881.0,64970.0,3088.36
2024-04-21T13:00:00Z,64970.0,65213.8,64742.0,64844.5,3718.071
2024-04-21T14:00:00Z,64844.5,65008.7,64750.0,64863.0,2087.265
2024-04-21T15:00:00Z,64863.0,65124.0,64838.8,65021.8,1961.151
2024-04-21T16:00:00Z,65021.8,65069.4,64200.0,64547.1,10544.399
2024-04-21T17:00:00Z,64547.1,64854.4,64495.6,64786.8,2060.135
2024-04-21T18:00:00Z,64786.8,64838.5,64551.0,64752.1,1324.888
2024-04-21T19:00:00Z,64752.1,64837.0,64500.0,64507.9,1539.339
2024-04-21T20:00:00Z,64507.9,64690.8,64300.0,64623.2,2807.845
2024-04-21T21:00:00Z,64623.2,65149.9,64607.4,64637.7,4517.498
2024-04-21T22:00:00Z,64637.7,65094.7,64528.1,65004.8,3495.411
2024-04-21T23:00:00Z,65004.8,65044.7,64831.5,64910.9,1064.39
2024-04-22T00:00:00Z,64910.9,65135.3,64735.0,64879.9,1921.71
2024-04-22T01:00:00Z,64879.9,65683.3,64557.9,64638.3,9340.218
2024-04-22T02:00:00Z,64638.3,64839.4,64463.1,64782.5,2159.128
2024-04-22T03:00:00Z,64782.5,66089.1,64725.1,65691.3,10106.552
2024-04-22T04:00:00Z,65691.3,65866.2,65489.3,65716.8,3888.721
2024-04-22T05:00:00Z,65716.8,66390.0,65679.4,66350.0,5199.374
2024-04-22T06:00:00Z,66350.0,66385.2,66125.0,66279.5,3274.771
2024-04-22T07:00:00Z,66279.5,66455.0,65928.9,65936.0,3180.417
2024-04-22T08:00:00Z,65936.0,66180.0,65877.0,65936.1,2488.241
2024-04-22T09:00:00Z,65936.1,66031.4,65753.0,65914.4,1869.694
2024-04-22T10:00:00Z,65914.4,66123.0,65860.4,66017.5,2154.299
2024-04-22T11:00:00Z,66017.5,66080.8,65655.8,65847.9,3267.525
2024-04-22T12:00:00Z,65847.9,65973.6,65562.6,65970.4,3647.448
2024-04-22T13:00:00Z,65970.4,66230.0,65629.8,66070.0,6802.924
2024-04-22T14:00:00Z,66070.0,66443.8,65900.3,65990.1,6611.447
2024-04-22T15:00:00Z,65990.1,66056.8,65601.0,65961.8,5050.386
2024-04-22T16:00:00Z,65961.8,66380.0,65872.3,66122.0,4571.649
2024-04-22T17:00:00Z,66122.0,66798.9,66104.0,66480.0,7908.819
2024-04-22T18:00:00Z,66480.0,66653.2,66242.4,66280.1,3234.634
2024-04-22T19:00:00Z,66280.1,66586.2,66070.0,66481.5,2852.48
2024-04-22T20:00:00Z,66481.5,66733.1,66335.7,66468.5,2812.696
2024-04-22T21:00:00Z,66468.5,66536.6,66261.9,66481.9,1886.514
2024-04-22T22:00:00Z,66481.9,67190.0,66481.9,66987.7,5367.66
2024-04-22T23:00:00Z,66987.7,67198.9,66737.6,66770.3,4521.849
2024-04-23T00:00:00Z,66770.3,66995.6,66658.1,66983.9,2376.62
2024-04-23T01:00:00Z,66983.9,67145.7,66728.7,66738.5,2907.076
2024-04-23T02:00:00Z,66738.5,66875.3,66510.0,66578.9,1796.098
2024-04-23T03:00:00Z,66578.9,66724.1,66365.7,66398.4,2104.528
2024-04-23T04:00:00Z,66398.4,66540.3,66115.0,66208.9,3524.769
2024-04-23T05:00:00Z,66208.9,66570.6,66158.7,66457.2,2594.695
2024-04-23T06:00:00Z,66457.2,66620.0,66261.0,66346.5,1982.468
2024-04-23T07:00:00Z,66346.5,66429.5,65935.8,66065.3,3986.948
2024-04-23T08:00:00Z,66065.3,66226.3,65915.0,66182.1,2843.307
2024-04-23T09:00:00Z,66182.1,66277.3,66015.8,66043.3,1840.898
2024-04-23T10:00:00Z,66043.3,66300.0,66033.5,66189.0,1655.796
2024-04-23T11:00:00Z,66189.0,66216.8,65821.3,66022.4,3477.37
2024-04-23T12:00:00Z,66022.4,66143.8,65750.0,66104.5,2849.8
2024-04-23T13:00:00Z,66104.5,66548.3,66020.1,66474.4,5798.014
2024-04-23T14:00:00Z,66474.4,67110.0,66379.4,66883.9,13817.754
2024-04-23T15:00:00Z,66883.9,66906.4,66290.0,66398.1,5653.873
2024-04-23T16:00:00Z,66398.1,66799.5,66320.9,66723.8,3414.819
2024-04-23T17:00:00Z,66723.8,66897.4,66546.4,66729.4,2628.132
2024-04-23T18:00:00Z,66729.4,66823.0,66547.2,66761.4,1840.637
2024-04-23T19:00:00Z,66761.4,66761.5,66354.4,66457.7,2291.856
2024-04-23T20:00:00Z,66457.7,66466.6,65929.8,66329.0,4942.484
2024-04-23T21:00:00Z,66329.0,66448.0,66218.0,66326.0,1552.904
2024-04-23T22:00:00Z,66326.0,66432.7,66250.6,66338.7,1007.426
2024-04-23T23:00:00Z,66338.7,66419.1,66091.8,66397.8,1404.59
2024-04-24T00:00:00Z,66397.8,66730.0,66369.7,66730.0,2751.571
2024-04-24T01:00:00Z,66730.0,66887.0,66666.0,66715.5,2428.151
2024-04-24T02:00:00Z,66715.5,66753.9,66430.6,66512.3,1776.805
2024-04-24T03:00:00Z,66512.3,66714.3,66495.0,66597.1,1420.313
2024-04-24T04:00:00Z,66597.1,67084.5,66573.2,66982.0,2911.742
2024-04-24T05:00:00Z,66982.0,67054.6,66612.2,66722.1,2774.917
2024-04-24T06:00:00Z,66722.1,66776.0,66521.0,66755.1,1894.784
2024-04-24T07:00:00Z,66755.1,66872.3,66555.0,66590.1,2123.881
2024-04-24T08:00:00Z,66590.1,66722.5,66450.0,66510.1,2650.848
2024-04-24T09:00:00Z,66510.1,66537.0,66230.4,66327.0,3079.959
2024-04-24T10:00:00Z,66327.0,66483.0,66169.2,66400.1,2866.249
2024-04-24T11:00:00Z,66400.1,66616.5,66341.7,66559.4,2472.494
2024-04-24T12:00:00Z,66559.4,66714.5,66300.6,66313.8,2924.071
2024-04-24T13:00:00Z,66313.8,66321.2,65762.5,66030.1,9996.974
2024-04-24T14:00:00Z,66030.1,66179.4,64620.0,65210.1,21845.88
2024-04-24T15:00:00Z,65210.1,65220.4,64481.1,64596.4,11291.173
2024-04-24T16:00:00Z,64596.4,64927.0,64321.0,64785.0,8925.189
2024-04-24T17:00:00Z,64785.0,65116.4,64738.2,64862.1,5319.99
2024-04-24T18:00:00Z,64862.1,64900.0,64022.0,64107.4,7173.933
2024-04-24T19:00:00Z,64107.4,64477.8,63714.9,63966.0,10276.295
2024-04-24T20:00:00Z,63966.0,64235.0,63562.6,64081.2,7684.678
2024-04-24T21:00:00Z,64081.2,64450.0,63956.4,64376.2,3063.656
2024-04-24T22:00:00Z,64376.2,64385.9,63925.0,64067.9,2913.063
2024-04-24T23:00:00Z,64067.9,64328.4,63780.0,64259.1,3701.8
2024-04-25T00:00:00Z,64259.1,64710.0,64200.6,64520.2,3216.864
2024-04-25T01:00:00Z,64520.2,64635.9,64005.7,64028.0,3384.606
2024-04-25T02:00:00Z,64028.0,64304.2,63813.6,64267.0,3629.781
2024-04-25T03:00:00Z,64267.0,64444.2,64117.0,64256.4,2193.814
2024-04-25T04:00:00Z,64256.4,64367.2,64024.3,64318.9,1821.747
2024-04-25T05:00:00Z,64318.9,64342.7,63987.0,64190.2,2623.499
2024-04-25T06:00:00Z,64190.2,64359.2,64151.2,64256.9,1143.852
2024-04-25T07:00:00Z,64256.9,64349.0,63800.1,63996.3,4668.218
2024-04-25T08:00:00Z,63996.3,64150.0,63666.3,63907.4,5115.308
2024-04-25T09:00:00Z,63907.4,64166.5,63771.3,63940.7,3141.881
2024-04-25T10:00:00Z,63940.7,63940.7,63286.1,63422.1,10224.938
2024-04-25T11:00:00Z,63422.1,63960.8,63412.7,63815.0,3606.394
2024-04-25T12:00:00Z,63815.0,64298.8,63228.1,63390.2,11305.169
2024-04-25T13:00:00Z,63390.2,63540.0,62745.2,63418.7,15892.146
2024-04-25T14:00:00Z,63418.7,63848.7,63180.7,63353.9,7788.14
2024-04-25T15:00:00Z,63353.9,64193.8,63216.4,64103.2,7604.936
2024-04-25T16:00:00Z,64103.2,64525.0,63940.4,64421.2,8132.744
2024-04-25T17:00:00Z,64421.2,64874.0,64359.4,64700.0,8451.954
2024-04-25T18:00:00Z,64700.0,64950.0,64442.6,64698.1,6018.556
2024-04-25T19:00:00Z,64698.1,64773.7,64535.0,64738.8,2101.097
2024-04-25T20:00:00Z,64738.8,64977.0,64441.5,64751.0,4948.474
2024-04-25T21:00:00Z,64751.0,65272.3,64638.0,64660.7,4464.752
2024-04-25T22:00:00Z,64660.7,64703.2,64501.3,64569.9,1961.134
2024-04-25T23:00:00Z,64569.9,64707.3,64412.2,64464.6,1744.419
2024-04-26T00:00:00Z,64464.6,64529.8,64056.1,64275.5,4508.793
2024-04-26T01:00:00Z,64275.5,64638.0,63780.0,64365.8,6450.516
2024-04-26T02:00:00Z,64365.8,64633.0,64270.0,64471.8,2236.868
2024-04-26T03:00:00Z,64471.8,64487.8,64281.2,64362.2,1528.387
2024-04-26T04:00:00Z,64362.2,64371.2,64150.1,64192.3,1749.733
2024-04-26T05:00:00Z,64192.3,64530.0,63914.5,64503.8,4140.421
2024-04-26T06:00:00Z,64503.8,64530.5,64215.7,64330.8,1821.762
2024-04-26T07:00:00Z,64330.8,64593.9,64203.2,64244.5,3514.714
2024-04-26T08:00:00Z,64244.5,64457.0,64189.2,64384.9,1975.136
2024-04-26T09:00:00Z,64384.9,64545.0,64300.0,64461.9,1720.097
2024-04-26T10:00:00Z,64461.9,64532.8,64023.1,64069.7,3760.406
2024-04-26T11:00:00Z,64069.7,64241.5,64024.7,64216.4,1881.594
2024-04-26T12:00:00Z,64216.4,64500.0,63910.1,64113.1,5180.684
2024-04-26T13:00:00Z,64113.1,64570.0,63633.2,64463.0,10037.642
2024-04-26T14:00:00Z,64463.0,64798.0,63755.2,63829.3,10634.609
2024-04-26T15:00:00Z,63829.3,64010.6,63301.1,63479.1,9641.638
2024-04-26T16:00:00Z,63479.1,63783.8,63273.0,63637.6,5992.729
2024-04-26T17:00:00Z,63637.6,64127.4,63522.1,63983.0,5290.798
2024-04-26T18:00:00Z,63983.0,64140.0,63917.0,64036.2,1742.384
2024-04-26T19:00:00Z,64036.2,64123.3,63705.8,63723.8,2292.955
2024-04-26T20:00:00Z,63723.8,64100.0,63723.8,63949.9,1564.234
2024-04-26T21:00:00Z,63949.9,64060.0,63801.5,64034.1,1312.098
2024-04-26T22:00:00Z,64034.1,64034.2,63650.0,63797.1,2196.801
2024-04-26T23:00:00Z,63797.1,63897.0,63723.0,63746.0,833.413
2024-04-27T00:00:00Z,63746.0,63900.0,62802.0,63170.2,9220.97
2024-04-27T01:00:00Z,63170.2,63265.3,62370.0,62574.5,8695.119
2024-04-27T02:00:00Z,62574.5,63350.0,62443.6,62908.1,6266.476
2024-04-27T03:00:00Z,62908.1,63139.1,62780.0,63069.0,2161.859
2024-04-27T04:00:00Z,63069.0,63176.4,62930.2,63038.8,1701.353
2024-04-27T05:00:00Z,63038.8,63084.8,62746.3,62966.1,2319.377
2024-04-27T06:00:00Z,62966.1,63144.0,62850.0,63007.0,1694.754
2024-04-27T07:00:00Z,63007.0,63142.0,62925.9,62951.1,1225.353
2024-04-27T08:00:00Z,62951.1,63041.1,62906.0,63003.8,973.471
2024-04-27T09:00:00Z,63003.8,63033.2,62845.5,62959.7,1537.045
2024-04-27T10:00:00Z,62959.7,62965.0,62714.0,62778.6,1965.6
2024-04-27T11:00:00Z,62778.6,62936.2,62641.0,62837.8,1839.491
2024-04-27T12:00:00Z,62837.8,63149.6,62783.8,63013.1,3192.758
2024-04-27T13:00:00Z,63013.1,63233.0,62970.0,63194.1,2072.616
2024-04-27T14:00:00Z,63194.1,63389.6,63025.2,63104.9,2470.983
2024-04-27T15:00:00Z,63104.9,63192.1,62830.0,62935.3,2357.027
2024-04-27T16:00:00Z,62935.3,63093.3,62712.1,62712.1,3922.005
2024-04-27T17:00:00Z,62712.1,63623.0,62712.0,63396.2,6145.194
2024-04-27T18:00:00Z,63396.2,63599.0,62712.8,63300.0,6980.249
2024-04-27T19:00:00Z,63300.0,63366.5,63139.0,63329.6,1592.816
2024-04-27T20:00:00Z,63329.6,63433.7,63118.6,63251.9,1347.296
2024-04-27T21:00:00Z,63251.9,63344.8,63130.0,63256.0,613.327
2024-04-27T22:00:00Z,63256.0,63440.7,63200.6,63235.9,1272.292
2024-04-27T23:00:00Z,63235.9,63535.7,63235.9,63412.9,1300.543
2024-04-28T00:00:00Z,63412.9,63720.0,63412.8,63576.8,2281.021
2024-04-28T01:00:00Z,63576.8,63662.0,63471.1,63559.8,1066.746
2024-04-28T02:00:00Z,63559.8,64029.8,63512.9,63919.5,3852.204
2024-04-28T03:00:00Z,63919.5,64336.8,63898.1,63991.4,4570.27
2024-04-28T04:00:00Z,63991.4,64029.9,63785.6,63819.9,1648.241
2024-04-28T05:00:00Z,63819.9,63982.0,63785.1,63934.3,1167.174
2024-04-28T06:00:00Z,63934.3,64000.0,63781.2,63944.9,1564.917
2024-04-28T07:00:00Z,63944.9,64050.5,63873.3,63890.4,989.112
2024-04-28T08:00:00Z,63890.4,63961.9,63650.5,63690.0,1599.996
2024-04-28T09:00:00Z,63690.0,63806.4,63639.0,63738.1,1085.618
2024-04-28T10:00:00Z,63738.1,63772.7,63309.8,63670.7,3453.7
2024-04-28T11:00:00Z,63670.7,63695.0,63350.3,63463.0,2478.098
2024-04-28T12:00:00Z,63463.0,63666.0,63387.2,63555.3,2007.832
2024-04-28T13:00:00Z,63555.3,63862.4,63504.0,63738.5,2577.775
2024-04-28T14:00:00Z,63738.5,63756.0,63457.5,63577.7,1614.111
2024-04-28T15:00:00Z,63577.7,63631.3,63424.6,63507.5,989.683
2024-04-28T16:00:00Z,63507.5,63764.0,63456.2,63674.6,1712.09
2024-04-28T17:00:00Z,63674.6,63794.8,63541.4,63730.0,939.278
2024-04-28T18:00:00Z,63730.0,63968.3,63660.0,63902.3,1781.469
2024-04-28T19:00:00Z,63902.3,63905.9,63680.0,63694.3,999.13
2024-04-28T20:00:00Z,63694.3,63714.9,63543.7,63650.0,956.858
2024-04-28T21:00:00Z,63650.0,63736.0,63564.7,63636.5,675.959
2024-04-28T22:00:00Z,63636.5,63689.0,62834.1,63118.3,8407.814
2024-04-28T23:00:00Z,63118.3,63147.7,62674.2,63092.8,6067.698
2024-04-29T00:00:00Z,63092.8,63298.0,62970.0,63232.1,2207.905
2024-04-29T01:00:00Z,63232.1,63343.2,63060.0,63205.3,2174.287
2024-04-29T02:00:00Z,63205.3,63263.3,62540.0,62682.0,4896.08
2024-04-29T03:00:00Z,62682.0,62750.5,61832.2,62250.0,10439.879
2024-04-29T04:00:00Z,62250.0,62598.0,62158.8,62501.8,4304.33
2024-04-29T05:00:00Z,62501.8,62501.8,61998.2,62408.3,4775.043
2024-04-29T06:00:00Z,62408.3,62428.5,61856.4,62159.4,6732.055
2024-04-29T07:00:00Z,62159.4,62385.0,61886.8,62363.7,3890.189
2024-04-29T08:00:00Z,62363.7,62470.2,62190.0,62365.1,2092.0
2024-04-29T09:00:00Z,62365.1,62669.9,62238.1,62522.0,3660.878
2024-04-29T10:00:00Z,62522.0,62666.0,62368.0,62371.1,3382.489
2024-04-29T11:00:00Z,62371.1,62413.0,62128.0,62240.1,2440.181
2024-04-29T12:00:00Z,62240.1,62639.0,62025.1,62582.3,5240.424
2024-04-29T13:00:00Z,62582.3,62692.2,61729.9,61985.6,11075.587
2024-04-29T14:00:00Z,61985.6,62999.3,61843.0,62815.0,11785.37
2024-04-29T15:00:00Z,62815.0,63119.0,62705.1,63017.3,5341.25
2024-04-29T16:00:00Z,63017.3,63152.1,62697.4,62761.3,3295.685
2024-04-29T17:00:00Z,62761.3,63199.9,62740.7,63004.6,2800.619
2024-04-29T18:00:00Z,63004.6,63034.1,62678.7,62847.7,1784.261
2024-04-29T19:00:00Z,62847.7,62975.7,62520.0,62959.1,4221.892
2024-04-29T20:00:00Z,62959.1,63117.7,62862.5,62942.0,1586.195
2024-04-29T21:00:00Z,62942.0,63170.9,62793.3,63066.1,1444.388
2024-04-29T22:00:00Z,63066.1,63912.3,63012.2,63846.0,8126.894
2024-04-29T23:00:00Z,63846.0,64193.0,63755.1,63827.9,5498.922
2024-04-30T00:00:00Z,63827.9,64705.3,63653.3,64547.6,6932.283
2024-04-30T01:00:00Z,64547.6,64583.0,63543.2,63583.4,6002.045
2024-04-30T02:00:00Z,63583.4,63876.5,63088.0,63746.3,8664.792
2024-04-30T03:00:00Z,63746.3,63800.0,63526.4,63628.3,2618.456
2024-04-30T04:00:00Z,63628.3,63697.9,63316.8,63391.3,3426.173
2024-04-30T05:00:00Z,63391.3,63469.9,63039.0,63290.1,4121.784
2024-04-30T06:00:00Z,63290.1,63437.5,63179.3,63378.9,1676.301
2024-04-30T07:00:00Z,63378.9,63423.3,63100.0,63114.8,2528.835
2024-04-30T08:00:00Z,63114.8,63209.0,61757.0,61878.5,17296.244
2024-04-30T09:00:00Z,61878.5,62080.0,61515.0,61645.5,11572.347
2024-04-30T10:00:00Z,61645.5,61760.3,61350.0,61754.3,7447.35
2024-04-30T11:00:00Z,61754.3,61754.4,61001.7,61194.5,12001.738
2024-04-30T12:00:00Z,61194.5,61328.9,60703.0,61214.9,10697.814
2024-04-30T13:00:00Z,61214.9,61289.7,60748.6,60800.1,7152.109
2024-04-30T14:00:00Z,60800.1,61554.6,60500.8,61211.5,15188.315
2024-04-30T15:00:00Z,61211.5,61365.0,60545.0,60760.0,10130.675
2024-04-30T16:00:00Z,60760.0,60879.1,60121.0,60304.9,13506.084
2024-04-30T17:00:00Z,60304.9,60480.0,60022.6,60337.6,6369.138
2024-04-30T18:00:00Z,60337.6,60510.7,59950.0,60386.8,7247.369
2024-04-30T19:00:00Z,60386.8,60493.8,59132.0,59276.4,20022.389
2024-04-30T20:00:00Z,59276.4,60175.9,59254.2,59933.5,11648.894
2024-04-30T21:00:00Z,59933.5,60378.0,59925.3,60146.3,4380.111
2024-04-30T22:00:00Z,60146.3,61049.0,60124.3,60562.8,7870.588
2024-04-30T23:00:00Z,60562.8,60915.6,60376.0,60655.9,2720.286
2024-05-01T00:00:00Z,60655.9,60820.0,60031.8,60213.5,5591.462
2024-05-01T01:00:00Z,60213.5,60380.0,59800.1,60112.5,5227.323
2024-05-01T02:00:00Z,60112.5,60159.4,59550.0,59910.0,6856.557
2024-05-01T03:00:00Z,59910.0,60299.0,59883.0,60222.9,2414.526
2024-05-01T04:00:00Z,60222.9,60333.0,60166.8,60258.9,2089.476
2024-05-01T05:00:00Z,60258.9,60295.8,59921.1,60037.4,3444.678
2024-05-01T06:00:00Z,60037.4,60103.5,59480.5,59514.9,5041.724
2024-05-01T07:00:00Z,59514.9,59559.0,57016.5,57474.0,41978.174
2024-05-01T08:00:00Z,57474.0,57580.7,56505.0,57144.2,23649.52
2024-05-01T09:00:00Z,57144.2,57621.2,57006.0,57080.3,9805.669
2024-05-01T10:00:00Z,57080.3,57750.0,56850.0,57747.9,9850.073
2024-05-01T11:00:00Z,57747.9,57892.0,57420.9,57870.1,5512.627
2024-05-01T12:00:00Z,57870.1,58265.7,57700.0,57941.8,9334.978
2024-05-01T13:00:00Z,57941.8,57976.9,57188.3,57271.8,10139.457
2024-05-01T14:00:00Z,57271.8,57568.3,57069.3,57462.4,9442.319
2024-05-01T15:00:00Z,57462.4,57496.8,56636.5,56860.6,9416.292
2024-05-01T16:00:00Z,56860.6,57437.2,56723.5,57022.6,7225.148
2024-05-01T17:00:00Z,57022.6,57700.0,56580.7,57406.7,7850.27
2024-05-01T18:00:00Z,57406.7,59455.2,57293.5,58887.7,28390.067
2024-05-01T19:00:00Z,58887.7,59243.7,56852.7,56936.4,24973.622
2024-05-01T20:00:00Z,56936.4,57522.0,56723.9,57330.0,10189.985
2024-05-01T21:00:00Z,57330.0,58134.5,57224.2,57877.6,6858.316
2024-05-01T22:00:00Z,57877.6,58192.6,57823.1,57843.7,3606.586
2024-05-01T23:00:00Z,57843.7,58540.0,57786.9,58298.5,5537.076
2024-05-02T00:00:00Z,58298.5,58560.0,57600.6,57721.4,6427.835
2024-05-02T01:00:00Z,57721.4,57856.0,56887.3,57083.0,8633.36
2024-05-02T02:00:00Z,57083.0,57629.2,57075.3,57435.1,4517.515
2024-05-02T03:00:00Z,57435.1,57670.0,57360.0,57412.9,3063.108
2024-05-02T04:00:00Z,57412.9,57625.0,57284.5,57375.1,2375.218
2024-05-02T05:00:00Z,57375.1,57524.8,57163.8,57462.3,3091.997
2024-05-02T06:00:00Z,57462.3,57724.9,57387.0,57615.0,3640.748
2024-05-02T07:00:00Z,57615.0,57927.2,57605.0,57651.3,3606.558
2024-05-02T08:00:00Z,57651.3,57966.1,57578.1,57816.1,3790.341
2024-05-02T09:00:00Z,57816.1,57890.3,57622.5,57783.4,2503.775
2024-05-02T10:00:00Z,57783.4,57891.9,57518.5,57777.9,3416.041
2024-05-02T11:00:00Z,57777.9,58650.0,57761.6,58524.3,13990.685
2024-05-02T12:00:00Z,58524.3,59060.0,58399.5,58516.3,12160.481
2024-05-02T13:00:00Z,58516.3,58749.5,58194.1,58417.3,8897.395
2024-05-02T14:00:00Z,58417.3,59277.2,58250.0,59014.6,13507.321
2024-05-02T15:00:00Z,59014.6,59428.7,58935.0,59225.4,6408.017
2024-05-02T16:00:00Z,59225.4,59283.6,58902.0,58985.0,3482.008
2024-05-02T17:00:00Z,58985.0,59271.5,58914.8,59161.9,2785.645
2024-05-02T18:00:00Z,59161.9,59549.0,58939.9,59361.9,5577.868
2024-05-02T19:00:00Z,59361.9,59362.0,59001.0,59317.4,3339.559
2024-05-02T20:00:00Z,59317.4,59399.9,58572.1,58688.8,6846.024
2024-05-02T21:00:00Z,58688.8,59581.0,58658.2,59075.1,5622.056
2024-05-02T22:00:00Z,59075.1,59422.3,59030.1,59293.4,2418.116
2024-05-02T23:00:00Z,59293.4,59344.4,59009.5,59030.4,1343.227
2024-05-03T00:00:00Z,59030.4,59100.0,58780.0,59002.8,3070.26
2024-05-03T01:00:00Z,59002.8,59476.5,58970.0,59292.7,3822.872
2024-05-03T02:00:00Z,59292.7,59899.3,59237.1,59518.3,5475.464
2024-05-03T03:00:00Z,59518.3,59980.0,59477.0,59682.8,3777.023
2024-05-03T04:00:00Z,59682.8,59818.4,59507.5,59569.8,1666.155
2024-05-03T05:00:00Z,59569.8,59592.4,59429.3,59494.7,2205.008
2024-05-03T06:00:00Z,59494.7,59530.9,59203.1,59220.1,2701.466
2024-05-03T07:00:00Z,59220.1,59409.9,58979.7,59150.0,4527.052
2024-05-03T08:00:00Z,59150.0,59358.8,59095.1,59193.5,2161.677
2024-05-03T09:00:00Z,59193.5,59557.9,59172.1,59432.9,3279.822
2024-05-03T10:00:00Z,59432.9,59447.9,58816.1,59012.1,4961.447
2024-05-03T11:00:00Z,59012.1,59449.1,58840.0,59275.8,4135.226
2024-05-03T12:00:00Z,59275.8,60732.6,58972.0,60597.9,18809.334
2024-05-03T13:00:00Z,60597.9,61780.9,60467.2,61638.2,22371.333
2024-05-03T14:00:00Z,61638.2,62100.0,61326.7,61579.9,13164.947
2024-05-03T15:00:00Z,61579.9,61773.3,61304.2,61653.3,5588.978
2024-05-03T16:00:00Z,61653.3,62190.0,61511.8,61653.6,8323.659
2024-05-03T17:00:00Z,61653.6,61927.0,61497.6,61771.6,3999.684
2024-05-03T18:00:00Z,61771.6,61971.3,61666.0,61789.6,2083.62
2024-05-03T19:00:00Z,61789.6,62087.5,61548.4,62030.2,3357.218
2024-05-03T20:00:00Z,62030.2,63154.9,61940.0,62871.8,15902.417
2024-05-03T21:00:00Z,62871.8,62900.0,62321.1,62699.2,5207.357
2024-05-03T22:00:00Z,62699.2,62977.0,62590.7,62740.0,4218.589
2024-05-03T23:00:00Z,62740.0,63343.7,62730.0,62843.7,5704.324
2024-05-04T00:00:00Z,62843.7,63138.5,62725.5,63041.3,2854.122
2024-05-04T01:00:00Z,63041.3,63650.0,62785.0,62820.1,7299.913
2024-05-04T02:00:00Z,62820.1,62878.3,62512.8,62670.8,3323.403
2024-05-04T03:00:00Z,62670.8,62854.2,62622.1,62686.6,1695.242
2024-05-04T04:00:00Z,62686.6,63189.4,62650.0,63025.6,4398.346
2024-05-04T05:00:00Z,63025.6,63444.0,62915.9,63360.6,3423.015
2024-05-04T06:00:00Z,63360.6,63373.3,62880.0,62937.2,2875.025
2024-05-04T07:00:00Z,62937.2,63109.7,62857.7,62926.5,1646.682
2024-05-04T08:00:00Z,62926.5,63196.1,62906.6,63144.9,1742.059
2024-05-04T09:00:00Z,63144.9,63278.8,63025.0,63159.5,1885.67
2024-05-04T10:00:00Z,63159.5,64468.0,63069.6,64391.5,11561.851
2024-05-04T11:00:00Z,64391.5,64499.9,63625.0,63847.6,8506.386
2024-05-04T12:00:00Z,63847.6,64080.0,63733.7,64038.1,3428.269
2024-05-04T13:00:00Z,64038.1,64142.3,63420.2,63690.2,5739.835
2024-05-04T14:00:00Z,63690.2,63939.1,63503.0,63778.8,3036.642
2024-05-04T15:00:00Z,63778.8,63806.0,63421.0,63584.5,1901.044
2024-05-04T16:00:00Z,63584.5,63692.2,63351.4,63648.8,2682.288
2024-05-04T17:00:00Z,63648.8,63723.5,63266.0,63431.9,2845.983
2024-05-04T18:00:00Z,63431.9,63715.6,63366.1,63620.9,2227.682
2024-05-04T19:00:00Z,63620.9,63990.0,63514.8,63883.1,2050.07
2024-05-04T20:00:00Z,63883.1,64183.7,63804.2,63850.1,2473.358
2024-05-04T21:00:00Z,63850.1,64094.6,63491.7,63872.6,3183.598
2024-05-04T22:00:00Z,63872.6,63918.1,63555.0,63579.6,1866.018
2024-05-04T23:00:00Z,63579.6,63907.3,63569.4,63860.0,1247.549
2024-05-05T00:00:00Z,63860.0,64178.9,63380.4,63488.2,6199.862
2024-05-05T01:00:00Z,63488.2,63564.9,62866.1,63288.1,6828.26
2024-05-05T02:00:00Z,63288.1,63411.6,63111.9,63119.9,1881.145
2024-05-05T03:00:00Z,63119.9,63260.5,62978.0,63203.9,2004.513
2024-05-05T04:00:00Z,63203.9,63394.8,63203.4,63316.1,1622.683
2024-05-05T05:00:00Z,63316.1,63466.6,63067.8,63193.1,1738.105
2024-05-05T06:00:00Z,63193.1,63438.7,63138.0,63355.2,1283.935
2024-05-05T07:00:00Z,63355.2,63936.0,63328.9,63705.9,4209.986
2024-05-05T08:00:00Z,63705.9,63916.9,63524.1,63655.5,3580.872
2024-05-05T09:00:00Z,63655.5,63728.3,63530.4,63650.9,1413.853
2024-05-05T10:00:00Z,63650.9,63828.1,63538.0,63677.3,1406.563
2024-05-05T11:00:00Z,63677.3,63900.0,63555.8,63838.8,2790.926
2024-05-05T12:00:00Z,63838.8,63863.9,63610.6,63708.0,1788.328
2024-05-05T13:00:00Z,63708.0,64259.0,63592.5,64086.1,6945.117
2024-05-05T14:00:00Z,64086.1,64133.5,63730.6,64076.1,3188.581
2024-05-05T15:00:00Z,64076.1,64630.0,63966.0,64400.0,6203.497
2024-05-05T16:00:00Z,64400.0,64520.0,64166.6,64300.0,3470.217
2024-05-05T17:00:00Z,64300.0,64450.0,64125.3,64186.1,1618.219
2024-05-05T18:00:00Z,64186.1,64215.2,63779.5,63912.6,3295.283
2024-05-05T19:00:00Z,63912.6,63988.6,63804.3,63850.0,986.647
2024-05-05T20:00:00Z,63850.0,63850.1,63536.1,63708.0,2979.684
2024-05-05T21:00:00Z,63708.0,63847.6,63560.7,63836.0,1538.578
2024-05-05T22:00:00Z,63836.0,63873.9,63670.0,63824.6,1124.596
2024-05-05T23:00:00Z,63824.6,64223.5,63787.9,63997.8,2826.054
2024-05-06T00:00:00Z,63997.8,64333.0,63992.2,64194.6,1890.77
2024-05-06T01:00:00Z,64194.6,64468.8,64030.5,64112.7,3091.319
2024-05-06T02:00:00Z,64112.7,64210.4,63787.0,63793.9,1977.128
2024-05-06T03:00:00Z,63793.9,63915.7,63680.0,63842.1,1746.077
2024-05-06T04:00:00Z,63842.1,64168.8,63751.0,64133.7,2156.831
2024-05-06T05:00:00Z,64133.7,64327.8,64007.9,64153.7,2413.259
2024-05-06T06:00:00Z,64153.7,64436.0,64112.3,64203.4,2775.874
2024-05-06T07:00:00Z,64203.4,64584.2,64110.0,64516.5,3277.172
2024-05-06T08:00:00Z,64516.5,65540.0,64420.1,65130.3,16938.683
2024-05-06T09:00:00Z,65130.3,65353.9,65100.9,65155.9,3693.559
2024-05-06T10:00:00Z,65155.9,65263.8,63800.0,64010.0,14540.502
2024-05-06T11:00:00Z,64010.0,64360.1,63978.9,64198.0,5669.758
2024-05-06T12:00:00Z,64198.0,64330.0,63303.7,63577.1,14334.861
2024-05-06T13:00:00Z,63577.1,63970.5,63417.6,63851.4,9197.068
2024-05-06T14:00:00Z,63851.4,64194.0,63130.0,63213.4,11106.984
2024-05-06T15:00:00Z,63213.4,63731.5,62888.0,63594.1,11394.358
2024-05-06T16:00:00Z,63594.1,63705.1,63025.7,63145.6,5558.833
2024-05-06T17:00:00Z,63145.6,63476.6,62869.0,63142.4,5937.427
2024-05-06T18:00:00Z,63142.4,63529.9,62908.1,63374.4,6200.336
2024-05-06T19:00:00Z,63374.4,63382.5,62669.0,63205.6,7652.166
2024-05-06T20:00:00Z,63205.6,63400.0,63031.4,63300.6,2988.779
2024-05-06T21:00:00Z,63300.6,63625.1,63300.6,63533.6,2616.976
2024-05-06T22:00:00Z,63533.6,63565.1,63380.4,63480.1,1517.335
2024-05-06T23:00:00Z,63480.1,63480.1,63108.7,63149.3,2678.681
2024-05-07T00:00:00Z,63149.3,63694.0,62940.9,63538.8,5219.017
2024-05-07T01:00:00Z,63538.8,64000.0,63466.0,63886.5,4620.544
2024-05-07T02:00:00Z,63886.5,63949.0,63619.7,63696.9,1394.272
2024-05-07T03:00:00Z,63696.9,63729.8,62803.5,63219.0,6688.829
2024-05-07T04:00:00Z,63219.0,63447.5,63068.5,63435.5,2066.832
2024-05-07T05:00:00Z,63435.5,63734.0,63207.4,63535.3,3246.323
2024-05-07T06:00:00Z,63535.3,63694.5,63344.2,63598.0,2726.673
2024-05-07T07:00:00Z,63598.0,63840.0,63523.2,63652.0,1975.123
2024-05-07T08:00:00Z,63652.0,64398.7,63571.3,64211.1,6698.588
2024-05-07T09:00:00Z,64211.1,64350.0,64046.0,64099.9,3081.531
2024-05-07T10:00:00Z,64099.9,64156.5,63717.5,64073.4,5309.175
2024-05-07T11:00:00Z,64073.4,64104.6,63309.3,63473.8,6485.106
2024-05-07T12:00:00Z,63473.8,63764.4,63440.0,63647.7,3599.129
2024-05-07T13:00:00Z,63647.7,63709.7,63069.5,63194.8,6126.53
2024-05-07T14:00:00Z,63194.8,64072.0,63020.2,64011.1,7450.814
2024-05-07T15:00:00Z,64011.1,64305.3,63555.4,63720.2,7702.005
2024-05-07T16:00:00Z,63720.2,63883.4,63404.4,63611.9,3109.804
2024-05-07T17:00:00Z,63611.9,63643.7,63271.6,63373.4,2812.107
2024-05-07T18:00:00Z,63373.4,63384.9,62780.0,63159.5,7200.144
2024-05-07T19:00:00Z,63159.5,63262.4,62942.0,63041.4,2304.612
2024-05-07T20:00:00Z,63041.4,63199.5,62873.5,62967.9,2168.972
2024-05-07T21:00:00Z,62967.9,63146.0,62815.3,63055.3,1700.094
2024-05-07T22:00:00Z,63055.3,63106.1,62713.2,62832.6,3676.987
2024-05-07T23:00:00Z,62832.6,62869.0,62230.0,62314.5,8511.085
2024-05-08T00:00:00Z,62314.5,62727.0,62075.5,62588.8,6534.259
2024-05-08T01:00:00Z,62588.8,62716.0,62412.2,62525.6,2161.959
2024-05-08T02:00:00Z,62525.6,62850.0,62525.5,62754.3,2471.05
2024-05-08T03:00:00Z,62754.3,62987.2,62579.6,62891.0,2747.128
2024-05-08T04:00:00Z,62891.0,63024.5,62335.6,62504.1,4499.407
2024-05-08T05:00:00Z,62504.1,62732.1,62329.9,62591.7,2250.006
2024-05-08T06:00:00Z,62591.7,62699.6,62091.0,62475.1,4851.887
2024-05-08T07:00:00Z,62475.1,62589.5,62037.1,62187.8,3475.63
2024-05-08T08:00:00Z,62187.8,62421.7,62001.1,62363.0,3952.035
2024-05-08T09:00:00Z,62363.0,62410.9,62051.0,62278.9,3205.076
2024-05-08T10:00:00Z,62278.9,62499.4,62234.1,62415.1,2380.748
2024-05-08T11:00:00Z,62415.1,62483.4,62105.2,62219.2,3031.675
2024-05-08T12:00:00Z,62219.2,62434.9,62065.0,62220.1,3171.615
2024-05-08T13:00:00Z,62220.1,62450.0,61742.2,62425.5,10354.092
2024-05-08T14:00:00Z,62425.5,62820.7,62145.0,62546.3,6226.085
2024-05-08T15:00:00Z,62546.3,62595.9,61851.1,62268.0,7617.155
2024-05-08T16:00:00Z,62268.0,62441.0,61980.0,62430.2,2785.653
2024-05-08T17:00:00Z,62430.2,62680.3,62344.5,62579.7,2905.308
2024-05-08T18:00:00Z,62579.7,62767.4,62422.8,62499.9,2223.498
2024-05-08T19:00:00Z,62499.9,62515.7,61908.4,62154.4,4340.157
2024-05-08T20:00:00Z,62154.4,62222.4,61372.7,61537.1,8105.036
2024-05-08T21:00:00Z,61537.1,61750.4,61369.6,61474.3,3896.771
2024-05-08T22:00:00Z,61474.3,61563.8,61090.0,61236.4,5148.933
2024-05-08T23:00:00Z,61236.4,61255.3,60850.0,61164.0,7002.145
2024-05-09T00:00:00Z,61164.0,61455.1,61110.7,61376.5,2332.074
2024-05-09T01:00:00Z,61376.5,61548.7,61355.7,61528.7,1628.323
2024-05-09T02:00:00Z,61528.7,61673.4,61466.2,61646.7,2376.074
2024-05-09T03:00:00Z,61646.7,61788.0,61388.4,61644.0,3494.354
2024-05-09T04:00:00Z,61644.0,61725.5,61402.0,61469.0,1779.358
2024-05-09T05:00:00Z,61469.0,61686.2,61424.6,61542.3,1377.555
2024-05-09T06:00:00Z,61542.3,61759.5,61500.1,61588.9,1568.905
2024-05-09T07:00:00Z,61588.9,61619.9,61100.1,61233.8,3579.198
2024-05-09T08:00:00Z,61233.8,61422.0,61118.7,61293.2,2827.255
2024-05-09T09:00:00Z,61293.2,61353.7,60890.1,61259.0,5900.275
2024-05-09T10:00:00Z,61259.0,61297.3,60736.0,60770.8,5383.395
2024-05-09T11:00:00Z,60770.8,61162.1,60544.5,61033.6,6796.991
2024-05-09T12:00:00Z,61033.6,61614.6,60995.0,61478.7,6033.773
2024-05-09T13:00:00Z,61478.7,61510.4,60855.1,61169.5,5614.316
2024-05-09T14:00:00Z,61169.5,61592.5,61099.1,61519.8,5536.732
2024-05-09T15:00:00Z,61519.8,62259.4,61438.7,62123.7,11282.702
2024-05-09T16:00:00Z,62123.7,62653.3,61786.3,61835.3,9780.039
2024-05-09T17:00:00Z,61835.3,62175.2,61712.9,61912.7,4989.126
2024-05-09T18:00:00Z,61912.7,62237.5,61853.0,62235.2,2081.412
2024-05-09T19:00:00Z,62235.2,62587.2,62134.3,62426.2,4109.078
2024-05-09T20:00:00Z,62426.2,62625.0,62306.0,62584.6,2963.866
2024-05-09T21:00:00Z,62584.6,62805.3,62400.5,62511.1,4817.232
2024-05-09T22:00:00Z,62511.1,63405.5,62459.8,63249.1,7385.483
2024-05-09T23:00:00Z,63249.1,63300.0,62818.5,63035.5,4420.65
2024-05-10T00:00:00Z,63035.5,63061.7,62703.1,62816.2,2223.807
2024-05-10T01:00:00Z,62816.2,62939.8,62623.4,62850.2,2448.71
2024-05-10T02:00:00Z,62850.2,63026.5,62734.7,62867.7,1442.475
2024-05-10T03:00:00Z,62867.7,62904.9,62753.3,62876.8,951.757
2024-05-10T04:00:00Z,62876.8,62975.5,62736.5,62903.0,1395.437
2024-05-10T05:00:00Z,62903.0,62943.0,62628.1,62732.7,2260.371
2024-05-10T06:00:00Z,62732.7,63199.8,62706.5,63127.2,2147.189
2024-05-10T07:00:00Z,63127.2,63363.1,62963.7,63041.8,5678.08
2024-05-10T08:00:00Z,63041.8,63103.6,62817.4,63025.2,2210.068
2024-05-10T09:00:00Z,63025.2,63192.0,62828.3,63108.5,1880.288
2024-05-10T10:00:00Z,63108.5,63119.4,62835.1,63008.3,1443.407
2024-05-10T11:00:00Z,63008.3,63309.4,62767.7,63276.3,2741.907
2024-05-10T12:00:00Z,63276.3,63447.8,62900.0,62983.8,4985.798
2024-05-10T13:00:00Z,62983.8,63073.8,62775.1,62966.6,2802.428
2024-05-10T14:00:00Z,62966.6,63074.0,60615.9,61039.3,32118.017
2024-05-10T15:00:00Z,61039.3,61308.5,60679.1,60899.3,15124.979
2024-05-10T16:00:00Z,60899.3,61279.1,60172.7,61064.8,14841.714
2024-05-10T17:00:00Z,61064.8,61064.8,60111.0,60391.1,11751.735
2024-05-10T18:00:00Z,60391.1,60759.4,60211.1,60700.9,5354.403
2024-05-10T19:00:00Z,60700.9,60888.0,60515.7,60686.3,4101.378
2024-05-10T20:00:00Z,60686.3,60966.1,60440.8,60506.6,2899.722
2024-05-10T21:00:00Z,60506.6,60771.0,60451.1,60702.0,2529.154
2024-05-10T22:00:00Z,60702.0,60919.1,60601.2,60830.1,1914.218
2024-05-10T23:00:00Z,60830.1,60985.9,60760.0,60789.1,1822.077
2024-05-11T00:00:00Z,60789.1,60929.5,60650.0,60776.0,2062.181
2024-05-11T01:00:00Z,60776.0,61094.7,60754.6,60857.4,2073.862
2024-05-11T02:00:00Z,60857.4,60994.9,60745.0,60887.5,1641.483
2024-05-11T03:00:00Z,60887.5,60922.2,60702.3,60720.0,1255.107
2024-05-11T04:00:00Z,60720.0,60879.9,60700.0,60757.1,1026.941
2024-05-11T05:00:00Z,60757.1,60924.8,60757.1,60911.7,856.997
2024-05-11T06:00:00Z,60911.7,61068.4,60871.1,60936.1,1477.656
2024-05-11T07:00:00Z,60936.1,60993.7,60830.7,60993.2,1013.982
2024-05-11T08:00:00Z,60993.2,61044.1,60760.0,60775.5,1833.88
2024-05-11T09:00:00Z,60775.5,60901.0,60634.1,60894.1,1704.677
2024-05-11T10:00:00Z,60894.1,60901.3,60675.1,60734.6,821.87
2024-05-11T11:00:00Z,60734.6,60774.0,60461.0,60657.9,2812.254
2024-05-11T12:00:00Z,60657.9,60804.5,60605.3,60686.3,1117.616
2024-05-11T13:00:00Z,60686.3,61000.0,60638.5,60956.2,2305.544
2024-05-11T14:00:00Z,60956.2,60996.0,60769.4,60823.0,1609.701
2024-05-11T15:00:00Z,60823.0,61500.0,60823.0,61161.9,8036.592
2024-05-11T16:00:00Z,61161.9,61399.9,61078.8,61186.9,2512.595
2024-05-11T17:00:00Z,61186.9,61246.0,61000.5,61098.3,1624.115
2024-05-11T18:00:00Z,61098.3,61297.0,61006.4,61202.2,1136.63
2024-05-11T19:00:00Z,61202.2,61215.1,61035.7,61127.2,764.747
2024-05-11T20:00:00Z,61127.2,61135.3,60751.0,60990.4,2554.757
2024-05-11T21:00:00Z,60990.4,60990.5,60808.5,60896.0,602.792
2024-05-11T22:00:00Z,60896.0,60972.6,60866.2,60883.1,634.263
2024-05-11T23:00:00Z,60883.1,60954.3,60720.9,60810.2,1185.345
2024-05-12T00:00:00Z,60810.2,61081.1,60779.5,60952.3,1105.256
2024-05-12T01:00:00Z,60952.3,61059.8,60830.1,60841.1,995.499
2024-05-12T02:00:00Z,60841.1,60961.3,60803.5,60905.8,635.142
2024-05-12T03:00:00Z,60905.8,60950.0,60837.2,60906.1,451.813
2024-05-12T04:00:00Z,60906.1,61094.8,60892.3,61066.0,917.817
2024-05-12T05:00:00Z,61066.0,61066.1,60950.0,61015.5,491.893
2024-05-12T06:00:00Z,61015.5,61043.7,60911.1,60918.0,429.721
2024-05-12T07:00:00Z,60918.0,60975.9,60566.6,60789.3,2956.67
2024-05-12T08:00:00Z,60789.3,61091.0,60750.0,61026.5,2836.3
2024-05-12T09:00:00Z,61026.5,61060.0,60932.0,60974.0,869.649
2024-05-12T10:00:00Z,60974.0,61356.0,60914.2,61148.5,3677.534
2024-05-12T11:00:00Z,61148.5,61218.1,61082.5,61118.4,744.458
2024-05-12T12:00:00Z,61118.4,61232.3,61052.2,61139.9,838.63
2024-05-12T13:00:00Z,61139.9,61230.0,61077.0,61179.2,783.066
2024-05-12T14:00:00Z,61179.2,61309.9,61102.0,61155.9,1350.369
2024-05-12T15:00:00Z,61155.9,61554.3,61120.4,61397.1,3454.542
2024-05-12T16:00:00Z,61397.1,61854.2,61306.3,61309.8,6024.96
2024-05-12T17:00:00Z,61309.8,61646.9,61122.7,61587.3,3756.703
2024-05-12T18:00:00Z,61587.3,61621.3,61311.2,61342.1,1093.037
2024-05-12T19:00:00Z,61342.1,61409.8,61180.0,61379.9,1253.118
2024-05-12T20:00:00Z,61379.9,61411.4,61243.7,61249.8,730.809
2024-05-12T21:00:00Z,61249.8,61295.2,60805.4,61199.9,3519.611
2024-05-12T22:00:00Z,61199.9,61382.5,61167.2,61294.3,1334.532
2024-05-12T23:00:00Z,61294.3,61527.3,61238.0,61449.7,1721.255
2024-05-13T00:00:00Z,61449.7,61779.0,61449.4,61484.0,2127.519
2024-05-13T01:00:00Z,61484.0,61519.9,61133.8,61382.5,2890.16
2024-05-13T02:00:00Z,61382.5,61477.7,60908.0,60998.1,6338.279
2024-05-13T03:00:00Z,60998.1,61178.0,60707.8,61129.2,4447.007
2024-05-13T04:00:00Z,61129.2,61130.0,60868.9,60966.7,2283.564
2024-05-13T05:00:00Z,60966.7,60996.5,60769.9,60838.3,1860.858
2024-05-13T06:00:00Z,60838.3,61549.3,60770.0,61492.7,4158.423
2024-05-13T07:00:00Z,61492.7,62423.0,61441.3,62311.2,9428.153
2024-05-13T08:00:00Z,62311.2,63066.0,62311.2,62736.4,14320.07
2024-05-13T09:00:00Z,62736.4,63266.8,62736.4,63031.2,6390.892
2024-05-13T10:00:00Z,63031.2,63067.0,62336.6,62645.5,6961.755
2024-05-13T11:00:00Z,62645.5,62748.8,62453.4,62695.8,3163.335
2024-05-13T12:00:00Z,62695.8,62887.0,62400.7,62814.3,4572.454
2024-05-13T13:00:00Z,62814.3,63025.3,62561.8,62738.5,5044.125
2024-05-13T14:00:00Z,62738.5,63086.0,62686.6,62726.8,3922.818
2024-05-13T15:00:00Z,62726.8,63197.4,62680.3,62977.3,4216.771
2024-05-13T16:00:00Z,62977.3,63437.3,62885.0,63140.9,6705.166
2024-05-13T17:00:00Z,63140.9,63162.5,62564.0,62769.5,6015.358
2024-05-13T18:00:00Z,62769.5,62795.3,62530.0,62754.5,2220.665
2024-05-13T19:00:00Z,62754.5,63173.3,62754.4,63142.3,2817.977
2024-05-13T20:00:00Z,63142.3,63176.9,62950.1,63068.0,1445.064
2024-05-13T21:00:00Z,63068.0,63099.0,62793.5,62863.8,1070.459
2024-05-13T22:00:00Z,62863.8,62916.3,62675.0,62728.4,1699.124
2024-05-13T23:00:00Z,62728.4,62952.0,62675.1,62909.4,1241.093
2024-05-14T00:00:00Z,62909.4,63095.9,62690.9,62796.5,2612.854
2024-05-14T01:00:00Z,62796.5,63000.0,62541.6,62614.6,3232.716
2024-05-14T02:00:00Z,62614.6,62680.4,62457.4,62517.5,3466.241
2024-05-14T03:00:00Z,62517.5,62675.6,62385.6,62458.4,3098.847
2024-05-14T04:00:00Z,62458.4,62638.7,62374.7,62518.1,1521.371
2024-05-14T05:00:00Z,62518.1,62752.9,62461.0,62689.9,1740.36
2024-05-14T06:00:00Z,62689.9,62690.0,61368.2,62025.6,14851.469
2024-05-14T07:00:00Z,62025.6,62100.0,61812.7,62002.5,3488.674
2024-05-14T08:00:00Z,62002.5,62014.3,61689.0,61832.6,3419.693
2024-05-14T09:00:00Z,61832.6,61945.7,61717.4,61767.3,1444.034
2024-05-14T10:00:00Z,61767.3,61798.8,61488.8,61690.0,3822.928
2024-05-14T11:00:00Z,61690.0,61869.2,61661.1,61780.0,1916.149
2024-05-14T12:00:00Z,61780.0,62092.6,61000.1,61550.1,13948.539
2024-05-14T13:00:00Z,61550.1,62029.7,61424.4,61675.2,5550.176
2024-05-14T14:00:00Z,61675.2,62288.5,61073.7,61779.0,16276.506
2024-05-14T15:00:00Z,61779.0,62014.7,61607.5,61749.4,5351.205
2024-05-14T16:00:00Z,61749.4,61786.9,61201.0,61396.8,5161.232
2024-05-14T17:00:00Z,61396.8,61478.6,61123.6,61285.3,4167.796
2024-05-14T18:00:00Z,61285.3,61446.1,61181.1,61412.3,2030.085
2024-05-14T19:00:00Z,61412.3,61657.5,61368.8,61563.8,2012.458
2024-05-14T20:00:00Z,61563.8,61696.2,61517.6,61584.6,1582.099
2024-05-14T21:00:00Z,61584.6,61774.4,61439.1,61663.7,2064.511
2024-05-14T22:00:00Z,61663.7,61738.0,61540.0,61680.6,792.165
2024-05-14T23:00:00Z,61680.6,61695.4,61505.1,61546.0,729.649
2024-05-15T00:00:00Z,61546.0,61771.8,61310.0,61417.6,2177.475
2024-05-15T01:00:00Z,61417.6,61718.6,61406.1,61664.5,1456.843
2024-05-15T02:00:00Z,61664.5,61881.0,61658.5,61742.8,1632.388
2024-05-15T03:00:00Z,61742.8,61999.9,61742.8,61927.5,1642.042
2024-05-15T04:00:00Z,61927.5,61960.5,61790.0,61874.3,1240.731
2024-05-15T05:00:00Z,61874.3,62029.0,61841.8,61898.5,1804.192
2024-05-15T06:00:00Z,61898.5,61948.9,61802.7,61940.0,1158.304
2024-05-15T07:00:00Z,61940.0,62245.0,61860.7,62157.5,3049.234
2024-05-15T08:00:00Z,62157.5,62239.4,62008.3,62120.3,1553.326
2024-05-15T09:00:00Z,62120.3,62900.0,61880.0,62611.0,8003.895
2024-05-15T10:00:00Z,62611.0,62977.0,62344.3,62633.5,6247.684
2024-05-15T11:00:00Z,62633.5,62791.0,62187.5,62444.8,4485.288
2024-05-15T12:00:00Z,62444.8,64195.0,62381.1,63727.1,25356.096
2024-05-15T13:00:00Z,63727.1,64621.8,63500.0,64098.0,18719.603
2024-05-15T14:00:00Z,64098.0,64464.6,63932.6,64461.2,6204.318
2024-05-15T15:00:00Z,64461.2,65048.4,64337.5,64674.2,11379.645
2024-05-15T16:00:00Z,64674.2,65143.6,64674.2,64726.1,7120.329
2024-05-15T17:00:00Z,64726.1,65089.2,64726.1,65007.6,3613.276
2024-05-15T18:00:00Z,65007.6,65800.0,64924.7,65696.2,9860.866
2024-05-15T19:00:00Z,65696.2,66387.1,65247.8,65950.9,12774.048
2024-05-15T20:00:00Z,65950.9,66045.3,65690.1,65902.4,4882.17
2024-05-15T21:00:00Z,65902.4,66175.0,65754.9,65825.5,2803.274
2024-05-15T22:00:00Z,65825.5,66258.9,65805.1,66080.0,3056.359
2024-05-15T23:00:00Z,66080.0,66430.0,66034.1,66185.4,3503.788
2024-05-16T00:00:00Z,66185.4,66673.9,65902.8,66043.7,5580.097
2024-05-16T01:00:00Z,66043.7,66178.0,65804.4,65955.1,2094.605
2024-05-16T02:00:00Z,65955.1,66081.7,65742.3,65880.6,1607.099
2024-05-16T03:00:00Z,65880.6,66050.0,65774.9,65938.0,1578.2
2024-05-16T04:00:00Z,65938.0,65972.3,65775.9,65789.5,1293.707
2024-05-16T05:00:00Z,65789.5,65878.0,65721.5,65755.8,1359.957
2024-05-16T06:00:00Z,65755.8,65974.9,65618.7,65941.7,2634.063
2024-05-16T07:00:00Z,65941.7,66243.3,65902.5,66106.9,2891.71
2024-05-16T08:00:00Z,66106.9,66440.0,66058.0,66257.5,2985.584
2024-05-16T09:00:00Z,66257.5,66337.4,66051.1,66332.9,1934.897
2024-05-16T10:00:00Z,66332.9,66333.0,66079.1,66127.3,1952.794
2024-05-16T11:00:00Z,66127.3,66567.8,65961.0,66476.1,3239.905
2024-05-16T12:00:00Z,66476.1,66770.0,65861.0,65970.0,9652.949
2024-05-16T13:00:00Z,65970.0,66334.9,65734.0,66298.8,6085.182
2024-05-16T14:00:00Z,66298.8,66367.0,65518.0,65582.0,8290.089
2024-05-16T15:00:00Z,65582.0,65920.5,65330.0,65808.9,8803.084
2024-05-16T16:00:00Z,65808.9,65810.0,65080.0,65133.5,8253.906
2024-05-16T17:00:00Z,65133.5,65384.2,64580.4,64982.7,11287.376
2024-05-16T18:00:00Z,64982.7,65197.4,64812.0,65106.1,4289.847
2024-05-16T19:00:00Z,65106.1,65568.2,65070.0,65157.0,4092.505
2024-05-16T20:00:00Z,65157.0,65287.1,65014.8,65258.2,1809.481
2024-05-16T21:00:00Z,65258.2,65487.5,65214.8,65441.0,1718.641
2024-05-16T22:00:00Z,65441.0,65467.8,65108.6,65400.0,1996.796
2024-05-16T23:00:00Z,65400.0,65406.2,65170.4,65226.0,1416.769
2024-05-17T00:00:00Z,65226.0,65486.0,65223.4,65482.0,1465.858
2024-05-17T01:00:00Z,65482.0,65485.1,65070.1,65325.9,2330.415
2024-05-17T02:00:00Z,65325.9,65438.2,65155.8,65362.1,1217.947
2024-05-17T03:00:00Z,65362.1,65868.0,65314.9,65558.7,3983.039
2024-05-17T04:00:00Z,65558.7,65618.0,65331.4,65425.3,1473.581
2024-05-17T05:00:00Z,65425.3,65675.9,65403.7,65675.8,1173.299
2024-05-17T06:00:00Z,65675.8,66186.6,65549.1,65921.9,4116.842
2024-05-17T07:00:00Z,65921.9,66492.0,65921.9,66362.1,7397.213
2024-05-17T08:00:00Z,66362.1,66433.1,66041.1,66118.1,3469.603
2024-05-17T09:00:00Z,66118.1,66364.7,66049.8,66316.8,1570.878
2024-05-17T10:00:00Z,66316.8,66517.9,66155.7,66469.4,2210.022
2024-05-17T11:00:00Z,66469.4,66554.9,66158.5,66194.7,2970.094
2024-05-17T12:00:00Z,66194.7,66529.9,66091.5,66364.8,3239.869
2024-05-17T13:00:00Z,66364.8,66448.6,65771.7,65915.2,6234.563
2024-05-17T14:00:00Z,65915.2,66879.1,65888.0,66799.9,7323.242
2024-05-17T15:00:00Z,66799.9,67443.8,66508.9,67160.0,15408.465
2024-05-17T16:00:00Z,67160.0,67297.1,66855.2,66887.9,4240.723
2024-05-17T17:00:00Z,66887.9,66977.1,66627.8,66674.0,3693.516
2024-05-17T18:00:00Z,66674.0,66827.2,66161.0,66791.2,7024.321
2024-05-17T19:00:00Z,66791.2,67080.1,66620.0,67017.9,3011.935
2024-05-17T20:00:00Z,67017.9,67017.9,66720.7,66858.5,1942.676
2024-05-17T21:00:00Z,66858.5,66893.3,66674.1,66783.5,874.441
2024-05-17T22:00:00Z,66783.5,66783.6,66640.0,66738.8,787.036
2024-05-17T23:00:00Z,66738.8,67013.9,66660.1,66973.0,1592.207
2024-05-18T00:00:00Z,66973.0,67044.0,66703.0,66862.6,2033.472
2024-05-18T01:00:00Z,66862.6,66985.1,66731.0,66942.9,1264.598
2024-05-18T02:00:00Z,66942.9,67031.9,66776.2,66875.9,1310.386
2024-05-18T03:00:00Z,66875.9,66982.1,66823.0,66914.0,887.694
2024-05-18T04:00:00Z,66914.0,66969.1,66752.3,66853.4,1240.631
2024-05-18T05:00:00Z,66853.4,66859.8,66779.0,66827.9,715.146
2024-05-18T06:00:00Z,66827.9,66920.9,66705.1,66888.6,1302.359
2024-05-18T07:00:00Z,66888.6,67221.7,66772.0,66850.4,4419.615
2024-05-18T08:00:00Z,66850.4,67060.0,66800.9,66995.5,1672.343
2024-05-18T09:00:00Z,66995.5,67127.7,66965.5,67110.1,1568.852
2024-05-18T10:00:00Z,67110.1,67284.4,67016.8,67182.6,3095.598
2024-05-18T11:00:00Z,67182.6,67346.5,67080.2,67165.2,2290.576
2024-05-18T12:00:00Z,67165.2,67200.0,66846.7,66920.9,2276.301
2024-05-18T13:00:00Z,66920.9,67043.1,66750.6,66836.6,2870.108
2024-05-18T14:00:00Z,66836.6,67012.7,66469.0,66760.9,4514.583
2024-05-18T15:00:00Z,66760.9,66886.2,66520.0,66771.0,3919.88
2024-05-18T16:00:00Z,66771.0,66963.8,66667.7,66851.8,1869.451
2024-05-18T17:00:00Z,66851.8,66947.6,66713.3,66831.1,996.258
2024-05-18T18:00:00Z,66831.1,66884.3,66743.0,66767.2,765.238
2024-05-18T19:00:00Z,66767.2,66926.6,66739.1,66878.1,542.749
2024-05-18T20:00:00Z,66878.1,66994.9,66847.2,66944.0,1023.123
2024-05-18T21:00:00Z,66944.0,66968.1,66735.7,66876.1,1337.225
2024-05-18T22:00:00Z,66876.1,66979.4,66786.2,66896.0,614.384
2024-05-18T23:00:00Z,66896.0,67006.2,66875.8,66875.8,603.571
2024-05-19T00:00:00Z,66875.8,66964.3,66817.1,66885.0,1189.947
2024-05-19T01:00:00Z,66885.0,66950.0,66854.3,66896.6,331.928
2024-05-19T02:00:00Z,66896.6,67194.1,66896.6,67169.9,1551.686
2024-05-19T03:00:00Z,67169.9,67272.5,67058.8,67134.0,1841.399
2024-05-19T04:00:00Z,67134.0,67149.9,66952.0,67125.6,1092.4
2024-05-19T05:00:00Z,67125.6,67152.0,67054.9,67072.5,557.322
2024-05-19T06:00:00Z,67072.5,67127.3,66900.0,67008.8,1121.712
2024-05-19T07:00:00Z,67008.8,67320.0,66955.0,67297.5,2599.853
2024-05-19T08:00:00Z,67297.5,67320.0,67050.1,67130.4,1993.353
2024-05-19T09:00:00Z,67130.4,67180.2,66969.0,67158.6,1762.979
2024-05-19T10:00:00Z,67158.6,67737.7,67098.0,67247.7,8270.134
2024-05-19T11:00:00Z,67247.7,67367.3,66916.2,67299.9,5646.497
2024-05-19T12:00:00Z,67299.9,67300.0,66750.9,66802.6,4910.78
2024-05-19T13:00:00Z,66802.6,67139.6,66631.2,67005.9,3612.931
2024-05-19T14:00:00Z,67005.9,67113.4,66810.0,66892.8,1841.849
2024-05-19T15:00:00Z,66892.8,66967.5,66700.0,66867.6,1816.301
2024-05-19T16:00:00Z,66867.6,66970.5,66507.6,66624.8,3386.419
2024-05-19T17:00:00Z,66624.8,66793.4,66502.9,66684.6,1953.38
2024-05-19T18:00:00Z,66684.6,66726.0,66477.5,66555.4,1491.035
2024-05-19T19:00:00Z,66555.4,66616.0,65822.0,66006.3,9577.194
2024-05-19T20:00:00Z,66006.3,66273.9,65967.8,66122.4,1811.148
2024-05-19T21:00:00Z,66122.4,66327.6,65945.6,66257.2,1674.088
2024-05-19T22:00:00Z,66257.2,66431.7,66219.0,66328.0,1351.548
2024-05-19T23:00:00Z,66328.0,66328.0,66162.7,66235.6,1167.406
2024-05-20T00:00:00Z,66235.6,66475.7,66104.7,66426.6,1753.654
2024-05-20T01:00:00Z,66426.6,66560.0,66034.0,66498.8,2955.086
2024-05-20T02:00:00Z,66498.8,66765.4,66470.1,66645.7,2227.364
2024-05-20T03:00:00Z,66645.7,66740.0,66540.0,66641.6,1241.948
2024-05-20T04:00:00Z,66641.6,67136.0,66592.9,67116.7,4072.755
2024-05-20T05:00:00Z,67116.7,67279.5,67033.0,67113.4,3782.547
2024-05-20T06:00:00Z,67113.4,67142.4,66250.1,66379.5,5085.54
2024-05-20T07:00:00Z,66379.5,66866.6,66306.5,66793.1,3990.936
2024-05-20T08:00:00Z,66793.1,67046.1,66711.4,66732.0,2448.976
2024-05-20T09:00:00Z,66732.0,66979.5,66725.0,66867.8,1622.847
2024-05-20T10:00:00Z,66867.8,67350.0,66826.9,67085.9,5844.357
2024-05-20T11:00:00Z,67085.9,67288.9,66872.0,66970.8,3472.746
2024-05-20T12:00:00Z,66970.8,67069.8,66752.3,66899.7,2416.417
2024-05-20T13:00:00Z,66899.7,67165.9,66725.5,67072.5,4249.824
2024-05-20T14:00:00Z,67072.5,67093.4,66708.9,66960.0,3378.408
2024-05-20T15:00:00Z,66960.0,67474.4,66853.1,67390.0,6941.382
2024-05-20T16:00:00Z,67390.0,68235.5,67350.0,68171.1,16752.659
2024-05-20T17:00:00Z,68171.1,68598.0,68013.1,68290.3,9583.82
2024-05-20T18:00:00Z,68290.3,68748.1,68241.3,68677.5,5291.907
2024-05-20T19:00:00Z,68677.5,70094.4,68550.4,70002.8,24650.138
2024-05-20T20:00:00Z,70002.8,70442.9,69155.0,69480.5,16421.84
2024-05-20T21:00:00Z,69480.5,69777.0,68861.5,69695.0,8478.213
2024-05-20T22:00:00Z,69695.0,69945.1,69509.6,69577.4,4622.466
2024-05-20T23:00:00Z,69577.4,71638.3,69572.4,71436.9,14836.57
2024-05-21T00:00:00Z,71436.9,72061.7,71105.4,71306.2,9817.33
2024-05-21T01:00:00Z,71306.2,71306.2,70692.5,71084.0,7173.435
2024-05-21T02:00:00Z,71084.0,71393.8,70850.0,71229.9,4166.306
2024-05-21T03:00:00Z,71229.9,71364.0,71087.4,71250.0,2450.85
2024-05-21T04:00:00Z,71250.0,71265.5,70800.0,70891.9,3089.258
2024-05-21T05:00:00Z,70891.9,71200.0,70811.2,71167.8,3000.323
2024-05-21T06:00:00Z,71167.8,71393.2,71058.7,71172.6,3523.677
2024-05-21T07:00:00Z,71172.6,71209.0,70890.7,70892.1,2643.474
2024-05-21T08:00:00Z,70892.1,71108.6,70855.1,70930.0,1958.145
2024-05-21T09:00:00Z,70930.0,71099.0,70887.0,71002.3,1819.3
2024-05-21T10:00:00Z,71002.3,71332.0,70975.1,71091.1,3757.966
2024-05-21T11:00:00Z,71091.1,71490.8,71000.3,71136.0,5367.988
2024-05-21T12:00:00Z,71136.0,71479.1,71057.1,71375.4,6323.993
2024-05-21T13:00:00Z,71375.4,71379.4,70534.5,70617.4,10662.622
2024-05-21T14:00:00Z,70617.4,70979.8,70182.5,70221.6,9919.652
2024-05-21T15:00:00Z,70221.6,70530.0,69690.0,69865.7,7997.887
2024-05-21T16:00:00Z,69865.7,70288.9,69710.8,69716.5,6517.902
2024-05-21T17:00:00Z,69716.5,70028.7,69601.1,69906.8,4738.972
2024-05-21T18:00:00Z,69906.8,69999.7,69552.7,69879.0,3757.52
2024-05-21T19:00:00Z,69879.0,69990.0,69155.0,69316.0,7419.778
2024-05-21T20:00:00Z,69316.0,69806.0,69263.8,69751.8,3592.095
2024-05-21T21:00:00Z,69751.8,69855.5,69475.8,69755.9,1760.875
2024-05-21T22:00:00Z,69755.9,70248.0,69754.5,70248.0,4131.044
2024-05-21T23:00:00Z,70248.0,70403.9,70111.3,70167.8,2400.409
2024-05-22T00:00:00Z,70167.8,70298.2,70057.4,70130.1,2242.754
2024-05-22T01:00:00Z,70130.1,70228.2,70001.7,70188.5,1121.0
2024-05-22T02:00:00Z,70188.5,70398.9,69919.2,70024.7,2503.946
2024-05-22T03:00:00Z,70024.7,70084.4,69850.1,69993.6,1578.69
2024-05-22T04:00:00Z,69993.6,70044.5,69232.4,69650.7,4932.133
2024-05-22T05:00:00Z,69650.7,69980.0,69561.0,69954.6,2914.357
2024-05-22T06:00:00Z,69954.6,70123.8,69822.1,69920.0,1770.327
2024-05-22T07:00:00Z,69920.0,69944.9,69617.5,69750.3,1803.847
2024-05-22T08:00:00Z,69750.3,70263.9,69673.9,70055.1,2725.717
2024-05-22T09:00:00Z,70055.1,70127.1,69880.7,70030.8,1662.927
2024-05-22T10:00:00Z,70030.8,70302.8,69977.1,70222.8,2156.046
2024-05-22T11:00:00Z,70222.8,70336.5,69767.7,69767.7,3460.841
2024-05-22T12:00:00Z,69767.7,70142.2,69539.4,69684.6,4384.935
2024-05-22T13:00:00Z,69684.6,69950.8,69466.0,69620.9,4257.687
2024-05-22T14:00:00Z,69620.9,70234.8,69475.5,70145.6,7055.449
2024-05-22T15:00:00Z,70145.6,70658.0,69971.0,70481.6,6055.385
2024-05-22T16:00:00Z,70481.6,70713.0,70199.0,70259.2,3705.055
2024-05-22T17:00:00Z,70259.2,70474.0,69644.6,69878.8,5443.172
2024-05-22T18:00:00Z,69878.8,69923.6,69251.7,69616.3,6775.356
2024-05-22T19:00:00Z,69616.3,69842.7,69466.8,69670.0,2185.545
2024-05-22T20:00:00Z,69670.0,70013.8,69400.1,69472.2,3502.653
2024-05-22T21:00:00Z,69472.2,69733.2,68812.4,69533.5,7136.318
2024-05-22T22:00:00Z,69533.5,69599.9,69080.1,69191.0,3103.712
2024-05-22T23:00:00Z,69191.0,69277.0,69061.9,69210.1,1813.206
2024-05-23T00:00:00Z,69210.1,69690.4,69210.1,69544.9,2441.324
2024-05-23T01:00:00Z,69544.9,69666.6,69310.0,69530.7,1518.614
2024-05-23T02:00:00Z,69530.7,69610.0,69408.9,69559.1,1063.24
2024-05-23T03:00:00Z,69559.1,69575.8,69356.0,69496.1,1366.657
2024-05-23T04:00:00Z,69496.1,69649.1,69451.3,69604.5,1117.588
2024-05-23T05:00:00Z,69604.5,69618.0,69382.1,69531.0,1442.19
2024-05-23T06:00:00Z,69531.0,69756.6,69424.2,69608.8,1757.232
2024-05-23T07:00:00Z,69608.8,69899.0,69505.1,69773.4,2539.814
2024-05-23T08:00:00Z,69773.4,69897.0,69626.1,69744.1,2181.616
2024-05-23T09:00:00Z,69744.1,69896.0,69611.0,69691.6,2442.363
2024-05-23T10:00:00Z,69691.6,69847.8,69568.9,69591.3,1506.979
2024-05-23T11:00:00Z,69591.3,70098.3,69591.3,70013.6,4594.062
2024-05-23T12:00:00Z,70013.6,70159.4,69001.2,69464.1,8095.336
2024-05-23T13:00:00Z,69464.1,69605.4,67674.6,68056.1,22596.427
2024-05-23T14:00:00Z,68056.1,68375.7,67631.7,67800.8,12890.338
2024-05-23T15:00:00Z,67800.8,68363.7,67760.0,68129.5,7113.891
2024-05-23T16:00:00Z,68129.5,68238.4,67837.6,67870.0,3031.982
2024-05-23T17:00:00Z,67870.0,68163.7,67651.4,67690.8,2936.889
2024-05-23T18:00:00Z,67690.8,67737.2,66781.3,67442.2,15207.55
2024-05-23T19:00:00Z,67442.2,67740.2,67141.1,67249.5,4438.656
2024-05-23T20:00:00Z,67249.5,68067.2,66311.1,67850.3,16482.875
2024-05-23T21:00:00Z,67850.3,68436.0,67152.8,68031.5,14790.333
2024-05-23T22:00:00Z,68031.5,68033.1,67575.6,67717.7,2501.49
2024-05-23T23:00:00Z,67717.7,68027.0,67506.0,68000.3,2363.109
2024-05-24T00:00:00Z,68000.3,68062.2,67664.6,67892.2,1946.347
2024-05-24T01:00:00Z,67892.2,67893.1,67691.8,67776.7,885.886
2024-05-24T02:00:00Z,67776.7,68042.6,67655.8,68018.0,1132.623
2024-05-24T03:00:00Z,68018.0,68050.0,67805.8,67900.0,2540.858
2024-05-24T04:00:00Z,67900.0,67944.7,67664.5,67735.0,1816.075
2024-05-24T05:00:00Z,67735.0,67735.1,67103.0,67324.0,3871.728
2024-05-24T06:00:00Z,67324.0,67616.6,66834.9,66910.7,4395.583
2024-05-24T07:00:00Z,66910.7,67351.9,66852.6,67176.7,4184.928
2024-05-24T08:00:00Z,67176.7,67256.3,66628.2,67201.3,4485.855
2024-05-24T09:00:00Z,67201.3,67461.3,67048.1,67385.3,3049.822
2024-05-24T10:00:00Z,67385.3,67549.8,67327.6,67379.7,2008.802
2024-05-24T11:00:00Z,67379.7,67490.0,67285.4,67362.8,1541.745
2024-05-24T12:00:00Z,67362.8,67619.0,67354.7,67519.9,2205.461
2024-05-24T13:00:00Z,67519.9,67636.8,66921.1,67082.3,4339.696
2024-05-24T14:00:00Z,67082.3,68067.0,66984.6,67883.7,7564.802
2024-05-24T15:00:00Z,67883.7,68464.0,67883.7,68339.8,7201.041
2024-05-24T16:00:00Z,68339.8,68521.2,67958.3,68405.3,4220.757
2024-05-24T17:00:00Z,68405.3,68958.3,68405.2,68934.7,5632.606
2024-05-24T18:00:00Z,68934.7,69237.2,68839.7,68969.7,5470.041
2024-05-24T19:00:00Z,68969.7,69279.9,68750.0,69123.9,3272.186
2024-05-24T20:00:00Z,69123.9,69231.9,68840.2,68840.2,2119.166
2024-05-24T21:00:00Z,68840.2,69023.8,68814.3,68897.2,1335.321
2024-05-24T22:00:00Z,68897.2,68897.2,68682.4,68799.6,1430.636
2024-05-24T23:00:00Z,68799.6,68799.7,68530.4,68580.0,1265.939
2024-05-25T00:00:00Z,68580.0,68690.0,68524.4,68545.9,847.452
2024-05-25T01:00:00Z,68545.9,68720.7,68545.9,68625.1,803.755
2024-05-25T02:00:00Z,68625.1,68866.0,68618.9,68830.9,1200.339
2024-05-25T03:00:00Z,68830.9,68921.5,68677.4,68779.3,973.612
2024-05-25T04:00:00Z,68779.3,68847.0,68703.7,68795.4,660.074
2024-05-25T05:00:00Z,68795.4,68829.9,68717.0,68734.4,421.308
2024-05-25T06:00:00Z,68734.4,68761.1,68626.5,68674.9,711.294
2024-05-25T07:00:00Z,68674.9,68823.4,68647.8,68764.0,606.348
2024-05-25T08:00:00Z,68764.0,69090.0,68764.0,68899.7,1461.676
2024-05-25T09:00:00Z,68899.7,69189.6,68865.1,69110.5,1650.93
2024-05-25T10:00:00Z,69110.5,69479.9,69036.7,69396.1,2656.32
2024-05-25T11:00:00Z,69396.1,69636.3,69092.2,69097.3,5381.662
2024-05-25T12:00:00Z,69097.3,69307.0,69021.6,69129.8,2668.609
2024-05-25T13:00:00Z,69129.8,69248.3,68870.5,69050.0,3037.921
2024-05-25T14:00:00Z,69050.0,69110.0,68959.2,69026.1,1335.616
2024-05-25T15:00:00Z,69026.1,69233.5,68821.7,68950.0,1554.227
2024-05-25T16:00:00Z,68950.0,69063.7,68833.1,68950.0,1537.193
2024-05-25T17:00:00Z,68950.0,69115.7,68926.6,69068.5,593.301
2024-05-25T18:00:00Z,69068.5,69238.8,69068.5,69212.2,757.176
2024-05-25T19:00:00Z,69212.2,69277.7,69117.0,69158.6,451.119
2024-05-25T20:00:00Z,69158.6,69228.5,69065.1,69104.8,491.65
2024-05-25T21:00:00Z,69104.8,69180.0,69054.2,69161.3,412.319
2024-05-25T22:00:00Z,69161.3,69185.1,69057.0,69137.7,441.939
2024-05-25T23:00:00Z,69137.7,69387.3,69137.7,69306.2,1060.754
2024-05-26T00:00:00Z,69306.2,69326.0,69157.2,69164.9,636.984
2024-05-26T01:00:00Z,69164.9,69270.0,69161.5,69170.1,416.524
2024-05-26T02:00:00Z,69170.1,69187.8,68808.8,68920.1,1851.744
2024-05-26T03:00:00Z,68920.1,69150.1,68883.9,69086.5,887.104
2024-05-26T04:00:00Z,69086.5,69086.6,68935.4,68994.0,488.302
2024-05-26T05:00:00Z,68994.0,69155.0,68932.9,69150.7,555.376
2024-05-26T06:00:00Z,69150.7,69212.2,69047.9,69116.0,896.793
2024-05-26T07:00:00Z,69116.0,69460.0,69103.0,69348.8,1628.447
2024-05-26T08:00:00Z,69348.8,69598.7,69092.3,69202.5,3266.147
2024-05-26T09:00:00Z,69202.5,69282.5,69001.1,69119.5,1838.944
2024-05-26T10:00:00Z,69119.5,69259.7,69116.1,69240.7,717.364
2024-05-26T11:00:00Z,69240.7,69260.1,69043.3,69160.0,1481.68
2024-05-26T12:00:00Z,69160.0,69172.1,68960.9,69009.9,1509.237
2024-05-26T13:00:00Z,69009.9,69163.1,68966.2,69163.1,1086.77
2024-05-26T14:00:00Z,69163.1,69343.9,69050.0,69302.5,1469.777
2024-05-26T15:00:00Z,69302.5,69424.5,68647.3,68851.2,5090.399
2024-05-26T16:00:00Z,68851.2,68985.7,68700.0,68818.3,2757.644
2024-05-26T17:00:00Z,68818.3,68920.0,68734.0,68804.1,1072.758
2024-05-26T18:00:00Z,68804.1,68856.7,68720.8,68811.0,683.801
2024-05-26T19:00:00Z,68811.0,68942.7,68811.0,68917.5,465.381
2024-05-26T20:00:00Z,68917.5,68928.1,68722.8,68730.0,692.623
2024-05-26T21:00:00Z,68730.0,68730.1,68121.0,68536.1,4639.594
2024-05-26T22:00:00Z,68536.1,68710.6,68476.6,68552.0,1569.3
2024-05-26T23:00:00Z,68552.0,68585.0,68335.1,68528.6,1561.406
2024-05-27T00:00:00Z,68528.6,68836.6,68494.0,68834.4,1434.321
2024-05-27T01:00:00Z,68834.4,69349.0,68743.8,69102.5,2574.824
2024-05-27T02:00:00Z,69102.5,69319.3,69043.7,69139.8,1571.902
2024-05-27T03:00:00Z,69139.8,69249.5,68844.0,68899.1,1395.627
2024-05-27T04:00:00Z,68899.1,68930.5,68760.8,68768.9,1345.478
2024-05-27T05:00:00Z,68768.9,68805.3,68311.7,68548.1,2813.97
2024-05-27T06:00:00Z,68548.1,68648.7,68403.4,68424.6,1266.006
2024-05-27T07:00:00Z,68424.6,68769.2,68357.9,68680.1,2480.547
2024-05-27T08:00:00Z,68680.1,68940.0,68545.7,68643.9,2560.259
2024-05-27T09:00:00Z,68643.9,68687.1,68444.1,68611.2,2150.621
2024-05-27T10:00:00Z,68611.2,68621.3,68450.0,68600.1,1170.041
2024-05-27T11:00:00Z,68600.1,68704.8,68277.0,68471.9,2482.009
2024-05-27T12:00:00Z,68471.9,68680.0,68412.0,68654.7,1140.651
2024-05-27T13:00:00Z,68654.7,69085.3,68631.1,68951.9,3829.041
2024-05-27T14:00:00Z,68951.9,69555.0,68857.9,69555.0,4668.018
2024-05-27T15:00:00Z,69555.0,70629.6,69546.0,70439.2,11838.972
2024-05-27T16:00:00Z,70439.2,70737.9,70220.0,70220.0,6285.834
2024-05-27T17:00:00Z,70220.0,70420.0,70067.5,70230.2,2316.836
2024-05-27T18:00:00Z,70230.2,70305.8,69923.9,70030.0,1893.972
2024-05-27T19:00:00Z,70030.0,70171.5,69090.0,69305.9,5665.2
2024-05-27T20:00:00Z,69305.9,69767.6,69212.8,69685.1,2555.938
2024-05-27T21:00:00Z,69685.1,69934.3,69623.2,69833.2,1178.395
2024-05-27T22:00:00Z,69833.2,69843.8,69576.1,69618.9,1099.408
2024-05-27T23:00:00Z,69618.9,69618.9,69345.8,69450.0,1678.576
2024-05-28T00:00:00Z,69450.0,69494.8,69125.0,69400.8,2428.198
2024-05-28T01:00:00Z,69400.8,69613.7,68540.0,68632.0,8017.249
2024-05-28T02:00:00Z,68632.0,68867.8,68414.6,68690.9,5632.724
2024-05-28T03:00:00Z,68690.9,68749.1,67712.0,68042.8,9985.46
2024-05-28T04:00:00Z,68042.8,68122.1,67430.0,67800.0,6118.794
2024-05-28T05:00:00Z,67800.0,68055.5,67654.5,68055.5,3879.069
2024-05-28T06:00:00Z,68055.5,68088.0,67774.8,67977.6,2179.01
2024-05-28T07:00:00Z,67977.6,68035.8,67661.3,67683.5,2424.15
2024-05-28T08:00:00Z,67683.5,68267.9,67563.4,68152.5,4093.536
2024-05-28T09:00:00Z,68152.5,68537.9,68025.4,68337.0,4062.643
2024-05-28T10:00:00Z,68337.0,68925.0,68260.6,68593.3,6324.562
2024-05-28T11:00:00Z,68593.3,68685.7,68279.1,68403.9,2945.645
2024-05-28T12:00:00Z,68403.9,68587.0,68166.5,68216.3,3188.61
2024-05-28T13:00:00Z,68216.3,68488.0,67670.0,67810.6,7906.547
2024-05-28T14:00:00Z,67810.6,68270.0,67522.1,67983.4,8708.449
2024-05-28T15:00:00Z,67983.4,68497.1,67734.4,68400.0,4493.911
2024-05-28T16:00:00Z,68400.0,68486.9,67694.3,67716.5,5608.637
2024-05-28T17:00:00Z,67716.5,68192.4,67652.7,67780.7,3183.02
2024-05-28T18:00:00Z,67780.7,68010.7,67250.0,67889.5,6301.248
2024-05-28T19:00:00Z,67889.5,68659.2,67877.4,68457.6,6189.617
2024-05-28T20:00:00Z,68457.6,68597.7,68150.0,68367.9,3309.013
2024-05-28T21:00:00Z,68367.9,68600.0,68292.6,68444.5,1426.861
2024-05-28T22:00:00Z,68444.5,68706.3,68420.0,68648.1,1819.143
2024-05-28T23:00:00Z,68648.1,68655.1,68363.8,68443.6,1127.294
2024-05-29T00:00:00Z,68443.6,68668.4,68288.9,68538.1,2003.85
2024-05-29T01:00:00Z,68538.1,68761.7,68344.0,68609.2,1852.654
2024-05-29T02:00:00Z,68609.2,68971.7,68490.4,68727.0,2309.412
2024-05-29T03:00:00Z,68727.0,68925.0,68723.0,68872.1,1786.055
2024-05-29T04:00:00Z,68872.1,68989.0,68798.0,68891.7,1660.75
2024-05-29T05:00:00Z,68891.7,68891.7,68600.5,68644.3,1529.024
2024-05-29T06:00:00Z,68644.3,68721.3,68500.0,68552.5,1450.992
2024-05-29T07:00:00Z,68552.5,68576.1,67955.5,67980.0,5010.266
2024-05-29T08:00:00Z,67980.0,68041.1,67630.5,67898.5,5659.337
2024-05-29T09:00:00Z,67898.5,68068.8,67699.4,67928.0,3298.425
2024-05-29T10:00:00Z,67928.0,68057.1,67824.6,68023.8,1609.621
2024-05-29T11:00:00Z,68023.8,68051.7,67753.9,67800.0,1769.011
2024-05-29T12:00:00Z,67800.0,68063.6,67569.0,67931.1,5321.85
2024-05-29T13:00:00Z,67931.1,68325.4,67600.5,67918.4,8718.318
2024-05-29T14:00:00Z,67918.4,68017.0,67530.0,67661.2,4263.718
2024-05-29T15:00:00Z,67661.2,67899.0,67309.4,67404.9,5985.364
2024-05-29T16:00:00Z,67404.9,67763.1,67124.7,67593.8,5781.18
2024-05-29T17:00:00Z,67593.8,67720.0,67349.9,67645.9,2718.132
2024-05-29T18:00:00Z,67645.9,67658.7,67241.3,67425.1,2065.196
2024-05-29T19:00:00Z,67425.1,67778.5,67234.4,67297.6,1825.98
2024-05-29T20:00:00Z,67297.6,67527.5,67173.8,67504.3,1484.433
2024-05-29T21:00:00Z,67504.3,67850.0,67355.3,67723.9,1844.875
2024-05-29T22:00:00Z,67723.9,67885.3,67626.4,67711.4,1286.373
2024-05-29T23:00:00Z,67711.4,67766.1,67597.9,67676.0,1173.823
2024-05-30T00:00:00Z,67676.0,67867.0,67552.4,67597.7,1616.332
2024-05-30T01:00:00Z,67597.7,67912.0,67483.5,67831.3,1888.073
2024-05-30T02:00:00Z,67831.3,68239.3,67811.0,67980.1,3388.302
2024-05-30T03:00:00Z,67980.1,68225.0,67950.0,68150.0,1055.681
2024-05-30T04:00:00Z,68150.0,68455.7,68010.0,68198.2,2671.796
2024-05-30T05:00:00Z,68198.2,68225.0,68000.0,68168.9,1438.846
2024-05-30T06:00:00Z,68168.9,68218.7,67738.6,67860.3,4520.337
2024-05-30T07:00:00Z,67860.3,68070.1,67523.7,67606.6,4430.524
2024-05-30T08:00:00Z,67606.6,67799.4,67137.0,67706.0,8940.899
2024-05-30T09:00:00Z,67706.0,67798.2,67469.9,67765.9,2452.606
2024-05-30T10:00:00Z,67765.9,68028.2,67554.6,67951.3,2189.094
2024-05-30T11:00:00Z,67951.3,68153.0,67819.9,67819.9,2011.479
2024-05-30T12:00:00Z,67819.9,68340.8,67760.1,68157.4,4769.408
2024-05-30T13:00:00Z,68157.4,68733.8,68052.6,68641.7,5785.657
2024-05-30T14:00:00Z,68641.7,68855.0,68271.5,68400.1,6390.397
2024-05-30T15:00:00Z,68400.1,68651.1,68180.2,68558.9,4200.302
2024-05-30T16:00:00Z,68558.9,68761.5,68405.6,68722.9,2167.351
2024-05-30T17:00:00Z,68722.9,69560.0,68710.0,69354.9,8904.588
2024-05-30T18:00:00Z,69354.9,69472.4,69123.0,69401.9,2936.311
2024-05-30T19:00:00Z,69401.9,69404.0,68451.7,68677.5,6159.833
2024-05-30T20:00:00Z,68677.5,68687.7,68023.8,68477.8,5700.977
2024-05-30T21:00:00Z,68477.8,68555.2,68335.3,68438.0,1539.751
2024-05-30T22:00:00Z,68438.0,68450.0,68239.2,68325.2,964.637
2024-05-30T23:00:00Z,68325.2,68549.1,68250.2,68371.8,1182.836
2024-05-31T00:00:00Z,68371.8,68481.3,68290.0,68470.9,872.74
2024-05-31T01:00:00Z,68470.9,68631.0,68303.7,68438.2,1926.211
2024-05-31T02:00:00Z,68438.2,68740.1,68425.5,68541.3,1772.685
2024-05-31T03:00:00Z,68541.3,68629.9,68485.0,68534.7,718.81
2024-05-31T04:00:00Z,68534.7,68650.0,68455.5,68518.8,898.822
2024-05-31T05:00:00Z,68518.8,68518.8,68277.1,68433.9,1587.194
2024-05-31T06:00:00Z,68433.9,68455.6,68210.1,68270.1,1195.652
2024-05-31T07:00:00Z,68270.1,68419.3,68080.1,68187.2,2324.554
2024-05-31T08:00:00Z,68187.2,68326.9,68131.0,68135.1,1382.127
2024-05-31T09:00:00Z,68135.1,68205.7,67876.0,67950.8,3217.064
2024-05-31T10:00:00Z,67950.8,68365.2,67933.3,68358.9,2670.153
2024-05-31T11:00:00Z,68358.9,68486.4,68300.0,68370.3,2074.156
2024-05-31T12:00:00Z,68370.3,69077.0,68333.4,68644.6,8470.443
2024-05-31T13:00:00Z,68644.6,68836.0,68010.8,68083.4,8394.323
2024-05-31T14:00:00Z,68083.4,68083.4,67281.4,67527.1,11899.27
2024-05-31T15:00:00Z,67527.1,67573.4,67200.9,67226.7,4806.748
2024-05-31T16:00:00Z,67226.7,67379.2,66660.0,67220.1,11987.389
2024-05-31T17:00:00Z,67220.1,67485.7,67169.6,67372.3,3759.497
2024-05-31T18:00:00Z,67372.3,67464.4,67200.0,67443.9,2141.542
2024-05-31T19:00:00Z,67443.9,68072.5,67371.3,67705.9,5261.765
2024-05-31T20:00:00Z,67705.9,67827.2,67621.2,67740.0,1395.188
2024-05-31T21:00:00Z,67740.0,67741.1,67536.0,67585.1,1163.723
2024-05-31T22:00:00Z,67585.1,67687.9,67520.5,67522.5,898.289
2024-05-31T23:00:00Z,67522.5,67620.0,67246.0,67555.8,3352.486
2024-06-01T00:00:00Z,67555.8,67735.6,67513.9,67668.7,1324.232
2024-06-01T01:00:00Z,67668.7,67728.9,67456.9,67579.7,1046.881
2024-06-01T02:00:00Z,67579.7,67766.6,67560.2,67752.8,810.475
2024-06-01T03:00:00Z,67752.8,67780.2,67642.6,67742.7,706.507
2024-06-01T04:00:00Z,67742.7,67783.8,67681.3,67704.7,476.246
2024-06-01T05:00:00Z,67704.7,67845.0,67629.0,67721.9,1055.185
2024-06-01T06:00:00Z,67721.9,67767.9,67642.0,67725.3,672.529
2024-06-01T07:00:00Z,67725.3,67758.8,67600.0,67656.0,1169.258
2024-06-01T08:00:00Z,67656.0,67784.8,67647.2,67744.8,760.45
2024-06-01T09:00:00Z,67744.8,67796.0,67668.0,67747.8,588.573
2024-06-01T10:00:00Z,67747.8,67797.7,67660.0,67660.1,659.092
2024-06-01T11:00:00Z,67660.1,67734.4,67660.0,67697.7,340.211
2024-06-01T12:00:00Z,67697.7,67913.5,67673.5,67747.6,935.531
2024-06-01T13:00:00Z,67747.6,67869.6,67740.9,67750.0,1152.746
2024-06-01T14:00:00Z,67750.0,67900.0,67693.0,67837.5,1203.796
2024-06-01T15:00:00Z,67837.5,67856.4,67698.0,67708.9,698.082
2024-06-01T16:00:00Z,67708.9,67761.5,67635.0,67722.7,655.167
2024-06-01T17:00:00Z,67722.7,67851.0,67563.9,67809.3,1489.966
2024-06-01T18:00:00Z,67809.3,67850.0,67745.5,67777.8,374.925
2024-06-01T19:00:00Z,67777.8,67810.0,67707.0,67777.7,280.672
2024-06-01T20:00:00Z,67777.7,67832.0,67736.8,67832.0,333.333
2024-06-01T21:00:00Z,67832.0,67858.7,67744.8,67788.7,364.197
2024-06-01T22:00:00Z,67788.7,67942.0,67736.8,67797.7,452.269
2024-06-01T23:00:00Z,67797.7,67854.4,67751.0,67792.8,360.469
2024-06-02T00:00:00Z,67792.8,67940.5,67770.2,67916.0,674.527
2024-06-02T01:00:00Z,67916.0,67926.1,67721.1,67780.7,662.475
2024-06-02T02:00:00Z,67780.7,67841.9,67670.0,67756.5,650.451
2024-06-02T03:00:00Z,67756.5,67834.9,67747.0,67816.1,349.374
2024-06-02T04:00:00Z,67816.1,67873.0,67760.5,67873.0,344.713
2024-06-02T05:00:00Z,67873.0,67900.1,67746.2,67750.4,450.816
2024-06-02T06:00:00Z,67750.4,67866.2,67743.5,67859.1,265.764
2024-06-02T07:00:00Z,67859.1,67864.4,67730.0,67730.0,491.677
2024-06-02T08:00:00Z,67730.0,67830.0,67681.9,67769.3,598.106
2024-06-02T09:00:00Z,67769.3,67789.5,67403.0,67561.8,2227.483
2024-06-02T10:00:00Z,67561.8,67602.6,67374.5,67556.2,1092.875
2024-06-02T11:00:00Z,67556.2,68342.4,67510.0,68260.0,4477.095
2024-06-02T12:00:00Z,68260.0,68339.4,67836.2,67955.6,4374.487
2024-06-02T13:00:00Z,67955.6,68253.5,67801.3,68175.6,2774.091
2024-06-02T14:00:00Z,68175.6,68498.6,68085.7,68272.6,3872.084
2024-06-02T15:00:00Z,68272.6,68316.3,68011.5,68138.0,1934.288
2024-06-02T16:00:00Z,68138.0,68198.0,67962.3,68101.2,1555.279
2024-06-02T17:00:00Z,68101.2,68110.5,67823.5,67880.0,2074.812
2024-06-02T18:00:00Z,67880.0,67880.1,67470.0,67701.9,3888.802
2024-06-02T19:00:00Z,67701.9,67803.5,67279.7,67740.1,3479.199
2024-06-02T20:00:00Z,67740.1,67840.0,67569.7,67840.0,1256.146
2024-06-02T21:00:00Z,67840.0,67924.9,67752.2,67815.2,801.658
2024-06-02T22:00:00Z,67815.2,68009.5,67808.7,67940.5,830.009
2024-06-02T23:00:00Z,67940.5,68004.0,67776.0,67776.3,578.431
2024-06-03T00:00:00Z,67776.3,67892.8,67621.5,67836.8,1218.782
2024-06-03T01:00:00Z,67836.8,68588.0,67828.1,68498.2,4404.71
2024-06-03T02:00:00Z,68498.2,68824.9,68420.0,68435.0,4105.929
2024-06-03T03:00:00Z,68435.0,68536.0,68212.2,68399.7,2342.926
2024-06-03T04:00:00Z,68399.7,68623.4,68301.0,68520.2,1572.56
2024-06-03T05:00:00Z,68520.2,68800.0,68461.2,68719.9,2249.597
2024-06-03T06:00:00Z,68719.9,69259.6,68642.9,69072.7,6414.668
2024-06-03T07:00:00Z,69072.7,69212.9,68811.0,68921.8,3409.825
2024-06-03T08:00:00Z,68921.8,69375.3,68921.8,69168.1,3438.817
2024-06-03T09:00:00Z,69168.1,69222.4,68927.8,69028.2,2280.398
2024-06-03T10:00:00Z,69028.2,69209.3,68875.9,68931.0,2049.418
2024-06-03T11:00:00Z,68931.0,69273.1,68868.9,69111.9,2372.281
2024-06-03T12:00:00Z,69111.9,69856.4,69111.9,69790.8,7591.975
2024-06-03T13:00:00Z,69790.8,70344.1,69551.1,69820.0,9053.896
2024-06-03T14:00:00Z,69820.0,70122.0,68556.0,68804.5,14239.705
2024-06-03T15:00:00Z,68804.5,69660.0,68790.0,69658.3,7352.441
2024-06-03T16:00:00Z,69658.3,69759.2,68930.4,69115.6,5196.071
2024-06-03T17:00:00Z,69115.6,69436.4,68821.0,69299.7,3399.141
2024-06-03T18:00:00Z,69299.7,69488.1,69178.8,69323.3,2040.575
2024-06-03T19:00:00Z,69323.3,69329.5,69055.0,69253.5,1694.496
2024-06-03T20:00:00Z,69253.5,69547.8,69134.3,69135.5,2439.196
2024-06-03T21:00:00Z,69135.5,69238.5,68948.6,69121.9,1575.944
2024-06-03T22:00:00Z,69121.9,69188.1,68828.1,69077.9,2135.507
2024-06-03T23:00:00Z,69077.9,69097.5,68749.9,68837.0,1600.397
2024-06-04T00:00:00Z,68837.0,69132.7,68668.0,69041.5,2356.944
2024-06-04T01:00:00Z,69041.5,69264.6,68928.1,69257.1,1154.084
2024-06-04T02:00:00Z,69257.1,69350.0,69124.6,69181.2,1087.749
2024-06-04T03:00:00Z,69181.2,69418.4,69155.0,69201.0,995.481
2024-06-04T04:00:00Z,69201.0,69336.7,69102.2,69117.4,1749.72
2024-06-04T05:00:00Z,69117.4,69217.0,68960.6,69007.8,1246.486
2024-06-04T06:00:00Z,69007.8,69090.9,68807.6,68950.8,2333.978
2024-06-04T07:00:00Z,68950.8,69115.7,68939.6,69061.1,1042.626
2024-06-04T08:00:00Z,69061.1,69252.3,68875.1,68893.3,2135.317
2024-06-04T09:00:00Z,68893.3,68935.7,68604.9,68761.5,3803.176
2024-06-04T10:00:00Z,68761.5,69016.6,68745.9,68943.5,1940.17
2024-06-04T11:00:00Z,68943.5,69099.5,68886.2,69004.0,1669.795
2024-06-04T12:00:00Z,69004.0,69217.1,68882.0,68995.2,2241.589
2024-06-04T13:00:00Z,68995.2,69877.2,68991.8,69564.0,7273.555
2024-06-04T14:00:00Z,69564.0,70120.6,69338.3,69684.4,11600.864
2024-06-04T15:00:00Z,69684.4,70544.9,69476.8,70485.9,9313.204
2024-06-04T16:00:00Z,70485.9,71054.2,70434.5,70838.0,9774.656
2024-06-04T17:00:00Z,70838.0,70872.7,70377.7,70590.1,4325.965
2024-06-04T18:00:00Z,70590.1,71110.0,70590.1,70726.0,4566.292
2024-06-04T19:00:00Z,70726.0,70755.9,70101.0,70448.1,5349.964
2024-06-04T20:00:00Z,70448.1,70582.5,70185.3,70418.1,2170.403
2024-06-04T21:00:00Z,70418.1,70655.5,70357.1,70630.2,1221.301
2024-06-04T22:00:00Z,70630.2,70755.2,70522.5,70589.7,2014.564
2024-06-04T23:00:00Z,70589.7,70642.8,70425.9,70559.3,1116.673
2024-06-05T00:00:00Z,70559.3,70949.9,70450.1,70817.8,2667.084
2024-06-05T01:00:00Z,70817.8,71381.9,70667.1,71016.8,4356.967
2024-06-05T02:00:00Z,71016.8,71200.0,70706.1,70889.0,2924.348
2024-06-05T03:00:00Z,70889.0,71032.1,70794.7,70986.1,2106.85
2024-06-05T04:00:00Z,70986.1,71319.3,70879.0,71212.5,3244.722
2024-06-05T05:00:00Z,71212.5,71237.8,70915.0,71037.2,1712.854
2024-06-05T06:00:00Z,71037.2,71197.4,70874.2,71159.8,2327.433
2024-06-05T07:00:00Z,71159.8,71420.0,71058.3,71250.1,3373.094
2024-06-05T08:00:00Z,71250.1,71299.6,70927.5,70978.0,2125.28
2024-06-05T09:00:00Z,70978.0,71084.1,70875.0,70952.2,1824.68
2024-06-05T10:00:00Z,70952.2,70970.3,70761.0,70834.0,2354.786
2024-06-05T11:00:00Z,70834.0,71137.9,70734.0,71005.4,2166.555
2024-06-05T12:00:00Z,71005.4,71175.6,70681.1,70981.7,3605.946
2024-06-05T13:00:00Z,70981.7,71210.0,70621.0,70767.8,3918.191
2024-06-05T14:00:00Z,70767.8,71113.0,70406.0,70900.7,6085.224
2024-06-05T15:00:00Z,70900.7,71810.0,70789.1,71617.4,10256.548
2024-06-05T16:00:00Z,71617.4,71819.6,71268.1,71354.5,5036.079
2024-06-05T17:00:00Z,71354.5,71760.1,71280.0,71671.3,3248.265
2024-06-05T18:00:00Z,71671.3,71788.3,70929.0,71123.3,5826.909
2024-06-05T19:00:00Z,71123.3,71426.1,70888.0,71300.5,3492.128
2024-06-05T20:00:00Z,71300.5,71377.5,71168.3,71215.0,1475.126
2024-06-05T21:00:00Z,71215.0,71236.2,71054.4,71175.1,1147.291
2024-06-05T22:00:00Z,71175.1,71311.3,71119.5,71169.4,728.568
2024-06-05T23:00:00Z,71169.4,71320.1,70707.6,71140.6,3201.423
2024-06-06T00:00:00Z,71140.6,71219.2,70971.9,71039.0,958.385
2024-06-06T01:00:00Z,71039.0,71230.5,70909.1,71151.8,1395.561
2024-06-06T02:00:00Z,71151.8,71274.0,71124.8,71193.4,766.708
2024-06-06T03:00:00Z,71193.4,71221.3,71046.6,71078.7,629.403
2024-06-06T04:00:00Z,71078.7,71137.9,70941.2,71087.0,1057.889
2024-06-06T05:00:00Z,71087.0,71123.6,70820.8,70946.9,1467.581
2024-06-06T06:00:00Z,70946.9,71071.1,70826.0,70921.9,1606.792
2024-06-06T07:00:00Z,70921.9,71126.9,70890.0,71065.5,1392.261
2024-06-06T08:00:00Z,71065.5,71087.4,70901.0,70947.7,1175.809
2024-06-06T09:00:00Z,70947.7,71194.0,70947.7,71018.9,1621.641
2024-06-06T10:00:00Z,71018.9,71074.1,70922.5,71041.7,1573.382
2024-06-06T11:00:00Z,71041.7,71244.9,70974.7,71221.2,1940.114
2024-06-06T12:00:00Z,71221.2,71499.0,71094.0,71239.0,5214.175
2024-06-06T13:00:00Z,71239.0,71577.2,71039.5,71150.1,5440.482
2024-06-06T14:00:00Z,71150.1,71550.0,71045.4,71500.7,4810.778
2024-06-06T15:00:00Z,71500.7,71699.9,71276.1,71336.0,4594.7
2024-06-06T16:00:00Z,71336.0,71420.8,70850.3,70971.1,6469.894
2024-06-06T17:00:00Z,70971.1,71260.4,70808.5,71136.9,3562.283
2024-06-06T18:00:00Z,71136.9,71194.2,70890.0,71111.9,1470.57
2024-06-06T19:00:00Z,71111.9,71118.8,70467.6,70508.0,5731.286
2024-06-06T20:00:00Z,70508.0,70791.1,70144.1,70770.0,8197.863
2024-06-06T21:00:00Z,70770.0,70925.2,70703.5,70781.9,1975.639
2024-06-06T22:00:00Z,70781.9,70931.9,70700.0,70931.9,1879.691
2024-06-06T23:00:00Z,70931.9,71030.0,70772.0,70835.8,1835.838
2024-06-07T00:00:00Z,70835.8,70933.9,70778.6,70929.9,697.591
2024-06-07T01:00:00Z,70929.9,70956.0,70661.3,70875.0,2353.904
2024-06-07T02:00:00Z,70875.0,70910.4,70701.3,70862.9,956.571
2024-06-07T03:00:00Z,70862.9,71049.9,70772.3,71021.3,1210.026
2024-06-07T04:00:00Z,71021.3,71309.2,71021.3,71253.1,3038.748
2024-06-07T05:00:00Z,71253.1,71478.6,71193.0,71341.8,3466.417
2024-06-07T06:00:00Z,71341.8,71400.0,71216.0,71315.0,1302.215
2024-06-07T07:00:00Z,71315.0,71349.9,71106.5,71152.8,1959.827
2024-06-07T08:00:00Z,71152.8,71233.9,71081.4,71158.5,1246.625
2024-06-07T09:00:00Z,71158.5,71364.1,71094.4,71338.6,1362.09
2024-06-07T10:00:00Z,71338.6,71499.7,71233.8,71411.6,2244.227
2024-06-07T11:00:00Z,71411.6,71774.9,71344.0,71769.6,3862.393
2024-06-07T12:00:00Z,71769.6,72169.0,70668.0,71264.5,26320.903
2024-06-07T13:00:00Z,71264.5,71731.1,71076.6,71584.5,6631.04
2024-06-07T14:00:00Z,71584.5,71597.5,71210.7,71461.4,3594.352
2024-06-07T15:00:00Z,71461.4,71461.5,70904.3,71146.9,4260.126
2024-06-07T16:00:00Z,71146.9,71244.2,70801.1,70910.3,3303.978
2024-06-07T17:00:00Z,70910.3,70910.3,69812.5,69839.9,11906.622
2024-06-07T18:00:00Z,69839.9,69921.9,68336.7,69200.7,35647.33
2024-06-07T19:00:00Z,69200.7,69490.0,68820.0,69316.0,7221.762
2024-06-07T20:00:00Z,69316.0,69383.7,69028.0,69359.4,3801.737
2024-06-07T21:00:00Z,69359.4,69431.0,69253.5,69300.0,1602.249
2024-06-07T22:00:00Z,69300.0,69598.9,69231.3,69545.0,1476.206
2024-06-07T23:00:00Z,69545.0,69545.1,69367.7,69389.9,1009.488
2024-06-08T00:00:00Z,69389.9,69540.0,69333.3,69457.8,1014.059
2024-06-08T01:00:00Z,69457.8,69525.8,69336.2,69514.6,1022.187
2024-06-08T02:00:00Z,69514.6,69514.7,69435.5,69481.8,464.17
2024-06-08T03:00:00Z,69481.8,69580.0,69461.7,69480.8,866.182
2024-06-08T04:00:00Z,69480.8,69500.0,69301.4,69355.6,1461.377
2024-06-08T05:00:00Z,69355.6,69382.5,69265.2,69352.2,1130.753
2024-06-08T06:00:00Z,69352.2,69448.9,69334.4,69373.5,740.03
2024-06-08T07:00:00Z,69373.5,69609.6,69373.4,69609.0,1532.715
2024-06-08T08:00:00Z,69609.0,69610.5,69412.2,69468.2,1149.893
2024-06-08T09:00:00Z,69468.2,69532.0,69408.7,69482.2,601.935
2024-06-08T10:00:00Z,69482.2,69541.5,69385.7,69497.1,906.863
2024-06-08T11:00:00Z,69497.1,69554.1,69344.6,69392.4,1296.718
2024-06-08T12:00:00Z,69392.4,69467.3,69299.0,69385.5,1194.379
2024-06-08T13:00:00Z,69385.5,69469.4,69204.0,69459.8,1840.462
2024-06-08T14:00:00Z,69459.8,69499.8,69337.0,69498.4,1128.194
2024-06-08T15:00:00Z,69498.4,69529.6,69442.8,69452.7,894.022
2024-06-08T16:00:00Z,69452.7,69505.5,69334.5,69416.0,963.722
2024-06-08T17:00:00Z,69416.0,69506.7,69360.9,69478.8,674.849
2024-06-08T18:00:00Z,69478.8,69520.0,69458.0,69480.0,464.112
2024-06-08T19:00:00Z,69480.0,69526.6,69451.1,69482.2,411.053
2024-06-08T20:00:00Z,69482.2,69504.1,69341.0,69395.0,506.127
2024-06-08T21:00:00Z,69395.0,69457.0,69342.9,69414.1,448.759
2024-06-08T22:00:00Z,69414.1,69430.9,69298.1,69358.0,601.565
2024-06-08T23:00:00Z,69358.0,69367.0,69313.0,69326.0,318.83
2024-06-09T00:00:00Z,69326.0,69364.3,69270.0,69294.0,561.544
2024-06-09T01:00:00Z,69294.0,69365.0,69261.0,69300.0,462.653
2024-06-09T02:00:00Z,69300.0,69327.1,69170.0,69204.3,1015.105
2024-06-09T03:00:00Z,69204.3,69321.4,69157.1,69290.0,543.135
2024-06-09T04:00:00Z,69290.0,69342.4,69271.5,69334.9,345.827
2024-06-09T05:00:00Z,69334.9,69389.6,69257.2,69300.0,814.488
2024-06-09T06:00:00Z,69300.0,69420.0,69292.0,69406.1,692.609
2024-06-09T07:00:00Z,69406.1,69459.3,69291.5,69320.3,725.598
2024-06-09T08:00:00Z,69320.3,69380.3,69299.9,69374.9,318.251
2024-06-09T09:00:00Z,69374.9,69420.0,69359.0,69385.7,367.416
2024-06-09T10:00:00Z,69385.7,69401.0,69333.0,69367.3,330.368
2024-06-09T11:00:00Z,69367.3,69409.3,69340.4,69385.2,365.805
2024-06-09T12:00:00Z,69385.2,69780.0,69372.3,69711.8,3686.935
2024-06-09T13:00:00Z,69711.8,69792.5,69275.1,69471.4,3958.288
2024-06-09T14:00:00Z,69471.4,69572.9,69240.0,69498.1,2569.931
2024-06-09T15:00:00Z,69498.1,69590.4,69426.5,69515.3,1279.546
2024-06-09T16:00:00Z,69515.3,69652.4,69497.2,69626.5,878.756
2024-06-09T17:00:00Z,69626.5,69718.6,69570.4,69665.2,754.489
2024-06-09T18:00:00Z,69665.2,69862.0,69609.0,69745.6,1566.757
2024-06-09T19:00:00Z,69745.6,69864.7,69650.1,69704.0,1306.048
2024-06-09T20:00:00Z,69704.0,69734.7,69577.1,69689.1,817.775
2024-06-09T21:00:00Z,69689.1,69829.5,69603.0,69750.2,901.212
2024-06-09T22:00:00Z,69750.2,69795.3,69609.9,69640.0,556.442
2024-06-09T23:00:00Z,69640.0,69693.2,69600.0,69642.3,539.412
2024-06-10T00:00:00Z,69642.3,69659.7,69421.0,69568.9,1389.808
2024-06-10T01:00:00Z,69568.9,69687.4,69508.0,69628.2,660.999
2024-06-10T02:00:00Z,69628.2,69808.4,69609.1,69718.0,859.725
2024-06-10T03:00:00Z,69718.0,69768.6,69575.9,69622.0,735.657
2024-06-10T04:00:00Z,69622.0,69686.3,69514.1,69680.7,823.209
2024-06-10T05:00:00Z,69680.7,69680.7,69523.8,69568.6,462.451
2024-06-10T06:00:00Z,69568.6,69613.8,69330.0,69436.1,1815.698
2024-06-10T07:00:00Z,69436.1,69521.2,69256.4,69302.4,2003.751
2024-06-10T08:00:00Z,69302.4,69512.1,69296.9,69402.1,1650.023
2024-06-10T09:00:00Z,69402.1,69481.7,69168.4,69455.4,2258.814
2024-06-10T10:00:00Z,69455.4,69488.0,69371.9,69452.1,864.015
2024-06-10T11:00:00Z,69452.1,69569.4,69354.8,69489.0,1148.877
2024-06-10T12:00:00Z,69489.0,69539.9,69339.3,69379.9,1185.362
2024-06-10T13:00:00Z,69379.9,69538.7,69234.6,69421.4,3177.359
2024-06-10T14:00:00Z,69421.4,69685.1,69305.8,69682.2,2730.205
2024-06-10T15:00:00Z,69682.2,70180.6,69613.4,70044.9,7280.093
2024-06-10T16:00:00Z,70044.9,70100.0,69715.8,69970.0,3831.769
2024-06-10T17:00:00Z,69970.0,70076.6,69750.4,70032.1,1961.149
2024-06-10T18:00:00Z,70032.1,70126.1,69715.1,69860.4,2793.886
2024-06-10T19:00:00Z,69860.4,69860.5,69385.0,69498.1,4109.031
2024-06-10T20:00:00Z,69498.1,69678.9,69324.0,69616.6,3140.186
2024-06-10T21:00:00Z,69616.6,69688.9,69527.0,69584.0,724.192
2024-06-10T22:00:00Z,69584.0,69594.7,69403.0,69492.1,1159.261
2024-06-10T23:00:00Z,69492.1,69557.7,69383.6,69516.0,1216.507
2024-06-11T00:00:00Z,69516.0,69570.0,69381.0,69399.4,1129.493
2024-06-11T01:00:00Z,69399.4,69518.1,68457.9,68705.5,8952.002
2024-06-11T02:00:00Z,68705.5,68912.4,67857.8,68223.9,15547.491
2024-06-11T03:00:00Z,68223.9,68477.5,68144.0,68444.0,4218.252
2024-06-11T04:00:00Z,68444.0,68444.2,67601.4,68004.1,10227.601
2024-06-11T05:00:00Z,68004.1,68045.0,67635.2,67891.7,3205.796
2024-06-11T06:00:00Z,67891.7,67960.0,67301.7,67674.9,6190.153
2024-06-11T07:00:00Z,67674.9,67819.7,67490.6,67539.4,4419.061
2024-06-11T08:00:00Z,67539.4,67621.7,67224.2,67502.1,5593.777
2024-06-11T09:00:00Z,67502.1,67648.6,66844.1,67069.9,9488.656
2024-06-11T10:00:00Z,67069.9,67258.0,66700.1,66944.0,7334.832
2024-06-11T11:00:00Z,66944.0,67093.7,66742.5,66882.1,3955.119
2024-06-11T12:00:00Z,66882.1,67178.0,66787.3,67009.7,4798.608
2024-06-11T13:00:00Z,67009.7,67272.2,66550.0,66803.4,9025.249
2024-06-11T14:00:00Z,66803.4,67077.4,66762.0,66821.1,4198.189
2024-06-11T15:00:00Z,66821.1,67051.7,65931.6,66218.9,15521.18
2024-06-11T16:00:00Z,66218.9,66726.0,66142.1,66469.2,6070.023
2024-06-11T17:00:00Z,66469.2,66781.6,66142.0,66746.3,4214.24
2024-06-11T18:00:00Z,66746.3,67200.0,66630.3,67102.2,4529.895
2024-06-11T19:00:00Z,67102.2,67547.8,67051.6,67383.6,4138.653
2024-06-11T20:00:00Z,67383.6,67469.0,67136.0,67258.3,2479.368
2024-06-11T21:00:00Z,67258.3,67379.1,67160.3,67377.5,908.248
2024-06-11T22:00:00Z,67377.5,67539.3,67271.6,67320.9,1831.946
2024-06-11T23:00:00Z,67320.9,67538.3,67263.2,67276.3,1690.596
2024-06-12T00:00:00Z,67276.3,67398.0,67125.8,67155.2,1750.39
2024-06-12T01:00:00Z,67155.2,67212.7,66859.4,67138.6,3181.336
2024-06-12T02:00:00Z,67138.6,67571.8,67091.5,67377.7,3254.768
2024-06-12T03:00:00Z,67377.7,67463.1,67292.0,67386.5,1091.855
2024-06-12T04:00:00Z,67386.5,67592.2,67367.1,67463.8,2011.914
2024-06-12T05:00:00Z,67463.8,67485.4,67151.1,67200.0,2498.331
2024-06-12T06:00:00Z,67200.0,67340.0,67199.9,67241.3,1629.992
2024-06-12T07:00:00Z,67241.3,67447.4,67200.5,67410.0,1056.315
2024-06-12T08:00:00Z,67410.0,67499.1,67337.0,67361.8,1148.524
2024-06-12T09:00:00Z,67361.8,67769.8,67317.8,67703.5,2662.388
2024-06-12T10:00:00Z,67703.5,68030.0,67703.4,67961.9,4770.835
2024-06-12T11:00:00Z,67961.9,67987.6,67678.4,67747.1,2298.465
2024-06-12T12:00:00Z,67747.1,69462.5,67704.7,69298.0,24264.776
2024-06-12T13:00:00Z,69298.0,69627.0,69020.9,69278.8,10452.995
2024-06-12T14:00:00Z,69278.8,69982.1,69250.0,69938.1,8791.494
2024-06-12T15:00:00Z,69938.1,70000.0,69503.6,69712.8,6172.905
2024-06-12T16:00:00Z,69712.8,69779.9,69266.9,69590.1,4144.644
2024-06-12T17:00:00Z,69590.1,69855.0,69461.8,69779.9,2864.146
2024-06-12T18:00:00Z,69779.9,69790.4,68550.0,68791.8,25131.038
2024-06-12T19:00:00Z,68791.8,69218.4,67228.0,67522.2,24731.457
2024-06-12T20:00:00Z,67522.2,68265.0,67420.4,68076.7,7847.933
2024-06-12T21:00:00Z,68076.7,68660.1,68069.6,68504.1,3678.976
2024-06-12T22:00:00Z,68504.1,68510.0,68246.7,68324.7,2362.259
2024-06-12T23:00:00Z,68324.7,68324.7,68100.0,68240.9,1423.252
2024-06-13T00:00:00Z,68240.9,68376.3,67978.8,68294.8,2248.73
2024-06-13T01:00:00Z,68294.8,68340.9,67850.0,67955.2,2054.253
2024-06-13T02:00:00Z,67955.2,68148.0,67650.0,67708.0,3418.1
2024-06-13T03:00:00Z,67708.0,67820.0,66937.7,67442.0,8661.285
2024-06-13T04:00:00Z,67442.0,67681.4,67290.0,67297.2,3535.094
2024-06-13T05:00:00Z,67297.2,67631.0,67286.7,67555.3,2102.707
2024-06-13T06:00:00Z,67555.3,67566.6,67268.4,67490.3,2106.513
2024-06-13T07:00:00Z,67490.3,67714.0,67375.0,67707.7,2022.327
2024-06-13T08:00:00Z,67707.7,67732.6,67487.0,67544.9,1528.148
2024-06-13T09:00:00Z,67544.9,67557.2,67152.6,67398.9,3399.4
2024-06-13T10:00:00Z,67398.9,67942.8,67194.9,67782.2,4728.818
2024-06-13T11:00:00Z,67782.2,67922.4,67618.3,67707.0,3021.769
2024-06-13T12:00:00Z,67707.0,68500.0,67420.0,67729.1,14123.02
2024-06-13T13:00:00Z,67729.1,68249.4,67500.5,67576.1,6989.526
2024-06-13T14:00:00Z,67576.1,67724.9,67112.8,67344.7,9158.075
2024-06-13T15:00:00Z,67344.7,67511.6,66313.9,66433.1,13382.812
2024-06-13T16:00:00Z,66433.1,66992.7,66225.9,66950.1,8490.529
2024-06-13T17:00:00Z,66950.1,67038.9,66598.8,66885.7,4132.143
2024-06-13T18:00:00Z,66885.7,66950.9,66661.5,66838.5,2744.636
2024-06-13T19:00:00Z,66838.5,66867.9,66556.0,66579.9,2078.811
2024-06-13T20:00:00Z,66579.9,66776.9,66477.9,66676.2,2164.562
2024-06-13T21:00:00Z,66676.2,66950.0,66645.6,66934.2,1967.731
2024-06-13T22:00:00Z,66934.2,66953.4,66812.8,66859.9,920.368
2024-06-13T23:00:00Z,66859.9,66871.3,66636.9,66742.5,1171.448
2024-06-14T00:00:00Z,66742.5,66860.1,66566.5,66689.8,1490.747
2024-06-14T01:00:00Z,66689.8,66794.3,66450.5,66767.1,2199.181
2024-06-14T02:00:00Z,66767.1,67000.0,66688.2,66928.4,1623.612
2024-06-14T03:00:00Z,66928.4,66955.2,66645.3,66723.9,1374.793
2024-06-14T04:00:00Z,66723.9,66810.0,66701.7,66701.7,807.248
2024-06-14T05:00:00Z,66701.7,67191.7,66694.8,67029.8,3426.052
2024-06-14T06:00:00Z,67029.8,67095.0,66841.1,66935.8,2148.0
2024-06-14T07:00:00Z,66935.8,67082.6,66868.9,66886.8,1511.149
2024-06-14T08:00:00Z,66886.8,67232.0,66834.6,67129.6,2481.605
2024-06-14T09:00:00Z,67129.6,67129.7,66865.6,66877.4,2075.252
2024-06-14T10:00:00Z,66877.4,66984.0,66770.2,66835.2,1850.908
2024-06-14T11:00:00Z,66835.2,67074.9,66727.3,67000.4,2132.85
2024-06-14T12:00:00Z,67000.4,67270.0,66940.0,67062.3,4131.899
2024-06-14T13:00:00Z,67062.3,67341.0,66933.3,67050.0,3176.657
2024-06-14T14:00:00Z,67050.0,67095.7,66523.9,66948.9,8999.915
2024-06-14T15:00:00Z,66948.9,67033.8,66311.1,66362.6,6451.701
2024-06-14T16:00:00Z,66362.6,66505.8,65145.0,65260.1,24491.099
2024-06-14T17:00:00Z,65260.1,65721.0,65030.0,65378.6,7853.433
2024-06-14T18:00:00Z,65378.6,65516.0,65056.7,65493.0,4806.136
2024-06-14T19:00:00Z,65493.0,65666.4,65268.5,65490.1,3831.74
2024-06-14T20:00:00Z,65490.1,65964.1,65447.7,65743.2,3982.619
2024-06-14T21:00:00Z,65743.2,66600.0,65706.1,66141.5,6709.688
2024-06-14T22:00:00Z,66141.5,66199.9,65838.6,65972.6,3020.424
2024-06-14T23:00:00Z,65972.6,66059.9,65884.0,66021.2,1118.57
2024-06-15T00:00:00Z,66021.2,66261.1,65958.6,66150.0,1736.107
2024-06-15T01:00:00Z,66150.0,66250.0,66027.4,66037.4,999.322
2024-06-15T02:00:00Z,66037.4,66217.0,66012.8,66180.1,820.296
2024-06-15T03:00:00Z,66180.1,66235.5,66146.2,66235.0,949.335
2024-06-15T04:00:00Z,66235.0,66342.0,66178.5,66221.2,1460.558
2024-06-15T05:00:00Z,66221.2,66370.0,66187.0,66202.0,1092.863
2024-06-15T06:00:00Z,66202.0,66381.3,66094.5,66144.1,1597.631
2024-06-15T07:00:00Z,66144.1,66180.8,66045.3,66051.9,1635.724
2024-06-15T08:00:00Z,66051.9,66190.2,66051.9,66188.7,920.156
2024-06-15T09:00:00Z,66188.7,66254.3,66080.0,66199.8,994.663
2024-06-15T10:00:00Z,66199.8,66283.2,66168.7,66263.4,529.503
2024-06-15T11:00:00Z,66263.4,66322.2,66240.6,66289.9,772.122
2024-06-15T12:00:00Z,66289.9,66332.8,66191.2,66322.1,1018.372
2024-06-15T13:00:00Z,66322.1,66327.1,66210.0,66274.2,724.451
2024-06-15T14:00:00Z,66274.2,66274.2,66135.4,66188.4,925.9
2024-06-15T15:00:00Z,66188.4,66446.1,66179.9,66284.6,1944.924
2024-06-15T16:00:00Z,66284.6,66326.9,66144.5,66153.4,747.867
2024-06-15T17:00:00Z,66153.4,66280.0,66092.2,66213.8,886.084
2024-06-15T18:00:00Z,66213.8,66213.8,66107.6,66114.0,506.244
2024-06-15T19:00:00Z,66114.0,66169.6,66040.7,66118.4,901.129
2024-06-15T20:00:00Z,66118.4,66132.9,65808.1,66014.0,2554.704
2024-06-15T21:00:00Z,66014.0,66128.6,66005.7,66095.1,561.672
2024-06-15T22:00:00Z,66095.1,66178.7,66011.6,66178.6,686.659
2024-06-15T23:00:00Z,66178.6,66250.0,66165.0,66184.0,803.926
2024-06-16T00:00:00Z,66184.0,66228.7,66135.6,66136.2,585.572
2024-06-16T01:00:00Z,66136.2,66188.2,66075.8,66148.4,586.065
2024-06-16T02:00:00Z,66148.4,66149.7,66085.5,66111.0,345.574
2024-06-16T03:00:00Z,66111.0,66138.0,66049.0,66105.6,457.838
2024-06-16T04:00:00Z,66105.6,66171.9,66007.5,66126.9,655.173
2024-06-16T05:00:00Z,66126.9,66227.4,66126.9,66227.4,445.914
2024-06-16T06:00:00Z,66227.4,66320.0,66145.2,66270.9,822.682
2024-06-16T07:00:00Z,66270.9,66316.8,66220.4,66232.0,574.108
2024-06-16T08:00:00Z,66232.0,66305.6,66205.3,66232.6,494.124
2024-06-16T09:00:00Z,66232.6,66391.5,66156.1,66370.0,1323.972
2024-06-16T10:00:00Z,66370.0,66745.7,66326.1,66670.0,3587.326
2024-06-16T11:00:00Z,66670.0,66692.7,66400.0,66450.2,1863.38
2024-06-16T12:00:00Z,66450.2,66615.0,66438.7,66556.2,1224.598
2024-06-16T13:00:00Z,66556.2,66734.5,66524.6,66725.5,1796.773
2024-06-16T14:00:00Z,66725.5,66780.2,66476.6,66491.2,2609.453
2024-06-16T15:00:00Z,66491.2,66685.5,66478.1,66670.2,1105.666
2024-06-16T16:00:00Z,66670.2,66716.9,66530.0,66562.7,846.374
2024-06-16T17:00:00Z,66562.7,66637.2,66501.2,66552.2,956.749
2024-06-16T18:00:00Z,66552.2,66630.9,66536.8,66563.0,310.441
2024-06-16T19:00:00Z,66563.0,66610.0,66473.2,66522.0,609.611
2024-06-16T20:00:00Z,66522.0,66571.0,66421.1,66479.0,852.612
2024-06-16T21:00:00Z,66479.0,66506.1,66431.4,66485.9,669.622
2024-06-16T22:00:00Z,66485.9,66949.6,66485.9,66719.5,5094.002
2024-06-16T23:00:00Z,66719.5,66799.2,66579.5,66638.2,1277.408
2024-06-17T00:00:00Z,66638.2,66887.4,66504.2,66552.4,2531.544
2024-06-17T01:00:00Z,66552.4,66581.1,66252.5,66443.9,3301.229
2024-06-17T02:00:00Z,66443.9,66443.9,66164.8,66306.9,2081.452
2024-06-17T03:00:00Z,66306.9,66400.0,66110.0,66188.9,1744.805
2024-06-17T04:00:00Z,66188.9,66432.8,66140.2,66432.7,1699.366
2024-06-17T05:00:00Z,66432.7,66535.0,66274.0,66332.4,2169.767
2024-06-17T06:00:00Z,66332.4,66372.8,66053.5,66099.9,2849.724
2024-06-17T07:00:00Z,66099.9,66334.7,65904.3,66134.0,3611.767
2024-06-17T08:00:00Z,66134.0,66281.9,65955.2,66165.2,2625.731
2024-06-17T09:00:00Z,66165.2,66214.0,65625.0,65689.5,4418.826
2024-06-17T10:00:00Z,65689.5,65915.0,65526.8,65855.1,6044.65
2024-06-17T11:00:00Z,65855.1,66015.0,65750.9,65778.6,2385.203
2024-06-17T12:00:00Z,65778.6,65793.2,65431.0,65593.3,3274.591
2024-06-17T13:00:00Z,65593.3,65766.6,65148.5,65171.3,6962.76
2024-06-17T14:00:00Z,65171.3,65746.0,65058.0,65443.3,7171.404
2024-06-17T15:00:00Z,65443.3,65706.6,65230.2,65324.9,5004.591
2024-06-17T16:00:00Z,65324.9,66034.3,65084.3,65860.0,8295.14
2024-06-17T17:00:00Z,65860.0,66579.6,65860.0,66579.2,8594.915
2024-06-17T18:00:00Z,66579.2,67289.9,66521.0,67070.4,12726.515
2024-06-17T19:00:00Z,67070.4,67087.1,66536.1,66656.0,5013.146
2024-06-17T20:00:00Z,66656.0,66740.7,66105.2,66350.0,7405.198
2024-06-17T21:00:00Z,66350.0,66713.4,66266.1,66539.8,2693.257
2024-06-17T22:00:00Z,66539.8,66684.5,66456.8,66631.6,1786.994
2024-06-17T23:00:00Z,66631.6,66692.3,66342.5,66454.8,2184.085
2024-06-18T00:00:00Z,66454.8,66552.8,65410.1,65707.3,8881.39
2024-06-18T01:00:00Z,65707.3,65918.3,64511.0,65102.0,19438.25
2024-06-18T02:00:00Z,65102.0,65615.7,64500.0,65438.2,11351.793
2024-06-18T03:00:00Z,65438.2,65550.7,65234.5,65474.2,3117.828
2024-06-18T04:00:00Z,65474.2,65733.6,65306.7,65546.9,2598.056
2024-06-18T05:00:00Z,65546.9,65828.0,65532.0,65575.4,2589.029
2024-06-18T06:00:00Z,65575.4,65700.3,65370.0,65482.4,3334.98
2024-06-18T07:00:00Z,65482.4,65780.0,65463.4,65641.3,2211.446
2024-06-18T08:00:00Z,65641.3,65720.9,65565.0,65705.6,1190.654
2024-06-18T09:00:00Z,65705.6,65706.4,65422.0,65442.6,2263.076
2024-06-18T10:00:00Z,65442.6,65585.4,65322.3,65405.0,2506.487
2024-06-18T11:00:00Z,65405.0,65462.2,65080.0,65339.6,4779.194
2024-06-18T12:00:00Z,65339.6,65404.0,64968.9,65208.8,6092.804
2024-06-18T13:00:00Z,65208.8,65239.1,64612.0,64814.8,10941.57
2024-06-18T14:00:00Z,64814.8,65384.3,64200.0,64602.6,17160.007
2024-06-18T15:00:00Z,64602.6,64909.0,64229.2,64660.2,9981.432
2024-06-18T16:00:00Z,64660.2,64829.0,64295.9,64670.8,4791.908
2024-06-18T17:00:00Z,64670.8,64878.0,64378.5,64581.1,5145.849
2024-06-18T18:00:00Z,64581.1,64849.0,64276.8,64655.1,3789.097
2024-06-18T19:00:00Z,64655.1,64716.4,64026.6,64398.8,8528.675
2024-06-18T20:00:00Z,64398.8,65044.3,64166.6,64915.8,7771.231
2024-06-18T21:00:00Z,64915.8,65307.5,64771.6,65195.8,4851.55
2024-06-18T22:00:00Z,65195.8,65284.2,65023.4,65260.9,2354.241
2024-06-18T23:00:00Z,65260.9,65260.9,65041.6,65146.5,1681.843
2024-06-19T00:00:00Z,65146.5,65203.7,64847.7,65117.7,3449.262
2024-06-19T01:00:00Z,65117.7,65499.8,64780.0,65006.9,6595.516
2024-06-19T02:00:00Z,65006.9,65462.2,64982.0,65307.9,4939.406
2024-06-19T03:00:00Z,65307.9,65587.0,65247.5,65380.9,4140.07
2024-06-19T04:00:00Z,65380.9,65700.0,65325.0,65418.4,3335.294
2024-06-19T05:00:00Z,65418.4,65550.1,65310.0,65387.1,2040.588
2024-06-19T06:00:00Z,65387.1,65586.4,65366.6,65582.1,1306.791
2024-06-19T07:00:00Z,65582.1,65642.1,65136.0,65289.4,4018.03
2024-06-19T08:00:00Z,65289.4,65325.3,65072.0,65153.2,2740.714
2024-06-19T09:00:00Z,65153.2,65272.3,65022.9,65261.7,1844.078
2024-06-19T10:00:00Z,65261.7,65489.9,65094.4,65489.8,2870.216
2024-06-19T11:00:00Z,65489.8,65512.6,64953.5,65179.2,5032.962
2024-06-19T12:00:00Z,65179.2,65280.1,65011.2,65156.2,2180.903
2024-06-19T13:00:00Z,65156.2,65211.9,65021.9,65054.8,1287.172
2024-06-19T14:00:00Z,65054.8,65116.6,64788.5,64911.2,3952.045
2024-06-19T15:00:00Z,64911.2,65082.2,64710.0,64900.9,2875.249
2024-06-19T16:00:00Z,64900.9,65069.2,64782.8,64900.1,1761.854
2024-06-19T17:00:00Z,64900.1,65246.5,64868.6,65057.6,2718.416
2024-06-19T18:00:00Z,65057.6,65138.5,64930.3,64945.7,1310.366
2024-06-19T19:00:00Z,64945.7,64969.8,64752.0,64848.0,2198.753
2024-06-19T20:00:00Z,64848.0,64918.8,64650.0,64855.4,2158.969
2024-06-19T21:00:00Z,64855.4,65089.5,64816.6,64981.4,1609.363
2024-06-19T22:00:00Z,64981.4,65032.3,64799.9,64804.5,1384.075
2024-06-19T23:00:00Z,64804.5,64969.3,64770.0,64940.2,1004.192
2024-06-20T00:00:00Z,64940.2,65075.5,64811.1,65072.4,1850.331
2024-06-20T01:00:00Z,65072.4,65397.9,65012.0,65151.1,3977.992
2024-06-20T02:00:00Z,65151.1,65215.2,64938.7,65181.5,1560.635
2024-06-20T03:00:00Z,65181.5,65220.0,65069.1,65170.1,792.119
2024-06-20T04:00:00Z,65170.1,65327.7,65070.0,65278.2,1402.593
2024-06-20T05:00:00Z,65278.2,65594.0,65228.1,65495.4,3061.485
2024-06-20T06:00:00Z,65495.4,65620.0,65356.3,65442.2,3204.149
2024-06-20T07:00:00Z,65442.2,65978.0,65442.1,65843.1,5764.923
2024-06-20T08:00:00Z,65843.1,65913.1,65569.9,65666.2,2433.915
2024-06-20T09:00:00Z,65666.2,65727.3,65550.8,65695.7,1413.743
2024-06-20T10:00:00Z,65695.7,66283.2,65620.7,66189.9,5296.008
2024-06-20T11:00:00Z,66189.9,66458.0,66087.3,66156.3,7270.343
2024-06-20T12:00:00Z,66156.3,66288.2,65827.0,65958.7,7181.541
2024-06-20T13:00:00Z,65958.7,65975.8,65101.3,65109.4,13522.621
2024-06-20T14:00:00Z,65109.4,65159.1,64616.1,64940.0,10750.895
2024-06-20T15:00:00Z,64940.0,65112.5,64763.8,64789.9,4748.028
2024-06-20T16:00:00Z,64789.9,64935.1,64514.2,64863.4,8336.562
2024-06-20T17:00:00Z,64863.4,65018.4,64652.3,64955.0,2971.506
2024-06-20T18:00:00Z,64955.0,65198.8,64905.7,65099.0,3162.017
2024-06-20T19:00:00Z,65099.0,65099.6,64820.0,65042.2,3139.526
2024-06-20T20:00:00Z,65042.2,65173.3,64972.1,65091.0,1611.113
2024-06-20T21:00:00Z,65091.0,65175.8,64991.0,65012.7,1465.711
2024-06-20T22:00:00Z,65012.7,65118.8,64938.6,64957.1,1203.8
2024-06-20T23:00:00Z,64957.1,65037.9,64833.6,64853.9,1265.459
2024-06-21T00:00:00Z,64853.9,64928.7,64601.1,64809.3,3312.341
2024-06-21T01:00:00Z,64809.3,65000.0,64650.0,64962.5,2425.456
2024-06-21T02:00:00Z,64962.5,65070.7,64700.0,64763.9,2034.721
2024-06-21T03:00:00Z,64763.9,64802.4,64311.0,64461.5,3942.929
2024-06-21T04:00:00Z,64461.5,64637.7,64259.4,64631.9,4109.448
2024-06-21T05:00:00Z,64631.9,64664.1,64450.9,64640.1,2088.747
2024-06-21T06:00:00Z,64640.1,64720.1,64522.6,64596.1,1752.528
2024-06-21T07:00:00Z,64596.1,64700.9,64133.3,64147.7,5759.004
2024-06-21T08:00:00Z,64147.7,64345.9,63422.1,63590.5,14222.317
2024-06-21T09:00:00Z,63590.5,64282.7,63508.5,64064.0,9182.398
2024-06-21T10:00:00Z,64064.0,64141.1,63771.7,63859.0,3654.815
2024-06-21T11:00:00Z,63859.0,64043.7,63621.2,63731.1,3271.099
2024-06-21T12:00:00Z,63731.1,63899.5,63431.1,63790.7,4968.041
2024-06-21T13:00:00Z,63790.7,63839.4,63333.0,63575.0,8389.727
2024-06-21T14:00:00Z,63575.0,64339.8,63404.7,64200.4,10288.687
2024-06-21T15:00:00Z,64200.4,64320.6,63415.5,63701.7,7934.754
2024-06-21T16:00:00Z,63701.7,63816.1,63536.8,63626.2,3241.718
2024-06-21T17:00:00Z,63626.2,63869.9,63433.1,63641.8,4086.554
2024-06-21T18:00:00Z,63641.8,64175.3,63620.8,64148.1,3077.339
2024-06-21T19:00:00Z,64148.1,64250.0,63920.1,64209.5,2679.239
2024-06-21T20:00:00Z,64209.5,64440.0,64076.8,64183.3,3950.653
2024-06-21T21:00:00Z,64183.3,64185.9,63801.3,64057.0,2201.431
2024-06-21T22:00:00Z,64057.0,64179.0,64056.1,64134.8,941.211
2024-06-21T23:00:00Z,64134.8,64199.0,64028.8,64108.3,1465.354
2024-06-22T00:00:00Z,64108.3,64141.3,63904.1,64019.8,1392.099
2024-06-22T01:00:00Z,64019.8,64185.8,64008.6,64111.2,941.76
2024-06-22T02:00:00Z,64111.2,64296.8,64111.2,64262.7,1374.126
2024-06-22T03:00:00Z,64262.7,64289.6,64224.2,64286.6,578.994
2024-06-22T04:00:00Z,64286.6,64328.3,64204.0,64319.3,765.405
2024-06-22T05:00:00Z,64319.3,64384.0,64225.1,64384.0,927.282
2024-06-22T06:00:00Z,64384.0,64480.0,64323.0,64386.9,1728.569
2024-06-22T07:00:00Z,64386.9,64498.9,64284.7,64470.0,1461.745
2024-06-22T08:00:00Z,64470.0,64491.5,64230.0,64247.1,1806.524
2024-06-22T09:00:00Z,64247.1,64307.0,64171.2,64290.4,1139.25
2024-06-22T10:00:00Z,64290.4,64340.0,64235.9,64279.4,630.81
2024-06-22T11:00:00Z,64279.4,64286.3,64196.7,64238.3,846.066
2024-06-22T12:00:00Z,64238.3,64299.1,64238.3,64266.0,598.186
2024-06-22T13:00:00Z,64266.0,64278.1,64220.4,64258.8,473.32
2024-06-22T14:00:00Z,64258.8,64371.5,64234.0,64255.5,705.247
2024-06-22T15:00:00Z,64255.5,64277.5,64221.6,64273.7,437.443
2024-06-22T16:00:00Z,64273.7,64347.1,64234.1,64290.4,701.315
2024-06-22T17:00:00Z,64290.4,64322.0,64225.1,64227.9,288.728
2024-06-22T18:00:00Z,64227.9,64295.8,64224.6,64236.8,254.371
2024-06-22T19:00:00Z,64236.8,64267.8,64190.0,64260.0,405.361
2024-06-22T20:00:00Z,64260.0,64273.9,64212.7,64250.6,330.1
2024-06-22T21:00:00Z,64250.6,64301.5,64231.6,64284.8,269.957
2024-06-22T22:00:00Z,64284.8,64297.9,64235.6,64282.0,227.66
2024-06-22T23:00:00Z,64282.0,64296.7,64214.7,64223.1,413.657
2024-06-23T00:00:00Z,64223.1,64473.8,64223.1,64435.0,1197.54
2024-06-23T01:00:00Z,64435.0,64475.0,64282.5,64424.2,1140.813
2024-06-23T02:00:00Z,64424.2,64470.0,64336.8,64470.0,563.667
2024-06-23T03:00:00Z,64470.0,64484.1,64364.6,64376.0,587.082
2024-06-23T04:00:00Z,64376.0,64392.9,64338.2,64343.0,436.572
2024-06-23T05:00:00Z,64343.0,64383.1,64299.7,64341.6,564.694
2024-06-23T06:00:00Z,64341.6,64378.5,64341.6,64346.0,352.799
2024-06-23T07:00:00Z,64346.0,64418.5,64341.5,64388.3,459.203
2024-06-23T08:00:00Z,64388.3,64409.4,64350.2,64364.7,232.728
2024-06-23T09:00:00Z,64364.7,64401.7,64364.7,64380.0,375.24
2024-06-23T10:00:00Z,64380.0,64380.0,64265.9,64278.1,900.993
2024-06-23T11:00:00Z,64278.1,64314.2,64224.6,64310.0,870.278
2024-06-23T12:00:00Z,64310.0,64348.3,64274.0,64348.3,276.239
2024-06-23T13:00:00Z,64348.3,64406.3,64230.0,64267.7,803.762
2024-06-23T14:00:00Z,64267.7,64279.3,64107.5,64163.6,1871.344
2024-06-23T15:00:00Z,64163.6,64164.8,64032.8,64064.1,1964.5
2024-06-23T16:00:00Z,64064.1,64148.7,63878.3,63896.1,1538.911
2024-06-23T17:00:00Z,63896.1,64149.9,63890.3,64090.1,1269.552
2024-06-23T18:00:00Z,64090.1,64124.0,64036.6,64091.6,307.547
2024-06-23T19:00:00Z,64091.6,64160.0,64059.0,64124.0,466.365
2024-06-23T20:00:00Z,64124.0,64133.3,63579.6,63709.1,4288.25
2024-06-23T21:00:00Z,63709.1,63840.2,63501.3,63806.8,3000.457
2024-06-23T22:00:00Z,63806.8,63806.8,63603.9,63630.9,1102.948
2024-06-23T23:00:00Z,63630.9,63672.1,63123.1,63179.9,6218.403
2024-06-24T00:00:00Z,63179.9,63299.9,62860.2,63035.0,9412.105
2024-06-24T01:00:00Z,63035.0,63306.6,62873.0,63275.1,3845.657
2024-06-24T02:00:00Z,63275.1,63329.9,62631.0,62830.2,4619.496
2024-06-24T03:00:00Z,62830.2,63043.7,62714.0,62815.1,2680.06
2024-06-24T04:00:00Z,62815.1,62923.0,62600.0,62802.0,3525.713
2024-06-24T05:00:00Z,62802.0,62852.6,62230.5,62273.6,9839.697
2024-06-24T06:00:00Z,62273.6,62391.0,62111.0,62360.0,5341.961
2024-06-24T07:00:00Z,62360.0,62558.8,62124.6,62429.9,4223.784
2024-06-24T08:00:00Z,62429.9,62951.7,62303.6,62700.9,7759.874
2024-06-24T09:00:00Z,62700.9,62835.7,60348.5,61350.0,34488.58
2024-06-24T10:00:00Z,61350.0,61541.0,61077.5,61137.4,7700.475
2024-06-24T11:00:00Z,61137.4,61329.6,60790.0,61234.6,7620.088
2024-06-24T12:00:00Z,61234.6,61464.7,61079.8,61182.8,4000.069
2024-06-24T13:00:00Z,61182.8,61623.0,60886.1,61545.5,7630.851
2024-06-24T14:00:00Z,61545.5,61673.3,61049.5,61264.9,7200.654
2024-06-24T15:00:00Z,61264.9,61334.1,60622.6,60812.6,6601.856
2024-06-24T16:00:00Z,60812.6,61027.1,59920.0,60124.0,18887.712
2024-06-24T17:00:00Z,60124.0,60528.2,59800.2,60229.9,17571.76
2024-06-24T18:00:00Z,60229.9,60465.7,59651.0,60385.8,10050.44
2024-06-24T19:00:00Z,60385.8,60465.6,59000.8,59290.1,14376.494
2024-06-24T20:00:00Z,59290.1,59626.2,58320.0,59471.4,20486.074
2024-06-24T21:00:00Z,59471.4,60066.4,59370.1,60066.4,6030.045
2024-06-24T22:00:00Z,60066.4,60228.3,59943.0,60010.7,3995.753
2024-06-24T23:00:00Z,60010.7,60409.5,59962.2,60257.1,3399.452
2024-06-25T00:00:00Z,60257.1,60613.7,60217.9,60369.7,3594.476
2024-06-25T01:00:00Z,60369.7,60473.3,60240.1,60460.6,2323.568
2024-06-25T02:00:00Z,60460.6,60696.5,60370.0,60637.8,3257.242
2024-06-25T03:00:00Z,60637.8,61555.0,60586.7,61271.8,9503.222
2024-06-25T04:00:00Z,61271.8,61384.0,61116.3,61340.8,3166.202
2024-06-25T05:00:00Z,61340.8,61388.1,60901.1,60999.0,3543.126
2024-06-25T06:00:00Z,60999.0,61162.4,60936.5,61113.1,2794.286
2024-06-25T07:00:00Z,61113.1,61227.4,60581.0,60640.3,6663.502
2024-06-25T08:00:00Z,60640.3,60862.3,60624.8,60816.0,3730.644
2024-06-25T09:00:00Z,60816.0,61588.8,60776.7,61452.9,8496.909
2024-06-25T10:00:00Z,61452.9,61453.0,61128.9,61289.8,5396.618
2024-06-25T11:00:00Z,61289.8,61458.8,61092.0,61162.7,4409.745
2024-06-25T12:00:00Z,61162.7,61250.0,60933.0,61021.5,4092.63
2024-06-25T13:00:00Z,61021.5,61437.0,60990.0,61168.7,5448.797
2024-06-25T14:00:00Z,61168.7,62102.8,61122.7,61722.3,15138.5
2024-06-25T15:00:00Z,61722.3,61924.8,61261.3,61779.6,9706.228
2024-06-25T16:00:00Z,61779.6,61910.7,61316.8,61344.9,5371.667
2024-06-25T17:00:00Z,61344.9,61756.8,61279.2,61353.1,4352.867
2024-06-25T18:00:00Z,61353.1,62193.2,61110.7,62106.6,11178.899
2024-06-25T19:00:00Z,62106.6,62401.3,61742.7,61931.0,6865.845
2024-06-25T20:00:00Z,61931.0,62034.5,61835.8,61879.7,1751.858
2024-06-25T21:00:00Z,61879.7,62010.2,61743.2,61880.0,1789.79
2024-06-25T22:00:00Z,61880.0,62141.4,61827.0,61873.9,2681.446
2024-06-25T23:00:00Z,61873.9,61914.0,61614.0,61764.4,2432.241
2024-06-26T00:00:00Z,61764.4,61801.3,61589.3,61719.6,1593.342
2024-06-26T01:00:00Z,61719.6,62147.8,61676.8,62048.6,3321.85
2024-06-26T02:00:00Z,62048.6,62467.9,61969.7,61992.1,4638.512
2024-06-26T03:00:00Z,61992.1,62051.8,61805.9,61891.5,2368.05
2024-06-26T04:00:00Z,61891.5,61947.8,61655.0,61659.5,3454.491
2024-06-26T05:00:00Z,61659.5,61758.1,61530.0,61530.1,2763.566
2024-06-26T06:00:00Z,61530.1,61656.0,61482.6,61548.2,1843.258
2024-06-26T07:00:00Z,61548.2,61774.5,61501.0,61694.7,2116.724
2024-06-26T08:00:00Z,61694.7,61725.4,61331.7,61442.6,3050.37
2024-06-26T09:00:00Z,61442.6,61482.2,61269.6,61340.0,2806.006
2024-06-26T10:00:00Z,61340.0,61378.0,61120.0,61225.8,4060.138
2024-06-26T11:00:00Z,61225.8,61518.9,61225.8,61403.8,3131.958
2024-06-26T12:00:00Z,61403.8,61550.0,61294.5,61387.6,2229.799
2024-06-26T13:00:00Z,61387.6,61820.0,61325.4,61726.1,5596.128
2024-06-26T14:00:00Z,61726.1,61940.0,61519.5,61690.0,5061.626
2024-06-26T15:00:00Z,61690.0,61730.4,61131.0,61432.9,7212.876
2024-06-26T16:00:00Z,61432.9,61506.6,61110.1,61241.2,4322.218
2024-06-26T17:00:00Z,61241.2,61332.8,60801.3,61202.1,9097.73
2024-06-26T18:00:00Z,61202.1,61207.9,60866.9,60873.3,2391.794
2024-06-26T19:00:00Z,60873.3,61107.0,60676.0,60962.5,7683.727
2024-06-26T20:00:00Z,60962.5,61116.0,60666.0,60960.0,4553.135
2024-06-26T21:00:00Z,60960.0,61053.0,60881.5,61033.8,1817.582
2024-06-26T22:00:00Z,61033.8,61033.9,60753.7,60893.8,1735.56
2024-06-26T23:00:00Z,60893.8,60938.8,60742.5,60838.5,1213.367
2024-06-27T00:00:00Z,60838.5,61013.6,60725.9,60952.9,2761.867
2024-06-27T01:00:00Z,60952.9,61125.0,60854.7,61033.8,1966.139
2024-06-27T02:00:00Z,61033.8,61073.0,60825.4,61003.8,1685.371
2024-06-27T03:00:00Z,61003.8,61275.0,60913.9,61009.3,2331.414
2024-06-27T04:00:00Z,61009.3,61166.9,60988.1,61092.7,1122.557
2024-06-27T05:00:00Z,61092.7,61129.9,60760.2,60776.1,2487.18
2024-06-27T06:00:00Z,60776.1,60822.6,60564.8,60712.5,4149.065
2024-06-27T07:00:00Z,60712.5,60876.3,60678.1,60760.2,1776.031
2024-06-27T08:00:00Z,60760.2,60827.3,60694.2,60827.3,1302.811
2024-06-27T09:00:00Z,60827.3,61327.6,60782.5,61265.2,4733.527
2024-06-27T10:00:00Z,61265.2,61441.9,61072.8,61083.6,3762.195
2024-06-27T11:00:00Z,61083.6,61290.9,61068.0,61166.6,1476.796
2024-06-27T12:00:00Z,61166.6,61650.0,61122.7,61310.9,7117.304
2024-06-27T13:00:00Z,61310.9,61990.9,61280.1,61972.7,10325.28
2024-06-27T14:00:00Z,61972.7,62380.0,61677.4,61713.8,11313.048
2024-06-27T15:00:00Z,61713.8,61830.0,61502.8,61561.1,4204.355
2024-06-27T16:00:00Z,61561.1,61803.0,61507.6,61687.3,3265.229
2024-06-27T17:00:00Z,61687.3,61987.7,61655.1,61807.1,2571.926
2024-06-27T18:00:00Z,61807.1,61908.8,61700.8,61865.1,1924.138
2024-06-27T19:00:00Z,61865.1,61879.1,61386.1,61432.8,3851.503
2024-06-27T20:00:00Z,61432.8,61558.0,61323.2,61461.8,1835.012
2024-06-27T21:00:00Z,61461.8,61566.0,61437.5,61516.4,742.811
2024-06-27T22:00:00Z,61516.4,61646.3,61487.9,61609.7,1138.634
2024-06-27T23:00:00Z,61609.7,61678.7,61573.3,61659.5,1230.524
2024-06-28T00:00:00Z,61659.5,61684.2,61443.0,61522.9,1841.265
2024-06-28T01:00:00Z,61522.9,62218.0,61464.7,62068.7,6455.28
2024-06-28T02:00:00Z,62068.7,62124.5,61545.4,61687.3,3584.095
2024-06-28T03:00:00Z,61687.3,61876.0,61604.7,61788.4,1211.49
2024-06-28T04:00:00Z,61788.4,61796.0,61469.7,61707.8,1917.05
2024-06-28T05:00:00Z,61707.8,61707.8,61450.1,61572.2,1751.461
2024-06-28T06:00:00Z,61572.2,61642.0,61484.1,61599.0,805.642
2024-06-28T07:00:00Z,61599.0,61599.0,61200.3,61315.0,3418.007
2024-06-28T08:00:00Z,61315.0,61447.3,61155.1,61441.2,2947.455
2024-06-28T09:00:00Z,61441.2,61560.0,61340.9,61517.4,1724.405
2024-06-28T10:00:00Z,61517.4,61574.2,61418.0,61516.6,1523.688
2024-06-28T11:00:00Z,61516.6,61780.0,61451.0,61666.3,2500.143
2024-06-28T12:00:00Z,61666.3,61859.6,61191.6,61363.8,8884.07
2024-06-28T13:00:00Z,61363.8,61827.4,61200.0,61273.8,6748.335
2024-06-28T14:00:00Z,61273.8,61484.0,60735.0,60881.3,9966.942
2024-06-28T15:00:00Z,60881.3,61148.8,60695.4,61020.0,4957.032
2024-06-28T16:00:00Z,61020.0,61074.9,60568.1,60907.1,5060.72
2024-06-28T17:00:00Z,60907.1,61045.8,60670.8,60790.0,2698.333
2024-06-28T18:00:00Z,60790.0,60846.8,60616.0,60797.8,1696.505
2024-06-28T19:00:00Z,60797.8,60817.9,60040.3,60100.9,9338.458
2024-06-28T20:00:00Z,60100.9,60333.3,60011.5,60217.1,2842.323
2024-06-28T21:00:00Z,60217.1,60388.0,60113.7,60342.3,1653.723
2024-06-28T22:00:00Z,60342.3,60400.0,60265.5,60345.5,1122.746
2024-06-28T23:00:00Z,60345.5,60439.6,60332.1,60406.1,1013.607
2024-06-29T00:00:00Z,60406.1,60778.7,60378.1,60710.1,4600.462
2024-06-29T01:00:00Z,60710.1,60959.8,60697.4,60851.4,2760.058
2024-06-29T02:00:00Z,60851.4,60922.0,60640.8,60701.2,1948.622
2024-06-29T03:00:00Z,60701.2,60764.5,60655.1,60713.8,868.691
2024-06-29T04:00:00Z,60713.8,60771.8,60666.0,60735.3,909.576
2024-06-29T05:00:00Z,60735.3,60748.4,60672.5,60716.6,625.672
2024-06-29T06:00:00Z,60716.6,60825.0,60695.2,60806.2,591.717
2024-06-29T07:00:00Z,60806.2,61115.2,60791.6,61033.0,3670.513
2024-06-29T08:00:00Z,61033.0,61051.0,60882.5,60952.6,1396.33
2024-06-29T09:00:00Z,60952.6,60977.6,60870.0,60950.9,994.318
2024-06-29T10:00:00Z,60950.9,61012.4,60886.0,60965.1,834.177
2024-06-29T11:00:00Z,60965.1,61198.9,60897.6,61070.0,2741.378
2024-06-29T12:00:00Z,61070.0,61130.0,60962.5,61014.4,1159.717
2024-06-29T13:00:00Z,61014.4,61156.0,60978.7,61078.8,1074.454
2024-06-29T14:00:00Z,61078.8,61141.5,60932.7,60989.8,1213.754
2024-06-29T15:00:00Z,60989.8,61086.1,60918.5,61086.1,911.611
2024-06-29T16:00:00Z,61086.1,61111.0,60880.1,60983.5,1036.74
2024-06-29T17:00:00Z,60983.5,61034.2,60900.9,61004.3,591.336
2024-06-29T18:00:00Z,61004.3,61040.0,60953.7,61021.1,557.91
2024-06-29T19:00:00Z,61021.1,61049.7,60886.8,61018.5,641.608
2024-06-29T20:00:00Z,61018.5,61059.0,60932.0,61007.0,411.049
2024-06-29T21:00:00Z,61007.0,61074.0,60906.0,61022.3,655.319
2024-06-29T22:00:00Z,61022.3,61030.0,60762.3,60933.8,1608.325
2024-06-29T23:00:00Z,60933.8,61037.2,60894.4,60939.9,662.869
2024-06-30T00:00:00Z,60939.9,61040.8,60871.5,60985.3,761.7
2024-06-30T01:00:00Z,60985.3,61007.6,60882.7,60919.8,673.807
2024-06-30T02:00:00Z,60919.8,60919.8,60703.6,60793.8,1715.576
2024-06-30T03:00:00Z,60793.8,60925.3,60750.0,60857.7,957.708
2024-06-30T04:00:00Z,60857.7,60865.2,60730.0,60740.1,673.733
2024-06-30T05:00:00Z,60740.1,60776.8,60673.0,60753.7,1449.158
2024-06-30T06:00:00Z,60753.7,60998.4,60724.1,60995.3,1694.425
2024-06-30T07:00:00Z,60995.3,61776.5,60980.7,61509.9,11328.221
2024-06-30T08:00:00Z,61509.9,61579.0,61370.1,61526.4,2744.535
2024-06-30T09:00:00Z,61526.4,61696.6,61463.4,61489.1,2372.574
2024-06-30T10:00:00Z,61489.1,61606.3,61464.9,61503.5,1393.198
2024-06-30T11:00:00Z,61503.5,61639.1,61476.9,61513.6,1446.994
2024-06-30T12:00:00Z,61513.6,61622.3,61280.5,61453.7,2922.304
2024-06-30T13:00:00Z,61453.7,61715.2,61404.4,61671.7,3394.537
2024-06-30T14:00:00Z,61671.7,61835.0,61489.0,61542.7,3263.009
2024-06-30T15:00:00Z,61542.7,61737.0,61542.3,61679.3,1128.167
2024-06-30T16:00:00Z,61679.3,61712.4,61540.7,61559.3,765.151
2024-06-30T17:00:00Z,61559.3,61828.5,61559.3,61671.3,2155.105
2024-06-30T18:00:00Z,61671.3,62050.0,61639.1,62025.9,3221.063
2024-06-30T19:00:00Z,62025.9,62077.7,61854.2,61987.3,2120.5
2024-06-30T20:00:00Z,61987.3,62392.3,61921.4,61942.1,6358.141
2024-06-30T21:00:00Z,61942.1,61973.8,61777.2,61901.2,2283.302
2024-06-30T22:00:00Z,61901.2,62939.0,61898.5,62874.6,10996.607
2024-06-30T23:00:00Z,62874.6,63041.3,62736.5,62749.5,4028.371
2024-07-01T00:00:00Z,62749.5,62924.8,62556.3,62904.0,3065.878
2024-07-01T01:00:00Z,62904.0,63728.2,62854.5,63611.8,12312.873
2024-07-01T02:00:00Z,63611.8,63790.0,63258.1,63408.9,5667.226
2024-07-01T03:00:00Z,63408.9,63492.8,63303.2,63398.2,2256.4
2024-07-01T04:00:00Z,63398.2,63435.3,63165.0,63237.3,2090.604
2024-07-01T05:00:00Z,63237.3,63410.0,63221.8,63390.5,1367.87
2024-07-01T06:00:00Z,63390.5,63470.0,63246.2,63370.8,2096.296
2024-07-01T07:00:00Z,63370.8,63399.7,63201.3,63233.7,1974.145
2024-07-01T08:00:00Z,63233.7,63277.1,62787.0,62890.1,4949.392
2024-07-01T09:00:00Z,62890.1,62962.2,62750.0,62910.8,2426.986
2024-07-01T10:00:00Z,62910.8,62950.0,62734.3,62815.6,1506.058
2024-07-01T11:00:00Z,62815.6,62829.0,62560.3,62637.7,2779.906
2024-07-01T12:00:00Z,62637.7,62886.0,62613.0,62852.0,2819.789
2024-07-01T13:00:00Z,62852.0,63046.9,62464.4,62650.1,6639.15
2024-07-01T14:00:00Z,62650.1,62922.7,62562.2,62794.5,4893.376
2024-07-01T15:00:00Z,62794.5,63133.0,62783.8,63108.3,4493.385
2024-07-01T16:00:00Z,63108.3,63318.0,62931.6,63086.3,5280.298
2024-07-01T17:00:00Z,63086.3,63672.6,63025.0,63671.3,4553.789
2024-07-01T18:00:00Z,63671.3,63845.0,63409.9,63618.6,5318.13
2024-07-01T19:00:00Z,63618.6,63618.7,63034.8,63186.4,4365.194
2024-07-01T20:00:00Z,63186.4,63390.0,63124.6,63251.3,1699.727
2024-07-01T21:00:00Z,63251.3,63251.4,62966.0,63085.0,1977.48
2024-07-01T22:00:00Z,63085.0,63124.6,62771.3,62940.1,2922.864
2024-07-01T23:00:00Z,62940.1,63000.0,62791.5,62860.1,1471.29
2024-07-02T00:00:00Z,62860.1,62950.3,62738.1,62895.9,1665.168
2024-07-02T01:00:00Z,62895.9,62935.9,62778.5,62896.2,896.986
2024-07-02T02:00:00Z,62896.2,63085.0,62889.9,62957.5,1194.489
2024-07-02T03:00:00Z,62957.5,63259.0,62957.5,63093.7,1356.121
2024-07-02T04:00:00Z,63093.7,63209.8,62987.5,62994.5,1065.123
2024-07-02T05:00:00Z,62994.5,63071.5,62965.0,62994.2,673.594
2024-07-02T06:00:00Z,62994.2,63020.1,62800.6,62838.5,1922.643
2024-07-02T07:00:00Z,62838.5,62847.2,62550.1,62590.9,3689.518
2024-07-02T08:00:00Z,62590.9,62713.0,62401.3,62636.6,4371.605
2024-07-02T09:00:00Z,62636.6,62759.5,62600.0,62628.8,1580.077
2024-07-02T10:00:00Z,62628.8,62791.8,62467.8,62691.4,2591.127
2024-07-02T11:00:00Z,62691.4,62838.0,62587.2,62803.0,1895.757
2024-07-02T12:00:00Z,62803.0,63020.1,62692.1,62842.6,3284.941
2024-07-02T13:00:00Z,62842.6,63139.2,62460.0,62595.0,6006.501
2024-07-02T14:00:00Z,62595.0,62692.0,61832.8,62011.4,14149.017
2024-07-02T15:00:00Z,62011.4,62138.8,61801.9,61911.7,4535.307
2024-07-02T16:00:00Z,61911.7,62011.0,61779.6,61906.7,3326.034
2024-07-02T17:00:00Z,61906.7,62135.7,61857.4,62135.7,2022.254
2024-07-02T18:00:00Z,62135.7,62354.8,62126.8,62312.7,3094.428
2024-07-02T19:00:00Z,62312.7,62354.1,61854.8,61923.6,3892.266
2024-07-02T20:00:00Z,61923.6,62080.8,61854.7,61983.2,1768.233
2024-07-02T21:00:00Z,61983.2,62067.0,61866.6,61910.0,2198.026
2024-07-02T22:00:00Z,61910.0,62090.4,61910.0,62057.7,1164.749
2024-07-02T23:00:00Z,62057.7,62158.6,62036.2,62092.6,1108.874
2024-07-03T00:00:00Z,62092.6,62250.0,62045.2,62045.2,1349.153
2024-07-03T01:00:00Z,62045.2,62190.0,61262.0,61598.2,7934.412
2024-07-03T02:00:00Z,61598.2,61598.3,61144.5,61342.1,5752.056
2024-07-03T03:00:00Z,61342.1,61353.0,60555.1,60967.7,9778.237
2024-07-03T04:00:00Z,60967.7,60967.7,60777.8,60856.0,2982.242
2024-07-03T05:00:00Z,60856.0,61093.7,60830.0,61087.7,2943.087
2024-07-03T06:00:00Z,61087.7,61169.8,60939.1,60984.1,2644.024
2024-07-03T07:00:00Z,60984.1,61014.1,60818.3,60842.3,2384.094
2024-07-03T08:00:00Z,60842.3,60956.1,60351.0,60463.4,8039.076
2024-07-03T09:00:00Z,60463.4,60645.0,60277.9,60580.1,5262.341
2024-07-03T10:00:00Z,60580.1,60590.0,59500.2,60344.5,17999.34
2024-07-03T11:00:00Z,60344.5,60463.0,60070.0,60352.4,5655.86
2024-07-03T12:00:00Z,60352.4,60352.4,59875.7,60004.7,7053.056
2024-07-03T13:00:00Z,60004.7,60614.2,59722.0,60565.8,8382.476
2024-07-03T14:00:00Z,60565.8,60732.1,60220.2,60245.2,4873.491
2024-07-03T15:00:00Z,60245.2,60435.4,59928.0,60140.6,7736.817
2024-07-03T16:00:00Z,60140.6,60637.4,60054.0,60461.1,5222.956
2024-07-03T17:00:00Z,60461.1,60488.0,60156.2,60337.6,1901.418
2024-07-03T18:00:00Z,60337.6,60423.5,60198.0,60213.9,1956.105
2024-07-03T19:00:00Z,60213.9,60214.0,59611.2,59624.6,7686.664
2024-07-03T20:00:00Z,59624.6,59836.6,59531.0,59572.0,4272.755
2024-07-03T21:00:00Z,59572.0,60331.1,59350.2,60221.5,7496.79
2024-07-03T22:00:00Z,60221.5,60349.2,60097.5,60295.1,2288.251
2024-07-03T23:00:00Z,60295.1,60360.3,60170.1,60184.8,1335.344
2024-07-04T00:00:00Z,60184.8,60448.8,60184.8,60392.5,2421.653
2024-07-04T01:00:00Z,60392.5,60464.6,58400.0,58545.8,20628.747
2024-07-04T02:00:00Z,58545.8,59084.0,57770.2,58940.7,15280.634
2024-07-04T03:00:00Z,58940.7,59112.7,58815.8,59072.9,3271.368
2024-07-04T04:00:00Z,59072.9,59117.1,58689.9,58941.5,3396.968
2024-07-04T05:00:00Z,58941.5,59017.5,58828.6,58864.4,1730.546
2024-07-04T06:00:00Z,58864.4,59067.8,58500.7,58774.1,5497.968
2024-07-04T07:00:00Z,58774.1,58841.1,58059.5,58198.1,9023.165
2024-07-04T08:00:00Z,58198.1,58458.0,57198.0,57664.1,18498.189
2024-07-04T09:00:00Z,57664.1,57844.2,56930.0,57715.1,15432.399
2024-07-04T10:00:00Z,57715.1,57934.0,57410.1,57925.6,6400.681
2024-07-04T11:00:00Z,57925.6,58099.0,57650.5,57744.3,5006.674
2024-07-04T12:00:00Z,57744.3,57744.3,57117.6,57219.6,7614.978
2024-07-04T13:00:00Z,57219.6,57481.9,56687.5,57389.3,20463.129
2024-07-04T14:00:00Z,57389.3,57529.0,56800.0,57420.1,10191.373
2024-07-04T15:00:00Z,57420.1,58332.6,57320.0,58110.0,9839.635
2024-07-04T16:00:00Z,58110.0,58376.8,57730.0,58272.1,7084.19
2024-07-04T17:00:00Z,58272.1,58371.1,58068.4,58223.6,3838.085
2024-07-04T18:00:00Z,58223.6,58346.2,57903.9,58142.3,3809.751
2024-07-04T19:00:00Z,58142.3,58691.8,58109.3,58250.0,4937.045
2024-07-04T20:00:00Z,58250.0,58342.3,58100.0,58337.2,2210.715
2024-07-04T21:00:00Z,58337.2,58624.9,58265.3,58472.6,2530.961
2024-07-04T22:00:00Z,58472.6,58820.7,57956.3,58008.3,5000.889
2024-07-04T23:00:00Z,58008.3,58090.0,56815.0,57034.6,12946.884
2024-07-05T00:00:00Z,57034.6,57523.4,56650.0,57355.5,15773.213
2024-07-05T01:00:00Z,57355.5,57416.0,56780.1,57143.4,6020.444
2024-07-05T02:00:00Z,57143.4,57219.8,55368.4,55721.9,21867.123
2024-07-05T03:00:00Z,55721.9,55954.4,54926.1,55214.1,25388.655
2024-07-05T04:00:00Z,55214.1,55350.0,53314.3,53916.5,29357.298
2024-07-05T05:00:00Z,53916.5,54799.9,53759.3,54792.6,12453.647
2024-07-05T06:00:00Z,54792.6,54797.1,53859.7,54268.9,11391.797
2024-07-05T07:00:00Z,54268.9,54441.5,53930.9,54386.6,6619.399
2024-07-05T08:00:00Z,54386.6,54433.0,54023.7,54055.4,4861.179
2024-07-05T09:00:00Z,54055.4,54716.1,53861.2,54511.5,8211.666
2024-07-05T10:00:00Z,54511.5,55347.3,54381.6,54962.1,10456.003
2024-07-05T11:00:00Z,54962.1,55653.7,54962.1,55458.4,8632.519
2024-07-05T12:00:00Z,55458.4,56018.0,54960.0,55021.1,14437.053
2024-07-05T13:00:00Z,55021.1,55855.1,54810.0,55808.6,9706.489
2024-07-05T14:00:00Z,55808.6,55875.4,55310.9,55724.8,5590.38
2024-07-05T15:00:00Z,55724.8,56656.4,55623.8,56630.0,12616.063
2024-07-05T16:00:00Z,56630.0,56926.1,56121.6,56425.9,9539.534
2024-07-05T17:00:00Z,56425.9,57035.1,56272.9,56431.1,6532.554
2024-07-05T18:00:00Z,56431.1,56713.3,55782.6,56518.1,9196.57
2024-07-05T19:00:00Z,56518.1,56734.7,56301.1,56430.3,4024.962
2024-07-05T20:00:00Z,56430.3,56488.9,56280.8,56318.5,1723.238
2024-07-05T21:00:00Z,56318.5,56779.8,56318.5,56485.5,2153.002
2024-07-05T22:00:00Z,56485.5,56711.3,56370.0,56594.3,1913.764
2024-07-05T23:00:00Z,56594.3,56843.6,56575.0,56602.8,1889.005
2024-07-06T00:00:00Z,56602.8,56977.8,56338.5,56571.6,5214.236
2024-07-06T01:00:00Z,56571.6,56585.4,56170.9,56188.6,3377.855
2024-07-06T02:00:00Z,56188.6,56478.5,56141.8,56408.4,2130.764
2024-07-06T03:00:00Z,56408.4,56500.0,56245.0,56386.0,1236.798
2024-07-06T04:00:00Z,56386.0,56397.9,56020.0,56038.5,2354.434
2024-07-06T05:00:00Z,56038.5,56473.7,56002.0,56341.6,3612.05
2024-07-06T06:00:00Z,56341.6,56556.1,56322.9,56383.4,1712.019
2024-07-06T07:00:00Z,56383.4,56660.5,56372.6,56574.9,2016.32
2024-07-06T08:00:00Z,56574.9,56631.1,56484.4,56534.9,1001.806
2024-07-06T09:00:00Z,56534.9,56747.5,56410.0,56739.2,1612.298
2024-07-06T10:00:00Z,56739.2,56875.5,56615.1,56753.8,2364.533
2024-07-06T11:00:00Z,56753.8,56777.7,56628.9,56711.6,772.036
2024-07-06T12:00:00Z,56711.6,56767.5,56480.7,56725.4,1644.305
2024-07-06T13:00:00Z,56725.4,57299.9,56635.3,56972.8,5031.053
2024-07-06T14:00:00Z,56972.8,57113.3,56689.4,57033.9,4141.35
2024-07-06T15:00:00Z,57033.9,57432.3,56902.1,57294.8,5232.959
2024-07-06T16:00:00Z,57294.8,58079.9,57153.5,57822.0,11657.716
2024-07-06T17:00:00Z,57822.0,58005.3,57714.1,57932.0,2687.397
2024-07-06T18:00:00Z,57932.0,58000.0,57707.0,57758.7,2025.82
2024-07-06T19:00:00Z,57758.7,57898.0,57691.1,57829.9,1484.791
2024-07-06T20:00:00Z,57829.9,58223.1,57800.0,57935.5,3809.133
2024-07-06T21:00:00Z,57935.5,58270.0,57782.2,57841.0,2729.914
2024-07-06T22:00:00Z,57841.0,58091.6,57840.1,58070.1,1176.495
2024-07-06T23:00:00Z,58070.1,58489.6,58068.8,58204.1,6129.613
2024-07-07T00:00:00Z,58204.1,58263.5,57872.4,57897.0,2432.503
2024-07-07T01:00:00Z,57897.0,58293.9,57803.6,58085.7,2617.149
2024-07-07T02:00:00Z,58085.7,58420.0,58082.0,58330.0,2973.358
2024-07-07T03:00:00Z,58330.0,58330.0,57828.4,57935.4,3847.72
2024-07-07T04:00:00Z,57935.4,57992.2,57555.8,57590.5,4810.331
2024-07-07T05:00:00Z,57590.5,57779.4,57415.0,57628.4,3868.217
2024-07-07T06:00:00Z,57628.4,57770.0,57576.6,57632.7,1495.523
2024-07-07T07:00:00Z,57632.7,57675.2,57057.0,57362.4,6940.909
2024-07-07T08:00:00Z,57362.4,57649.4,57362.4,57637.6,2943.029
2024-07-07T09:00:00Z,57637.6,57732.0,57559.0,57718.0,2154.392
2024-07-07T10:00:00Z,57718.0,57897.0,57464.4,57487.2,4594.123
2024-07-07T11:00:00Z,57487.2,57518.1,57318.2,57428.0,3147.075
2024-07-07T12:00:00Z,57428.0,57595.2,57157.2,57320.2,2960.187
2024-07-07T13:00:00Z,57320.2,57343.4,56752.5,56854.1,8306.867
2024-07-07T14:00:00Z,56854.1,56920.2,56520.6,56742.4,6606.944
2024-07-07T15:00:00Z,56742.4,57049.5,56691.3,56795.9,3343.548
2024-07-07T16:00:00Z,56795.9,57153.3,56718.6,57088.0,2533.52
2024-07-07T17:00:00Z,57088.0,57266.3,56752.7,57210.0,3801.964
2024-07-07T18:00:00Z,57210.0,57376.5,57102.4,57150.9,4010.736
2024-07-07T19:00:00Z,57150.9,57179.3,56993.6,57128.2,1501.744
2024-07-07T20:00:00Z,57128.2,57303.0,57017.9,57244.7,1229.22
2024-07-07T21:00:00Z,57244.7,57268.2,56150.0,56558.6,9553.286
2024-07-07T22:00:00Z,56558.6,56764.9,56343.6,56364.4,4465.031
2024-07-07T23:00:00Z,56364.4,56506.5,55710.0,55840.0,8395.131
2024-07-08T00:00:00Z,55840.0,56002.2,54989.8,55059.7,12186.07
2024-07-08T01:00:00Z,55059.7,55083.7,54228.3,54927.6,17811.002
2024-07-08T02:00:00Z,54927.6,55436.2,54568.1,55356.5,8625.002
2024-07-08T03:00:00Z,55356.5,55474.2,54844.0,55130.8,5370.558
2024-07-08T04:00:00Z,55130.8,55637.6,54936.0,55473.1,4362.195
2024-07-08T05:00:00Z,55473.1,55700.0,55270.7,55460.0,3932.054
2024-07-08T06:00:00Z,55460.0,55893.3,55171.2,55614.1,5702.967
2024-07-08T07:00:00Z,55614.1,55844.0,55505.4,55833.8,2618.932
2024-07-08T08:00:00Z,55833.8,57887.0,55716.4,57780.2,24676.849
2024-07-08T09:00:00Z,57780.2,58195.4,57350.0,57508.0,13193.8
2024-07-08T10:00:00Z,57508.0,57700.3,56675.4,56802.5,9342.304
2024-07-08T11:00:00Z,56802.5,57333.7,56735.1,57135.3,5968.818
2024-07-08T12:00:00Z,57135.3,57635.9,56847.9,57124.9,7207.365
2024-07-08T13:00:00Z,57124.9,57429.8,56775.5,57217.4,7794.598
2024-07-08T14:00:00Z,57217.4,57279.7,54856.0,56160.3,31428.442
2024-07-08T15:00:00Z,56160.3,56778.7,55666.5,55723.9,12405.321
2024-07-08T16:00:00Z,55723.9,56088.0,55379.2,55780.0,7538.043
2024-07-08T17:00:00Z,55780.0,56340.0,55565.8,56255.7,6033.461
2024-07-08T18:00:00Z,56255.7,56555.9,56118.1,56247.8,3950.543
2024-07-08T19:00:00Z,56247.8,56520.0,56110.0,56456.0,3367.443
2024-07-08T20:00:00Z,56456.0,56545.3,56163.3,56235.0,2827.809
2024-07-08T21:00:00Z,56235.0,56933.4,56171.9,56633.1,5170.067
2024-07-08T22:00:00Z,56633.1,56954.4,56532.0,56666.5,3765.435
2024-07-08T23:00:00Z,56666.5,56846.2,56588.9,56696.5,1611.498
2024-07-09T00:00:00Z,56696.5,56761.1,56257.0,56517.5,4356.928
2024-07-09T01:00:00Z,56517.5,57274.6,56409.0,56539.1,6496.796
2024-07-09T02:00:00Z,56539.1,57340.0,56298.3,57247.8,5030.97
2024-07-09T03:00:00Z,57247.8,57258.7,56851.2,57143.4,3301.669
2024-07-09T04:00:00Z,57143.4,57363.6,57076.2,57264.7,3738.316
2024-07-09T05:00:00Z,57264.7,57436.0,57100.5,57267.1,2899.947
2024-07-09T06:00:00Z,57267.1,57744.2,57170.0,57452.2,4618.262
2024-07-09T07:00:00Z,57452.2,57533.4,56974.9,57100.0,4540.226
2024-07-09T08:00:00Z,57100.0,57888.8,57005.0,57601.4,8442.916
2024-07-09T09:00:00Z,57601.4,57673.9,57465.5,57560.3,2770.73
2024-07-09T10:00:00Z,57560.3,57641.9,57265.0,57406.7,3734.729
2024-07-09T11:00:00Z,57406.7,57540.0,57195.1,57409.2,2539.261
2024-07-09T12:00:00Z,57409.2,57560.2,57248.8,57313.3,2884.534
2024-07-09T13:00:00Z,57313.3,57394.0,56900.0,57310.0,6290.106
2024-07-09T14:00:00Z,57310.0,58153.3,57000.9,57026.8,19708.436
2024-07-09T15:00:00Z,57026.8,57491.2,56862.0,57450.1,9500.482
2024-07-09T16:00:00Z,57450.1,57861.9,57353.5,57673.9,6295.632
2024-07-09T17:00:00Z,57673.9,57792.2,57337.0,57503.9,2830.502
2024-07-09T18:00:00Z,57503.9,58315.7,57417.6,57895.6,8356.286
2024-07-09T19:00:00Z,57895.6,57915.0,57668.2,57841.7,2215.078
2024-07-09T20:00:00Z,57841.7,58098.8,57682.1,57916.6,2570.299
2024-07-09T21:00:00Z,57916.6,57975.6,57708.2,57779.1,2080.066
2024-07-09T22:00:00Z,57779.1,58235.7,57689.4,57913.9,2880.021
2024-07-09T23:00:00Z,57913.9,58109.1,57841.0,58029.9,1340.065
2024-07-10T00:00:00Z,58029.9,58029.9,57383.4,57464.9,4244.558
2024-07-10T01:00:00Z,57464.9,57987.1,57309.1,57778.7,3851.237
2024-07-10T02:00:00Z,57778.7,57900.0,57626.0,57865.3,1495.215
2024-07-10T03:00:00Z,57865.3,58188.0,57813.0,58167.6,1885.792
2024-07-10T04:00:00Z,58167.6,59419.0,58164.0,59317.6,17967.328
2024-07-10T05:00:00Z,59317.6,59471.4,58787.0,58940.1,5454.183
2024-07-10T06:00:00Z,58940.1,59289.6,58818.1,59207.4,3084.173
2024-07-10T07:00:00Z,59207.4,59257.8,58800.3,58936.6,3758.114
2024-07-10T08:00:00Z,58936.6,59003.6,58570.0,58727.9,4970.238
2024-07-10T09:00:00Z,58727.9,58749.4,58375.0,58468.4,4674.514
2024-07-10T10:00:00Z,58468.4,58710.9,58275.0,58626.2,5298.364
2024-07-10T11:00:00Z,58626.2,58706.1,58321.8,58477.1,3582.272
2024-07-10T12:00:00Z,58477.1,58552.9,57713.6,58138.0,11114.215
2024-07-10T13:00:00Z,58138.0,58276.9,57457.9,57742.8,9514.837
2024-07-10T14:00:00Z,57742.8,57869.0,57458.6,57685.2,4606.55
2024-07-10T15:00:00Z,57685.2,58013.2,57462.6,57675.1,5774.959
2024-07-10T16:00:00Z,57675.1,57998.5,57567.6,57670.9,3962.174
2024-07-10T17:00:00Z,57670.9,57736.4,57416.1,57610.6,3186.47
2024-07-10T18:00:00Z,57610.6,57768.0,57471.1,57605.9,1823.42
2024-07-10T19:00:00Z,57605.9,57606.0,57322.0,57376.5,3177.675
2024-07-10T20:00:00Z,57376.5,57537.6,57127.0,57398.0,4564.487
2024-07-10T21:00:00Z,57398.0,57541.0,57237.0,57414.1,1659.787
2024-07-10T22:00:00Z,57414.1,57829.2,57399.5,57685.7,2641.017
2024-07-10T23:00:00Z,57685.7,57859.8,57581.8,57713.8,1907.153
2024-07-11T00:00:00Z,57713.8,57715.3,57343.8,57610.7,2497.821
2024-07-11T01:00:00Z,57610.7,58382.7,57467.4,58253.9,5933.225
2024-07-11T02:00:00Z,58253.9,58349.6,57703.3,57837.7,3482.592
2024-07-11T03:00:00Z,57837.7,57934.9,57016.1,57536.9,6238.527
2024-07-11T04:00:00Z,57536.9,57770.0,57461.6,57749.9,2123.098
2024-07-11T05:00:00Z,57749.9,58084.1,57672.6,57961.9,2992.699
2024-07-11T06:00:00Z,57961.9,58070.0,57844.6,57967.0,1727.088
2024-07-11T07:00:00Z,57967.0,58288.0,57886.6,58169.0,3565.157
2024-07-11T08:00:00Z,58169.0,58305.2,58030.9,58139.0,2117.681
2024-07-11T09:00:00Z,58139.0,58372.0,58065.7,58261.5,3181.791
2024-07-11T10:00:00Z,58261.5,58492.3,58151.0,58447.3,3280.234
2024-07-11T11:00:00Z,58447.3,58880.1,58362.3,58735.8,6885.635
2024-07-11T12:00:00Z,58735.8,59661.5,58378.9,58776.2,26638.291
2024-07-11T13:00:00Z,58776.2,58931.8,58201.1,58529.1,10677.451
2024-07-11T14:00:00Z,58529.1,58640.0,57524.2,57762.0,14229.01
2024-07-11T15:00:00Z,57762.0,58088.6,57235.0,57382.1,9596.515
2024-07-11T16:00:00Z,57382.1,57714.5,57162.0,57607.0,6733.102
2024-07-11T17:00:00Z,57607.0,57914.4,57548.8,57777.9,3213.963
2024-07-11T18:00:00Z,57777.9,57974.1,57639.8,57814.1,3013.847
2024-07-11T19:00:00Z,57814.1,57830.5,57298.1,57361.2,3503.099
2024-07-11T20:00:00Z,57361.2,57574.3,57180.7,57536.7,2741.313
2024-07-11T21:00:00Z,57536.7,57610.0,57300.2,57445.2,1570.273
2024-07-11T22:00:00Z,57445.2,57528.9,57103.9,57322.0,2845.413
2024-07-11T23:00:00Z,57322.0,57374.5,57112.1,57312.1,2220.425
2024-07-12T00:00:00Z,57312.1,57557.0,57126.7,57159.0,2828.233
2024-07-12T01:00:00Z,57159.0,57335.8,56513.3,56914.5,10961.683
2024-07-12T02:00:00Z,56914.5,57400.0,56849.9,57303.1,4202.328
2024-07-12T03:00:00Z,57303.1,57342.8,56819.1,56884.6,3083.284
2024-07-12T04:00:00Z,56884.6,57058.4,56680.8,56989.6,2580.7
2024-07-12T05:00:00Z,56989.6,57090.0,56912.8,57000.0,1786.024
2024-07-12T06:00:00Z,57000.0,57390.0,56998.0,57189.7,3413.467
2024-07-12T07:00:00Z,57189.7,57284.2,56782.8,57065.2,4413.405
2024-07-12T08:00:00Z,57065.2,57299.2,56982.5,57298.6,3819.684
2024-07-12T09:00:00Z,57298.6,57303.3,56843.4,56932.4,2885.441
2024-07-12T10:00:00Z,56932.4,57177.5,56733.0,57156.2,3551.253
2024-07-12T11:00:00Z,57156.2,57244.8,57037.6,57180.0,2477.88
2024-07-12T12:00:00Z,57180.0,57462.6,57063.0,57352.9,6836.008
2024-07-12T13:00:00Z,57352.9,57989.9,57316.2,57820.1,8570.97
2024-07-12T14:00:00Z,57820.1,57988.7,57642.4,57788.0,4988.154
2024-07-12T15:00:00Z,57788.0,58250.0,57740.1,58189.4,7053.389
2024-07-12T16:00:00Z,58189.4,58400.0,57891.1,58081.5,5245.59
2024-07-12T17:00:00Z,58081.5,58296.1,57918.7,58141.3,2191.166
2024-07-12T18:00:00Z,58141.3,58514.2,58035.0,58265.8,5037.012
2024-07-12T19:00:00Z,58265.8,58327.5,57464.4,57541.9,9089.77
2024-07-12T20:00:00Z,57541.9,57614.5,57118.0,57510.8,7696.233
2024-07-12T21:00:00Z,57510.8,57656.0,57460.6,57566.3,1648.182
2024-07-12T22:00:00Z,57566.3,57847.0,57543.6,57750.0,2089.895
2024-07-12T23:00:00Z,57750.0,57883.9,57679.4,57860.9,1314.401
2024-07-13T00:00:00Z,57860.9,57905.0,57724.4,57802.4,1325.709
2024-07-13T01:00:00Z,57802.4,57949.0,57765.4,57857.7,1026.637
2024-07-13T02:00:00Z,57857.7,57919.6,57738.4,57901.6,764.811
2024-07-13T03:00:00Z,57901.6,57949.6,57757.0,57785.8,862.676
2024-07-13T04:00:00Z,57785.8,57824.2,57732.2,57740.9,788.466
2024-07-13T05:00:00Z,57740.9,58136.8,57711.2,58045.2,2553.291
2024-07-13T06:00:00Z,58045.2,58198.8,57971.3,58013.6,1732.9
2024-07-13T07:00:00Z,58013.6,58146.7,57989.6,58146.7,770.859
2024-07-13T08:00:00Z,58146.7,58184.2,57912.2,57933.9,1072.154
2024-07-13T09:00:00Z,57933.9,58852.2,57885.0,58643.9,7161.02
2024-07-13T10:00:00Z,58643.9,58738.1,58320.0,58410.1,3986.856
2024-07-13T11:00:00Z,58410.1,58598.9,58353.9,58515.2,1642.396
2024-07-13T12:00:00Z,58515.2,58888.0,58408.0,58740.6,4050.373
2024-07-13T13:00:00Z,58740.6,58805.0,58546.6,58586.8,2292.416
2024-07-13T14:00:00Z,58586.8,58780.0,58442.9,58777.9,2346.036
2024-07-13T15:00:00Z,58777.9,58856.0,58657.9,58812.6,2136.694
2024-07-13T16:00:00Z,58812.6,58950.0,58565.4,58585.3,3444.316
2024-07-13T17:00:00Z,58585.3,58682.3,58530.6,58682.2,1320.2
2024-07-13T18:00:00Z,58682.2,58775.0,58536.4,58613.4,1220.209
2024-07-13T19:00:00Z,58613.4,58715.0,58557.4,58585.1,685.529
2024-07-13T20:00:00Z,58585.1,58650.0,58531.9,58565.0,668.318
2024-07-13T21:00:00Z,58565.0,58674.0,58547.3,58664.9,763.172
2024-07-13T22:00:00Z,58664.9,59777.0,58228.5,59457.1,13094.327
2024-07-13T23:00:00Z,59457.1,59869.9,59111.0,59181.8,8838.88
2024-07-14T00:00:00Z,59181.8,59783.0,59170.3,59736.0,5993.883
2024-07-14T01:00:00Z,59736.0,59822.5,59416.6,59695.8,3357.242
2024-07-14T02:00:00Z,59695.8,59740.0,59255.6,59340.2,2929.255
2024-07-14T03:00:00Z,59340.2,59564.1,59322.5,59445.8,1442.576
2024-07-14T04:00:00Z,59445.8,60095.0,59400.2,59935.0,6783.134
2024-07-14T05:00:00Z,59935.0,60274.0,59783.7,60235.3,6695.434
2024-07-14T06:00:00Z,60235.3,60298.8,59770.0,59853.0,3965.145
2024-07-14T07:00:00Z,59853.0,60112.9,59793.5,60027.9,2096.549
2024-07-14T08:00:00Z,60027.9,60380.0,60027.8,60174.3,4041.877
2024-07-14T09:00:00Z,60174.3,60334.9,60094.9,60158.8,2177.509
2024-07-14T10:00:00Z,60158.8,60206.9,59863.3,59900.0,2734.152
2024-07-14T11:00:00Z,59900.0,60077.0,59873.5,60070.0,2035.848
2024-07-14T12:00:00Z,60070.0,60077.0,59550.0,59560.9,5201.835
2024-07-14T13:00:00Z,59560.9,59746.6,59542.8,59665.0,2096.49
2024-07-14T14:00:00Z,59665.0,60217.2,59426.0,59991.6,6206.47
2024-07-14T15:00:00Z,59991.6,60143.3,59850.1,60061.9,3471.435
2024-07-14T16:00:00Z,60061.9,60099.2,59864.6,60078.4,1529.837
2024-07-14T17:00:00Z,60078.4,60174.1,59886.0,59980.0,1278.465
2024-07-14T18:00:00Z,59980.0,60050.6,59904.0,60003.8,711.103
2024-07-14T19:00:00Z,60003.8,60003.8,59860.0,59886.1,707.223
2024-07-14T20:00:00Z,59886.1,60500.0,59850.0,60063.5,5465.281
2024-07-14T21:00:00Z,60063.5,61387.9,59990.8,61253.8,14478.854
2024-07-14T22:00:00Z,61253.8,61360.1,60721.0,60819.0,6953.369
2024-07-14T23:00:00Z,60819.0,61139.9,60666.6,60755.8,4069.397
2024-07-15T00:00:00Z,60755.8,61291.4,60601.9,61188.7,4530.664
2024-07-15T01:00:00Z,61188.7,61794.5,61147.8,61370.6,8570.56
2024-07-15T02:00:00Z,61370.6,62612.8,61275.0,62453.0,14410.819
2024-07-15T03:00:00Z,62453.0,62788.8,62290.8,62612.9,7541.71
2024-07-15T04:00:00Z,62612.9,62832.3,62382.5,62559.1,4858.014
2024-07-15T05:00:00Z,62559.1,62955.4,62490.3,62769.9,4960.352
2024-07-15T06:00:00Z,62769.9,62984.7,62675.2,62841.4,3939.502
2024-07-15T07:00:00Z,62841.4,63088.4,62706.9,62814.2,4955.101
2024-07-15T08:00:00Z,62814.2,63333.0,62765.6,62855.2,6088.82
2024-07-15T09:00:00Z,62855.2,62888.0,62522.2,62632.1,6594.202
2024-07-15T10:00:00Z,62632.1,62800.0,62400.3,62523.5,3767.632
2024-07-15T11:00:00Z,62523.5,62593.4,62275.0,62438.2,3315.291
2024-07-15T12:00:00Z,62438.2,62787.0,62427.3,62589.4,3812.465
2024-07-15T13:00:00Z,62589.4,62972.0,62460.5,62899.7,7884.396
2024-07-15T14:00:00Z,62899.7,63239.1,62690.5,63200.6,5744.285
2024-07-15T15:00:00Z,63200.6,63295.9,62822.3,62983.6,6713.302
2024-07-15T16:00:00Z,62983.6,63595.3,62820.0,63379.9,8437.597
2024-07-15T17:00:00Z,63379.9,63721.1,63022.4,63027.3,9569.819
2024-07-15T18:00:00Z,63027.3,63587.7,62921.3,63464.4,4690.692
2024-07-15T19:00:00Z,63464.4,63777.0,63146.5,63300.1,9553.201
2024-07-15T20:00:00Z,63300.1,63742.0,63204.4,63684.7,3281.934
2024-07-15T21:00:00Z,63684.7,63765.1,63431.6,63491.1,2610.515
2024-07-15T22:00:00Z,63491.1,64781.7,63460.5,64302.6,17388.415
2024-07-15T23:00:00Z,64302.6,64900.0,64179.9,64696.1,7773.578
2024-07-16T00:00:00Z,64696.1,64948.7,64422.6,64590.4,5503.463
2024-07-16T01:00:00Z,64590.4,64835.0,64444.0,64820.6,2509.382
2024-07-16T02:00:00Z,64820.6,64820.7,64520.6,64790.5,2539.946
2024-07-16T03:00:00Z,64790.5,64842.0,64585.9,64727.8,1895.943
2024-07-16T04:00:00Z,64727.8,65019.7,64423.6,64455.7,5291.276
2024-07-16T05:00:00Z,64455.7,64526.1,63444.1,63633.7,13849.223
2024-07-16T06:00:00Z,63633.7,63865.0,62777.0,62899.6,13245.37
2024-07-16T07:00:00Z,62899.6,63304.0,62704.2,62902.2,9281.259
2024-07-16T08:00:00Z,62902.2,63081.0,62350.3,62807.2,9034.226
2024-07-16T09:00:00Z,62807.2,63238.6,62663.9,63162.0,5848.773
2024-07-16T10:00:00Z,63162.0,63645.0,63058.3,63416.3,6158.35
2024-07-16T11:00:00Z,63416.3,63845.8,63100.7,63729.6,6873.468
2024-07-16T12:00:00Z,63729.6,64268.7,63564.1,63726.2,10266.055
2024-07-16T13:00:00Z,63726.2,64084.9,63361.1,63387.9,7669.159
2024-07-16T14:00:00Z,63387.9,63880.0,63029.3,63810.5,10187.109
2024-07-16T15:00:00Z,63810.5,64955.2,63770.0,64850.7,14763.641
2024-07-16T16:00:00Z,64850.7,65213.7,64175.0,64475.9,13640.129
2024-07-16T17:00:00Z,64475.9,64630.8,64088.0,64517.6,3802.059
2024-07-16T18:00:00Z,64517.6,64897.9,64374.9,64763.0,3485.3
2024-07-16T19:00:00Z,64763.0,65160.4,64553.5,65134.2,6424.26
2024-07-16T20:00:00Z,65134.2,65163.5,64586.3,64634.5,4418.44
2024-07-16T21:00:00Z,64634.5,64800.9,64444.0,64470.1,3051.303
2024-07-16T22:00:00Z,64470.1,64600.0,64111.1,64591.9,4561.73
2024-07-16T23:00:00Z,64591.9,65365.0,64582.0,65027.0,7709.907
2024-07-17T00:00:00Z,65027.0,65577.7,64910.0,65479.2,5710.838
2024-07-17T01:00:00Z,65479.2,66119.2,65407.3,65642.0,9019.065
2024-07-17T02:00:00Z,65642.0,65874.5,65522.0,65591.8,3169.042
2024-07-17T03:00:00Z,65591.8,65763.0,65355.0,65669.5,2853.186
2024-07-17T04:00:00Z,65669.5,65829.9,65520.0,65814.0,2123.502
2024-07-17T05:00:00Z,65814.0,65977.0,65575.6,65601.0,3254.732
2024-07-17T06:00:00Z,65601.0,65768.6,65448.6,65550.1,2334.529
2024-07-17T07:00:00Z,65550.1,65561.6,65169.4,65230.1,4674.005
2024-07-17T08:00:00Z,65230.1,65464.0,64775.9,65149.8,7248.387
2024-07-17T09:00:00Z,65149.8,65499.0,65047.0,65294.8,4524.362
2024-07-17T10:00:00Z,65294.8,65332.5,65061.1,65093.7,3233.267
2024-07-17T11:00:00Z,65093.7,65118.7,64528.3,64694.3,9799.118
2024-07-17T12:00:00Z,64694.3,65000.0,64530.8,64706.8,5445.063
2024-07-17T13:00:00Z,64706.8,65288.3,64501.8,65098.0,8181.836
2024-07-17T14:00:00Z,65098.0,65203.3,64605.9,65000.0,6938.545
2024-07-17T15:00:00Z,65000.0,65384.9,64533.9,64680.5,7477.212
2024-07-17T16:00:00Z,64680.5,64732.2,63800.0,64213.7,14681.204
2024-07-17T17:00:00Z,64213.7,64393.0,63899.6,64249.9,4193.532
2024-07-17T18:00:00Z,64249.9,64567.5,64178.5,64480.7,2659.315
2024-07-17T19:00:00Z,64480.7,64729.4,64424.6,64547.9,2993.762
2024-07-17T20:00:00Z,64547.9,64644.9,64456.6,64479.9,1969.206
2024-07-17T21:00:00Z,64479.9,64548.6,64001.3,64286.1,4390.883
2024-07-17T22:00:00Z,64286.1,64417.9,64062.7,64230.8,2442.847
2024-07-17T23:00:00Z,64230.8,64341.5,64048.6,64048.6,1791.634
2024-07-18T00:00:00Z,64048.6,64519.4,63858.7,64408.0,4538.32
2024-07-18T01:00:00Z,64408.0,64646.6,64331.6,64646.4,2423.682
2024-07-18T02:00:00Z,64646.4,65132.9,64202.6,64662.9,7626.143
2024-07-18T03:00:00Z,64662.9,64939.2,64580.8,64833.1,1796.581
2024-07-18T04:00:00Z,64833.1,64855.0,64510.0,64545.7,1771.99
2024-07-18T05:00:00Z,64545.7,64829.3,64366.2,64727.0,2568.973
2024-07-18T06:00:00Z,64727.0,65033.4,64681.8,64970.2,2911.29
2024-07-18T07:00:00Z,64970.2,65009.6,64630.0,64643.8,2622.87
2024-07-18T08:00:00Z,64643.8,64924.4,64600.0,64905.5,2578.648
2024-07-18T09:00:00Z,64905.5,64917.7,64693.9,64827.7,1193.24
2024-07-18T10:00:00Z,64827.7,64827.7,64456.0,64580.1,2788.986
2024-07-18T11:00:00Z,64580.1,64736.9,64401.2,64719.6,2856.093
2024-07-18T12:00:00Z,64719.6,64990.7,64685.4,64812.4,3742.548
2024-07-18T13:00:00Z,64812.4,65086.9,64460.2,64564.6,5989.036
2024-07-18T14:00:00Z,64564.6,64679.3,63670.6,63967.7,12218.651
2024-07-18T15:00:00Z,63967.7,63969.0,63344.7,63506.8,12134.626
2024-07-18T16:00:00Z,63506.8,63878.7,63265.4,63878.7,6201.265
2024-07-18T17:00:00Z,63878.7,63925.0,63460.1,63534.7,3082.351
2024-07-18T18:00:00Z,63534.7,63642.8,63300.8,63500.1,3493.937
2024-07-18T19:00:00Z,63500.1,63729.9,63200.0,63532.5,4646.554
2024-07-18T20:00:00Z,63532.5,63828.8,63403.3,63803.0,2829.246
2024-07-18T21:00:00Z,63803.0,63903.9,63726.6,63822.7,1506.791
2024-07-18T22:00:00Z,63822.7,64097.5,63681.5,64001.0,3254.169
2024-07-18T23:00:00Z,64001.0,64057.2,63913.1,63966.8,1014.602
2024-07-19T00:00:00Z,63966.8,64008.4,63535.0,63579.9,3366.051
2024-07-19T01:00:00Z,63579.9,63847.8,63281.0,63797.5,3896.466
2024-07-19T02:00:00Z,63797.5,63930.3,63615.1,63820.0,2194.049
2024-07-19T03:00:00Z,63820.0,64357.2,63800.4,64303.7,4148.592
2024-07-19T04:00:00Z,64303.7,64371.0,64126.0,64126.1,2064.503
2024-07-19T05:00:00Z,64126.1,64240.5,64062.7,64152.7,1634.1
2024-07-19T06:00:00Z,64152.7,64476.4,64121.3,64195.3,3101.378
2024-07-19T07:00:00Z,64195.3,64195.3,63579.6,63678.8,5503.002
2024-07-19T08:00:00Z,63678.8,63879.9,63361.9,63787.4,6806.219
2024-07-19T09:00:00Z,63787.4,64100.0,63607.9,63665.4,5560.404
2024-07-19T10:00:00Z,63665.4,64140.0,63614.8,63976.4,4086.424
2024-07-19T11:00:00Z,63976.4,64180.3,63921.5,64101.9,2289.005
2024-07-19T12:00:00Z,64101.9,64413.7,64012.6,64385.4,3718.159
2024-07-19T13:00:00Z,64385.4,65296.2,64020.0,65099.1,13255.627
2024-07-19T14:00:00Z,65099.1,65881.7,64973.1,65731.9,16644.061
2024-07-19T15:00:00Z,65731.9,65836.5,65240.0,65813.8,9296.246
2024-07-19T16:00:00Z,65813.8,66570.0,65807.0,66399.3,15888.358
2024-07-19T17:00:00Z,66399.3,66844.7,66225.0,66742.5,8918.245
2024-07-19T18:00:00Z,66742.5,66797.0,66410.0,66775.0,4263.939
2024-07-19T19:00:00Z,66775.0,67368.4,66774.9,67118.0,12755.793
2024-07-19T20:00:00Z,67118.0,67196.0,66842.9,66903.4,4910.045
2024-07-19T21:00:00Z,66903.4,67332.8,66847.5,66855.0,3347.157
2024-07-19T22:00:00Z,66855.0,66971.2,66635.0,66696.2,2326.088
2024-07-19T23:00:00Z,66696.2,66889.9,66576.2,66631.9,1932.631
2024-07-20T00:00:00Z,66631.9,66797.4,66230.1,66400.0,3752.847
2024-07-20T01:00:00Z,66400.0,66689.9,66202.0,66339.9,2311.964
2024-07-20T02:00:00Z,66339.9,66614.4,66292.1,66545.8,1237.938
2024-07-20T03:00:00Z,66545.8,66724.9,66530.5,66566.5,1219.283
2024-07-20T04:00:00Z,66566.5,66678.4,66448.5,66625.0,1049.652
2024-07-20T05:00:00Z,66625.0,66625.1,66400.1,66504.1,1253.562
2024-07-20T06:00:00Z,66504.1,66649.1,66468.4,66597.1,1094.95
2024-07-20T07:00:00Z,66597.1,66743.7,66484.5,66524.6,1823.883
2024-07-20T08:00:00Z,66524.6,66604.5,66421.0,66464.1,1745.345
2024-07-20T09:00:00Z,66464.1,66725.3,66435.2,66555.0,1547.372
2024-07-20T10:00:00Z,66555.0,66629.4,66444.8,66499.5,992.043
2024-07-20T11:00:00Z,66499.5,66530.0,66434.5,66445.0,857.707
2024-07-20T12:00:00Z,66445.0,66542.9,66436.1,66445.7,834.96
2024-07-20T13:00:00Z,66445.7,66622.0,66251.0,66514.1,2986.081
2024-07-20T14:00:00Z,66514.1,66685.0,66478.3,66558.1,1314.159
2024-07-20T15:00:00Z,66558.1,66824.2,66558.0,66800.0,2032.872
2024-07-20T16:00:00Z,66800.0,67044.0,66633.6,66781.1,3412.819
2024-07-20T17:00:00Z,66781.1,67599.9,66726.0,67372.8,11441.732
2024-07-20T18:00:00Z,67372.8,67564.0,67178.8,67443.0,3657.779
2024-07-20T19:00:00Z,67443.0,67477.0,67090.8,67199.3,2879.949
2024-07-20T20:00:00Z,67199.3,67410.5,67190.2,67313.3,1570.109
2024-07-20T21:00:00Z,67313.3,67316.4,66754.0,67070.0,4248.828
2024-07-20T22:00:00Z,67070.0,67316.7,66819.5,67080.4,3239.931
2024-07-20T23:00:00Z,67080.4,67159.3,67060.5,67103.2,710.294
2024-07-21T00:00:00Z,67103.2,67318.6,66927.8,67034.1,1915.751
2024-07-21T01:00:00Z,67034.1,67398.0,67007.0,67256.1,1358.468
2024-07-21T02:00:00Z,67256.1,67373.6,67250.0,67250.1,731.747
2024-07-21T03:00:00Z,67250.1,67360.0,67115.1,67147.9,1249.135
2024-07-21T04:00:00Z,67147.9,67210.3,66969.9,67012.9,1102.713
2024-07-21T05:00:00Z,67012.9,67074.0,66859.8,67014.8,1562.187
2024-07-21T06:00:00Z,67014.8,67058.4,66584.2,66696.1,3693.359
2024-07-21T07:00:00Z,66696.1,66806.4,66556.0,66672.0,1868.184
2024-07-21T08:00:00Z,66672.0,66870.2,66640.1,66768.4,1748.84
2024-07-21T09:00:00Z,66768.4,66994.2,66727.9,66940.5,1960.089
2024-07-21T10:00:00Z,66940.5,67036.4,66770.9,66773.6,1396.891
2024-07-21T11:00:00Z,66773.6,66851.1,66726.1,66851.1,766.345
2024-07-21T12:00:00Z,66851.1,66961.8,66806.7,66905.7,1193.787
2024-07-21T13:00:00Z,66905.7,66940.0,66562.9,66743.3,2147.099
2024-07-21T14:00:00Z,66743.3,67381.5,66657.5,67259.1,5574.854
2024-07-21T15:00:00Z,67259.1,67498.9,66941.3,67137.3,4448.655
2024-07-21T16:00:00Z,67137.3,67593.0,66915.0,67540.0,5703.533
2024-07-21T17:00:00Z,67540.0,67721.5,66400.0,66608.0,10397.822
2024-07-21T18:00:00Z,66608.0,67333.0,65738.0,66839.9,22143.276
2024-07-21T19:00:00Z,66839.9,67772.0,66755.5,67395.8,8499.058
2024-07-21T20:00:00Z,67395.8,68194.7,67247.7,67699.0,11671.675
2024-07-21T21:00:00Z,67699.0,68289.1,67518.0,68162.8,4958.862
2024-07-21T22:00:00Z,68162.8,68371.7,67902.6,67988.9,3330.387
2024-07-21T23:00:00Z,67988.9,68173.7,67853.7,68150.0,2785.526
2024-07-22T00:00:00Z,68150.0,68467.9,68010.5,68159.1,4400.872
2024-07-22T01:00:00Z,68159.1,68199.9,67698.5,67820.9,4447.666
2024-07-22T02:00:00Z,67820.9,68173.0,67724.3,68044.1,2494.631
2024-07-22T03:00:00Z,68044.1,68077.1,67810.0,67849.9,1586.545
2024-07-22T04:00:00Z,67849.9,67972.8,67730.0,67897.9,1381.46
2024-07-22T05:00:00Z,67897.9,67913.4,67491.8,67604.7,3065.536
2024-07-22T06:00:00Z,67604.7,67719.3,67110.0,67390.0,4781.609
2024-07-22T07:00:00Z,67390.0,67390.1,67152.5,67212.4,2742.534
2024-07-22T08:00:00Z,67212.4,67379.1,67012.0,67070.0,3171.501
2024-07-22T09:00:00Z,67070.0,67412.0,66925.0,67397.7,2858.744
2024-07-22T10:00:00Z,67397.7,67507.9,67283.2,67402.5,2054.237
2024-07-22T11:00:00Z,67402.5,67592.8,67271.0,67498.5,1762.035
2024-07-22T12:00:00Z,67498.5,67680.0,67343.2,67680.0,2285.576
2024-07-22T13:00:00Z,67680.0,67940.0,66936.5,67074.7,10501.374
2024-07-22T14:00:00Z,67074.7,67307.6,66592.3,66700.0,9658.717
2024-07-22T15:00:00Z,66700.0,67165.9,66543.0,67043.0,5090.345
2024-07-22T16:00:00Z,67043.0,67300.0,66784.0,67017.5,3905.849
2024-07-22T17:00:00Z,67017.5,67444.0,66973.9,67441.5,2216.575
2024-07-22T18:00:00Z,67441.5,67649.3,67309.7,67422.6,3668.254
2024-07-22T19:00:00Z,67422.6,68249.8,67349.9,68186.3,7007.176
2024-07-22T20:00:00Z,68186.3,68222.6,67782.1,68097.3,3920.484
2024-07-22T21:00:00Z,68097.3,68138.3,67615.0,67817.0,2811.218
2024-07-22T22:00:00Z,67817.0,67828.2,67461.5,67612.3,2983.58
2024-07-22T23:00:00Z,67612.3,67619.1,67132.1,67493.6,5248.009
2024-07-23T00:00:00Z,67493.6,67719.8,67405.2,67455.6,2046.264
2024-07-23T01:00:00Z,67455.6,67473.3,67176.0,67375.3,2937.885
2024-07-23T02:00:00Z,67375.3,67675.0,67210.0,67615.0,2480.368
2024-07-23T03:00:00Z,67615.0,67686.0,67400.2,67437.1,1375.972
2024-07-23T04:00:00Z,67437.1,67494.0,66904.4,66916.5,4017.017
2024-07-23T05:00:00Z,66916.5,66930.5,66299.0,66404.3,9775.469
2024-07-23T06:00:00Z,66404.3,66750.0,66360.4,66503.0,5052.104
2024-07-23T07:00:00Z,66503.0,66629.9,66230.0,66559.3,3337.194
2024-07-23T08:00:00Z,66559.3,66978.5,66491.1,66862.7,4463.734
2024-07-23T09:00:00Z,66862.7,67141.7,66737.5,66902.6,2905.756
2024-07-23T10:00:00Z,66902.6,66986.4,66771.0,66833.6,1851.644
2024-07-23T11:00:00Z,66833.6,66834.3,66403.2,66640.8,4870.169
2024-07-23T12:00:00Z,66640.8,66719.5,66333.0,66470.5,3771.497
2024-07-23T13:00:00Z,66470.5,66719.3,65920.7,66058.9,11308.473
2024-07-23T14:00:00Z,66058.9,67347.2,65928.2,67205.0,13969.07
2024-07-23T15:00:00Z,67205.0,67220.0,66282.1,66552.2,10970.614
2024-07-23T16:00:00Z,66552.2,66740.6,65780.4,65810.0,11934.612
2024-07-23T17:00:00Z,65810.0,66075.5,65639.1,65901.6,9102.723
2024-07-23T18:00:00Z,65901.6,66090.2,65752.7,65838.0,3769.147
2024-07-23T19:00:00Z,65838.0,66035.8,65371.6,65504.7,7488.636
2024-07-23T20:00:00Z,65504.7,66008.1,65453.8,65812.3,6372.092
2024-07-23T21:00:00Z,65812.3,66042.9,65758.0,65866.2,2045.9
2024-07-23T22:00:00Z,65866.2,66021.8,65777.0,65900.0,2362.195
2024-07-23T23:00:00Z,65900.0,66030.0,65752.8,65922.1,1953.031
2024-07-24T00:00:00Z,65922.1,66163.3,65761.7,65776.0,2367.63
2024-07-24T01:00:00Z,65776.0,66102.0,65593.0,65650.0,2814.763
2024-07-24T02:00:00Z,65650.0,65932.7,65449.4,65866.0,3130.281
2024-07-24T03:00:00Z,65866.0,66098.5,65770.0,66031.7,2473.665
2024-07-24T04:00:00Z,66031.7,66058.5,65763.1,65834.1,1932.274
2024-07-24T05:00:00Z,65834.1,65902.7,65603.0,65793.7,1668.894
2024-07-24T06:00:00Z,65793.7,66003.3,65750.0,65873.5,1885.665
2024-07-24T07:00:00Z,65873.5,66065.0,65846.5,66063.3,1857.599
2024-07-24T08:00:00Z,66063.3,66436.7,65982.0,66420.0,4840.88
2024-07-24T09:00:00Z,66420.0,66475.8,66287.2,66393.7,1770.847
2024-07-24T10:00:00Z,66393.7,66611.8,66347.0,66492.8,3435.302
2024-07-24T11:00:00Z,66492.8,66553.2,66331.4,66361.0,1867.802
2024-07-24T12:00:00Z,66361.0,66574.0,66165.4,66205.0,3486.826
2024-07-24T13:00:00Z,66205.0,66907.0,66190.7,66330.1,8592.591
2024-07-24T14:00:00Z,66330.1,67105.2,66262.0,66748.4,8587.479
2024-07-24T15:00:00Z,66748.4,66799.9,66067.0,66156.4,7833.054
2024-07-24T16:00:00Z,66156.4,66469.7,65933.4,66366.6,5255.458
2024-07-24T17:00:00Z,66366.6,66693.1,66288.3,66571.5,2961.312
2024-07-24T18:00:00Z,66571.5,66647.2,65685.0,65745.6,7058.87
2024-07-24T19:00:00Z,65745.6,66096.5,65550.0,65640.6,5895.372
2024-07-24T20:00:00Z,65640.6,66068.9,65636.0,66033.3,2750.308
2024-07-24T21:00:00Z,66033.3,66060.0,64903.0,65637.5,10048.091
2024-07-24T22:00:00Z,65637.5,65662.1,65238.1,65272.5,3299.995
2024-07-24T23:00:00Z,65272.5,65460.5,65030.7,65364.6,3476.011
2024-07-25T00:00:00Z,65364.6,65618.0,65260.0,65500.1,2621.417
2024-07-25T01:00:00Z,65500.1,65500.1,64177.6,64467.8,19299.33
2024-07-25T02:00:00Z,64467.8,64467.8,63924.5,64188.0,7189.452
2024-07-25T03:00:00Z,64188.0,64263.5,63828.5,64067.9,5285.742
2024-07-25T04:00:00Z,64067.9,64265.2,63750.0,64200.7,5139.129
2024-07-25T05:00:00Z,64200.7,64310.6,64100.0,64243.3,2624.358
2024-07-25T06:00:00Z,64243.3,64347.5,64065.9,64303.6,2092.901
2024-07-25T07:00:00Z,64303.6,64376.0,63979.6,64108.3,3464.045
2024-07-25T08:00:00Z,64108.3,64400.0,63800.0,64331.8,7340.588
2024-07-25T09:00:00Z,64331.8,64463.7,64193.3,64290.6,2299.029
2024-07-25T10:00:00Z,64290.6,64296.2,63934.2,64131.2,3672.411
2024-07-25T11:00:00Z,64131.2,64267.1,64056.6,64075.8,2467.978
2024-07-25T12:00:00Z,64075.8,64388.0,63876.1,64100.0,5820.56
2024-07-25T13:00:00Z,64100.0,64343.6,63624.6,64032.0,8496.635
2024-07-25T14:00:00Z,64032.0,64830.0,63378.5,64811.4,20815.953
2024-07-25T15:00:00Z,64811.4,64997.0,64500.0,64764.0,7899.032
2024-07-25T16:00:00Z,64764.0,65150.0,64589.8,64834.0,5807.264
2024-07-25T17:00:00Z,64834.0,65040.0,64713.2,65009.8,3148.982
2024-07-25T18:00:00Z,65009.8,65150.0,64330.0,64528.9,5152.126
2024-07-25T19:00:00Z,64528.9,64974.4,64346.1,64654.7,4349.779
2024-07-25T20:00:00Z,64654.7,65274.0,64379.4,65274.0,4809.94
2024-07-25T21:00:00Z,65274.0,65999.9,65186.5,65810.6,11088.365
2024-07-25T22:00:00Z,65810.6,66205.8,65606.0,65612.2,5651.261
2024-07-25T23:00:00Z,65612.2,65793.3,65580.0,65767.6,2049.536
2024-07-26T00:00:00Z,65767.6,66417.6,65695.0,66348.0,4990.733
2024-07-26T01:00:00Z,66348.0,66550.0,66185.3,66400.0,4036.82
2024-07-26T02:00:00Z,66400.0,67199.8,66361.5,66977.1,10138.344
2024-07-26T03:00:00Z,66977.1,67467.0,66900.0,67010.5,7865.266
2024-07-26T04:00:00Z,67010.5,67096.0,66865.2,67045.1,3582.606
2024-07-26T05:00:00Z,67045.1,67075.0,66835.5,66896.1,1953.456
2024-07-26T06:00:00Z,66896.1,67132.1,66855.0,67026.1,1811.114
2024-07-26T07:00:00Z,67026.1,67153.9,66855.0,66875.9,2773.942
2024-07-26T08:00:00Z,66875.9,67116.7,66875.9,67072.4,1588.603
2024-07-26T09:00:00Z,67072.4,67500.0,67046.0,67274.6,4762.707
2024-07-26T10:00:00Z,67274.6,67389.7,67133.0,67285.7,3178.42
2024-07-26T11:00:00Z,67285.7,67349.0,67110.3,67295.0,2157.059
2024-07-26T12:00:00Z,67295.0,67387.4,67036.1,67284.5,3864.567
2024-07-26T13:00:00Z,67284.5,68012.8,67122.1,67860.6,12297.995
2024-07-26T14:00:00Z,67860.6,67979.6,66857.6,67302.2,12597.785
2024-07-26T15:00:00Z,67302.2,67739.9,67248.7,67529.0,6007.765
2024-07-26T16:00:00Z,67529.0,67650.0,67335.3,67369.9,2694.727
2024-07-26T17:00:00Z,67369.9,67578.3,67270.4,67343.5,2461.936
2024-07-26T18:00:00Z,67343.5,67580.0,67303.7,67543.0,2510.262
2024-07-26T19:00:00Z,67543.0,68136.3,67514.5,67958.2,5586.978
2024-07-26T20:00:00Z,67958.2,67974.9,67370.5,67404.8,4662.683
2024-07-26T21:00:00Z,67404.8,68212.6,67395.0,67920.5,5908.069
2024-07-26T22:00:00Z,67920.5,68083.1,67828.1,67911.0,2256.082
2024-07-26T23:00:00Z,67911.0,67950.0,67800.1,67881.2,1190.963
2024-07-27T00:00:00Z,67881.2,67926.6,67777.3,67851.9,1506.125
2024-07-27T01:00:00Z,67851.9,67857.8,67616.0,67638.1,1403.196
2024-07-27T02:00:00Z,67638.1,68058.9,67633.6,68000.0,1851.961
2024-07-27T03:00:00Z,68000.0,68057.4,67726.9,67770.0,1776.794
2024-07-27T04:00:00Z,67770.0,67872.6,67748.3,67838.9,1045.846
2024-07-27T05:00:00Z,67838.9,67968.8,67833.4,67865.8,1269.306
2024-07-27T06:00:00Z,67865.8,68074.4,67854.5,68068.2,1600.538
2024-07-27T07:00:00Z,68068.2,68288.1,68020.0,68024.1,3927.035
2024-07-27T08:00:00Z,68024.1,68162.2,67866.6,67970.0,2175.365
2024-07-27T09:00:00Z,67970.0,68200.0,67926.8,68200.0,1734.037
2024-07-27T10:00:00Z,68200.0,68250.0,68065.0,68136.4,1529.602
2024-07-27T11:00:00Z,68136.4,68203.7,68002.5,68203.6,1062.219
2024-07-27T12:00:00Z,68203.6,68459.9,68180.0,68387.8,4616.713
2024-07-27T13:00:00Z,68387.8,69391.0,68380.1,69225.8,13569.665
2024-07-27T14:00:00Z,69225.8,69400.0,68770.4,68964.9,7621.304
2024-07-27T15:00:00Z,68964.9,69080.0,68571.0,68834.6,5379.997
2024-07-27T16:00:00Z,68834.6,68973.6,68630.4,68664.1,3849.01
2024-07-27T17:00:00Z,68664.1,68726.9,68400.0,68518.3,5639.384
2024-07-27T18:00:00Z,68518.3,68970.0,68471.2,68504.0,5640.218
2024-07-27T19:00:00Z,68504.0,68626.5,67666.4,68231.2,16497.51
2024-07-27T20:00:00Z,68231.2,68504.3,66608.3,67790.4,56806.917
2024-07-27T21:00:00Z,67790.4,69222.0,67573.6,68867.7,14641.636
2024-07-27T22:00:00Z,68867.7,68877.7,68503.7,68640.5,3211.847
2024-07-27T23:00:00Z,68640.5,68640.5,67770.3,67902.0,6617.276
2024-07-28T00:00:00Z,67902.0,68087.5,67226.1,67955.8,7124.284
2024-07-28T01:00:00Z,67955.8,68315.5,67905.0,68100.9,2634.313
2024-07-28T02:00:00Z,68100.9,68178.7,67972.5,68165.3,1335.176
2024-07-28T03:00:00Z,68165.3,68167.3,67950.6,67956.8,940.59
2024-07-28T04:00:00Z,67956.8,68042.6,67312.7,67327.7,3710.094
2024-07-28T05:00:00Z,67327.7,67504.5,67026.9,67410.2,6257.343
2024-07-28T06:00:00Z,67410.2,67560.0,67350.0,67466.2,1714.948
2024-07-28T07:00:00Z,67466.2,67536.4,67283.8,67524.6,1650.578
2024-07-28T08:00:00Z,67524.6,67534.5,67191.7,67371.6,1413.324
2024-07-28T09:00:00Z,67371.6,67550.0,67292.1,67413.5,1904.663
2024-07-28T10:00:00Z,67413.5,67679.9,67360.5,67547.8,2067.597
2024-07-28T11:00:00Z,67547.8,67990.0,67547.8,67825.1,3318.33
2024-07-28T12:00:00Z,67825.1,68118.0,67731.1,67997.7,2742.456
2024-07-28T13:00:00Z,67997.7,68041.8,67850.4,67985.8,2175.134
2024-07-28T14:00:00Z,67985.8,68029.9,67640.6,67741.4,3482.636
2024-07-28T15:00:00Z,67741.4,67786.2,67588.0,67650.0,1852.793
2024-07-28T16:00:00Z,67650.0,67749.3,67621.0,67671.8,869.861
2024-07-28T17:00:00Z,67671.8,67988.5,67671.8,67981.4,1405.457
2024-07-28T18:00:00Z,67981.4,68337.9,67932.0,68234.4,3154.032
2024-07-28T19:00:00Z,68234.4,68309.9,68097.0,68127.9,1464.868
2024-07-28T20:00:00Z,68127.9,68183.1,67935.3,68014.5,1536.511
2024-07-28T21:00:00Z,68014.5,68079.6,67804.0,68027.0,1387.02
2024-07-28T22:00:00Z,68027.0,68268.3,67942.2,68000.7,2026.116
2024-07-28T23:00:00Z,68000.7,68277.8,67942.0,68240.9,1041.772
2024-07-29T00:00:00Z,68240.9,69000.0,68158.1,68711.4,9503.803
2024-07-29T01:00:00Z,68711.4,68848.6,68333.6,68535.1,3577.127
2024-07-29T02:00:00Z,68535.1,69632.6,68530.0,69567.0,8523.735
2024-07-29T03:00:00Z,69567.0,69850.0,69312.5,69360.6,6220.472
2024-07-29T04:00:00Z,69360.6,69478.5,69280.0,69376.9,2250.08
2024-07-29T05:00:00Z,69376.9,69900.0,69376.9,69659.0,4353.546
2024-07-29T06:00:00Z,69659.0,69896.8,69550.2,69607.3,4208.631
2024-07-29T07:00:00Z,69607.3,69630.1,69446.3,69549.3,2154.838
2024-07-29T08:00:00Z,69549.3,69728.0,69371.0,69457.8,3286.332
2024-07-29T09:00:00Z,69457.8,69629.0,69426.0,69525.4,1891.174
2024-07-29T10:00:00Z,69525.4,69776.6,69382.0,69614.9,2742.121
2024-07-29T11:00:00Z,69614.9,69850.0,69568.8,69576.1,3191.896
2024-07-29T12:00:00Z,69576.1,69970.0,69392.5,69787.5,6424.309
2024-07-29T13:00:00Z,69787.5,70136.9,69040.1,69254.1,18309.645
2024-07-29T14:00:00Z,69254.1,69284.3,68010.0,68191.8,19025.367
2024-07-29T15:00:00Z,68191.8,68276.1,67621.3,68073.0,12471.995
2024-07-29T16:00:00Z,68073.0,68107.6,66761.7,66910.1,21362.166
2024-07-29T17:00:00Z,66910.1,67150.0,66360.9,66990.0,15423.893
2024-07-29T18:00:00Z,66990.0,67506.2,66919.0,67399.9,7652.615
2024-07-29T19:00:00Z,67399.9,67532.2,67207.2,67285.8,2882.094
2024-07-29T20:00:00Z,67285.8,67370.3,67102.1,67347.0,2878.116
2024-07-29T21:00:00Z,67347.0,67490.7,66969.8,67475.1,3453.158
2024-07-29T22:00:00Z,67475.1,67530.9,67102.4,67202.2,2898.273
2024-07-29T23:00:00Z,67202.2,67242.8,66562.1,66757.7,5983.371
2024-07-30T00:00:00Z,66757.7,66841.1,65801.4,66585.0,12112.076
2024-07-30T01:00:00Z,66585.0,66850.8,66006.5,66145.5,6821.789
2024-07-30T02:00:00Z,66145.5,66436.7,65882.9,66381.0,6380.513
2024-07-30T03:00:00Z,66381.0,66642.0,66332.4,66577.6,2662.771
2024-07-30T04:00:00Z,66577.6,66769.5,66491.2,66763.7,2025.549
2024-07-30T05:00:00Z,66763.7,66763.7,66278.9,66440.1,3138.166
2024-07-30T06:00:00Z,66440.1,66747.0,66419.8,66720.8,2347.401
2024-07-30T07:00:00Z,66720.8,66958.9,66720.7,66909.9,3555.977
2024-07-30T08:00:00Z,66909.9,66950.7,66672.0,66730.0,2394.266
2024-07-30T09:00:00Z,66730.0,66863.0,66362.2,66575.1,2819.093
2024-07-30T10:00:00Z,66575.1,66662.8,66364.3,66540.1,2697.229
2024-07-30T11:00:00Z,66540.1,66696.6,66454.5,66533.9,1649.067
2024-07-30T12:00:00Z,66533.9,66790.4,66132.9,66630.0,5742.015
2024-07-30T13:00:00Z,66630.0,66924.6,66300.0,66360.8,5915.556
2024-07-30T14:00:00Z,66360.8,66432.0,65620.4,65786.3,10453.233
2024-07-30T15:00:00Z,65786.3,66325.0,65522.0,66209.5,8709.438
2024-07-30T16:00:00Z,66209.5,66547.9,66130.0,66155.8,3966.767
2024-07-30T17:00:00Z,66155.8,66198.7,65659.0,65843.1,7035.04
2024-07-30T18:00:00Z,65843.1,66054.3,65538.8,65800.2,5012.153
2024-07-30T19:00:00Z,65800.2,65998.2,65524.1,65902.8,4447.607
2024-07-30T20:00:00Z,65902.8,66206.9,65265.0,66172.1,9954.296
2024-07-30T21:00:00Z,66172.1,66288.8,65920.0,66287.8,2836.078
2024-07-30T22:00:00Z,66287.8,66339.4,66023.2,66206.1,2958.636
2024-07-30T23:00:00Z,66206.1,66290.0,66108.8,66170.0,1057.79
2024-07-31T00:00:00Z,66170.0,66416.9,65850.0,66323.2,3196.913
2024-07-31T01:00:00Z,66323.2,66391.1,66075.5,66271.4,1847.226
2024-07-31T02:00:00Z,66271.4,66384.5,66018.8,66086.0,1614.397
2024-07-31T03:00:00Z,66086.0,66188.0,65997.5,66019.3,1270.673
2024-07-31T04:00:00Z,66019.3,66077.0,65477.0,65791.7,5243.729
2024-07-31T05:00:00Z,65791.7,66199.6,65552.5,66148.5,4160.521
2024-07-31T06:00:00Z,66148.5,66533.0,66088.9,66430.4,5373.766
2024-07-31T07:00:00Z,66430.4,66498.9,66180.1,66196.2,3309.139
2024-07-31T08:00:00Z,66196.2,66343.3,66001.1,66283.9,3082.231
2024-07-31T09:00:00Z,66283.9,66346.8,66124.9,66230.0,1669.254
2024-07-31T10:00:00Z,66230.0,66230.1,65901.3,65968.1,2259.508
2024-07-31T11:00:00Z,65968.1,66127.0,65941.1,66070.1,1372.206
2024-07-31T12:00:00Z,66070.1,66266.5,65956.5,66124.5,2449.079
2024-07-31T13:00:00Z,66124.5,66821.0,66103.3,66478.1,8347.79
2024-07-31T14:00:00Z,66478.1,66709.8,65940.0,66411.6,8739.05
2024-07-31T15:00:00Z,66411.6,66527.0,66285.7,66355.4,1868.176
2024-07-31T16:00:00Z,66355.4,66729.5,66256.5,66333.1,2728.976
2024-07-31T17:00:00Z,66333.1,66832.0,66271.2,66677.2,4010.617
2024-07-31T18:00:00Z,66677.2,66730.1,66113.3,66509.3,8668.721
2024-07-31T19:00:00Z,66509.3,66636.2,64850.1,65220.1,18302.716
2024-07-31T20:00:00Z,65220.1,65400.0,64510.0,64570.9,13005.333
2024-07-31T21:00:00Z,64570.9,65110.9,64502.4,64950.4,7051.737
2024-07-31T22:00:00Z,64950.4,65030.1,64600.0,64943.7,2521.86
2024-07-31T23:00:00Z,64943.7,64963.0,64600.1,64615.9,2048.039
2024-08-01T00:00:00Z,64615.9,64822.5,64315.0,64630.4,5897.785
2024-08-01T01:00:00Z,64630.4,64800.0,64100.0,64186.1,6146.349
2024-08-01T02:00:00Z,64186.1,64240.0,63865.4,64081.8,6905.801
2024-08-01T03:00:00Z,64081.8,64105.9,63713.0,63910.2,4533.301
2024-08-01T04:00:00Z,63910.2,64043.0,63513.5,63711.2,6970.756
2024-08-01T05:00:00Z,63711.2,64330.0,63535.5,64277.7,6232.429
2024-08-01T06:00:00Z,64277.7,64429.1,64080.0,64199.8,3734.127
2024-08-01T07:00:00Z,64199.8,64462.1,64189.0,64292.3,2630.353
2024-08-01T08:00:00Z,64292.3,64520.0,64274.8,64473.5,2479.591
2024-08-01T09:00:00Z,64473.5,64666.0,64427.7,64432.0,3667.156
2024-08-01T10:00:00Z,64432.0,64571.4,64274.4,64543.6,2734.427
2024-08-01T11:00:00Z,64543.6,64654.2,64430.7,64637.9,1951.683
2024-08-01T12:00:00Z,64637.9,64900.1,64600.0,64864.9,4509.393
2024-08-01T13:00:00Z,64864.9,64938.0,64438.0,64726.6,4797.092
2024-08-01T14:00:00Z,64726.6,64753.7,63878.3,63902.0,8416.697
2024-08-01T15:00:00Z,63902.0,63928.1,62616.0,62868.2,27670.29
2024-08-01T16:00:00Z,62868.2,63166.7,62539.4,62864.5,10145.295
2024-08-01T17:00:00Z,62864.5,63224.0,62217.7,63175.3,15133.403
2024-08-01T18:00:00Z,63175.3,63385.0,62755.0,62923.1,8868.119
2024-08-01T19:00:00Z,62923.1,63472.7,62909.2,63395.7,4638.853
2024-08-01T20:00:00Z,63395.7,64764.6,63300.2,64728.0,13140.921
2024-08-01T21:00:00Z,64728.0,65339.6,64592.6,64849.9,10503.816
2024-08-01T22:00:00Z,64849.9,65634.3,64830.0,65170.6,9895.963
2024-08-01T23:00:00Z,65170.6,65474.5,64969.1,65341.1,4694.917
2024-08-02T00:00:00Z,65341.1,65576.4,64871.9,64881.0,5118.134
2024-08-02T01:00:00Z,64881.0,64883.9,64537.7,64629.5,5247.278
2024-08-02T02:00:00Z,64629.5,64809.2,63650.0,64350.1,9820.785
2024-08-02T03:00:00Z,64350.1,64623.7,64230.0,64579.4,4062.577
2024-08-02T04:00:00Z,64579.4,64625.0,64407.6,64507.0,2098.818
2024-08-02T05:00:00Z,64507.0,64515.9,64046.3,64150.0,3947.27
2024-08-02T06:00:00Z,64150.0,64611.2,63756.6,64436.6,5622.455
2024-08-02T07:00:00Z,64436.6,64506.6,64091.0,64135.2,3203.23
2024-08-02T08:00:00Z,64135.2,64569.5,64012.0,64561.6,3968.66
2024-08-02T09:00:00Z,64561.6,64590.0,64389.4,64481.1,2235.937
2024-08-02T10:00:00Z,64481.1,64841.0,64329.3,64726.2,4161.945
2024-08-02T11:00:00Z,64726.2,64980.0,64626.9,64639.4,4502.887
2024-08-02T12:00:00Z,64639.4,64921.3,63938.6,64822.1,14757.774
2024-08-02T13:00:00Z,64822.1,65490.0,64520.6,65200.1,12430.651
2024-08-02T14:00:00Z,65200.1,65344.5,63058.7,63124.5,23119.357
2024-08-02T15:00:00Z,63124.5,63629.1,62410.0,63374.6,24380.845
2024-08-02T16:00:00Z,63374.6,63579.5,62938.0,63286.5,8935.582
2024-08-02T17:00:00Z,63286.5,63432.0,63030.4,63064.5,3822.72
2024-08-02T18:00:00Z,63064.5,63200.0,62704.7,62860.2,4897.4
2024-08-02T19:00:00Z,62860.2,62955.7,62482.1,62611.6,7026.339
2024-08-02T20:00:00Z,62611.6,63154.6,62000.0,62602.0,15877.996
2024-08-02T21:00:00Z,62602.0,62719.8,61220.0,61944.2,13979.879
2024-08-02T22:00:00Z,61944.2,62221.7,61171.5,61355.9,7055.655
2024-08-02T23:00:00Z,61355.9,61750.0,61273.7,61459.0,5596.162
2024-08-03T00:00:00Z,61459.0,61681.2,60857.1,61096.6,7735.679
2024-08-03T01:00:00Z,61096.6,61343.9,60465.0,61288.5,13159.064
2024-08-03T02:00:00Z,61288.5,61578.1,61171.4,61404.5,4862.861
2024-08-03T03:00:00Z,61404.5,61943.3,61270.0,61850.6,5117.269
2024-08-03T04:00:00Z,61850.6,61937.2,61345.9,61532.9,3156.173
2024-08-03T05:00:00Z,61532.9,61684.2,61461.5,61665.5,1525.24
2024-08-03T06:00:00Z,61665.5,61808.8,61638.2,61787.5,1509.695
2024-08-03T07:00:00Z,61787.5,61870.2,61589.0,61630.0,2314.735
2024-08-03T08:00:00Z,61630.0,61716.0,61441.9,61600.0,2558.411
2024-08-03T09:00:00Z,61600.0,61722.1,61418.8,61708.2,1693.958
2024-08-03T10:00:00Z,61708.2,61858.7,61633.7,61786.0,1294.674
2024-08-03T11:00:00Z,61786.0,61977.1,61750.0,61880.0,2074.309
2024-08-03T12:00:00Z,61880.0,62154.0,61803.6,61963.4,3022.827
2024-08-03T13:00:00Z,61963.4,62007.3,61804.5,61979.1,2018.738
2024-08-03T14:00:00Z,61979.1,62144.2,61863.5,61957.6,2672.583
2024-08-03T15:00:00Z,61957.6,62061.2,60789.1,60851.7,10336.244
2024-08-03T16:00:00Z,60851.7,61255.0,60303.9,60886.0,21330.408
2024-08-03T17:00:00Z,60886.0,60983.7,60405.8,60539.8,6131.111
2024-08-03T18:00:00Z,60539.8,60806.0,60069.4,60213.2,8371.344
2024-08-03T19:00:00Z,60213.2,60621.0,59873.5,60216.3,9764.783
2024-08-03T20:00:00Z,60216.3,60694.4,60125.4,60372.4,4631.046
2024-08-03T21:00:00Z,60372.4,60843.3,59822.0,60620.9,8951.787
2024-08-03T22:00:00Z,60620.9,60744.0,60323.9,60600.0,2582.328
2024-08-03T23:00:00Z,60600.0,60799.6,60357.3,60682.0,4564.388
2024-08-04T00:00:00Z,60682.0,60789.9,60566.5,60710.9,1395.189
2024-08-04T01:00:00Z,60710.9,60739.0,60270.5,60713.3,2563.271
2024-08-04T02:00:00Z,60713.3,61088.0,60682.4,60855.6,3130.316
2024-08-04T03:00:00Z,60855.6,60873.1,60649.5,60706.0,1837.792
2024-08-04T04:00:00Z,60706.0,60767.0,60508.7,60540.0,1527.623
2024-08-04T05:00:00Z,60540.0,60922.2,60515.0,60761.2,2159.591
2024-08-04T06:00:00Z,60761.2,60837.1,60688.0,60786.3,893.382
2024-08-04T07:00:00Z,60786.3,60805.3,60226.1,60340.4,3692.051
2024-08-04T08:00:00Z,60340.4,60642.8,60076.0,60539.8,3685.055
2024-08-04T09:00:00Z,60539.8,60698.5,60464.1,60669.2,1326.447
2024-08-04T10:00:00Z,60669.2,60801.0,60502.0,60781.5,1943.609
2024-08-04T11:00:00Z,60781.5,60974.0,60739.6,60870.0,2668.932
2024-08-04T12:00:00Z,60870.0,61056.8,60754.5,61020.0,2507.461
2024-08-04T13:00:00Z,61020.0,61046.6,60777.0,60790.3,1881.089
2024-08-04T14:00:00Z,60790.3,60849.4,59256.5,59556.7,19986.746
2024-08-04T15:00:00Z,59556.7,59574.6,58920.5,59060.1,13742.249
2024-08-04T16:00:00Z,59060.1,59285.0,58588.0,58643.2,13076.226
2024-08-04T17:00:00Z,58643.2,58735.4,57150.0,57836.0,30793.272
2024-08-04T18:00:00Z,57836.0,58909.2,57705.6,58726.4,12686.947
2024-08-04T19:00:00Z,58726.4,59466.0,58482.1,59221.9,10831.122
2024-08-04T20:00:00Z,59221.9,59559.4,58806.4,59124.3,6909.654
2024-08-04T21:00:00Z,59124.3,59135.5,58327.1,58435.5,6335.215
2024-08-04T22:00:00Z,58435.5,59109.2,58355.1,58691.2,8065.003
2024-08-04T23:00:00Z,58691.2,58743.8,57970.8,58131.6,6370.267
2024-08-05T00:00:00Z,58131.6,58278.3,55630.4,56115.6,34776.918
2024-08-05T01:00:00Z,56115.6,56250.0,52157.6,54396.9,68986.313
2024-08-05T02:00:00Z,54396.9,54688.0,53555.5,54678.3,16999.777
2024-08-05T03:00:00Z,54678.3,54688.0,53735.1,53855.1,10307.723
2024-08-05T04:00:00Z,53855.1,54541.1,53333.0,53488.9,11734.456
2024-08-05T05:00:00Z,53488.9,53834.1,52237.0,52682.5,32190.767
2024-08-05T06:00:00Z,52682.5,52974.7,48914.1,51562.0,68944.449
2024-08-05T07:00:00Z,51562.0,53074.0,51327.4,52644.6,23742.617
2024-08-05T08:00:00Z,52644.6,53212.3,52220.0,52720.5,14307.378
2024-08-05T09:00:00Z,52720.5,52899.9,51716.5,52629.6,10759.489
2024-08-05T10:00:00Z,52629.6,52629.6,50640.0,51350.9,20235.737
2024-08-05T11:00:00Z,51350.9,51874.6,50588.0,51302.1,17400.517
2024-08-05T12:00:00Z,51302.1,51516.5,49521.1,49786.1,34327.959
2024-08-05T13:00:00Z,49786.1,52500.0,49562.5,51927.5,43708.457
2024-08-05T14:00:00Z,51927.5,54495.6,51927.4,54030.5,38957.768
2024-08-05T15:00:00Z,54030.5,55039.8,53479.6,54282.8,22742.549
2024-08-05T16:00:00Z,54282.8,55555.0,54007.0,54007.0,19166.037
2024-08-05T17:00:00Z,54007.0,55042.8,53740.5,54679.3,13947.709
2024-08-05T18:00:00Z,54679.3,54707.7,52948.7,53071.2,12458.748
2024-08-05T19:00:00Z,53071.2,53589.9,52521.1,53444.0,14817.329
2024-08-05T20:00:00Z,53444.0,54421.1,53430.7,54375.3,11610.668
2024-08-05T21:00:00Z,54375.3,55188.0,54235.6,54350.6,8369.622
2024-08-05T22:00:00Z,54350.6,54948.4,54163.8,54671.6,5816.636
2024-08-05T23:00:00Z,54671.6,55076.6,53846.6,53988.2,6778.106
2024-08-06T00:00:00Z,53988.2,56050.0,53917.3,56012.1,14267.039
2024-08-06T01:00:00Z,56012.1,56288.0,55402.5,55696.7,9518.38
2024-08-06T02:00:00Z,55696.7,56032.5,55589.3,55812.5,4334.186
2024-08-06T03:00:00Z,55812.5,55867.0,55440.0,55639.8,4052.296
2024-08-06T04:00:00Z,55639.8,55747.9,55221.1,55470.7,5625.673
2024-08-06T05:00:00Z,55470.7,55969.4,55227.5,55909.8,5364.221
2024-08-06T06:00:00Z,55909.8,56026.0,55504.7,55760.2,5465.876
2024-08-06T07:00:00Z,55760.2,56160.1,55431.1,55980.9,5823.177
2024-08-06T08:00:00Z,55980.9,56094.0,54581.1,54965.1,12752.382
2024-08-06T09:00:00Z,54965.1,55367.8,54584.0,55191.5,9961.821
2024-08-06T10:00:00Z,55191.5,55422.4,54851.9,55042.9,5616.256
2024-08-06T11:00:00Z,55042.9,55388.8,54837.1,55186.1,4679.702
2024-08-06T12:00:00Z,55186.1,55466.6,54648.4,54751.1,8012.035
2024-08-06T13:00:00Z,54751.1,55400.8,54324.7,55188.5,16370.359
2024-08-06T14:00:00Z,55188.5,56600.0,55113.8,56104.0,27584.534
2024-08-06T15:00:00Z,56104.0,56417.6,55700.0,56396.1,10050.767
2024-08-06T16:00:00Z,56396.1,56888.0,56212.6,56750.8,12062.17
2024-08-06T17:00:00Z,56750.8,56936.2,56455.0,56471.3,7118.764
2024-08-06T18:00:00Z,56471.3,57056.1,56330.0,56704.1,7216.32
2024-08-06T19:00:00Z,56704.1,56864.2,56285.2,56739.7,6163.982
2024-08-06T20:00:00Z,56739.7,56834.2,56156.1,56515.3,6700.598
2024-08-06T21:00:00Z,56515.3,56611.0,56069.1,56429.1,4281.936
2024-08-06T22:00:00Z,56429.1,56926.8,55908.0,56171.9,9334.126
2024-08-06T23:00:00Z,56171.9,56400.0,55682.0,55989.8,6140.235
2024-08-07T00:00:00Z,55989.8,56350.0,55518.4,56245.1,7444.691
2024-08-07T01:00:00Z,56245.1,57000.0,55755.0,56934.9,8652.559
2024-08-07T02:00:00Z,56934.9,57285.6,56436.4,56738.7,11836.45
2024-08-07T03:00:00Z,56738.7,56959.4,56550.0,56837.9,2911.921
2024-08-07T04:00:00Z,56837.9,57237.6,56720.0,57033.0,5985.513
2024-08-07T05:00:00Z,57033.0,57232.5,56675.0,56769.1,4678.875
2024-08-07T06:00:00Z,56769.1,56979.7,56663.4,56811.3,2752.459
2024-08-07T07:00:00Z,56811.3,57074.4,56510.0,56904.0,4277.398
2024-08-07T08:00:00Z,56904.0,57426.5,56839.9,57326.4,5962.063
2024-08-07T09:00:00Z,57326.4,57700.0,57140.8,57329.4,8202.155
2024-08-07T10:00:00Z,57329.4,57762.5,57221.9,57308.1,4764.297
2024-08-07T11:00:00Z,57308.1,57361.2,56843.5,56941.4,7088.929
2024-08-07T12:00:00Z,56941.4,57340.0,56790.3,57272.9,6865.808
2024-08-07T13:00:00Z,57272.9,57467.8,56686.0,56810.5,9099.708
2024-08-07T14:00:00Z,56810.5,56974.0,55664.2,56054.0,18223.948
2024-08-07T15:00:00Z,56054.0,56389.0,55757.6,56079.9,7885.744
2024-08-07T16:00:00Z,56079.9,56275.0,55804.3,56107.6,6734.203
2024-08-07T17:00:00Z,56107.6,56285.0,55401.0,55545.7,8678.74
2024-08-07T18:00:00Z,55545.7,55608.7,54637.0,54784.3,12405.981
2024-08-07T19:00:00Z,54784.3,55129.5,54650.7,54735.3,6731.132
2024-08-07T20:00:00Z,54735.3,55284.3,54604.5,55130.1,7843.274
2024-08-07T21:00:00Z,55130.1,55587.1,54840.0,55392.0,4463.067
2024-08-07T22:00:00Z,55392.0,55446.0,54517.7,55260.9,7492.008
2024-08-07T23:00:00Z,55260.9,55416.8,54892.0,55109.5,3232.504
2024-08-08T00:00:00Z,55109.5,55343.0,54705.0,55275.6,4715.578
2024-08-08T01:00:00Z,55275.6,57408.0,55237.6,56854.0,17910.888
2024-08-08T02:00:00Z,56854.0,57620.6,56802.2,57337.3,10639.448
2024-08-08T03:00:00Z,57337.3,57674.8,57026.2,57031.2,6177.893
2024-08-08T04:00:00Z,57031.2,57219.4,56660.0,56746.1,5686.917
2024-08-08T05:00:00Z,56746.1,56997.0,56707.4,56934.4,3089.827
2024-08-08T06:00:00Z,56934.4,57339.9,56764.2,57195.1,3445.896
2024-08-08T07:00:00Z,57195.1,57405.9,57093.7,57176.0,4289.768
2024-08-08T08:00:00Z,57176.0,57375.3,57100.0,57214.7,2696.248
2024-08-08T09:00:00Z,57214.7,57501.2,56953.0,57317.1,4872.865
2024-08-08T10:00:00Z,57317.1,57549.1,57177.0,57360.0,4219.576
2024-08-08T11:00:00Z,57360.0,57665.0,57227.3,57295.1,4377.472
2024-08-08T12:00:00Z,57295.1,58455.9,57078.6,57900.6,20511.313
2024-08-08T13:00:00Z,57900.6,58239.4,56622.0,57248.6,18643.107
2024-08-08T14:00:00Z,57248.6,58979.0,57142.2,58886.1,20060.254
2024-08-08T15:00:00Z,58886.1,59494.7,58602.0,59394.1,16922.723
2024-08-08T16:00:00Z,59394.1,59885.0,59312.4,59526.4,13787.181
2024-08-08T17:00:00Z,59526.4,59824.0,59232.0,59433.9,5850.933
2024-08-08T18:00:00Z,59433.9,59675.0,59290.8,59300.0,3065.279
2024-08-08T19:00:00Z,59300.0,59787.0,59181.0,59378.1,5345.307
2024-08-08T20:00:00Z,59378.1,59650.0,59255.7,59457.5,2876.703
2024-08-08T21:00:00Z,59457.5,61358.3,59457.5,61138.5,12387.21
2024-08-08T22:00:00Z,61138.5,62537.9,60574.6,62305.5,18478.399
2024-08-08T23:00:00Z,62305.5,62743.1,61605.8,61670.2,13265.718
2024-08-09T00:00:00Z,61670.2,61733.0,61022.6,61185.9,8141.85
2024-08-09T01:00:00Z,61185.9,61520.0,60745.3,61367.0,6075.278
2024-08-09T02:00:00Z,61367.0,61427.0,61108.4,61200.8,2426.265
2024-08-09T03:00:00Z,61200.8,61546.5,61140.0,61329.1,2386.906
2024-08-09T04:00:00Z,61329.1,61362.2,60675.9,60686.0,4335.861
2024-08-09T05:00:00Z,60686.0,61000.0,60544.2,60955.2,3893.183
2024-08-09T06:00:00Z,60955.2,61081.6,60689.3,60862.6,3703.262
2024-08-09T07:00:00Z,60862.6,61230.8,60725.2,60844.0,3562.462
2024-08-09T08:00:00Z,60844.0,61085.3,60574.7,61065.5,4134.113
2024-08-09T09:00:00Z,61065.5,61187.5,60680.5,60736.0,3174.52
2024-08-09T10:00:00Z,60736.0,60820.0,60129.2,60573.3,8373.483
2024-08-09T11:00:00Z,60573.3,60769.2,60329.2,60632.1,3086.121
2024-08-09T12:00:00Z,60632.1,60782.2,60183.5,60518.2,3628.354
2024-08-09T13:00:00Z,60518.2,60729.5,59762.0,60423.3,11249.823
2024-08-09T14:00:00Z,60423.3,61111.1,59488.0,60307.5,21365.658
2024-08-09T15:00:00Z,60307.5,60550.8,59753.2,59775.6,6497.923
2024-08-09T16:00:00Z,59775.6,60421.0,59680.0,60402.0,7050.73
2024-08-09T17:00:00Z,60402.0,60714.8,60126.0,60170.8,6120.632
2024-08-09T18:00:00Z,60170.8,60354.6,59811.3,60289.1,3939.47
2024-08-09T19:00:00Z,60289.1,60728.2,60088.6,60655.4,3431.345
2024-08-09T20:00:00Z,60655.4,60970.6,60487.6,60718.5,4204.497
2024-08-09T21:00:00Z,60718.5,60858.1,59891.0,60717.7,8346.642
2024-08-09T22:00:00Z,60717.7,60974.1,60253.8,60735.4,6392.8
2024-08-09T23:00:00Z,60735.4,60929.9,60304.7,60814.9,3714.255
2024-08-10T00:00:00Z,60814.9,61459.9,60441.7,60518.2,8743.167
2024-08-10T01:00:00Z,60518.2,60968.6,60431.5,60441.9,2953.86
2024-08-10T02:00:00Z,60441.9,60707.6,60303.7,60519.0,1680.995
2024-08-10T03:00:00Z,60519.0,60519.1,60247.4,60424.7,1799.409
2024-08-10T04:00:00Z,60424.7,60428.1,60223.0,60399.3,1349.096
2024-08-10T05:00:00Z,60399.3,60456.8,60301.5,60341.3,1039.454
2024-08-10T06:00:00Z,60341.3,60499.9,60312.3,60427.0,1037.119
2024-08-10T07:00:00Z,60427.0,60834.7,60427.0,60817.9,2475.253
2024-08-10T08:00:00Z,60817.9,60886.3,60582.2,60706.0,2215.207
2024-08-10T09:00:00Z,60706.0,61089.5,60704.5,60864.2,2913.916
2024-08-10T10:00:00Z,60864.2,60991.0,60601.2,60754.5,2150.246
2024-08-10T11:00:00Z,60754.5,60989.4,60721.5,60898.2,1149.969
2024-08-10T12:00:00Z,60898.2,60921.6,60685.0,60700.0,1112.016
2024-08-10T13:00:00Z,60700.0,60724.2,60400.0,60414.9,3055.069
2024-08-10T14:00:00Z,60414.9,60648.7,60365.0,60565.1,1770.745
2024-08-10T15:00:00Z,60565.1,60728.7,60473.8,60490.0,1354.616
2024-08-10T16:00:00Z,60490.0,60693.9,60371.1,60651.0,2263.716
2024-08-10T17:00:00Z,60651.0,60843.2,60527.1,60746.0,1202.915
2024-08-10T18:00:00Z,60746.0,61237.1,60703.2,60932.8,4633.034
2024-08-10T19:00:00Z,60932.8,61120.0,60810.1,60997.9,1508.06
2024-08-10T20:00:00Z,60997.9,61079.6,60871.5,60965.3,1163.331
2024-08-10T21:00:00Z,60965.3,61148.6,60928.4,61053.6,1150.736
2024-08-10T22:00:00Z,61053.6,61057.7,60856.2,60913.7,936.718
2024-08-10T23:00:00Z,60913.7,60917.4,60723.5,60893.7,949.076
2024-08-11T00:00:00Z,60893.7,61230.6,60859.7,61067.7,2394.397
2024-08-11T01:00:00Z,61067.7,61146.8,60917.6,61089.5,926.894
2024-08-11T02:00:00Z,61089.5,61107.3,60950.0,61006.9,655.161
2024-08-11T03:00:00Z,61006.9,61370.4,61000.3,61062.3,2388.709
2024-08-11T04:00:00Z,61062.3,61120.3,60843.9,60867.4,2284.89
2024-08-11T05:00:00Z,60867.4,61123.8,60851.0,61088.1,849.099
2024-08-11T06:00:00Z,61088.1,61135.5,60967.6,61088.8,1311.208
2024-08-11T07:00:00Z,61088.8,61240.3,61055.4,61225.6,1454.036
2024-08-11T08:00:00Z,61225.6,61400.0,61123.8,61234.0,1999.86
2024-08-11T09:00:00Z,61234.0,61880.0,60975.7,61078.3,8579.749
2024-08-11T10:00:00Z,61078.3,61234.0,60910.0,61001.7,2682.659
2024-08-11T11:00:00Z,61001.7,61034.9,60388.0,60637.1,8097.013
2024-08-11T12:00:00Z,60637.1,60681.8,60178.9,60459.1,4538.192
2024-08-11T13:00:00Z,60459.1,60586.6,60134.3,60419.1,3753.557
2024-08-11T14:00:00Z,60419.1,60744.4,60151.6,60312.0,3554.566
2024-08-11T15:00:00Z,60312.0,60400.0,59908.3,60099.8,5529.911
2024-08-11T16:00:00Z,60099.8,60259.1,59945.1,60148.5,2276.47
2024-08-11T17:00:00Z,60148.5,60328.7,59989.2,60240.5,1833.467
2024-08-11T18:00:00Z,60240.5,60320.9,60079.1,60233.2,1186.456
2024-08-11T19:00:00Z,60233.2,60244.0,59508.8,59596.0,6394.032
2024-08-11T20:00:00Z,59596.0,59653.6,58264.0,58478.9,20426.254
2024-08-11T21:00:00Z,58478.9,59049.9,58288.6,58993.1,6491.286
2024-08-11T22:00:00Z,58993.1,59338.0,58507.1,58980.6,7433.095
2024-08-11T23:00:00Z,58980.6,59011.6,58685.7,58703.4,2972.953
2024-08-12T00:00:00Z,58703.4,59073.6,58024.1,58428.8,11001.052
2024-08-12T01:00:00Z,58428.8,58778.3,58252.9,58562.1,3893.199
2024-08-12T02:00:00Z,58562.1,58735.5,58300.0,58695.0,2724.76
2024-08-12T03:00:00Z,58695.0,58805.9,58409.7,58489.1,1892.537
2024-08-12T04:00:00Z,58489.1,58659.7,58340.0,58500.0,1854.818
2024-08-12T05:00:00Z,58500.0,58694.3,58373.8,58550.1,1917.42
2024-08-12T06:00:00Z,58550.1,58620.1,58091.9,58381.7,3206.188
2024-08-12T07:00:00Z,58381.7,58998.9,57555.0,58657.6,16716.243
2024-08-12T08:00:00Z,58657.6,59038.9,58210.0,58292.8,6648.64
2024-08-12T09:00:00Z,58292.8,58616.8,58135.0,58272.5,5361.148
2024-08-12T10:00:00Z,58272.5,58976.3,58077.5,58947.6,6467.068
2024-08-12T11:00:00Z,58947.6,59938.0,58860.0,59812.4,13996.813
2024-08-12T12:00:00Z,59812.4,59940.0,59486.3,59700.2,6799.179
2024-08-12T13:00:00Z,59700.2,59843.0,57930.3,58128.0,18352.662
2024-08-12T14:00:00Z,58128.0,60691.5,57736.0,60272.2,32118.498
2024-08-12T15:00:00Z,60272.2,60486.1,59217.3,60179.8,17450.704
2024-08-12T16:00:00Z,60179.8,60396.1,59508.9,59583.4,9224.904
2024-08-12T17:00:00Z,59583.4,59899.8,59179.0,59269.0,4957.925
2024-08-12T18:00:00Z,59269.0,59522.1,58396.2,58495.9,8412.482
2024-08-12T19:00:00Z,58495.9,59264.0,58495.9,59015.6,6574.711
2024-08-12T20:00:00Z,59015.6,59365.7,58707.8,58823.6,4767.33
2024-08-12T21:00:00Z,58823.6,59212.8,58516.5,58943.0,5270.347
2024-08-12T22:00:00Z,58943.0,59229.9,58809.2,59021.2,2486.354
2024-08-12T23:00:00Z,59021.2,59749.3,58988.5,59316.1,5551.88
2024-08-13T00:00:00Z,59316.1,59867.2,59235.7,59768.0,5533.681
2024-08-13T01:00:00Z,59768.0,59902.3,59441.7,59721.8,2840.556
2024-08-13T02:00:00Z,59721.8,59764.3,59270.0,59461.8,3208.897
2024-08-13T03:00:00Z,59461.8,59508.0,58850.0,59026.1,5659.649
2024-08-13T04:00:00Z,59026.1,59240.0,58815.6,59203.8,2266.628
2024-08-13T05:00:00Z,59203.8,59349.7,59082.3,59195.2,1697.424
2024-08-13T06:00:00Z,59195.2,59465.5,58946.8,59345.1,3243.342
2024-08-13T07:00:00Z,59345.1,59439.1,59029.0,59218.7,3291.071
2024-08-13T08:00:00Z,59218.7,59302.0,58883.3,59067.9,3133.066
2024-08-13T09:00:00Z,59067.9,59072.1,58666.5,58925.8,4166.48
2024-08-13T10:00:00Z,58925.8,58950.0,58380.0,58630.1,5534.778
2024-08-13T11:00:00Z,58630.1,58878.1,58530.0,58797.4,2429.953
2024-08-13T12:00:00Z,58797.4,59178.5,58663.8,59089.9,7918.521
2024-08-13T13:00:00Z,59089.9,59415.0,58807.4,59373.1,7844.41
2024-08-13T14:00:00Z,59373.1,59740.0,58981.6,59617.9,11596.638
2024-08-13T15:00:00Z,59617.9,59708.6,59323.5,59449.4,4292.341
2024-08-13T16:00:00Z,59449.4,61194.5,59426.5,61130.0,20437.761
2024-08-13T17:00:00Z,61130.0,61576.7,60864.7,61132.5,15543.538
2024-08-13T18:00:00Z,61132.5,61180.0,60721.0,60766.3,6040.801
2024-08-13T19:00:00Z,60766.3,60947.5,60208.2,60785.6,8792.509
2024-08-13T20:00:00Z,60785.6,60945.9,60528.3,60531.9,2802.035
2024-08-13T21:00:00Z,60531.9,61125.0,60466.7,60996.5,2862.169
2024-08-13T22:00:00Z,60996.5,61023.8,60422.0,60556.0,3586.155
2024-08-13T23:00:00Z,60556.0,60594.9,60357.4,60558.8,1987.73
2024-08-14T00:00:00Z,60558.8,60832.5,60400.0,60759.9,2527.947
2024-08-14T01:00:00Z,60759.9,60800.0,60494.5,60500.0,2194.324
2024-08-14T02:00:00Z,60500.0,60814.8,60469.0,60773.7,1739.33
2024-08-14T03:00:00Z,60773.7,61282.0,60773.6,60920.7,3397.018
2024-08-14T04:00:00Z,60920.7,61132.7,60861.0,60909.1,1956.076
2024-08-14T05:00:00Z,60909.1,61055.5,60753.6,60797.3,1709.591
2024-08-14T06:00:00Z,60797.3,60892.0,60611.7,60834.3,2992.672
2024-08-14T07:00:00Z,60834.3,60918.1,60670.1,60884.4,1491.077
2024-08-14T08:00:00Z,60884.4,60900.0,60587.2,60861.0,2366.636
2024-08-14T09:00:00Z,60861.0,60944.4,60770.2,60824.5,1314.029
2024-08-14T10:00:00Z,60824.5,61299.0,60811.0,61060.3,4775.13
2024-08-14T11:00:00Z,61060.3,61454.8,60850.0,61255.6,4775.421
2024-08-14T12:00:00Z,61255.6,61950.3,60758.9,61039.8,18760.036
2024-08-14T13:00:00Z,61039.8,61147.2,59441.2,59586.0,20377.932
2024-08-14T14:00:00Z,59586.0,59594.5,58769.0,59474.9,22302.259
2024-08-14T15:00:00Z,59474.9,59817.7,58841.9,59398.7,18366.886
2024-08-14T16:00:00Z,59398.7,59425.9,58519.9,59100.5,11038.996
2024-08-14T17:00:00Z,59100.5,59360.4,59000.2,59131.2,5095.693
2024-08-14T18:00:00Z,59131.2,59446.0,58758.6,58962.0,4546.855
2024-08-14T19:00:00Z,58962.0,59102.1,58700.0,58868.2,3768.506
2024-08-14T20:00:00Z,58868.2,59180.7,58859.6,59130.4,2839.383
2024-08-14T21:00:00Z,59130.4,59138.9,58843.4,58891.3,1485.25
2024-08-14T22:00:00Z,58891.3,58984.9,58399.1,58955.9,5359.429
2024-08-14T23:00:00Z,58955.9,59000.0,58631.4,58647.7,1790.151
2024-08-15T00:00:00Z,58647.7,59003.8,58642.0,58957.1,2103.761
2024-08-15T01:00:00Z,58957.1,59057.3,58103.2,58165.3,5905.701
2024-08-15T02:00:00Z,58165.3,58538.3,57905.3,58389.3,8129.014
2024-08-15T03:00:00Z,58389.3,58475.4,58322.7,58412.8,1035.635
2024-08-15T04:00:00Z,58412.8,58449.7,58133.3,58361.0,2494.301
2024-08-15T05:00:00Z,58361.0,58612.0,58156.1,58296.0,3017.741
2024-08-15T06:00:00Z,58296.0,58372.7,57787.6,58079.4,6106.763
2024-08-15T07:00:00Z,58079.4,58132.3,57690.0,58031.7,5099.968
2024-08-15T08:00:00Z,58031.7,58356.5,57936.2,58341.5,3625.097
2024-08-15T09:00:00Z,58341.5,58542.9,58267.1,58380.1,3249.944
2024-08-15T10:00:00Z,58380.1,58531.5,58271.2,58332.3,2527.352
2024-08-15T11:00:00Z,58332.3,58881.6,58330.0,58726.5,5865.593
2024-08-15T12:00:00Z,58726.5,59403.8,58579.6,58768.9,15181.672
2024-08-15T13:00:00Z,58768.9,59457.0,58446.5,59434.7,11848.515
2024-08-15T14:00:00Z,59434.7,59746.9,59168.0,59405.5,10570.619
2024-08-15T15:00:00Z,59405.5,59749.9,59255.6,59655.8,5961.217
2024-08-15T16:00:00Z,59655.8,59833.7,59405.1,59511.9,5714.663
2024-08-15T17:00:00Z,59511.9,59524.8,58721.0,58844.1,7582.9
2024-08-15T18:00:00Z,58844.1,58847.2,57500.0,57834.5,22822.802
2024-08-15T19:00:00Z,57834.5,57930.6,56612.2,57026.0,23239.846
2024-08-15T20:00:00Z,57026.0,57114.8,56052.1,56635.6,13633.882
2024-08-15T21:00:00Z,56635.6,57620.0,56569.8,57607.8,10228.458
2024-08-15T22:00:00Z,57607.8,57859.5,57355.2,57595.2,6150.96
2024-08-15T23:00:00Z,57595.2,57798.1,57455.5,57515.9,2958.779
2024-08-16T00:00:00Z,57515.9,57650.0,57330.0,57452.9,3244.484
2024-08-16T01:00:00Z,57452.9,57611.9,57071.7,57522.1,4276.464
2024-08-16T02:00:00Z,57522.1,58544.6,57310.0,58180.0,8550.87
2024-08-16T03:00:00Z,58180.0,58196.7,57723.2,57871.1,3851.677
2024-08-16T04:00:00Z,57871.1,58303.2,57747.8,58284.3,3220.572
2024-08-16T05:00:00Z,58284.3,58316.9,58073.8,58163.6,2101.804
2024-08-16T06:00:00Z,58163.6,58620.0,58026.0,58500.4,4630.193
2024-08-16T07:00:00Z,58500.4,58534.4,58301.7,58432.8,2465.294
2024-08-16T08:00:00Z,58432.8,58582.0,58300.3,58340.6,2466.282
2024-08-16T09:00:00Z,58340.6,58669.5,58226.0,58650.4,3867.24
2024-08-16T10:00:00Z,58650.4,58650.4,58260.8,58406.9,3034.776
2024-08-16T11:00:00Z,58406.9,58595.4,58104.2,58375.2,4461.425
2024-08-16T12:00:00Z,58375.2,58485.9,57472.7,57841.6,12275.891
2024-08-16T13:00:00Z,57841.6,58894.0,57717.2,58320.9,18171.935
2024-08-16T14:00:00Z,58320.9,58480.0,57818.3,57989.4,7379.018
2024-08-16T15:00:00Z,57989.4,58193.4,57601.2,58034.5,5919.153
2024-08-16T16:00:00Z,58034.5,58700.0,57962.7,58530.8,7687.454
2024-08-16T17:00:00Z,58530.8,59347.2,58357.3,59197.2,9193.596
2024-08-16T18:00:00Z,59197.2,59536.7,59046.8,59436.5,7934.759
2024-08-16T19:00:00Z,59436.5,59800.1,59380.0,59653.9,7939.834
2024-08-16T20:00:00Z,59653.9,59688.4,59159.7,59229.2,4977.761
2024-08-16T21:00:00Z,59229.2,59305.9,58920.1,58998.4,3028.65
2024-08-16T22:00:00Z,58998.4,59160.0,58940.0,58940.0,1691.768
2024-08-16T23:00:00Z,58940.0,59034.0,58671.2,58850.0,3983.811
2024-08-17T00:00:00Z,58850.0,59228.5,58765.0,59150.0,2872.49
2024-08-17T01:00:00Z,59150.0,59370.3,59081.4,59215.0,2325.149
2024-08-17T02:00:00Z,59215.0,59324.0,59066.9,59124.1,1619.471
2024-08-17T03:00:00Z,59124.1,59156.9,58960.3,59127.3,1757.42
2024-08-17T04:00:00Z,59127.3,59240.0,59045.0,59187.0,1394.545
2024-08-17T05:00:00Z,59187.0,59226.1,59118.8,59140.4,807.886
2024-08-17T06:00:00Z,59140.4,59215.8,59125.2,59141.1,686.412
2024-08-17T07:00:00Z,59141.1,59237.3,59017.7,59223.7,1381.42
2024-08-17T08:00:00Z,59223.7,59270.0,59134.2,59257.9,1014.774
2024-08-17T09:00:00Z,59257.9,59458.0,59184.0,59295.6,2206.915
2024-08-17T10:00:00Z,59295.6,59320.0,59050.0,59085.9,2083.569
2024-08-17T11:00:00Z,59085.9,59206.0,59034.9,59106.3,1852.625
2024-08-17T12:00:00Z,59106.3,59250.5,59068.0,59206.0,1158.929
2024-08-17T13:00:00Z,59206.0,59430.8,59160.0,59308.0,2927.244
2024-08-17T14:00:00Z,59308.0,59568.8,59225.1,59508.3,2465.213
2024-08-17T15:00:00Z,59508.3,59666.0,59340.0,59369.4,2681.062
2024-08-17T16:00:00Z,59369.4,59698.8,59369.3,59585.0,1816.441
2024-08-17T17:00:00Z,59585.0,59656.7,59386.5,59403.5,1802.5
2024-08-17T18:00:00Z,59403.5,59454.7,59222.5,59391.3,1691.429
2024-08-17T19:00:00Z,59391.3,59520.0,59359.1,59447.5,679.454
2024-08-17T20:00:00Z,59447.5,59476.3,59283.2,59370.3,732.285
2024-08-17T21:00:00Z,59370.3,59415.9,59101.2,59287.3,1465.908
2024-08-17T22:00:00Z,59287.3,59322.8,59219.9,59289.9,573.228
2024-08-17T23:00:00Z,59289.9,59475.1,59272.6,59475.1,1026.739
2024-08-18T00:00:00Z,59475.1,59731.1,59391.8,59650.3,2724.911
2024-08-18T01:00:00Z,59650.3,59674.7,59377.5,59418.8,1389.727
2024-08-18T02:00:00Z,59418.8,60288.5,59368.6,60112.0,7668.074
2024-08-18T03:00:00Z,60112.0,60251.6,59262.0,59306.7,5884.621
2024-08-18T04:00:00Z,59306.7,59467.7,59222.0,59429.2,2227.226
2024-08-18T05:00:00Z,59429.2,59666.0,59374.0,59455.8,2317.499
2024-08-18T06:00:00Z,59455.8,59600.1,59444.3,59567.4,809.827
2024-08-18T07:00:00Z,59567.4,59625.3,59478.9,59549.7,856.978
2024-08-18T08:00:00Z,59549.7,59695.9,59402.7,59672.9,1842.53
2024-08-18T09:00:00Z,59672.9,60107.3,59620.0,59853.3,3861.558
2024-08-18T10:00:00Z,59853.3,60174.9,59782.1,59840.7,4150.721
2024-08-18T11:00:00Z,59840.7,60003.2,59707.7,59987.8,2453.787
2024-08-18T12:00:00Z,59987.8,60249.8,59847.9,59949.8,2771.542
2024-08-18T13:00:00Z,59949.8,60200.0,59777.0,59798.0,2515.686
2024-08-18T14:00:00Z,59798.0,59950.0,59633.0,59782.0,2803.929
2024-08-18T15:00:00Z,59782.0,59900.3,59666.6,59830.0,1431.325
2024-08-18T16:00:00Z,59830.0,59921.3,59746.2,59810.9,1306.208
2024-08-18T17:00:00Z,59810.9,59835.1,59324.7,59514.8,4205.202
2024-08-18T18:00:00Z,59514.8,59617.2,59433.7,59568.9,1147.878
2024-08-18T19:00:00Z,59568.9,59736.8,59475.8,59684.9,1408.012
2024-08-18T20:00:00Z,59684.9,59844.0,59650.7,59792.0,1346.827
2024-08-18T21:00:00Z,59792.0,59792.0,59230.0,59410.5,2769.334
2024-08-18T22:00:00Z,59410.5,59559.1,59312.8,59317.9,1601.611
2024-08-18T23:00:00Z,59317.9,59382.1,58400.0,58406.4,12251.243
2024-08-19T00:00:00Z,58406.4,58693.2,58140.7,58320.2,10032.208
2024-08-19T01:00:00Z,58320.2,58591.0,58180.0,58525.0,3539.303
2024-08-19T02:00:00Z,58525.0,58720.5,58384.0,58628.3,2153.217
2024-08-19T03:00:00Z,58628.3,58740.0,58525.0,58703.2,2025.411
2024-08-19T04:00:00Z,58703.2,58720.0,58430.0,58555.5,1961.087
2024-08-19T05:00:00Z,58555.5,58590.1,58322.2,58456.2,2486.937
2024-08-19T06:00:00Z,58456.2,58636.0,58350.4,58543.2,2020.771
2024-08-19T07:00:00Z,58543.2,58724.0,58462.1,58469.1,2379.58
2024-08-19T08:00:00Z,58469.1,58629.7,58392.9,58572.3,2120.441
2024-08-19T09:00:00Z,58572.3,58636.8,57925.6,57984.9,7154.413
2024-08-19T10:00:00Z,57984.9,58200.0,57753.1,58010.0,7845.374
2024-08-19T11:00:00Z,58010.0,58482.9,57950.0,58358.1,4188.07
2024-08-19T12:00:00Z,58358.1,58490.2,58217.2,58381.9,3212.185
2024-08-19T13:00:00Z,58381.9,58946.6,58020.0,58177.7,12002.327
2024-08-19T14:00:00Z,58177.7,58625.0,58046.9,58585.9,5850.208
2024-08-19T15:00:00Z,58585.9,58752.4,58478.8,58511.7,4002.153
2024-08-19T16:00:00Z,58511.7,58688.1,58339.0,58679.9,2916.355
2024-08-19T17:00:00Z,58679.9,59272.0,58532.5,59004.0,10669.715
2024-08-19T18:00:00Z,59004.0,59218.5,58703.3,58978.8,4149.179
2024-08-19T19:00:00Z,58978.8,59098.9,58832.0,58927.9,2989.117
2024-08-19T20:00:00Z,58927.9,59393.6,58874.0,59043.3,4002.11
2024-08-19T21:00:00Z,59043.3,59212.3,58925.4,58929.9,2020.789
2024-08-19T22:00:00Z,58929.9,59236.9,58929.9,59204.8,1625.62
2024-08-19T23:00:00Z,59204.8,59600.0,59062.0,59403.9,5856.011
2024-08-20T00:00:00Z,59403.9,60648.4,59326.1,60452.8,19197.116
2024-08-20T01:00:00Z,60452.8,60897.0,60344.0,60425.0,7237.937
2024-08-20T02:00:00Z,60425.0,60531.3,60310.1,60505.0,2342.094
2024-08-20T03:00:00Z,60505.0,60595.5,60403.4,60595.4,1788.483
2024-08-20T04:00:00Z,60595.4,61096.1,60553.3,60847.1,7446.849
2024-08-20T05:00:00Z,60847.1,61455.8,60837.4,61087.9,9632.83
2024-08-20T06:00:00Z,61087.9,61114.0,60904.5,60932.3,2361.095
2024-08-20T07:00:00Z,60932.3,60967.5,60766.2,60907.1,2929.773
2024-08-20T08:00:00Z,60907.1,60928.8,60651.5,60732.0,3619.341
2024-08-20T09:00:00Z,60732.0,60950.0,60725.0,60834.8,2529.601
2024-08-20T10:00:00Z,60834.8,60856.1,60618.2,60680.1,1618.295
2024-08-20T11:00:00Z,60680.1,60713.2,60357.5,60488.3,4709.142
2024-08-20T12:00:00Z,60488.3,60726.2,60467.1,60656.3,2816.722
2024-08-20T13:00:00Z,60656.3,60930.0,60308.7,60854.2,7735.335
2024-08-20T14:00:00Z,60854.2,60877.0,59416.9,59433.2,21785.985
2024-08-20T15:00:00Z,59433.2,59458.8,58666.0,58804.4,23001.571
2024-08-20T16:00:00Z,58804.4,59022.2,58400.0,58775.1,8804.283
2024-08-20T17:00:00Z,58775.1,59030.0,58654.2,59005.0,3777.422
2024-08-20T18:00:00Z,59005.0,59452.1,58962.7,59164.6,7617.163
2024-08-20T19:00:00Z,59164.6,59575.5,59112.5,59483.1,4082.444
2024-08-20T20:00:00Z,59483.1,59743.0,59236.3,59286.8,5318.694
2024-08-20T21:00:00Z,59286.8,59311.8,58804.5,59257.7,6042.0
2024-08-20T22:00:00Z,59257.7,59520.1,59200.0,59336.7,2398.964
2024-08-20T23:00:00Z,59336.7,59365.0,58953.4,58978.0,2303.886
2024-08-21T00:00:00Z,58978.0,59259.9,58911.0,58963.9,2470.365
2024-08-21T01:00:00Z,58963.9,59250.0,58728.4,59250.0,3161.997
2024-08-21T02:00:00Z,59250.0,59484.8,59221.7,59338.5,1743.955
2024-08-21T03:00:00Z,59338.5,59395.0,59184.3,59290.0,1137.653
2024-08-21T04:00:00Z,59290.0,59380.0,59163.3,59335.8,912.027
2024-08-21T05:00:00Z,59335.8,59380.0,59264.9,59350.0,891.965
2024-08-21T06:00:00Z,59350.0,59710.0,59318.9,59593.6,3672.813
2024-08-21T07:00:00Z,59593.6,59692.9,59531.1,59674.0,2176.529
2024-08-21T08:00:00Z,59674.0,59989.7,59181.9,59414.0,8930.189
2024-08-21T09:00:00Z,59414.0,59479.4,59050.4,59256.9,5231.631
2024-08-21T10:00:00Z,59256.9,59455.1,59171.4,59435.8,1737.948
2024-08-21T11:00:00Z,59435.8,59474.5,59229.8,59324.0,1530.398
2024-08-21T12:00:00Z,59324.0,59610.2,59230.3,59477.0,2853.488
2024-08-21T13:00:00Z,59477.0,60096.6,58805.0,59898.0,14864.488
2024-08-21T14:00:00Z,59898.0,60201.1,59172.0,59385.4,22046.526
2024-08-21T15:00:00Z,59385.4,59760.6,59271.8,59484.1,4992.67
2024-08-21T16:00:00Z,59484.1,59930.0,59335.7,59857.7,4508.231
2024-08-21T17:00:00Z,59857.7,60030.0,59677.0,59906.1,3432.491
2024-08-21T18:00:00Z,59906.1,60800.0,59820.0,60737.6,12174.035
2024-08-21T19:00:00Z,60737.6,61621.4,60399.8,61539.2,21651.322
2024-08-21T20:00:00Z,61539.2,61835.0,60861.7,61208.1,12835.603
2024-08-21T21:00:00Z,61208.1,61484.0,60898.0,61205.3,5587.54
2024-08-21T22:00:00Z,61205.3,61476.8,61071.7,61150.1,3557.619
2024-08-21T23:00:00Z,61150.1,61252.0,60954.2,61120.6,2959.781
2024-08-22T00:00:00Z,61120.6,61198.3,60773.1,60796.6,2843.098
2024-08-22T01:00:00Z,60796.6,60981.7,60690.0,60936.6,2719.945
2024-08-22T02:00:00Z,60936.6,60940.0,59623.9,60140.0,10540.793
2024-08-22T03:00:00Z,60140.0,60599.2,60032.0,60523.6,4837.594
2024-08-22T04:00:00Z,60523.6,60826.5,60426.8,60806.3,3468.591
2024-08-22T05:00:00Z,60806.3,60806.3,60581.0,60700.1,2360.841
2024-08-22T06:00:00Z,60700.1,60920.4,60660.6,60740.1,2440.182
2024-08-22T07:00:00Z,60740.1,61200.0,60672.7,60953.8,3406.949
2024-08-22T08:00:00Z,60953.8,61086.4,60826.2,60895.6,2845.731
2024-08-22T09:00:00Z,60895.6,60970.9,60771.6,60865.3,2164.476
2024-08-22T10:00:00Z,60865.3,61386.2,60800.0,61326.4,4137.314
2024-08-22T11:00:00Z,61326.4,61363.4,61079.4,61300.6,3396.772
2024-08-22T12:00:00Z,61300.6,61373.4,60739.5,60864.0,8289.785
2024-08-22T13:00:00Z,60864.0,60912.6,60370.7,60788.4,9919.014
2024-08-22T14:00:00Z,60788.4,60827.4,60277.7,60482.3,8726.588
2024-08-22T15:00:00Z,60482.3,60800.0,60066.5,60375.0,8611.612
2024-08-22T16:00:00Z,60375.0,60571.5,60251.5,60307.7,4164.53
2024-08-22T17:00:00Z,60307.7,60488.0,60111.0,60133.6,2980.493
2024-08-22T18:00:00Z,60133.6,60550.0,60100.0,60311.9,4011.673
2024-08-22T19:00:00Z,60311.9,60423.8,60145.0,60284.0,3314.402
2024-08-22T20:00:00Z,60284.0,60699.0,60263.6,60663.1,3609.087
2024-08-22T21:00:00Z,60663.1,60703.4,60437.4,60530.4,1823.296
2024-08-22T22:00:00Z,60530.4,60595.0,60367.2,60416.1,1405.01
2024-08-22T23:00:00Z,60416.1,60451.4,60262.4,60355.3,1250.671
2024-08-23T00:00:00Z,60355.3,60928.8,60316.1,60703.4,4077.288
2024-08-23T01:00:00Z,60703.4,60842.2,60567.0,60737.5,2463.35
2024-08-23T02:00:00Z,60737.5,60797.2,60602.5,60617.9,1352.425
2024-08-23T03:00:00Z,60617.9,60676.4,60550.0,60568.3,1086.378
2024-08-23T04:00:00Z,60568.3,60706.8,60557.9,60684.6,855.929
2024-08-23T05:00:00Z,60684.6,61069.7,60684.6,60837.6,4128.267
2024-08-23T06:00:00Z,60837.6,61333.0,60801.5,61168.0,4174.928
2024-08-23T07:00:00Z,61168.0,61238.3,60877.2,61043.8,2785.593
2024-08-23T08:00:00Z,61043.8,61291.4,60995.0,61287.4,2432.121
2024-08-23T09:00:00Z,61287.4,61311.4,60961.0,60986.9,3277.172
2024-08-23T10:00:00Z,60986.9,61132.8,60963.3,61025.0,1302.595
2024-08-23T11:00:00Z,61025.0,61054.3,60661.1,60712.1,4816.618
2024-08-23T12:00:00Z,60712.1,61189.1,60712.1,61110.2,3770.339
2024-08-23T13:00:00Z,61110.2,61140.0,60844.8,61089.6,3994.107
2024-08-23T14:00:00Z,61089.6,62319.7,60761.1,60964.0,38029.249
2024-08-23T15:00:00Z,60964.0,61760.0,60874.4,61504.0,11867.334
2024-08-23T16:00:00Z,61504.0,61832.5,61311.6,61713.1,5681.615
2024-08-23T17:00:00Z,61713.1,63007.5,61590.0,62975.0,17991.132
2024-08-23T18:00:00Z,62975.0,63400.0,62625.0,63122.7,17966.673
2024-08-23T19:00:00Z,63122.7,63799.8,62966.2,63580.3,12791.151
2024-08-23T20:00:00Z,63580.3,63763.2,63445.8,63580.5,4271.514
2024-08-23T21:00:00Z,63580.5,65041.9,63547.5,64356.0,15527.055
2024-08-23T22:00:00Z,64356.0,64975.0,63880.4,64064.2,11395.263
2024-08-23T23:00:00Z,64064.2,64292.0,63806.0,64005.0,4858.992
2024-08-24T00:00:00Z,64005.0,64161.8,63791.6,63934.5,2907.513
2024-08-24T01:00:00Z,63934.5,63979.8,63596.8,63800.2,2551.923
2024-08-24T02:00:00Z,63800.2,63975.9,63755.0,63905.5,1650.425
2024-08-24T03:00:00Z,63905.5,63964.4,63730.5,63800.2,1408.362
2024-08-24T04:00:00Z,63800.2,63956.5,63789.7,63860.4,947.466
2024-08-24T05:00:00Z,63860.4,64008.0,63826.1,63972.1,1746.321
2024-08-24T06:00:00Z,63972.1,64276.7,63901.7,64038.4,3527.627
2024-08-24T07:00:00Z,64038.4,64333.0,64028.4,64288.1,2070.06
2024-08-24T08:00:00Z,64288.1,64446.6,64126.4,64392.5,2504.835
2024-08-24T09:00:00Z,64392.5,64485.0,64158.0,64309.6,2585.452
2024-08-24T10:00:00Z,64309.6,64361.0,64051.3,64096.9,1855.973
2024-08-24T11:00:00Z,64096.9,64167.4,63818.1,63888.1,2532.261
2024-08-24T12:00:00Z,63888.1,64200.9,63883.7,64069.9,2239.747
2024-08-24T13:00:00Z,64069.9,64224.9,63940.0,64192.0,1544.15
2024-08-24T14:00:00Z,64192.0,64200.1,64000.0,64150.6,1002.825
2024-08-24T15:00:00Z,64150.6,64150.7,63833.4,63946.3,2436.536
2024-08-24T16:00:00Z,63946.3,64389.0,63818.0,64265.3,4991.861
2024-08-24T17:00:00Z,64265.3,64265.3,63926.1,64029.8,1982.911
2024-08-24T18:00:00Z,64029.8,64422.5,63910.7,64200.0,3771.386
2024-08-24T19:00:00Z,64200.0,64365.9,64186.3,64186.3,988.44
2024-08-24T20:00:00Z,64186.3,64313.2,64101.2,64101.2,862.143
2024-08-24T21:00:00Z,64101.2,64160.7,63520.0,63593.4,5337.173
2024-08-24T22:00:00Z,63593.4,63980.3,63553.0,63815.3,3291.374
2024-08-24T23:00:00Z,63815.3,64151.7,63780.5,64130.3,1272.526
2024-08-25T00:00:00Z,64130.3,64800.0,64081.0,64158.1,6549.292
2024-08-25T01:00:00Z,64158.1,64352.5,64006.8,64121.5,2331.2
2024-08-25T02:00:00Z,64121.5,64245.4,64077.8,64122.1,980.247
2024-08-25T03:00:00Z,64122.1,64156.9,63965.0,64075.2,1234.447
2024-08-25T04:00:00Z,64075.2,64138.5,63957.3,64132.9,964.196
2024-08-25T05:00:00Z,64132.9,64176.0,64060.2,64119.2,1027.416
2024-08-25T06:00:00Z,64119.2,64148.8,63921.6,63967.5,1068.734
2024-08-25T07:00:00Z,63967.5,64017.8,63750.0,63839.5,2895.531
2024-08-25T08:00:00Z,63839.5,63988.7,63759.7,63911.3,1303.303
2024-08-25T09:00:00Z,63911.3,63970.1,63765.5,63833.0,1807.277
2024-08-25T10:00:00Z,63833.0,63904.7,63759.7,63850.8,1615.98
2024-08-25T11:00:00Z,63850.8,64008.0,63850.7,63871.7,1580.46
2024-08-25T12:00:00Z,63871.7,63924.9,63793.2,63910.1,974.802
2024-08-25T13:00:00Z,63910.1,64166.6,63841.0,64057.3,2407.849
2024-08-25T14:00:00Z,64057.3,64239.3,64057.2,64133.8,1909.452
2024-08-25T15:00:00Z,64133.8,64274.2,64070.0,64110.3,1599.448
2024-08-25T16:00:00Z,64110.3,64180.8,63963.2,64018.1,1908.355
2024-08-25T17:00:00Z,64018.1,64151.7,63995.8,64114.5,852.213
2024-08-25T18:00:00Z,64114.5,64224.7,64037.7,64133.2,1498.697
2024-08-25T19:00:00Z,64133.2,64190.6,64110.6,64156.8,716.878
2024-08-25T20:00:00Z,64156.8,64244.0,64102.9,64182.8,903.202
2024-08-25T21:00:00Z,64182.8,64588.0,64175.0,64365.0,3310.59
2024-08-25T22:00:00Z,64365.0,64599.2,64247.0,64454.1,2396.145
2024-08-25T23:00:00Z,64454.1,64992.6,64145.4,64180.9,9841.355
2024-08-26T00:00:00Z,64180.9,64447.6,63811.0,64069.2,4714.759
2024-08-26T01:00:00Z,64069.2,64163.0,63801.2,63899.9,2590.299
2024-08-26T02:00:00Z,63899.9,64047.3,63729.4,64038.0,2363.178
2024-08-26T03:00:00Z,64038.0,64095.7,63962.6,64085.0,1038.722
2024-08-26T04:00:00Z,64085.0,64188.2,63912.3,63997.5,1429.903
2024-08-26T05:00:00Z,63997.5,64016.5,63850.0,63923.1,1093.021
2024-08-26T06:00:00Z,63923.1,63988.8,63600.0,63696.7,4963.147
2024-08-26T07:00:00Z,63696.7,63843.7,63539.0,63595.5,2925.249
2024-08-26T08:00:00Z,63595.5,63846.0,63561.7,63707.9,1925.659
2024-08-26T09:00:00Z,63707.9,63832.9,63177.0,63828.0,7179.971
2024-08-26T10:00:00Z,63828.0,64029.9,63703.0,63745.4,4440.102
2024-08-26T11:00:00Z,63745.4,63962.4,63707.0,63821.2,1947.686
2024-08-26T12:00:00Z,63821.2,63935.0,63426.2,63603.2,4213.557
2024-08-26T13:00:00Z,63603.2,63852.5,63458.2,63739.9,6212.795
2024-08-26T14:00:00Z,63739.9,63850.0,63069.2,63471.3,13918.371
2024-08-26T15:00:00Z,63471.3,63618.3,63034.8,63504.2,5209.59
2024-08-26T16:00:00Z,63504.2,63799.7,63386.7,63677.7,4389.153
2024-08-26T17:00:00Z,63677.7,63870.7,63162.8,63361.6,5430.636
2024-08-26T18:00:00Z,63361.6,63700.0,63150.0,63619.6,4851.093
2024-08-26T19:00:00Z,63619.6,63684.4,63236.3,63312.2,2987.676
2024-08-26T20:00:00Z,63312.2,63539.9,63177.0,63388.0,2910.046
2024-08-26T21:00:00Z,63388.0,63404.3,62812.0,63118.6,5682.673
2024-08-26T22:00:00Z,63118.6,63273.1,62850.8,62937.4,2515.605
2024-08-26T23:00:00Z,62937.4,63145.4,62777.0,62812.0,2314.506
2024-08-27T00:00:00Z,62812.0,63034.0,62620.0,62688.2,4677.244
2024-08-27T01:00:00Z,62688.2,63203.2,62659.9,62970.6,4343.34
2024-08-27T02:00:00Z,62970.6,63170.6,62854.9,62868.9,1885.669
2024-08-27T03:00:00Z,62868.9,62980.3,62686.1,62941.0,2228.702
2024-08-27T04:00:00Z,62941.0,63070.7,62870.9,63014.5,1482.7
2024-08-27T05:00:00Z,63014.5,63187.2,63012.9,63124.9,1933.892
2024-08-27T06:00:00Z,63124.9,63133.4,62700.7,62748.4,3624.906
2024-08-27T07:00:00Z,62748.4,62938.0,62742.2,62878.3,2106.651
2024-08-27T08:00:00Z,62878.3,62977.0,62665.0,62794.0,2346.449
2024-08-27T09:00:00Z,62794.0,62931.8,62520.0,62658.1,4557.416
2024-08-27T10:00:00Z,62658.1,62658.1,62226.0,62311.1,9081.625
2024-08-27T11:00:00Z,62311.1,62522.8,62200.0,62393.8,4179.866
2024-08-27T12:00:00Z,62393.8,62453.5,62013.0,62396.1,5690.707
2024-08-27T13:00:00Z,62396.1,62472.3,62080.0,62201.6,6190.792
2024-08-27T14:00:00Z,62201.6,62260.7,61726.5,61828.3,17405.476
2024-08-27T15:00:00Z,61828.3,61982.5,61410.0,61695.3,12151.242
2024-08-27T16:00:00Z,61695.3,61974.0,61500.0,61530.1,7002.14
2024-08-27T17:00:00Z,61530.1,61920.0,61489.8,61917.0,3519.596
2024-08-27T18:00:00Z,61917.0,62121.7,61851.6,62071.8,3827.557
2024-08-27T19:00:00Z,62071.8,62200.0,61844.5,62082.5,3057.545
2024-08-27T20:00:00Z,62082.5,62082.6,61817.5,61842.8,1976.825
2024-08-27T21:00:00Z,61842.8,61974.5,59540.1,60390.1,29266.748
2024-08-27T22:00:00Z,60390.1,60395.1,57869.5,59472.6,41158.815
2024-08-27T23:00:00Z,59472.6,59748.8,59114.0,59366.7,9139.552
2024-08-28T00:00:00Z,59366.7,59414.1,58931.3,59055.5,7944.073
2024-08-28T01:00:00Z,59055.5,59427.8,58868.8,59345.7,4459.766
2024-08-28T02:00:00Z,59345.7,59387.2,59158.2,59306.1,2849.79
2024-08-28T03:00:00Z,59306.1,59637.6,59270.4,59601.6,2259.387
2024-08-28T04:00:00Z,59601.6,59637.6,59260.0,59309.3,2352.071
2024-08-28T05:00:00Z,59309.3,59465.0,59218.3,59257.1,2262.933
2024-08-28T06:00:00Z,59257.1,59338.9,59095.0,59160.3,2078.757
2024-08-28T07:00:00Z,59160.3,59250.0,58445.9,58561.9,8682.773
2024-08-28T08:00:00Z,58561.9,59270.0,58503.4,59195.4,6892.018
2024-08-28T09:00:00Z,59195.4,60244.9,59104.8,60169.8,11432.181
2024-08-28T10:00:00Z,60169.8,60198.2,59652.4,59727.4,7209.518
2024-08-28T11:00:00Z,59727.4,60077.9,59645.1,59906.2,4295.948
2024-08-28T12:00:00Z,59906.2,60133.6,59844.2,59919.0,3169.996
2024-08-28T13:00:00Z,59919.0,59982.8,59252.7,59309.2,7657.461
2024-08-28T14:00:00Z,59309.2,59927.9,58862.7,59153.7,14700.056
2024-08-28T15:00:00Z,59153.7,59153.7,58255.0,58962.0,15650.035
2024-08-28T16:00:00Z,58962.0,59175.3,57800.0,59146.0,21406.116
2024-08-28T17:00:00Z,59146.0,59240.5,58575.4,58606.8,8327.87
2024-08-28T18:00:00Z,58606.8,59505.8,58538.7,59464.6,7573.619
2024-08-28T19:00:00Z,59464.6,59799.0,58775.3,58872.3,7721.887
2024-08-28T20:00:00Z,58872.3,59597.4,58547.1,59286.5,13133.321
2024-08-28T21:00:00Z,59286.5,59470.0,59042.2,59092.0,2963.178
2024-08-28T22:00:00Z,59092.0,59228.0,58801.4,59171.1,3273.417
2024-08-28T23:00:00Z,59171.1,59181.3,58951.0,59013.1,1131.347
2024-08-29T00:00:00Z,59013.1,59227.8,58880.1,59185.9,1926.613
2024-08-29T01:00:00Z,59185.9,59310.6,58833.3,58969.1,2539.935
2024-08-29T02:00:00Z,58969.1,59168.2,58898.3,59111.1,1753.837
2024-08-29T03:00:00Z,59111.1,59167.3,59000.0,59119.2,1172.732
2024-08-29T04:00:00Z,59119.2,59199.0,59036.7,59174.8,1966.521
2024-08-29T05:00:00Z,59174.8,59440.0,59115.1,59409.9,2629.564
2024-08-29T06:00:00Z,59409.9,59745.3,59340.8,59538.1,3824.144
2024-08-29T07:00:00Z,59538.1,59665.1,59476.0,59550.0,1642.097
2024-08-29T08:00:00Z,59550.0,59606.6,59333.0,59522.6,2919.502
2024-08-29T09:00:00Z,59522.6,59743.8,59521.1,59556.3,2894.936
2024-08-29T10:00:00Z,59556.3,59820.0,59544.0,59650.3,2403.451
2024-08-29T11:00:00Z,59650.3,60450.0,59586.8,60033.0,9997.11
2024-08-29T12:00:00Z,60033.0,60542.0,59953.6,60294.1,8081.735
2024-08-29T13:00:00Z,60294.1,60647.8,60150.0,60598.7,7032.293
2024-08-29T14:00:00Z,60598.7,60930.0,60400.0,60785.3,9542.536
2024-08-29T15:00:00Z,60785.3,61148.7,60676.2,60747.0,9372.569
2024-08-29T16:00:00Z,60747.0,60926.4,60188.8,60257.9,7227.659
2024-08-29T17:00:00Z,60257.9,60570.0,60131.7,60508.3,4805.702
2024-08-29T18:00:00Z,60508.3,60537.3,58868.0,59121.9,19459.765
2024-08-29T19:00:00Z,59121.9,59681.4,58910.8,59231.5,10410.583
2024-08-29T20:00:00Z,59231.5,59492.8,59183.0,59489.3,3513.261
2024-08-29T21:00:00Z,59489.3,59614.4,59387.6,59449.5,2259.937
2024-08-29T22:00:00Z,59449.5,59449.5,58618.2,59173.9,7490.171
2024-08-29T23:00:00Z,59173.9,59359.0,59101.2,59315.8,1654.954
2024-08-30T00:00:00Z,59315.8,59446.7,59088.0,59170.0,3445.688
2024-08-30T01:00:00Z,59170.0,59274.9,58916.9,59186.0,3227.447
2024-08-30T02:00:00Z,59186.0,59309.4,59010.0,59168.6,1669.423
2024-08-30T03:00:00Z,59168.6,59178.9,58858.0,59003.3,2437.385
2024-08-30T04:00:00Z,59003.3,59130.0,58973.7,58988.0,1288.393
2024-08-30T05:00:00Z,58988.0,59000.0,58643.0,58756.7,4464.819
2024-08-30T06:00:00Z,58756.7,59349.8,58680.9,59330.5,5343.784
2024-08-30T07:00:00Z,59330.5,59566.0,59207.2,59246.3,4643.991
2024-08-30T08:00:00Z,59246.3,59563.0,59240.8,59421.9,2898.825
2024-08-30T09:00:00Z,59421.9,59644.6,59392.0,59557.9,2961.201
2024-08-30T10:00:00Z,59557.9,59649.9,59380.9,59552.1,2457.666
2024-08-30T11:00:00Z,59552.1,59617.6,59288.7,59364.9,3351.43
2024-08-30T12:00:00Z,59364.9,59922.0,59340.0,59511.1,7533.727
2024-08-30T13:00:00Z,59511.1,59649.7,58883.0,59634.5,9228.394
2024-08-30T14:00:00Z,59634.5,59820.7,58400.0,58424.2,17897.752
2024-08-30T15:00:00Z,58424.2,58650.0,57910.0,58055.9,17730.971
2024-08-30T16:00:00Z,58055.9,58586.7,57665.7,58520.3,13396.499
2024-08-30T17:00:00Z,58520.3,58794.5,58372.0,58606.1,5858.431
2024-08-30T18:00:00Z,58606.1,59390.8,58591.3,59346.0,10454.629
2024-08-30T19:00:00Z,59346.0,59346.0,58666.6,58666.6,5849.859
2024-08-30T20:00:00Z,58666.6,59034.0,58661.1,59033.8,2205.233
2024-08-30T21:00:00Z,59033.8,59124.0,58939.1,59031.5,1523.252
2024-08-30T22:00:00Z,59031.5,59293.9,59020.6,59200.5,1981.644
2024-08-30T23:00:00Z,59200.5,59254.9,59056.0,59100.9,1302.558
2024-08-31T00:00:00Z,59100.9,59437.7,59030.6,59208.4,2682.441
2024-08-31T01:00:00Z,59208.4,59307.5,59150.0,59246.4,809.562
2024-08-31T02:00:00Z,59246.4,59262.6,59110.1,59171.5,720.636
2024-08-31T03:00:00Z,59171.5,59228.2,59101.8,59205.4,681.336
2024-08-31T04:00:00Z,59205.4,59327.9,59186.3,59325.5,972.829
2024-08-31T05:00:00Z,59325.5,59325.5,59184.9,59190.1,731.783
2024-08-31T06:00:00Z,59190.1,59245.6,59130.0,59135.0,1277.104
2024-08-31T07:00:00Z,59135.0,59170.4,59034.6,59064.0,1551.419
2024-08-31T08:00:00Z,59064.0,59108.0,58945.5,58953.3,1657.52
2024-08-31T09:00:00Z,58953.3,59006.8,58801.7,58885.2,2582.458
2024-08-31T10:00:00Z,58885.2,59137.9,58847.0,59103.5,1797.059
2024-08-31T11:00:00Z,59103.5,59150.0,59063.3,59094.5,965.77
2024-08-31T12:00:00Z,59094.5,59220.3,59040.0,59161.8,1933.845
2024-08-31T13:00:00Z,59161.8,59230.0,58897.8,58928.2,2114.29
2024-08-31T14:00:00Z,58928.2,59133.8,58855.7,59100.1,2030.792
2024-08-31T15:00:00Z,59100.1,59130.0,58942.0,58992.1,1198.194
2024-08-31T16:00:00Z,58992.1,59011.1,58822.6,58947.2,1257.955
2024-08-31T17:00:00Z,58947.2,59020.9,58705.9,58989.6,2539.984
2024-08-31T18:00:00Z,58989.6,59119.0,58840.2,58900.3,2125.03
2024-08-31T19:00:00Z,58900.3,58922.6,58790.8,58838.0,727.737
2024-08-31T20:00:00Z,58838.0,58952.0,58758.3,58922.6,884.854
2024-08-31T21:00:00Z,58922.6,59144.0,58888.8,59031.1,984.43
2024-08-31T22:00:00Z,59031.1,59100.0,58976.3,59003.8,670.368
2024-08-31T23:00:00Z,59003.8,59044.0,58902.8,58944.4,762.798
2024-09-01T00:00:00Z,58944.4,59053.1,58875.6,58911.0,1243.044
2024-09-01T01:00:00Z,58911.0,58943.7,58800.0,58803.9,1009.862
2024-09-01T02:00:00Z,58803.9,58830.8,58227.6,58523.5,6546.139
2024-09-01T03:00:00Z,58523.5,58650.0,58369.8,58504.3,2078.333
2024-09-01T04:00:00Z,58504.3,58571.7,58337.5,58418.2,1585.133
2024-09-01T05:00:00Z,58418.2,58446.8,57719.8,57959.0,10056.966
2024-09-01T06:00:00Z,57959.0,58274.3,57914.7,58169.9,2884.879
2024-09-01T07:00:00Z,58169.9,58510.1,58107.1,58457.7,3859.723
2024-09-01T08:00:00Z,58457.7,58489.8,58184.1,58217.7,2506.852
2024-09-01T09:00:00Z,58217.7,58380.9,58120.0,58183.0,2141.896
2024-09-01T10:00:00Z,58183.0,58200.0,57853.4,57904.7,4396.582
2024-09-01T11:00:00Z,57904.7,58218.2,57800.0,58204.0,3880.929
2024-09-01T12:00:00Z,58204.0,58290.0,57860.0,57989.5,3261.465
2024-09-01T13:00:00Z,57989.5,58188.1,57671.0,58132.1,5538.164
2024-09-01T14:00:00Z,58132.1,58145.9,56913.4,57842.6,16214.751
2024-09-01T15:00:00Z,57842.6,58354.2,57711.1,58190.0,5754.771
2024-09-01T16:00:00Z,58190.0,58329.3,58046.4,58100.1,3657.795
2024-09-01T17:00:00Z,58100.1,58172.8,57831.2,58095.1,2601.78
2024-09-01T18:00:00Z,58095.1,58790.8,58086.2,58511.7,6837.205
2024-09-01T19:00:00Z,58511.7,58749.7,58250.0,58481.5,3145.027
2024-09-01T20:00:00Z,58481.5,58643.3,58350.0,58401.1,1841.133
2024-09-01T21:00:00Z,58401.1,58404.6,58051.2,58319.5,2073.299
2024-09-01T22:00:00Z,58319.5,58398.1,57161.9,57274.3,12766.862
2024-09-01T23:00:00Z,57274.3,57575.1,57167.1,57266.1,5651.716
2024-09-02T00:00:00Z,57266.1,57625.2,57072.2,57432.9,5748.777
2024-09-02T01:00:00Z,57432.9,57543.0,57200.0,57386.0,3185.578
2024-09-02T02:00:00Z,57386.0,57691.4,57250.0,57470.0,3644.865
2024-09-02T03:00:00Z,57470.0,57749.9,57459.3,57721.3,7358.321
2024-09-02T04:00:00Z,57721.3,57750.0,57417.1,57434.0,3618.09
2024-09-02T05:00:00Z,57434.0,57970.2,57411.0,57750.8,3530.329
2024-09-02T06:00:00Z,57750.8,57850.0,57644.6,57659.1,1519.234
2024-09-02T07:00:00Z,57659.1,57762.8,57322.1,57517.3,2970.437
2024-09-02T08:00:00Z,57517.3,58280.0,57476.7,58031.8,8161.487
2024-09-02T09:00:00Z,58031.8,58440.0,57873.5,58373.9,5509.007
2024-09-02T10:00:00Z,58373.9,58578.5,58258.6,58471.6,5172.122
2024-09-02T11:00:00Z,58471.6,58646.9,58312.0,58394.4,3981.167
2024-09-02T12:00:00Z,58394.4,58481.7,58216.8,58361.7,3039.204
2024-09-02T13:00:00Z,58361.7,58481.6,58121.4,58146.5,3917.265
2024-09-02T14:00:00Z,58146.5,58800.0,58062.9,58595.5,10605.678
2024-09-02T15:00:00Z,58595.5,58720.4,58474.7,58516.0,2608.862
2024-09-02T16:00:00Z,58516.0,58638.6,58274.0,58321.7,2136.492
2024-09-02T17:00:00Z,58321.7,58565.3,58271.2,58491.7,2037.143
2024-09-02T18:00:00Z,58491.7,58646.3,58290.6,58461.3,1976.681
2024-09-02T19:00:00Z,58461.3,58550.0,58363.8,58417.9,1037.552
2024-09-02T20:00:00Z,58417.9,59289.8,58355.1,58953.3,7500.283
2024-09-02T21:00:00Z,58953.3,59262.5,58840.0,59011.7,5708.758
2024-09-02T22:00:00Z,59011.7,59347.6,58970.1,59324.5,2980.709
2024-09-02T23:00:00Z,59324.5,59423.1,59043.1,59116.7,2858.136
2024-09-03T00:00:00Z,59116.7,59233.6,59000.9,59233.5,1370.567
2024-09-03T01:00:00Z,59233.5,59391.9,59157.5,59359.9,2146.11
2024-09-03T02:00:00Z,59359.9,59805.0,59282.1,59290.1,6990.743
2024-09-03T03:00:00Z,59290.1,59310.7,59050.0,59089.4,2676.911
2024-09-03T04:00:00Z,59089.4,59225.0,58970.0,59069.6,2382.138
2024-09-03T05:00:00Z,59069.6,59234.6,58963.7,59158.3,2381.814
2024-09-03T06:00:00Z,59158.3,59158.7,58823.4,58861.5,3744.958
2024-09-03T07:00:00Z,58861.5,59111.3,58847.0,59074.7,1934.313
2024-09-03T08:00:00Z,59074.7,59110.1,58680.1,58758.4,3885.56
2024-09-03T09:00:00Z,58758.4,58940.2,58755.0,58835.2,2079.102
2024-09-03T10:00:00Z,58835.2,59169.5,58802.3,59060.0,2959.444
2024-09-03T11:00:00Z,59060.0,59090.5,58914.7,59042.8,1310.316
2024-09-03T12:00:00Z,59042.8,59331.9,59028.0,59109.9,4281.515
2024-09-03T13:00:00Z,59109.9,59291.0,58175.0,58371.0,13040.823
2024-09-03T14:00:00Z,58371.0,58371.0,57540.0,57653.9,18697.93
2024-09-03T15:00:00Z,57653.9,58004.6,57594.5,57700.4,7317.455
2024-09-03T16:00:00Z,57700.4,57909.5,57630.0,57671.5,3959.267
2024-09-03T17:00:00Z,57671.5,58092.0,57641.7,57668.0,4807.111
2024-09-03T18:00:00Z,57668.0,58032.9,57550.0,57899.0,4541.53
2024-09-03T19:00:00Z,57899.0,58224.0,57812.9,58014.4,5584.728
2024-09-03T20:00:00Z,58014.4,58219.0,58014.4,58209.8,2074.029
2024-09-03T21:00:00Z,58209.8,58221.5,57916.2,58100.0,2152.616
2024-09-03T22:00:00Z,58100.0,58164.4,57829.6,57842.3,1887.738
2024-09-03T23:00:00Z,57842.3,57886.4,57356.7,57450.2,4831.088
2024-09-04T00:00:00Z,57450.2,57923.7,57090.0,57107.8,8036.07
2024-09-04T01:00:00Z,57107.8,57124.5,55501.0,56751.1,32550.653
2024-09-04T02:00:00Z,56751.1,56796.0,56471.2,56614.6,4973.824
2024-09-04T03:00:00Z,56614.6,56825.3,56573.4,56636.6,2981.331
2024-09-04T04:00:00Z,56636.6,56706.9,56530.1,56669.9,1755.823
2024-09-04T05:00:00Z,56669.9,56669.9,56130.0,56218.1,4871.955
2024-09-04T06:00:00Z,56218.1,56506.2,56200.0,56236.7,4236.251
2024-09-04T07:00:00Z,56236.7,56863.0,56214.2,56714.9,4865.645
2024-09-04T08:00:00Z,56714.9,56879.7,56632.6,56750.6,2108.027
2024-09-04T09:00:00Z,56750.6,56829.7,56551.8,56579.6,2464.441
2024-09-04T10:00:00Z,56579.6,56679.4,56424.0,56430.1,3299.616
2024-09-04T11:00:00Z,56430.1,56655.4,56428.8,56540.0,1679.2
2024-09-04T12:00:00Z,56540.0,56737.7,56463.9,56575.2,2779.971
2024-09-04T13:00:00Z,56575.2,56664.6,56260.0,56466.2,6871.444
2024-09-04T14:00:00Z,56466.2,57550.0,56130.0,57483.7,19189.672
2024-09-04T15:00:00Z,57483.7,58130.0,57323.8,58098.7,18013.991
2024-09-04T16:00:00Z,58098.7,58499.8,58086.0,58374.9,12763.345
2024-09-04T17:00:00Z,58374.9,58448.3,57774.7,57839.9,7864.427
2024-09-04T18:00:00Z,57839.9,57962.7,57594.2,57647.1,4907.292
2024-09-04T19:00:00Z,57647.1,58138.5,57620.5,58020.9,3946.47
2024-09-04T20:00:00Z,58020.9,58154.4,57716.6,58005.7,3610.194
2024-09-04T21:00:00Z,58005.7,58094.5,57907.6,58073.7,1245.042
2024-09-04T22:00:00Z,58073.7,58378.0,58006.7,58104.5,3299.723
2024-09-04T23:00:00Z,58104.5,58208.9,57860.0,57937.8,1815.558
2024-09-05T00:00:00Z,57937.8,58300.0,57923.8,57975.0,2516.292
2024-09-05T01:00:00Z,57975.0,58219.9,57925.0,57998.9,1941.524
2024-09-05T02:00:00Z,57998.9,58041.5,57627.1,57658.6,3428.005
2024-09-05T03:00:00Z,57658.6,57660.0,56886.0,57094.1,11177.424
2024-09-05T04:00:00Z,57094.1,57269.8,57040.1,57183.0,2605.041
2024-09-05T05:00:00Z,57183.0,57238.7,56975.3,57169.0,2306.371
2024-09-05T06:00:00Z,57169.0,57200.0,56491.0,56885.0,7619.75
2024-09-05T07:00:00Z,56885.0,57218.7,56800.0,57125.1,4193.858
2024-09-05T08:00:00Z,57125.1,57202.4,56932.0,56985.9,2723.654
2024-09-05T09:00:00Z,56985.9,56990.6,56588.0,56770.3,5585.218
2024-09-05T10:00:00Z,56770.3,56824.2,56599.5,56739.2,3324.518
2024-09-05T11:00:00Z,56739.2,56843.8,56623.5,56665.9,3338.529
2024-09-05T12:00:00Z,56665.9,56820.0,56294.3,56637.9,12552.336
2024-09-05T13:00:00Z,56637.9,57125.9,56531.9,56999.9,9931.358
2024-09-05T14:00:00Z,56999.9,57319.3,56428.8,56533.8,15877.805
2024-09-05T15:00:00Z,56533.8,56653.3,55761.7,55950.1,21113.395
2024-09-05T16:00:00Z,55950.1,56396.1,55929.0,56315.6,7288.655
2024-09-05T17:00:00Z,56315.6,56593.5,56173.0,56581.6,5878.9
2024-09-05T18:00:00Z,56581.6,56684.2,56471.7,56521.3,2811.662
2024-09-05T19:00:00Z,56521.3,56545.8,55729.6,56018.6,9871.563
2024-09-05T20:00:00Z,56018.6,56244.0,55972.0,56060.8,3757.623
2024-09-05T21:00:00Z,56060.8,56237.8,55509.8,56110.2,5176.527
2024-09-05T22:00:00Z,56110.2,56203.6,55740.3,56076.9,3155.883
2024-09-05T23:00:00Z,56076.9,56180.0,55955.0,56150.5,1369.565
2024-09-06T00:00:00Z,56150.5,56312.2,55948.0,56141.1,3125.079
2024-09-06T01:00:00Z,56141.1,56588.6,55954.5,56535.6,3707.329
2024-09-06T02:00:00Z,56535.6,56844.7,56472.3,56716.8,4267.306
2024-09-06T03:00:00Z,56716.8,56820.0,56481.8,56558.0,2627.64
2024-09-06T04:00:00Z,56558.0,56722.9,56556.4,56568.4,1796.93
2024-09-06T05:00:00Z,56568.4,56641.6,56280.0,56464.7,3207.636
2024-09-06T06:00:00Z,56464.7,56494.2,56241.5,56398.7,2866.634
2024-09-06T07:00:00Z,56398.7,56415.8,55205.0,55763.9,19589.277
2024-09-06T08:00:00Z,55763.9,55900.0,55592.4,55752.4,4869.37
2024-09-06T09:00:00Z,55752.4,55898.0,55641.2,55866.1,2821.169
2024-09-06T10:00:00Z,55866.1,56247.0,55857.7,56150.1,5068.508
2024-09-06T11:00:00Z,56150.1,56221.6,55800.0,55977.3,5482.458
2024-09-06T12:00:00Z,55977.3,56948.8,55612.2,56849.9,21991.571
2024-09-06T13:00:00Z,56849.9,56997.6,55806.8,55860.5,18208.829
2024-09-06T14:00:00Z,55860.5,55908.6,54342.9,54700.7,38005.615
2024-09-06T15:00:00Z,54700.7,54977.4,53767.0,54020.0,28907.589
2024-09-06T16:00:00Z,54020.0,54238.0,53611.1,54054.9,16225.585
2024-09-06T17:00:00Z,54054.9,54420.1,53655.5,53910.0,11561.791
2024-09-06T18:00:00Z,53910.0,53975.9,53321.1,53322.1,12347.614
2024-09-06T19:00:00Z,53322.1,53982.1,53234.2,53511.5,13559.058
2024-09-06T20:00:00Z,53511.5,53775.6,52610.4,52872.0,19402.697
2024-09-06T21:00:00Z,52872.0,53758.0,52500.2,53758.0,12598.31
2024-09-06T22:00:00Z,53758.0,53846.2,53581.7,53620.0,3019.273
2024-09-06T23:00:00Z,53620.0,53943.4,53585.2,53934.0,2463.272
2024-09-07T00:00:00Z,53934.0,54069.0,53860.4,53895.9,2782.02
2024-09-07T01:00:00Z,53895.9,53976.2,53733.0,53794.4,1812.619
2024-09-07T02:00:00Z,53794.4,53929.1,53734.0,53786.4,1373.461
2024-09-07T03:00:00Z,53786.4,53850.0,53763.5,53797.0,981.691
2024-09-07T04:00:00Z,53797.0,54030.7,53788.7,54027.6,1422.198
2024-09-07T05:00:00Z,54027.6,54347.7,53976.3,54154.0,4517.229
2024-09-07T06:00:00Z,54154.0,54359.0,54012.6,54290.8,2611.436
2024-09-07T07:00:00Z,54290.8,54384.2,54153.8,54260.0,2355.315
2024-09-07T08:00:00Z,54260.0,54364.0,54162.2,54354.0,2176.481
2024-09-07T09:00:00Z,54354.0,54394.8,54141.0,54225.8,2247.961
2024-09-07T10:00:00Z,54225.8,54430.0,54221.0,54322.6,1996.569
2024-09-07T11:00:00Z,54322.6,54478.7,54260.4,54308.1,2416.642
2024-09-07T12:00:00Z,54308.1,54638.4,54308.1,54546.3,3452.633
2024-09-07T13:00:00Z,54546.3,54633.9,54379.2,54525.7,2907.982
2024-09-07T14:00:00Z,54525.7,54672.0,54460.0,54604.9,2752.476
2024-09-07T15:00:00Z,54604.9,54812.0,54570.0,54750.5,2939.813
2024-09-07T16:00:00Z,54750.5,54827.5,54420.5,54450.0,2981.168
2024-09-07T17:00:00Z,54450.0,54522.7,53970.3,54110.4,5589.258
2024-09-07T18:00:00Z,54110.4,54374.2,54015.0,54268.1,3104.073
2024-09-07T19:00:00Z,54268.1,54438.6,54204.5,54380.0,1551.275
2024-09-07T20:00:00Z,54380.0,54417.8,54128.5,54134.1,2139.11
2024-09-07T21:00:00Z,54134.1,54164.9,53835.7,53906.8,3706.678
2024-09-07T22:00:00Z,53906.8,54073.7,53838.6,53933.8,1987.662
2024-09-07T23:00:00Z,53933.8,54232.5,53782.5,54139.5,3820.991
2024-09-08T00:00:00Z,54139.5,54161.8,53942.1,54117.0,1920.266
2024-09-08T01:00:00Z,54117.0,54335.0,54107.6,54253.7,1949.009
2024-09-08T02:00:00Z,54253.7,54488.0,54253.7,54309.9,2618.107
2024-09-08T03:00:00Z,54309.9,54369.0,54226.4,54366.1,1441.747
2024-09-08T04:00:00Z,54366.1,54565.5,54339.3,54473.6,2369.047
2024-09-08T05:00:00Z,54473.6,54502.0,54285.8,54320.2,1715.878
2024-09-08T06:00:00Z,54320.2,54400.0,54233.7,54271.9,1433.302
2024-09-08T07:00:00Z,54271.9,54509.9,54270.9,54414.5,2088.537
2024-09-08T08:00:00Z,54414.5,54463.9,54325.6,54458.0,1440.114
2024-09-08T09:00:00Z,54458.0,54699.8,54426.0,54426.1,3346.418
2024-09-08T10:00:00Z,54426.1,54621.2,54420.0,54575.2,1369.5
2024-09-08T11:00:00Z,54575.2,54646.6,54481.3,54534.3,1371.766
2024-09-08T12:00:00Z,54534.3,54549.5,54080.0,54168.3,5054.891
2024-09-08T13:00:00Z,54168.3,54382.3,54050.0,54371.6,3661.863
2024-09-08T14:00:00Z,54371.6,54418.4,54030.0,54119.1,3211.183
2024-09-08T15:00:00Z,54119.1,54174.1,53630.1,53670.0,6675.336
2024-09-08T16:00:00Z,53670.0,53999.4,53607.5,53886.7,3753.206
2024-09-08T17:00:00Z,53886.7,54509.2,53880.0,54482.4,5954.88
2024-09-08T18:00:00Z,54482.4,54519.9,54255.3,54395.0,2604.432
2024-09-08T19:00:00Z,54395.0,54456.9,54296.6,54315.8,1233.245
2024-09-08T20:00:00Z,54315.8,54367.4,54159.9,54357.7,2000.856
2024-09-08T21:00:00Z,54357.7,54630.8,54301.1,54443.6,3862.26
2024-09-08T22:00:00Z,54443.6,55300.0,54339.6,54513.0,14965.624
2024-09-08T23:00:00Z,54513.0,54954.4,54422.8,54850.0,4642.302
2024-09-09T00:00:00Z,54850.0,55188.0,54663.2,55022.2,5209.64
2024-09-09T01:00:00Z,55022.2,55375.8,54881.1,55079.2,5556.85
2024-09-09T02:00:00Z,55079.2,55114.0,54822.3,55085.6,2623.468
2024-09-09T03:00:00Z,55085.6,55194.2,54771.1,55093.7,3719.521
2024-09-09T04:00:00Z,55093.7,55129.5,54825.0,54836.9,2335.284
2024-09-09T05:00:00Z,54836.9,54912.2,54560.3,54645.3,3470.396
2024-09-09T06:00:00Z,54645.3,54959.3,54619.9,54881.1,2489.501
2024-09-09T07:00:00Z,54881.1,54999.5,54711.7,54946.0,2353.675
2024-09-09T08:00:00Z,54946.0,55320.0,54930.6,55233.4,4085.44
2024-09-09T09:00:00Z,55233.4,55532.5,55059.2,55129.3,7138.514
2024-09-09T10:00:00Z,55129.3,55430.7,55066.0,55332.0,3064.856
2024-09-09T11:00:00Z,55332.0,55350.0,55131.3,55239.9,2059.466
2024-09-09T12:00:00Z,55239.9,55340.0,54927.6,55323.3,3969.729
2024-09-09T13:00:00Z,55323.3,55810.0,55221.1,55662.8,10483.215
2024-09-09T14:00:00Z,55662.8,55728.7,54760.0,54800.0,14655.884
2024-09-09T15:00:00Z,54800.0,55458.5,54791.8,55364.9,9522.229
2024-09-09T16:00:00Z,55364.9,56499.4,55320.6,56401.9,18123.742
2024-09-09T17:00:00Z,56401.9,56749.6,56309.9,56486.7,10069.472
2024-09-09T18:00:00Z,56486.7,56618.4,56232.0,56499.2,6103.679
2024-09-09T19:00:00Z,56499.2,57164.5,56443.4,57069.0,8767.505
2024-09-09T20:00:00Z,57069.0,57129.0,56782.8,56989.5,3937.776
2024-09-09T21:00:00Z,56989.5,58150.2,56982.1,57433.4,15265.173
2024-09-09T22:00:00Z,57433.4,57609.8,57176.5,57203.8,3563.162
2024-09-09T23:00:00Z,57203.8,57240.0,56983.0,57014.5,3414.429
2024-09-10T00:00:00Z,57014.5,57044.4,56600.2,56949.9,5111.297
2024-09-10T01:00:00Z,56949.9,57030.0,56688.8,56872.7,2901.671
2024-09-10T02:00:00Z,56872.7,56889.1,56609.0,56749.0,2157.2
2024-09-10T03:00:00Z,56749.0,56785.9,56490.5,56495.5,3282.267
2024-09-10T04:00:00Z,56495.5,56705.6,56350.0,56580.3,3730.981
2024-09-10T05:00:00Z,56580.3,56953.0,56552.8,56915.1,3393.556
2024-09-10T06:00:00Z,56915.1,56915.1,56740.7,56805.4,1662.613
2024-09-10T07:00:00Z,56805.4,57278.0,56750.0,57191.4,5666.224
2024-09-10T08:00:00Z,57191.4,57346.0,56960.7,57030.0,4383.641
2024-09-10T09:00:00Z,57030.0,57249.9,56861.5,57062.1,3764.218
2024-09-10T10:00:00Z,57062.1,57164.3,56911.9,57137.4,1971.302
2024-09-10T11:00:00Z,57137.4,57243.8,56983.8,57196.0,2708.81
2024-09-10T12:00:00Z,57196.0,57497.1,57126.4,57178.8,5578.056
2024-09-10T13:00:00Z,57178.8,57180.3,56606.0,56709.5,10997.743
2024-09-10T14:00:00Z,56709.5,57150.0,56485.1,56913.1,12550.47
2024-09-10T15:00:00Z,56913.1,57195.7,56548.9,56548.9,7721.258
2024-09-10T16:00:00Z,56548.9,56926.8,56521.4,56783.5,4007.024
2024-09-10T17:00:00Z,56783.5,57363.6,56761.5,57150.7,6417.603
2024-09-10T18:00:00Z,57150.7,57989.1,57150.7,57561.9,11892.944
2024-09-10T19:00:00Z,57561.9,58039.7,57299.5,57929.8,7519.837
2024-09-10T20:00:00Z,57929.8,57955.3,57500.0,57544.5,4439.076
2024-09-10T21:00:00Z,57544.5,57726.4,57409.8,57495.1,2620.669
2024-09-10T22:00:00Z,57495.1,57654.2,57422.0,57585.7,1909.298
2024-09-10T23:00:00Z,57585.7,57864.0,57557.6,57620.3,2075.723
2024-09-11T00:00:00Z,57620.3,57670.1,57420.0,57620.1,2420.936
2024-09-11T01:00:00Z,57620.1,57732.3,56644.0,56689.9,13455.852
2024-09-11T02:00:00Z,56689.9,57148.5,56656.0,56892.5,5853.545
2024-09-11T03:00:00Z,56892.5,56948.6,56644.3,56783.5,3935.438
2024-09-11T04:00:00Z,56783.5,56783.5,56210.1,56498.1,9777.871
2024-09-11T05:00:00Z,56498.1,56513.9,56037.8,56220.0,6230.107
2024-09-11T06:00:00Z,56220.0,56568.5,56150.3,56441.3,4864.725
2024-09-11T07:00:00Z,56441.3,56769.9,56441.3,56687.0,3310.475
2024-09-11T08:00:00Z,56687.0,56697.8,56321.6,56369.9,4571.983
2024-09-11T09:00:00Z,56369.9,56714.7,56352.1,56650.9,2714.662
2024-09-11T10:00:00Z,56650.9,56671.1,56293.6,56493.4,5064.441
2024-09-11T11:00:00Z,56493.4,56866.1,56493.4,56778.6,4672.642
2024-09-11T12:00:00Z,56778.6,56921.1,56243.2,56720.0,13020.081
2024-09-11T13:00:00Z,56720.0,57148.9,55666.9,55711.7,22238.925
2024-09-11T14:00:00Z,55711.7,56015.6,55530.1,55949.7,16243.004
2024-09-11T15:00:00Z,55949.7,56999.8,55830.0,56673.2,18212.413
2024-09-11T16:00:00Z,56673.2,57510.0,56619.4,57284.5,13642.601
2024-09-11T17:00:00Z,57284.5,57884.0,57225.1,57675.2,13311.661
2024-09-11T18:00:00Z,57675.2,57977.4,57330.1,57476.5,10368.049
2024-09-11T19:00:00Z,57476.5,57764.8,57294.7,57551.3,5711.634
2024-09-11T20:00:00Z,57551.3,57649.9,57400.0,57446.0,1534.133
2024-09-11T21:00:00Z,57446.0,57531.8,57220.0,57326.0,2312.906
2024-09-11T22:00:00Z,57326.0,57445.1,57182.5,57445.1,1688.003
2024-09-11T23:00:00Z,57445.1,57484.4,57281.3,57310.4,1368.996
2024-09-12T00:00:00Z,57310.4,57899.0,57298.5,57592.1,6473.119
2024-09-12T01:00:00Z,57592.1,58313.4,57572.1,58118.1,5194.838
2024-09-12T02:00:00Z,58118.1,58466.0,57812.3,57923.1,8525.37
2024-09-12T03:00:00Z,57923.1,58322.2,57923.0,58210.0,3120.779
2024-09-12T04:00:00Z,58210.0,58404.7,58128.9,58154.2,2683.536
2024-09-12T05:00:00Z,58154.2,58154.2,57902.3,57948.4,2940.902
2024-09-12T06:00:00Z,57948.4,58078.9,57801.2,57918.2,2833.795
2024-09-12T07:00:00Z,57918.2,58123.0,57837.0,58105.1,2661.796
2024-09-12T08:00:00Z,58105.1,58326.3,58067.3,58145.0,3930.84
2024-09-12T09:00:00Z,58145.0,58227.0,57960.5,57996.6,2111.119
2024-09-12T10:00:00Z,57996.6,58077.9,57900.7,57905.6,1551.997
2024-09-12T11:00:00Z,57905.6,58129.0,57868.0,58035.0,2246.049
2024-09-12T12:00:00Z,58035.0,58140.0,57557.0,57673.9,8096.554
2024-09-12T13:00:00Z,57673.9,57882.4,57306.6,57602.7,12640.081
2024-09-12T14:00:00Z,57602.7,58580.9,57500.3,57500.3,18831.102
2024-09-12T15:00:00Z,57500.3,57849.7,57371.0,57474.9,8424.471
2024-09-12T16:00:00Z,57474.9,58116.0,57456.6,58042.5,6346.031
2024-09-12T17:00:00Z,58042.5,58403.8,57978.2,58380.1,6199.539
2024-09-12T18:00:00Z,58380.1,58446.0,57942.4,58147.8,5864.133
2024-09-12T19:00:00Z,58147.8,58436.0,58096.8,58384.3,4960.268
2024-09-12T20:00:00Z,58384.3,58390.1,58078.5,58176.0,3051.746
2024-09-12T21:00:00Z,58176.0,58392.1,57645.6,57890.7,7488.792
2024-09-12T22:00:00Z,57890.7,58243.1,57863.3,58117.1,3082.705
2024-09-12T23:00:00Z,58117.1,58162.7,58002.6,58104.8,1189.766
2024-09-13T00:00:00Z,58104.8,58215.0,57949.7,58002.8,2073.91
2024-09-13T01:00:00Z,58002.8,58232.1,57835.7,58109.9,2828.785
2024-09-13T02:00:00Z,58109.9,58149.6,57937.9,58020.0,1268.732
2024-09-13T03:00:00Z,58020.0,58046.2,57800.0,57821.9,1621.028
2024-09-13T04:00:00Z,57821.9,57960.0,57794.0,57809.3,1116.111
2024-09-13T05:00:00Z,57809.3,58000.0,57800.8,57910.7,1272.766
2024-09-13T06:00:00Z,57910.7,57926.0,57700.7,57728.1,2283.929
2024-09-13T07:00:00Z,57728.1,58118.2,57726.9,58085.0,2519.459
2024-09-13T08:00:00Z,58085.0,58127.7,57890.3,57927.1,1997.013
2024-09-13T09:00:00Z,57927.1,58119.9,57891.6,58024.9,1538.496
2024-09-13T10:00:00Z,58024.9,58335.7,58003.0,58325.3,3266.291
2024-09-13T11:00:00Z,58325.3,58325.4,57774.0,57842.0,4978.013
2024-09-13T12:00:00Z,57842.0,57935.0,57579.0,57872.2,8044.975
2024-09-13T13:00:00Z,57872.2,58141.2,57634.0,58026.1,7548.847
2024-09-13T14:00:00Z,58026.1,58541.1,57790.0,58432.1,12361.205
2024-09-13T15:00:00Z,58432.1,59697.7,58341.1,59636.5,21999.994
2024-09-13T16:00:00Z,59636.5,59788.0,59283.0,59419.2,10113.141
2024-09-13T17:00:00Z,59419.2,59950.0,59414.7,59545.0,8205.805
2024-09-13T18:00:00Z,59545.0,59892.9,59428.9,59720.4,6135.522
2024-09-13T19:00:00Z,59720.4,59971.2,59603.5,59699.8,5252.713
2024-09-13T20:00:00Z,59699.8,59929.5,59584.6,59800.0,2886.416
2024-09-13T21:00:00Z,59800.0,60349.0,59777.0,60247.4,8638.871
2024-09-13T22:00:00Z,60247.4,60613.7,60200.0,60581.1,8832.036
2024-09-13T23:00:00Z,60581.1,60624.2,60305.0,60466.3,3667.67
2024-09-14T00:00:00Z,60466.3,60584.2,60353.9,60385.0,2233.754
2024-09-14T01:00:00Z,60385.0,60569.0,60379.5,60379.6,1932.633
2024-09-14T02:00:00Z,60379.6,60475.2,60251.3,60254.6,1708.438
2024-09-14T03:00:00Z,60254.6,60401.4,60254.5,60291.8,1111.836
2024-09-14T04:00:00Z,60291.8,60322.4,60120.0,60184.3,1895.728
2024-09-14T05:00:00Z,60184.3,60206.7,59873.4,59894.0,2987.638
2024-09-14T06:00:00Z,59894.0,60060.0,59851.2,60014.1,2127.621
2024-09-14T07:00:00Z,60014.1,60152.7,59960.3,60109.2,1723.085
2024-09-14T08:00:00Z,60109.2,60126.7,59904.2,59949.9,1595.295
2024-09-14T09:00:00Z,59949.9,60041.1,59815.6,60041.1,2013.105
2024-09-14T10:00:00Z,60041.1,60041.1,59758.0,59822.1,1939.321
2024-09-14T11:00:00Z,59822.1,59822.1,59560.0,59670.1,3821.556
2024-09-14T12:00:00Z,59670.1,59822.0,59596.3,59756.9,1743.809
2024-09-14T13:00:00Z,59756.9,59760.0,59601.3,59731.6,2141.503
2024-09-14T14:00:00Z,59731.6,59991.8,59666.9,59887.1,3129.745
2024-09-14T15:00:00Z,59887.1,59927.4,59793.5,59845.5,1246.457
2024-09-14T16:00:00Z,59845.5,59963.7,59801.0,59953.3,1808.941
2024-09-14T17:00:00Z,59953.3,59953.3,59815.6,59862.3,699.02
2024-09-14T18:00:00Z,59862.3,59862.3,59357.7,59755.3,7436.488
2024-09-14T19:00:00Z,59755.3,59882.5,59701.2,59783.0,1135.197
2024-09-14T20:00:00Z,59783.0,60099.7,59750.8,59988.4,3226.939
2024-09-14T21:00:00Z,59988.4,60039.6,59913.3,59999.4,977.805
2024-09-14T22:00:00Z,59999.4,60135.9,59898.7,59988.6,1958.273
2024-09-14T23:00:00Z,59988.6,60032.4,59924.5,59968.0,546.737
2024-09-15T00:00:00Z,59968.0,60097.9,59959.6,60002.6,665.94
2024-09-15T01:00:00Z,60002.6,60250.3,60001.4,60198.4,1898.133
2024-09-15T02:00:00Z,60198.4,60233.3,60084.4,60206.1,899.795
2024-09-15T03:00:00Z,60206.1,60220.0,60100.0,60131.8,603.527
2024-09-15T04:00:00Z,60131.8,60197.3,60018.9,60095.3,1073.357
2024-09-15T05:00:00Z,60095.3,60186.0,60095.3,60119.4,879.373
2024-09-15T06:00:00Z,60119.4,60161.8,60095.9,60128.4,416.148
2024-09-15T07:00:00Z,60128.4,60177.6,60093.3,60161.6,659.527
2024-09-15T08:00:00Z,60161.6,60175.6,60004.1,60042.9,1358.81
2024-09-15T09:00:00Z,60042.9,60085.0,59975.2,59985.0,1139.869
2024-09-15T10:00:00Z,59985.0,60022.8,59832.0,59957.6,1964.13
2024-09-15T11:00:00Z,59957.6,60007.5,59868.1,59975.3,1229.757
2024-09-15T12:00:00Z,59975.3,60108.8,59927.1,60082.9,1272.27
2024-09-15T13:00:00Z,60082.9,60347.8,60055.6,60161.4,3310.769
2024-09-15T14:00:00Z,60161.4,60275.3,59845.6,60249.9,4020.115
2024-09-15T15:00:00Z,60249.9,60392.8,60140.9,60312.9,2708.017
2024-09-15T16:00:00Z,60312.9,60330.0,59905.9,59925.5,3340.328
2024-09-15T17:00:00Z,59925.5,60020.0,59677.6,59788.1,4088.727
2024-09-15T18:00:00Z,59788.1,60165.2,59716.2,59948.6,4503.138
2024-09-15T19:00:00Z,59948.6,60117.6,59777.4,59853.1,2765.377
2024-09-15T20:00:00Z,59853.1,59919.1,59660.0,59770.1,2981.915
2024-09-15T21:00:00Z,59770.1,59775.9,59430.0,59635.9,4480.343
2024-09-15T22:00:00Z,59635.9,59650.0,59361.0,59398.0,2841.48
2024-09-15T23:00:00Z,59398.0,59432.0,58652.1,59101.2,13661.842
2024-09-16T00:00:00Z,59101.2,59182.0,58570.1,58633.0,7087.339
2024-09-16T01:00:00Z,58633.0,58781.1,58369.8,58577.0,7195.207
2024-09-16T02:00:00Z,58577.0,58639.7,58065.0,58243.4,7743.63
2024-09-16T03:00:00Z,58243.4,58585.5,58190.0,58547.0,4574.457
2024-09-16T04:00:00Z,58547.0,58570.6,58282.3,58323.9,3059.006
2024-09-16T05:00:00Z,58323.9,58642.4,58313.0,58637.1,3095.27
2024-09-16T06:00:00Z,58637.1,58827.3,58595.6,58681.2,3242.097
2024-09-16T07:00:00Z,58681.2,58942.2,58637.8,58881.9,2863.707
2024-09-16T08:00:00Z,58881.9,59159.0,58828.6,58890.7,5256.261
2024-09-16T09:00:00Z,58890.7,59008.0,58550.6,58605.6,4334.232
2024-09-16T10:00:00Z,58605.6,58714.9,58474.9,58714.9,2894.104
2024-09-16T11:00:00Z,58714.9,58839.9,58620.1,58633.6,2156.679
2024-09-16T12:00:00Z,58633.6,58760.0,58407.0,58505.1,3813.785
2024-09-16T13:00:00Z,58505.1,58591.8,57922.8,58469.9,11590.367
2024-09-16T14:00:00Z,58469.9,58536.9,57550.5,57580.2,15402.484
2024-09-16T15:00:00Z,57580.2,57984.6,57529.8,57867.2,6926.971
2024-09-16T16:00:00Z,57867.2,57941.0,57650.5,57784.8,3685.166
2024-09-16T17:00:00Z,57784.8,58250.0,57450.0,58153.2,8922.576
2024-09-16T18:00:00Z,58153.2,58177.0,57665.0,57870.0,6149.106
2024-09-16T19:00:00Z,57870.0,58014.0,57767.0,57922.2,2652.766
2024-09-16T20:00:00Z,57922.2,58164.8,57605.0,57667.1,3976.935
2024-09-16T21:00:00Z,57667.1,57990.8,57569.5,57979.1,2215.351
2024-09-16T22:00:00Z,57979.1,58026.0,57819.2,57948.6,1433.807
2024-09-16T23:00:00Z,57948.6,58399.0,57948.5,58185.0,3666.967
2024-09-17T00:00:00Z,58185.0,58314.9,57568.0,57592.9,5909.212
2024-09-17T01:00:00Z,57592.9,57941.3,57590.1,57873.6,3042.574
2024-09-17T02:00:00Z,57873.6,58185.7,57814.0,58089.9,2889.151
2024-09-17T03:00:00Z,58089.9,58125.0,57955.7,58037.8,1570.738
2024-09-17T04:00:00Z,58037.8,58309.2,57985.1,58222.5,2203.605
2024-09-17T05:00:00Z,58222.5,58772.3,58205.0,58617.6,4524.81
2024-09-17T06:00:00Z,58617.6,58645.4,58422.1,58461.7,2432.74
2024-09-17T07:00:00Z,58461.7,58685.0,58420.6,58665.9,2097.296
2024-09-17T08:00:00Z,58665.9,58834.4,58605.0,58767.2,2654.306
2024-09-17T09:00:00Z,58767.2,59069.7,58668.1,58944.0,4903.418
2024-09-17T10:00:00Z,58944.0,59249.9,58875.1,59210.0,5478.188
2024-09-17T11:00:00Z,59210.0,59280.0,58992.5,59059.0,4292.139
2024-09-17T12:00:00Z,59059.0,59420.0,59021.4,59354.6,5597.638
2024-09-17T13:00:00Z,59354.6,59385.0,58838.5,58930.0,8402.491
2024-09-17T14:00:00Z,58930.0,60366.0,58910.7,60242.0,27287.715
2024-09-17T15:00:00Z,60242.0,61330.0,60184.3,61107.0,30224.645
2024-09-17T16:00:00Z,61107.0,61237.5,60703.0,60848.0,9143.44
2024-09-17T17:00:00Z,60848.0,60977.4,60655.7,60933.9,5177.353
2024-09-17T18:00:00Z,60933.9,61059.1,60365.6,60503.9,7575.556
2024-09-17T19:00:00Z,60503.9,60684.8,59531.2,59945.5,14119.056
2024-09-17T20:00:00Z,59945.5,60327.2,59688.0,60090.0,8015.379
2024-09-17T21:00:00Z,60090.0,60431.3,60076.1,60304.7,2203.523
2024-09-17T22:00:00Z,60304.7,60325.8,60085.4,60204.4,1934.895
2024-09-17T23:00:00Z,60204.4,60289.8,59968.7,60275.1,1820.665
2024-09-18T00:00:00Z,60275.1,60299.1,59835.0,60203.5,4127.297
2024-09-18T01:00:00Z,60203.5,60299.3,59953.7,60077.3,2207.962
2024-09-18T02:00:00Z,60077.3,60349.1,60033.2,60330.0,1825.35
2024-09-18T03:00:00Z,60330.0,60747.0,60325.4,60490.1,4731.471
2024-09-18T04:00:00Z,60490.1,60660.0,60285.0,60397.1,2591.035
2024-09-18T05:00:00Z,60397.1,60397.1,60176.1,60212.0,1826.204
2024-09-18T06:00:00Z,60212.0,60476.0,60166.2,60434.7,1937.131
2024-09-18T07:00:00Z,60434.7,60532.2,60299.5,60406.0,1712.564
2024-09-18T08:00:00Z,60406.0,60406.1,60053.4,60172.4,2561.555
2024-09-18T09:00:00Z,60172.4,60172.4,59630.0,59630.0,5498.246
2024-09-18T10:00:00Z,59630.0,59930.2,59353.1,59884.5,7987.937
2024-09-18T11:00:00Z,59884.5,59997.2,59795.5,59825.9,2542.212
2024-09-18T12:00:00Z,59825.9,59990.1,59658.0,59956.5,4146.864
2024-09-18T13:00:00Z,59956.5,60146.0,59266.1,59492.1,9319.468
2024-09-18T14:00:00Z,59492.1,59760.5,59308.9,59463.5,7795.895
2024-09-18T15:00:00Z,59463.5,59728.0,59299.1,59405.7,4197.39
2024-09-18T16:00:00Z,59405.7,59933.3,59126.2,59884.1,7231.549
2024-09-18T17:00:00Z,59884.1,60249.2,59473.7,59988.0,7389.973
2024-09-18T18:00:00Z,59988.0,61349.0,59716.2,60590.1,46882.952
2024-09-18T19:00:00Z,60590.1,60737.7,59942.1,60039.8,18372.263
2024-09-18T20:00:00Z,60039.8,60298.0,59447.4,60204.6,9303.246
2024-09-18T21:00:00Z,60204.6,60468.8,60155.7,60170.1,3280.664
2024-09-18T22:00:00Z,60170.1,60682.2,60165.1,60658.5,3294.467
2024-09-18T23:00:00Z,60658.5,61776.9,60658.5,61743.7,10871.857
2024-09-19T00:00:00Z,61743.7,62578.2,61687.4,62215.8,16948.199
2024-09-19T01:00:00Z,62215.8,62302.9,61523.6,61974.9,8191.636
2024-09-19T02:00:00Z,61974.9,62343.6,61768.7,62171.5,3980.2
2024-09-19T03:00:00Z,62171.5,62248.0,61960.9,62085.8,2613.884
2024-09-19T04:00:00Z,62085.8,62120.0,61861.3,62049.9,2825.173
2024-09-19T05:00:00Z,62049.9,62149.4,61875.9,61969.9,1764.776
2024-09-19T06:00:00Z,61969.9,62109.3,61782.2,62003.3,2664.32
2024-09-19T07:00:00Z,62003.3,62150.0,61914.7,62067.7,2749.823
2024-09-19T08:00:00Z,62067.7,62169.9,61854.5,61904.5,3728.946
2024-09-19T09:00:00Z,61904.5,62334.8,61862.3,62245.4,4130.947
2024-09-19T10:00:00Z,62245.4,62723.9,62245.3,62279.9,6864.693
2024-09-19T11:00:00Z,62279.9,62681.0,62202.5,62608.0,4148.009
2024-09-19T12:00:00Z,62608.0,63201.8,62536.0,62890.5,14808.399
2024-09-19T13:00:00Z,62890.5,63350.0,62658.0,63018.1,11015.76
2024-09-19T14:00:00Z,63018.1,63499.3,62860.0,62907.6,13701.622
2024-09-19T15:00:00Z,62907.6,63325.0,62798.1,63121.4,5007.203
2024-09-19T16:00:00Z,63121.4,63679.0,62900.2,63533.6,8577.92
2024-09-19T17:00:00Z,63533.6,63856.0,63251.0,63683.9,10610.249
2024-09-19T18:00:00Z,63683.9,63749.9,63444.2,63598.7,5098.137
2024-09-19T19:00:00Z,63598.7,63610.7,63147.1,63217.9,6114.714
2024-09-19T20:00:00Z,63217.9,63218.0,62954.0,62988.2,2807.594
2024-09-19T21:00:00Z,62988.2,63213.9,62855.0,62855.0,3383.868
2024-09-19T22:00:00Z,62855.0,63092.2,62620.0,62914.5,6057.594
2024-09-19T23:00:00Z,62914.5,63084.5,62869.8,62922.8,2085.609
2024-09-20T00:00:00Z,62922.8,62988.5,62637.5,62726.3,2342.449
2024-09-20T01:00:00Z,62726.3,63280.5,62562.5,63017.3,4856.032
2024-09-20T02:00:00Z,63017.3,63100.0,62792.9,63097.7,2777.894
2024-09-20T03:00:00Z,63097.7,63732.3,63054.0,63730.0,5496.817
2024-09-20T04:00:00Z,63730.0,64131.7,63637.2,63809.8,11763.222
2024-09-20T05:00:00Z,63809.8,64000.0,63561.1,63769.9,3708.363
2024-09-20T06:00:00Z,63769.9,63909.0,63585.3,63760.5,3606.209
2024-09-20T07:00:00Z,63760.5,63760.5,63360.0,63488.2,4857.961
2024-09-20T08:00:00Z,63488.2,63496.0,63076.1,63281.5,5055.712
2024-09-20T09:00:00Z,63281.5,63531.6,63241.3,63451.1,2862.983
2024-09-20T10:00:00Z,63451.1,63647.3,63306.8,63641.6,3476.48
2024-09-20T11:00:00Z,63641.6,63686.0,63323.0,63426.6,4096.74
2024-09-20T12:00:00Z,63426.6,63537.7,63303.9,63398.8,2661.932
2024-09-20T13:00:00Z,63398.8,63430.0,62658.0,62828.9,12960.481
2024-09-20T14:00:00Z,62828.9,63498.7,62550.0,63015.9,14228.419
2024-09-20T15:00:00Z,63015.9,63333.0,62666.0,63127.0,6984.771
2024-09-20T16:00:00Z,63127.0,63260.0,62775.4,62841.1,4758.605
2024-09-20T17:00:00Z,62841.1,62954.3,62582.5,62674.4,3648.41
2024-09-20T18:00:00Z,62674.4,62920.0,62310.0,62829.7,6370.172
2024-09-20T19:00:00Z,62829.7,62987.6,62743.8,62765.3,3039.09
2024-09-20T20:00:00Z,62765.3,62911.4,62656.7,62777.5,1992.463
2024-09-20T21:00:00Z,62777.5,63289.3,62777.5,63083.5,4785.055
2024-09-20T22:00:00Z,63083.5,63247.8,63082.3,63150.4,1290.185
2024-09-20T23:00:00Z,63150.4,63186.0,63030.7,63173.8,1304.013
2024-09-21T00:00:00Z,63173.8,63280.0,63004.7,63140.0,1942.145
2024-09-21T01:00:00Z,63140.0,63169.0,62733.1,62808.1,3029.59
2024-09-21T02:00:00Z,62808.1,62966.2,62781.2,62882.4,1352.658
2024-09-21T03:00:00Z,62882.4,62988.5,62841.7,62860.9,739.226
2024-09-21T04:00:00Z,62860.9,62909.6,62781.5,62821.2,1230.923
2024-09-21T05:00:00Z,62821.2,62915.0,62712.8,62877.7,1587.089
2024-09-21T06:00:00Z,62877.7,63060.0,62852.2,62966.3,1670.272
2024-09-21T07:00:00Z,62966.3,63098.0,62933.3,63043.9,1489.328
2024-09-21T08:00:00Z,63043.9,63081.0,62974.1,62998.0,890.074
2024-09-21T09:00:00Z,62998.0,63117.8,62958.7,63094.5,923.548
2024-09-21T10:00:00Z,63094.5,63094.5,62935.6,62948.9,998.117
2024-09-21T11:00:00Z,62948.9,63082.2,62942.4,63055.6,1041.297
2024-09-21T12:00:00Z,63055.6,63142.2,63007.3,63125.1,720.461
2024-09-21T13:00:00Z,63125.1,63197.7,62984.3,63151.9,1710.985
2024-09-21T14:00:00Z,63151.9,63276.3,63090.6,63275.8,1884.065
2024-09-21T15:00:00Z,63275.8,63287.9,63020.3,63141.2,1661.416
2024-09-21T16:00:00Z,63141.2,63205.8,63052.0,63198.2,1521.237
2024-09-21T17:00:00Z,63198.2,63391.2,63153.9,63261.1,2431.913
2024-09-21T18:00:00Z,63261.1,63280.0,63191.5,63239.8,668.45
2024-09-21T19:00:00Z,63239.8,63313.7,63097.2,63175.3,1830.361
2024-09-21T20:00:00Z,63175.3,63189.0,63091.8,63110.9,529.518
2024-09-21T21:00:00Z,63110.9,63123.5,63014.5,63063.4,1112.666
2024-09-21T22:00:00Z,63063.4,63205.0,63028.2,63196.3,834.369
2024-09-21T23:00:00Z,63196.3,63544.0,63123.0,63311.5,2703.176
2024-09-22T00:00:00Z,63311.5,63421.1,63082.9,63200.1,2332.046
2024-09-22T01:00:00Z,63200.1,63283.7,62962.0,63007.3,1133.934
2024-09-22T02:00:00Z,63007.3,63100.8,62801.0,62930.1,2449.069
2024-09-22T03:00:00Z,62930.1,63173.9,62893.2,63081.6,1840.61
2024-09-22T04:00:00Z,63081.6,63186.5,63048.5,63050.1,701.028
2024-09-22T05:00:00Z,63050.1,63059.8,62870.0,62900.0,1586.192
2024-09-22T06:00:00Z,62900.0,63013.0,62757.7,62838.7,2326.638
2024-09-22T07:00:00Z,62838.7,62945.6,62838.7,62903.2,1072.034
2024-09-22T08:00:00Z,62903.2,62998.8,62860.1,62989.9,880.53
2024-09-22T09:00:00Z,62989.9,62989.9,62608.4,62666.0,4323.456
2024-09-22T10:00:00Z,62666.0,62750.0,62527.0,62629.7,2425.847
2024-09-22T11:00:00Z,62629.7,62815.5,62525.0,62747.1,3099.13
2024-09-22T12:00:00Z,62747.1,62910.1,62719.0,62758.9,1950.273
2024-09-22T13:00:00Z,62758.9,62818.0,62540.6,62567.4,2089.335
2024-09-22T14:00:00Z,62567.4,62676.3,62434.1,62648.9,3094.283
2024-09-22T15:00:00Z,62648.9,62797.0,62551.8,62628.1,1452.861
2024-09-22T16:00:00Z,62628.1,62831.7,62451.1,62750.0,2786.576
2024-09-22T17:00:00Z,62750.0,63124.7,62749.9,63034.4,3301.703
2024-09-22T18:00:00Z,63034.4,63049.6,62814.0,62939.9,1517.357
2024-09-22T19:00:00Z,62939.9,63298.4,62764.4,63140.1,2456.584
2024-09-22T20:00:00Z,63140.1,63300.0,63078.1,63185.2,3817.085
2024-09-22T21:00:00Z,63185.2,63331.8,62705.4,62761.6,2911.997
2024-09-22T22:00:00Z,62761.6,64000.0,62350.0,63853.5,16360.281
2024-09-22T23:00:00Z,63853.5,63949.3,63364.8,63549.9,6690.699
2024-09-23T00:00:00Z,63549.9,63746.9,62537.1,63548.6,12978.245
2024-09-23T01:00:00Z,63548.6,63937.7,63443.3,63794.3,5980.082
2024-09-23T02:00:00Z,63794.3,63972.5,63643.2,63904.1,2737.685
2024-09-23T03:00:00Z,63904.1,64774.2,63886.5,64330.9,15096.0
2024-09-23T04:00:00Z,64330.9,64440.0,63744.0,63873.4,6835.78
2024-09-23T05:00:00Z,63873.4,63903.3,63626.6,63721.4,3147.163
2024-09-23T06:00:00Z,63721.4,63741.0,63500.0,63635.7,2935.475
2024-09-23T07:00:00Z,63635.7,63635.7,63352.9,63515.1,3513.902
2024-09-23T08:00:00Z,63515.1,63581.3,63230.0,63455.8,5186.642
2024-09-23T09:00:00Z,63455.8,63699.7,63451.3,63605.6,3400.214
2024-09-23T10:00:00Z,63605.6,63620.0,63380.0,63466.0,2683.201
2024-09-23T11:00:00Z,63466.0,63499.0,63333.3,63396.4,2038.681
2024-09-23T12:00:00Z,63396.4,63524.0,63170.0,63277.2,3817.162
2024-09-23T13:00:00Z,63277.2,63395.0,63035.6,63156.1,6292.411
2024-09-23T14:00:00Z,63156.1,63793.3,63050.0,63368.1,13283.359
2024-09-23T15:00:00Z,63368.1,63762.2,63080.0,63592.4,7675.496
2024-09-23T16:00:00Z,63592.4,63849.7,63164.0,63196.2,8443.131
2024-09-23T17:00:00Z,63196.2,63316.0,63070.0,63284.6,3689.122
2024-09-23T18:00:00Z,63284.6,63542.5,63245.6,63400.1,2792.599
2024-09-23T19:00:00Z,63400.1,63465.3,63223.2,63272.1,2143.542
2024-09-23T20:00:00Z,63272.1,63433.7,63228.3,63291.9,1683.694
2024-09-23T21:00:00Z,63291.9,63510.4,63060.0,63354.4,5479.357
2024-09-23T22:00:00Z,63354.4,63354.4,63148.2,63202.0,1379.946
2024-09-23T23:00:00Z,63202.0,63389.9,63160.0,63305.9,1400.041
2024-09-24T00:00:00Z,63305.9,63383.5,62751.1,62888.7,7961.029
2024-09-24T01:00:00Z,62888.7,63246.1,62772.0,62910.3,4126.893
2024-09-24T02:00:00Z,62910.3,63122.3,62634.0,63101.3,4560.927
2024-09-24T03:00:00Z,63101.3,63162.2,62898.3,63100.0,1755.856
2024-09-24T04:00:00Z,63100.0,63110.9,62907.0,63046.9,1166.418
2024-09-24T05:00:00Z,63046.9,63206.5,63029.3,63200.1,1575.506
2024-09-24T06:00:00Z,63200.1,63383.8,63200.0,63279.5,2579.379
2024-09-24T07:00:00Z,63279.5,63548.1,63271.1,63528.0,3446.808
2024-09-24T08:00:00Z,63528.0,63935.0,63511.4,63824.0,7380.407
2024-09-24T09:00:00Z,63824.0,63873.7,63449.5,63502.3,4587.535
2024-09-24T10:00:00Z,63502.3,63700.0,63490.1,63498.4,2382.234
2024-09-24T11:00:00Z,63498.4,63585.6,63335.4,63448.1,2980.1
2024-09-24T12:00:00Z,63448.1,63648.7,63383.0,63424.8,2267.716
2024-09-24T13:00:00Z,63424.8,63749.6,63381.4,63494.6,4462.176
2024-09-24T14:00:00Z,63494.6,63537.0,62666.0,63158.1,18663.658
2024-09-24T15:00:00Z,63158.1,63340.0,62949.0,63123.4,5766.228
2024-09-24T16:00:00Z,63123.4,63339.2,63056.7,63215.5,2924.151
2024-09-24T17:00:00Z,63215.5,63987.3,63200.0,63743.1,8602.297
2024-09-24T18:00:00Z,63743.1,63871.9,63511.8,63700.0,4114.558
2024-09-24T19:00:00Z,63700.0,64349.0,63653.4,64266.6,8009.235
2024-09-24T20:00:00Z,64266.6,64668.4,64056.1,64196.9,9074.063
2024-09-24T21:00:00Z,64196.9,64269.8,63938.6,64008.0,3075.531
2024-09-24T22:00:00Z,64008.0,64749.9,64008.0,64577.6,7452.958
2024-09-24T23:00:00Z,64577.6,64620.0,64208.8,64248.6,3201.549
2024-09-25T00:00:00Z,64248.6,64463.3,63957.8,64115.0,5172.816
2024-09-25T01:00:00Z,64115.0,64876.5,64076.5,64382.0,7349.108
2024-09-25T02:00:00Z,64382.0,64566.4,64273.6,64407.9,1810.77
2024-09-25T03:00:00Z,64407.9,64460.1,64200.0,64445.9,2291.344
2024-09-25T04:00:00Z,64445.9,64451.9,64150.0,64150.0,1651.967
2024-09-25T05:00:00Z,64150.0,64263.2,64115.8,64150.1,1385.509
2024-09-25T06:00:00Z,64150.1,64150.1,63689.9,63772.9,5745.982
2024-09-25T07:00:00Z,63772.9,63830.0,63557.4,63803.5,4092.499
2024-09-25T08:00:00Z,63803.5,63906.6,63719.9,63791.8,2287.846
2024-09-25T09:00:00Z,63791.8,63842.1,63561.2,63577.5,2518.563
2024-09-25T10:00:00Z,63577.5,63716.7,63377.4,63600.0,4643.884
2024-09-25T11:00:00Z,63600.0,63862.5,63464.0,63813.2,3466.315
2024-09-25T12:00:00Z,63813.2,63821.0,63557.8,63568.4,2306.393
2024-09-25T13:00:00Z,63568.4,63771.4,63245.7,63741.6,8078.716
2024-09-25T14:00:00Z,63741.6,63955.0,63616.0,63921.9,5089.429
2024-09-25T15:00:00Z,63921.9,63992.4,63400.6,63466.7,5387.003
2024-09-25T16:00:00Z,63466.7,63650.0,63428.4,63437.6,2576.369
2024-09-25T17:00:00Z,63437.6,63538.2,62957.6,63150.2,7471.67
2024-09-25T18:00:00Z,63150.2,63400.1,63106.3,63344.2,3817.438
2024-09-25T19:00:00Z,63344.2,63475.8,63118.2,63172.4,2973.251
2024-09-25T20:00:00Z,63172.4,63523.7,63164.1,63493.3,1929.329
2024-09-25T21:00:00Z,63493.3,63550.0,63379.2,63419.9,1254.782
2024-09-25T22:00:00Z,63419.9,63494.8,63021.3,63258.0,3984.737
2024-09-25T23:00:00Z,63258.0,63261.1,62900.0,63130.1,3692.581
2024-09-26T00:00:00Z,63130.1,63269.0,62827.7,62932.5,3682.453
2024-09-26T01:00:00Z,62932.5,63136.3,62650.0,63136.3,5154.217
2024-09-26T02:00:00Z,63136.3,63374.7,63080.0,63334.6,2435.508
2024-09-26T03:00:00Z,63334.6,63535.5,63270.0,63486.1,3239.996
2024-09-26T04:00:00Z,63486.1,63508.1,63312.2,63400.0,1631.023
2024-09-26T05:00:00Z,63400.0,63709.7,63334.0,63569.1,3830.443
2024-09-26T06:00:00Z,63569.1,63771.1,63556.7,63694.2,2871.75
2024-09-26T07:00:00Z,63694.2,63848.0,63635.0,63828.3,2513.156
2024-09-26T08:00:00Z,63828.3,63875.4,63665.2,63687.9,2161.005
2024-09-26T09:00:00Z,63687.9,63944.0,63552.8,63768.1,3796.222
2024-09-26T10:00:00Z,63768.1,64440.3,63740.0,64373.9,8735.62
2024-09-26T11:00:00Z,64373.9,64497.2,64258.5,64375.0,5902.395
2024-09-26T12:00:00Z,64375.0,64725.7,64301.8,64462.0,7999.908
2024-09-26T13:00:00Z,64462.0,64539.9,64131.0,64418.4,6784.471
2024-09-26T14:00:00Z,64418.4,65220.0,64340.1,64392.8,24080.349
2024-09-26T15:00:00Z,64392.8,65600.0,64240.7,65197.8,21578.393
2024-09-26T16:00:00Z,65197.8,65558.0,65070.0,65309.7,6502.741
2024-09-26T17:00:00Z,65309.7,65850.0,65082.7,65097.0,9073.721
2024-09-26T18:00:00Z,65097.0,65282.0,64919.1,65257.8,5207.932
2024-09-26T19:00:00Z,65257.8,65277.0,64650.2,64668.6,5336.3
2024-09-26T20:00:00Z,64668.6,64843.2,64600.0,64620.3,5079.734
2024-09-26T21:00:00Z,64620.3,65197.1,64588.0,65018.4,4561.691
2024-09-26T22:00:00Z,65018.4,65239.1,64936.9,65070.1,3735.491
2024-09-26T23:00:00Z,65070.1,65152.7,64675.3,65145.8,3829.794
2024-09-27T00:00:00Z,65145.8,65323.6,64969.4,65211.7,2972.301
2024-09-27T01:00:00Z,65211.7,65350.0,64983.6,65090.9,2619.173
2024-09-27T02:00:00Z,65090.9,65182.0,64792.9,64849.9,2435.768
2024-09-27T03:00:00Z,64849.9,65421.1,64789.0,65327.5,4168.654
2024-09-27T04:00:00Z,65327.5,65450.0,65235.7,65277.9,2702.836
2024-09-27T05:00:00Z,65277.9,65354.8,65063.0,65331.9,2453.5
2024-09-27T06:00:00Z,65331.9,65500.0,65179.7,65318.2,6725.082
2024-09-27T07:00:00Z,65318.2,65535.0,65231.2,65450.0,2415.355
2024-09-27T08:00:00Z,65450.0,65786.1,65393.0,65712.7,6255.492
2024-09-27T09:00:00Z,65712.7,65980.0,65631.6,65729.2,7187.917
2024-09-27T10:00:00Z,65729.2,65760.5,65452.6,65452.9,5189.651
2024-09-27T11:00:00Z,65452.9,65584.3,65311.0,65417.5,3029.584
2024-09-27T12:00:00Z,65417.5,65854.8,65284.0,65706.4,6320.176
2024-09-27T13:00:00Z,65706.4,65767.1,65324.6,65651.7,5325.055
2024-09-27T14:00:00Z,65651.7,66520.0,65535.4,66210.1,24171.821
2024-09-27T15:00:00Z,66210.1,66400.0,65951.4,65953.6,6171.771
2024-09-27T16:00:00Z,65953.6,66343.3,65846.0,66279.0,7301.132
2024-09-27T17:00:00Z,66279.0,66322.1,65663.4,65882.8,7830.632
2024-09-27T18:00:00Z,65882.8,65900.0,65483.6,65843.1,4363.443
2024-09-27T19:00:00Z,65843.1,65941.9,65579.8,65608.9,2716.452
2024-09-27T20:00:00Z,65608.9,65896.0,65581.8,65760.1,2198.581
2024-09-27T21:00:00Z,65760.1,65866.6,65712.5,65791.3,1399.415
2024-09-27T22:00:00Z,65791.3,65945.9,65734.1,65842.5,1475.908
2024-09-27T23:00:00Z,65842.5,65887.7,65648.6,65746.5,1196.965
2024-09-28T00:00:00Z,65746.5,65873.0,65688.3,65870.2,1058.438
2024-09-28T01:00:00Z,65870.2,65990.0,65758.3,65972.3,1689.976
2024-09-28T02:00:00Z,65972.3,66185.0,65882.2,66149.0,2817.735
2024-09-28T03:00:00Z,66149.0,66319.9,65961.1,66049.8,2277.483
2024-09-28T04:00:00Z,66049.8,66070.4,65946.2,65988.7,740.575
2024-09-28T05:00:00Z,65988.7,66000.0,65885.4,65930.1,1194.599
2024-09-28T06:00:00Z,65930.1,65935.5,65710.0,65777.0,1845.814
2024-09-28T07:00:00Z,65777.0,65870.0,65731.3,65788.8,1060.24
2024-09-28T08:00:00Z,65788.8,65788.9,65556.0,65611.1,3617.443
2024-09-28T09:00:00Z,65611.1,65613.9,65423.7,65598.9,2722.278
2024-09-28T10:00:00Z,65598.9,65749.7,65539.9,65732.0,1589.281
2024-09-28T11:00:00Z,65732.0,65786.4,65664.6,65766.9,1019.435
2024-09-28T12:00:00Z,65766.9,65767.0,65400.6,65529.2,2829.829
2024-09-28T13:00:00Z,65529.2,65580.6,65394.5,65504.4,1582.771
2024-09-28T14:00:00Z,65504.4,65785.0,65504.4,65691.5,1953.019
2024-09-28T15:00:00Z,65691.5,65691.5,65591.0,65596.3,1037.181
2024-09-28T16:00:00Z,65596.3,65644.9,65466.1,65489.2,1030.036
2024-09-28T17:00:00Z,65489.2,65702.0,65479.5,65609.3,665.738
2024-09-28T18:00:00Z,65609.3,65798.7,65609.2,65669.8,1003.264
2024-09-28T19:00:00Z,65669.8,65745.0,65656.9,65698.4,558.771
2024-09-28T20:00:00Z,65698.4,65749.9,65590.0,65616.9,869.771
2024-09-28T21:00:00Z,65616.9,65680.0,65310.0,65672.7,2504.517
2024-09-28T22:00:00Z,65672.7,65756.1,65547.2,65656.7,1029.624
2024-09-28T23:00:00Z,65656.7,65968.4,65586.4,65823.0,2046.702
2024-09-29T00:00:00Z,65823.0,65970.0,65624.5,65662.4,2251.32
2024-09-29T01:00:00Z,65662.4,65866.6,65636.3,65848.2,762.547
2024-09-29T02:00:00Z,65848.2,65913.7,65791.6,65795.9,958.599
2024-09-29T03:00:00Z,65795.9,65804.2,65707.8,65790.0,541.597
2024-09-29T04:00:00Z,65790.0,65790.1,65660.6,65721.5,608.718
2024-09-29T05:00:00Z,65721.5,65738.9,65488.5,65571.4,1518.101
2024-09-29T06:00:00Z,65571.4,65605.6,65467.0,65482.9,1208.294
2024-09-29T07:00:00Z,65482.9,65543.1,65370.5,65439.6,1841.515
2024-09-29T08:00:00Z,65439.6,65569.6,65404.0,65532.0,1418.444
2024-09-29T09:00:00Z,65532.0,65642.6,65531.9,65564.1,1102.435
2024-09-29T10:00:00Z,65564.1,65564.8,65434.0,65550.0,993.66
2024-09-29T11:00:00Z,65550.0,65733.0,65536.8,65682.0,1673.669
2024-09-29T12:00:00Z,65682.0,65746.0,65605.0,65610.0,1604.788
2024-09-29T13:00:00Z,65610.0,65843.8,65556.4,65800.0,2450.409
2024-09-29T14:00:00Z,65800.0,65807.5,65638.7,65670.7,1109.809
2024-09-29T15:00:00Z,65670.7,65796.2,65563.9,65731.0,2265.755
2024-09-29T16:00:00Z,65731.0,65781.6,65633.0,65752.0,934.941
2024-09-29T17:00:00Z,65752.0,65910.0,65752.0,65803.5,2160.055
2024-09-29T18:00:00Z,65803.5,65844.2,65724.6,65770.3,638.432
2024-09-29T19:00:00Z,65770.3,65952.7,65761.8,65935.9,944.411
2024-09-29T20:00:00Z,65935.9,66174.5,65773.0,65790.7,3959.141
2024-09-29T21:00:00Z,65790.7,65970.5,65760.6,65851.1,1147.174
2024-09-29T22:00:00Z,65851.1,65935.9,65529.0,65651.6,3059.346
2024-09-29T23:00:00Z,65651.6,65707.8,65496.4,65571.7,2027.876
2024-09-30T00:00:00Z,65571.7,65604.8,65065.0,65446.1,6503.902
2024-09-30T01:00:00Z,65446.1,65537.5,64700.0,64744.8,8504.933
2024-09-30T02:00:00Z,64744.8,64794.3,64310.9,64347.3,10530.266
2024-09-30T03:00:00Z,64347.3,64550.7,64170.0,64535.8,7774.364
2024-09-30T04:00:00Z,64535.8,64535.8,64300.0,64412.2,2758.943
2024-09-30T05:00:00Z,64412.2,64514.0,64357.2,64501.7,1719.273
2024-09-30T06:00:00Z,64501.7,64689.0,64303.1,64315.6,3726.286
2024-09-30T07:00:00Z,64315.6,64672.7,64309.0,64543.8,3723.172
2024-09-30T08:00:00Z,64543.8,64556.9,64020.0,64297.9,8592.36
2024-09-30T09:00:00Z,64297.9,64298.0,63500.8,63504.5,13122.997
2024-09-30T10:00:00Z,63504.5,63651.3,63225.1,63616.3,13295.317
2024-09-30T11:00:00Z,63616.3,63847.0,63479.7,63793.8,5110.333
2024-09-30T12:00:00Z,63793.8,64174.9,63733.3,64025.2,6490.678
2024-09-30T13:00:00Z,64025.2,64145.0,63802.1,63850.1,6201.709
2024-09-30T14:00:00Z,63850.1,64003.4,63436.0,63722.5,9438.081
2024-09-30T15:00:00Z,63722.5,63969.9,63496.1,63535.7,5192.406
2024-09-30T16:00:00Z,63535.7,63730.5,63407.6,63465.7,4228.411
2024-09-30T17:00:00Z,63465.7,63689.6,63350.0,63667.1,3756.243
2024-09-30T18:00:00Z,63667.1,63710.8,63018.4,63296.3,12296.932
2024-09-30T19:00:00Z,63296.3,63596.9,63238.4,63462.7,4479.051
2024-09-30T20:00:00Z,63462.7,63872.9,63414.5,63781.7,5234.351
2024-09-30T21:00:00Z,63781.7,63811.2,63600.0,63675.6,1466.138
2024-09-30T22:00:00Z,63675.6,63747.0,63455.0,63458.7,2033.492
2024-09-30T23:00:00Z,63458.7,63592.0,62800.0,63276.8,10425.273
2024-10-01T00:00:00Z,63276.8,63593.7,62929.9,63499.9,9664.461
2024-10-01T01:00:00Z,63499.9,63611.0,63368.8,63425.0,3499.512
2024-10-01T02:00:00Z,63425.0,63426.1,63132.4,63411.7,3215.781
2024-10-01T03:00:00Z,63411.7,63721.1,63400.0,63686.3,3069.143
2024-10-01T04:00:00Z,63686.3,63832.2,63609.6,63823.9,2604.494
2024-10-01T05:00:00Z,63823.9,63878.7,63619.2,63728.0,2139.008
2024-10-01T06:00:00Z,63728.0,64072.5,63718.4,63999.9,4442.798
2024-10-01T07:00:00Z,63999.9,64096.6,63881.5,64018.0,3087.524
2024-10-01T08:00:00Z,64018.0,64066.3,63788.8,63909.2,2923.084
2024-10-01T09:00:00Z,63909.2,64086.9,63823.1,63823.2,2316.561
2024-10-01T10:00:00Z,63823.2,63910.0,63690.0,63884.1,2922.85
2024-10-01T11:00:00Z,63884.1,63959.6,63684.0,63704.7,2106.624
2024-10-01T12:00:00Z,63704.7,63780.0,63555.0,63644.8,3137.837
2024-10-01T13:00:00Z,63644.8,63666.0,62446.4,62834.8,24281.826
2024-10-01T14:00:00Z,62834.8,63068.0,62400.0,62566.2,22815.004
2024-10-01T15:00:00Z,62566.2,62798.6,61750.0,62602.6,35582.928
2024-10-01T16:00:00Z,62602.6,62776.6,61852.9,62436.1,22278.195
2024-10-01T17:00:00Z,62436.1,62436.1,61021.4,62143.1,34033.112
2024-10-01T18:00:00Z,62143.1,62439.0,61837.4,61978.7,11409.867
2024-10-01T19:00:00Z,61978.7,62094.1,61590.7,61740.8,9499.851
2024-10-01T20:00:00Z,61740.8,61754.9,60118.9,60788.4,30836.371
2024-10-01T21:00:00Z,60788.4,61211.9,60639.8,61131.3,7130.517
2024-10-01T22:00:00Z,61131.3,61131.3,60603.0,60747.6,5530.029
2024-10-01T23:00:00Z,60747.6,61014.0,60625.7,60790.0,3718.816
2024-10-02T00:00:00Z,60790.0,61182.1,60710.0,61019.1,4966.093
2024-10-02T01:00:00Z,61019.1,61519.7,60969.7,61497.3,4338.779
2024-10-02T02:00:00Z,61497.3,61807.8,61410.5,61760.2,3896.607
2024-10-02T03:00:00Z,61760.2,61859.8,61640.0,61726.7,3459.013
2024-10-02T04:00:00Z,61726.7,61726.7,61420.0,61472.9,3917.177
2024-10-02T05:00:00Z,61472.9,61587.8,61327.0,61463.7,3027.256
2024-10-02T06:00:00Z,61463.7,61750.0,61330.0,61666.1,4189.064
2024-10-02T07:00:00Z,61666.1,61921.7,61550.0,61704.0,3876.682
2024-10-02T08:00:00Z,61704.0,61885.5,61580.4,61767.9,2987.434
2024-10-02T09:00:00Z,61767.9,61784.0,61100.9,61250.2,6244.73
2024-10-02T10:00:00Z,61250.2,61538.2,61120.3,61163.6,5709.936
2024-10-02T11:00:00Z,61163.6,61356.1,60840.0,61137.1,8018.083
2024-10-02T12:00:00Z,61137.1,61194.8,60650.3,60770.1,9027.838
2024-10-02T13:00:00Z,60770.1,61436.2,60502.8,61315.3,13282.209
2024-10-02T14:00:00Z,61315.3,61651.7,61040.0,61040.1,12575.959
2024-10-02T15:00:00Z,61040.1,61896.9,61012.0,61843.3,8415.053
2024-10-02T16:00:00Z,61843.3,62416.3,61747.2,61770.9,11406.848
2024-10-02T17:00:00Z,61770.9,61816.3,61172.0,61606.3,8360.411
2024-10-02T18:00:00Z,61606.3,61667.3,60720.0,60726.8,11216.875
2024-10-02T19:00:00Z,60726.8,60894.4,59952.9,60169.5,22952.655
2024-10-02T20:00:00Z,60169.5,60978.3,60100.1,60890.0,12163.618
2024-10-02T21:00:00Z,60890.0,60930.0,60622.2,60812.0,3790.548
2024-10-02T22:00:00Z,60812.0,60837.0,60364.1,60831.0,4446.902
2024-10-02T23:00:00Z,60831.0,60845.3,60590.6,60617.5,2314.886
2024-10-03T00:00:00Z,60617.5,61082.9,60506.7,60962.3,6591.228
2024-10-03T01:00:00Z,60962.3,61163.1,60885.2,61003.8,3790.64
2024-10-03T02:00:00Z,61003.8,61250.0,60955.2,61158.0,2671.337
2024-10-03T03:00:00Z,61158.0,61450.1,61060.0,61441.6,3795.795
2024-10-03T04:00:00Z,61441.6,61460.0,61258.0,61307.3,2402.296
2024-10-03T05:00:00Z,61307.3,61339.8,61081.6,61154.3,3496.271
2024-10-03T06:00:00Z,61154.3,61388.0,61076.6,61307.7,2151.111
2024-10-03T07:00:00Z,61307.7,61398.0,60770.9,60895.4,5208.742
2024-10-03T08:00:00Z,60895.4,60957.5,60118.1,60332.1,14442.839
2024-10-03T09:00:00Z,60332.1,60736.8,60092.0,60688.4,6252.969
2024-10-03T10:00:00Z,60688.4,61037.0,60616.6,61006.8,3804.365
2024-10-03T11:00:00Z,61006.8,61048.5,60569.8,60740.6,5455.447
2024-10-03T12:00:00Z,60740.6,60748.3,60333.0,60435.9,7156.922
2024-10-03T13:00:00Z,60435.9,60582.7,59840.2,60354.9,21033.452
2024-10-03T14:00:00Z,60354.9,60875.9,60135.0,60147.6,19233.73
2024-10-03T15:00:00Z,60147.6,60666.0,60010.0,60614.2,9728.96
2024-10-03T16:00:00Z,60614.2,60753.0,60051.0,60142.9,10100.34
2024-10-03T17:00:00Z,60142.9,60710.0,59893.1,60614.3,10896.89
2024-10-03T18:00:00Z,60614.3,60846.7,60513.0,60700.9,3912.726
2024-10-03T19:00:00Z,60700.9,61056.1,60503.3,61009.1,5699.31
2024-10-03T20:00:00Z,61009.1,61095.0,60596.3,60757.3,3899.793
2024-10-03T21:00:00Z,60757.3,60939.8,60575.8,60787.7,2523.125
2024-10-03T22:00:00Z,60787.7,60966.0,60689.2,60871.9,1552.513
2024-10-03T23:00:00Z,60871.9,60960.9,60671.3,60725.9,1513.891
2024-10-04T00:00:00Z,60725.9,60786.0,60414.0,60474.1,3979.351
2024-10-04T01:00:00Z,60474.1,61230.0,60450.0,61191.7,5532.609
2024-10-04T02:00:00Z,61191.7,61249.9,60892.4,61000.1,4083.855
2024-10-04T03:00:00Z,61000.1,61035.8,60851.7,60920.9,1456.358
2024-10-04T04:00:00Z,60920.9,61183.6,60900.2,60972.8,2328.322
2024-10-04T05:00:00Z,60972.8,61214.1,60949.5,61199.9,1737.3
2024-10-04T06:00:00Z,61199.9,61329.8,61064.5,61085.0,2921.367
2024-10-04T07:00:00Z,61085.0,61493.8,61026.7,61412.0,4465.726
2024-10-04T08:00:00Z,61412.0,61649.7,61305.6,61415.0,5125.502
2024-10-04T09:00:00Z,61415.0,61567.6,61271.3,61309.6,4350.227
2024-10-04T10:00:00Z,61309.6,61420.5,61230.2,61257.0,2178.909
2024-10-04T11:00:00Z,61257.0,61460.0,61249.6,61428.8,2009.916
2024-10-04T12:00:00Z,61428.8,61916.3,61100.0,61900.6,14528.838
2024-10-04T13:00:00Z,61900.6,61988.0,61455.6,61548.7,11254.06
2024-10-04T14:00:00Z,61548.7,61555.0,60753.9,61210.5,18150.04
2024-10-04T15:00:00Z,61210.5,61853.0,61200.0,61851.4,10175.173
2024-10-04T16:00:00Z,61851.4,62285.1,61602.8,62218.1,10012.368
2024-10-04T17:00:00Z,62218.1,62325.4,61786.4,61953.4,6319.629
2024-10-04T18:00:00Z,61953.4,62349.9,61877.7,62319.9,3941.274
2024-10-04T19:00:00Z,62319.9,62452.9,62174.3,62331.1,6988.61
2024-10-04T20:00:00Z,62331.1,62469.0,62130.7,62382.6,4004.802
2024-10-04T21:00:00Z,62382.6,62429.8,62227.6,62239.5,1382.358
2024-10-04T22:00:00Z,62239.5,62326.4,62164.3,62187.5,1646.903
2024-10-04T23:00:00Z,62187.5,62187.5,61948.0,62063.9,2236.475
2024-10-05T00:00:00Z,62063.9,62168.6,62012.0,62144.2,1450.718
2024-10-05T01:00:00Z,62144.2,62175.9,61963.0,62049.9,1457.612
2024-10-05T02:00:00Z,62049.9,62050.0,61755.1,61779.3,1972.781
2024-10-05T03:00:00Z,61779.3,61940.0,61650.0,61845.9,2714.465
2024-10-05T04:00:00Z,61845.9,61997.3,61798.0,61916.1,1167.549
2024-10-05T05:00:00Z,61916.1,62133.3,61910.8,62109.6,1319.943
2024-10-05T06:00:00Z,62109.6,62229.4,62037.3,62197.7,1364.621
2024-10-05T07:00:00Z,62197.7,62249.8,62042.1,62042.2,1188.284
2024-10-05T08:00:00Z,62042.2,62171.7,62042.1,62130.2,913.524
2024-10-05T09:00:00Z,62130.2,62300.0,62111.5,62221.5,1758.156
2024-10-05T10:00:00Z,62221.5,62254.2,62170.5,62186.6,977.346
2024-10-05T11:00:00Z,62186.6,62210.8,62130.4,62153.5,704.52
2024-10-05T12:00:00Z,62153.5,62288.5,62153.5,62287.9,813.343
2024-10-05T13:00:00Z,62287.9,62365.9,62077.4,62125.4,2936.57
2024-10-05T14:00:00Z,62125.4,62212.0,62074.1,62163.2,1016.111
2024-10-05T15:00:00Z,62163.2,62199.1,62086.0,62135.8,699.97
2024-10-05T16:00:00Z,62135.8,62159.8,61935.4,61936.0,1981.041
2024-10-05T17:00:00Z,61936.0,62013.8,61881.0,61988.6,1840.702
2024-10-05T18:00:00Z,61988.6,62030.0,61819.4,61841.9,1929.022
2024-10-05T19:00:00Z,61841.9,61897.5,61758.3,61834.8,2200.401
2024-10-05T20:00:00Z,61834.8,61834.9,61699.1,61706.0,1849.987
2024-10-05T21:00:00Z,61706.0,61919.4,61677.5,61837.0,1412.174
2024-10-05T22:00:00Z,61837.0,62074.4,61829.4,62018.5,1652.011
2024-10-05T23:00:00Z,62018.5,62086.7,61953.4,62035.0,623.97
2024-10-06T00:00:00Z,62035.0,62075.3,61866.9,61906.8,1048.837
2024-10-06T01:00:00Z,61906.8,62125.7,61900.0,62059.2,1377.622
2024-10-06T02:00:00Z,62059.2,62093.3,61916.3,61938.2,808.472
2024-10-06T03:00:00Z,61938.2,61999.4,61848.1,61856.0,734.737
2024-10-06T04:00:00Z,61856.0,61942.0,61791.3,61854.3,981.923
2024-10-06T05:00:00Z,61854.3,61954.3,61818.1,61918.6,890.1
2024-10-06T06:00:00Z,61918.6,61992.0,61865.9,61939.8,671.903
2024-10-06T07:00:00Z,61939.8,61983.6,61916.3,61925.6,443.866
2024-10-06T08:00:00Z,61925.6,62057.8,61900.0,61970.0,1221.042
2024-10-06T09:00:00Z,61970.0,62144.3,61954.2,62043.9,1421.027
2024-10-06T10:00:00Z,62043.9,62057.1,61984.1,61996.2,556.796
2024-10-06T11:00:00Z,61996.2,62122.4,61977.5,62074.1,954.804
2024-10-06T12:00:00Z,62074.1,62206.8,62034.1,62192.9,1428.449
2024-10-06T13:00:00Z,62192.9,62326.0,62192.9,62221.4,3124.305
2024-10-06T14:00:00Z,62221.4,62756.4,62161.0,62682.0,7095.816
2024-10-06T15:00:00Z,62682.0,62751.1,62402.9,62683.7,4293.937
2024-10-06T16:00:00Z,62683.7,62900.0,62564.2,62565.8,5082.002
2024-10-06T17:00:00Z,62565.8,62737.7,62512.0,62550.0,1967.273
2024-10-06T18:00:00Z,62550.0,62738.9,62550.0,62694.0,1086.574
2024-10-06T19:00:00Z,62694.0,62973.3,62536.3,62597.2,4287.673
2024-10-06T20:00:00Z,62597.2,62722.0,62550.0,62581.5,1557.341
2024-10-06T21:00:00Z,62581.5,62626.2,62253.8,62270.1,3480.851
2024-10-06T22:00:00Z,62270.1,62600.0,62270.1,62588.1,1537.595
2024-10-06T23:00:00Z,62588.1,62890.0,62588.0,62792.9,3584.136
2024-10-07T00:00:00Z,62792.9,63688.1,62624.3,63648.0,12463.961
2024-10-07T01:00:00Z,63648.0,63949.0,63632.4,63799.6,7801.815
2024-10-07T02:00:00Z,63799.6,63929.8,63570.2,63615.1,3131.482
2024-10-07T03:00:00Z,63615.1,63742.1,63309.7,63499.4,3921.079
2024-10-07T04:00:00Z,63499.4,63638.9,63418.5,63440.5,1913.586
2024-10-07T05:00:00Z,63440.5,63598.4,63330.0,63352.5,2147.534
2024-10-07T06:00:00Z,63352.5,63695.6,63260.7,63672.5,3202.572
2024-10-07T07:00:00Z,63672.5,63680.2,63411.0,63502.0,2094.172
2024-10-07T08:00:00Z,63502.0,63680.0,63481.3,63520.9,2042.787
2024-10-07T09:00:00Z,63520.9,63521.0,63047.0,63185.0,6719.785
2024-10-07T10:00:00Z,63185.0,63195.0,62854.8,62873.0,5411.496
2024-10-07T11:00:00Z,62873.0,63167.1,62633.0,63115.4,8175.752
2024-10-07T12:00:00Z,63115.4,63115.5,62800.6,62858.6,3560.283
2024-10-07T13:00:00Z,62858.6,63541.8,62788.0,63426.0,9034.506
2024-10-07T14:00:00Z,63426.0,64464.0,63426.0,63971.2,21971.534
2024-10-07T15:00:00Z,63971.2,63983.6,63509.0,63622.5,10338.764
2024-10-07T16:00:00Z,63622.5,63857.1,63403.0,63802.2,4689.734
2024-10-07T17:00:00Z,63802.2,63897.6,63503.4,63808.6,3576.848
2024-10-07T18:00:00Z,63808.6,63808.6,62688.0,62823.1,11875.717
2024-10-07T19:00:00Z,62823.1,63437.1,62823.1,63344.0,6537.32
2024-10-07T20:00:00Z,63344.0,63375.7,62950.3,62995.2,2909.715
2024-10-07T21:00:00Z,62995.2,63344.7,62969.2,63344.7,2778.291
2024-10-07T22:00:00Z,63344.7,63344.7,62388.0,62420.1,8399.283
2024-10-07T23:00:00Z,62420.1,62637.1,62055.0,62191.2,10662.127
2024-10-08T00:00:00Z,62191.2,62567.6,62108.5,62518.7,4401.789
2024-10-08T01:00:00Z,62518.7,62690.0,62281.6,62597.9,3165.834
2024-10-08T02:00:00Z,62597.9,62760.0,62387.5,62749.9,3194.745
2024-10-08T03:00:00Z,62749.9,62790.6,62527.8,62603.6,2014.743
2024-10-08T04:00:00Z,62603.6,62750.0,62495.5,62657.3,2266.333
2024-10-08T05:00:00Z,62657.3,62703.3,62237.1,62478.6,4724.829
2024-10-08T06:00:00Z,62478.6,62490.0,62150.0,62477.5,4198.569
2024-10-08T07:00:00Z,62477.5,62477.5,61944.2,62284.4,5711.027
2024-10-08T08:00:00Z,62284.4,62412.6,62155.0,62385.2,2263.453
2024-10-08T09:00:00Z,62385.2,62573.5,62251.9,62506.5,2838.22
2024-10-08T10:00:00Z,62506.5,62567.2,62375.1,62496.4,2162.68
2024-10-08T11:00:00Z,62496.4,62649.6,62439.4,62600.0,1876.164
2024-10-08T12:00:00Z,62600.0,62649.6,62374.4,62415.7,2619.407
2024-10-08T13:00:00Z,62415.7,63039.8,62276.9,63001.1,9890.683
2024-10-08T14:00:00Z,63001.1,63189.7,62128.0,62746.0,17392.614
2024-10-08T15:00:00Z,62746.0,62801.0,61803.4,62255.0,14581.835
2024-10-08T16:00:00Z,62255.0,62595.1,62001.9,62544.7,7389.681
2024-10-08T17:00:00Z,62544.7,62546.3,62032.0,62361.6,4944.545
2024-10-08T18:00:00Z,62361.6,62492.8,61885.4,62079.2,5037.506
2024-10-08T19:00:00Z,62079.2,62330.6,61836.0,62219.5,6032.681
2024-10-08T20:00:00Z,62219.5,62380.0,62116.2,62361.7,2445.095
2024-10-08T21:00:00Z,62361.7,62543.6,62290.3,62407.9,1677.573
2024-10-08T22:00:00Z,62407.9,62428.0,62123.1,62151.1,1850.779
2024-10-08T23:00:00Z,62151.1,62241.9,61985.8,62120.7,2182.115
2024-10-09T00:00:00Z,62120.7,62231.9,61952.7,62125.6,2985.586
2024-10-09T01:00:00Z,62125.6,62481.0,62066.6,62381.1,3729.215
2024-10-09T02:00:00Z,62381.1,62398.4,62228.6,62236.4,1029.46
2024-10-09T03:00:00Z,62236.4,62432.0,62114.6,62365.2,1599.787
2024-10-09T04:00:00Z,62365.2,62410.0,62276.0,62321.9,1034.539
2024-10-09T05:00:00Z,62321.9,62525.0,62321.8,62506.9,1973.042
2024-10-09T06:00:00Z,62506.9,62522.6,62350.0,62412.0,1225.697
2024-10-09T07:00:00Z,62412.0,62412.0,62161.3,62245.0,2037.729
2024-10-09T08:00:00Z,62245.0,62263.7,62020.6,62123.0,2410.991
2024-10-09T09:00:00Z,62123.0,62248.1,62068.5,62234.3,1401.076
2024-10-09T10:00:00Z,62234.3,62234.3,62025.1,62120.9,1632.771
2024-10-09T11:00:00Z,62120.9,62193.9,62071.6,62173.8,1016.976
2024-10-09T12:00:00Z,62173.8,62198.7,61732.5,61952.0,8294.159
2024-10-09T13:00:00Z,61952.0,62024.0,61725.7,61774.0,8310.687
2024-10-09T14:00:00Z,61774.0,62010.8,61620.0,61849.9,8815.213
2024-10-09T15:00:00Z,61849.9,62390.0,61760.0,62289.9,9283.223
2024-10-09T16:00:00Z,62289.9,62321.3,61659.0,61780.2,9664.418
2024-10-09T17:00:00Z,61780.2,61876.3,61637.3,61725.4,3286.305
2024-10-09T18:00:00Z,61725.4,61796.2,61111.1,61159.9,11477.398
2024-10-09T19:00:00Z,61159.9,61190.0,60800.0,61007.9,11341.1
2024-10-09T20:00:00Z,61007.9,61101.0,60266.0,60391.9,13236.67
2024-10-09T21:00:00Z,60391.9,60936.6,60333.1,60868.7,5335.635
2024-10-09T22:00:00Z,60868.7,60884.8,60668.3,60764.3,2240.667
2024-10-09T23:00:00Z,60764.3,60805.3,60575.0,60607.7,2326.039
2024-10-10T00:00:00Z,60607.7,60660.0,60339.0,60419.9,4284.177
2024-10-10T01:00:00Z,60419.9,60835.7,60407.5,60779.4,3757.668
2024-10-10T02:00:00Z,60779.4,60920.0,60680.0,60855.1,2436.421
2024-10-10T03:00:00Z,60855.1,60942.5,60797.9,60849.0,1617.951
2024-10-10T04:00:00Z,60849.0,60925.8,60790.0,60833.1,1736.033
2024-10-10T05:00:00Z,60833.1,61023.0,60800.4,60904.2,2296.023
2024-10-10T06:00:00Z,60904.2,61144.4,60863.1,61118.1,2945.665
2024-10-10T07:00:00Z,61118.1,61125.8,60865.0,60866.0,2048.759
2024-10-10T08:00:00Z,60866.0,61059.1,60745.3,60787.5,4057.621
2024-10-10T09:00:00Z,60787.5,60954.9,60591.0,60901.1,3887.065
2024-10-10T10:00:00Z,60901.1,61189.2,60901.0,61043.4,3447.301
2024-10-10T11:00:00Z,61043.4,61286.4,61017.4,61232.2,4438.762
2024-10-10T12:00:00Z,61232.2,61288.0,60710.9,60932.2,11185.669
2024-10-10T13:00:00Z,60932.2,61228.9,60528.1,60916.0,14418.091
2024-10-10T14:00:00Z,60916.0,61037.7,60479.5,60568.9,7753.598
2024-10-10T15:00:00Z,60568.9,60791.9,60412.7,60766.5,5848.341
2024-10-10T16:00:00Z,60766.5,61021.6,60214.3,60267.3,7586.703
2024-10-10T17:00:00Z,60267.3,60438.9,59517.0,59584.6,16526.898
2024-10-10T18:00:00Z,59584.6,59584.6,58900.0,59473.4,21299.105
2024-10-10T19:00:00Z,59473.4,59737.3,59325.8,59698.9,6086.019
2024-10-10T20:00:00Z,59698.9,59984.1,59557.7,59771.1,5725.094
2024-10-10T21:00:00Z,59771.1,60171.3,59651.6,60171.3,3275.119
2024-10-10T22:00:00Z,60171.3,60222.0,59910.0,60115.5,2797.946
2024-10-10T23:00:00Z,60115.5,60297.3,60115.5,60295.6,1983.043
2024-10-11T00:00:00Z,60295.6,60337.9,60132.9,60160.2,2442.228
2024-10-11T01:00:00Z,60160.2,60754.0,60064.4,60547.4,4420.379
2024-10-11T02:00:00Z,60547.4,60629.9,60340.0,60515.4,2938.307
2024-10-11T03:00:00Z,60515.4,60700.0,60515.4,60580.8,2041.468
2024-10-11T04:00:00Z,60580.8,60697.0,60542.7,60679.8,1667.723
2024-10-11T05:00:00Z,60679.8,60750.0,60564.0,60571.2,1724.46
2024-10-11T06:00:00Z,60571.2,60897.0,60571.2,60769.0,2967.363
2024-10-11T07:00:00Z,60769.0,60896.5,60622.1,60644.3,2628.676
2024-10-11T08:00:00Z,60644.3,60782.1,60617.8,60632.1,1739.698
2024-10-11T09:00:00Z,60632.1,61089.1,60625.0,61059.4,4645.844
2024-10-11T10:00:00Z,61059.4,61263.3,60980.0,61134.2,8020.022
2024-10-11T11:00:00Z,61134.2,61234.8,61046.6,61146.8,2049.782
2024-10-11T12:00:00Z,61146.8,61485.7,61094.7,61360.1,9201.886
2024-10-11T13:00:00Z,61360.1,61840.6,61168.1,61650.4,14513.632
2024-10-11T14:00:00Z,61650.4,61928.5,61603.2,61728.2,8627.682
2024-10-11T15:00:00Z,61728.2,62449.5,61728.1,62238.3,15559.393
2024-10-11T16:00:00Z,62238.3,62438.4,62105.7,62248.0,8759.228
2024-10-11T17:00:00Z,62248.0,62950.0,62139.4,62899.9,12053.042
2024-10-11T18:00:00Z,62899.9,62967.5,62710.0,62907.3,4633.998
2024-10-11T19:00:00Z,62907.3,63436.0,62790.2,63065.4,13007.066
2024-10-11T20:00:00Z,63065.4,63067.7,62897.5,62978.0,2475.132
2024-10-11T21:00:00Z,62978.0,63160.0,62777.3,62831.5,2865.931
2024-10-11T22:00:00Z,62831.5,62903.1,62306.4,62420.0,9393.451
2024-10-11T23:00:00Z,62420.0,62661.1,62306.6,62499.6,4495.22
2024-10-12T00:00:00Z,62499.6,62933.3,62457.9,62816.7,6730.749
2024-10-12T01:00:00Z,62816.7,63078.1,62672.0,62716.2,3819.19
2024-10-12T02:00:00Z,62716.2,62746.0,62486.8,62534.9,2405.165
2024-10-12T03:00:00Z,62534.9,62612.0,62460.5,62541.1,1273.525
2024-10-12T04:00:00Z,62541.1,62741.7,62541.0,62563.5,2014.558
2024-10-12T05:00:00Z,62563.5,62777.0,62550.8,62747.1,863.758
2024-10-12T06:00:00Z,62747.1,62747.2,62646.0,62664.4,770.521
2024-10-12T07:00:00Z,62664.4,62759.6,62620.0,62740.0,1252.427
2024-10-12T08:00:00Z,62740.0,62757.9,62668.7,62696.0,813.518
2024-10-12T09:00:00Z,62696.0,62819.3,62647.1,62819.3,1090.33
2024-10-12T10:00:00Z,62819.3,63026.7,62783.2,63018.1,2762.796
2024-10-12T11:00:00Z,63018.1,63245.2,62892.6,62918.9,4961.444
2024-10-12T12:00:00Z,62918.9,63042.3,62785.9,63023.6,3368.64
2024-10-12T13:00:00Z,63023.6,63130.7,62901.0,63045.0,3023.665
2024-10-12T14:00:00Z,63045.0,63384.0,62980.1,63205.6,4403.138
2024-10-12T15:00:00Z,63205.6,63467.4,63033.1,63132.3,5044.019
2024-10-12T16:00:00Z,63132.3,63377.5,63023.8,63032.0,3043.542
2024-10-12T17:00:00Z,63032.0,63238.5,63017.2,63065.6,1849.578
2024-10-12T18:00:00Z,63065.6,63157.3,62906.2,62916.3,1719.392
2024-10-12T19:00:00Z,62916.3,63054.4,62881.7,62965.9,1113.389
2024-10-12T20:00:00Z,62965.9,63091.0,62965.8,63005.7,1001.09
2024-10-12T21:00:00Z,63005.7,63221.7,63005.6,63194.4,1061.057
2024-10-12T22:00:00Z,63194.4,63318.8,63103.9,63272.0,1571.045
2024-10-12T23:00:00Z,63272.0,63355.6,63140.7,63177.5,1416.537
2024-10-13T00:00:00Z,63177.5,63269.5,63030.4,63161.7,1494.683
2024-10-13T01:00:00Z,63161.7,63163.1,62808.0,62865.5,4104.842
2024-10-13T02:00:00Z,62865.5,62900.0,62646.0,62840.0,5186.413
2024-10-13T03:00:00Z,62840.0,62863.3,62607.0,62677.3,1861.772
2024-10-13T04:00:00Z,62677.3,62833.4,62670.6,62786.6,1155.766
2024-10-13T05:00:00Z,62786.6,62945.6,62776.9,62828.6,1218.8
2024-10-13T06:00:00Z,62828.6,62967.0,62828.6,62847.7,841.314
2024-10-13T07:00:00Z,62847.7,62895.7,62686.0,62819.9,2024.565
2024-10-13T08:00:00Z,62819.9,62939.8,62768.3,62789.5,1308.553
2024-10-13T09:00:00Z,62789.5,62837.9,62731.5,62799.6,846.151
2024-10-13T10:00:00Z,62799.6,62803.3,62652.0,62676.6,1764.228
2024-10-13T11:00:00Z,62676.6,62749.9,62488.0,62536.4,4183.114
2024-10-13T12:00:00Z,62536.4,62707.0,62525.7,62646.1,1705.161
2024-10-13T13:00:00Z,62646.1,62804.7,62602.1,62633.9,1359.533
2024-10-13T14:00:00Z,62633.9,62633.9,62162.0,62227.1,7530.627
2024-10-13T15:00:00Z,62227.1,62339.2,62012.1,62193.6,7575.46
2024-10-13T16:00:00Z,62193.6,62698.4,62141.5,62599.9,5977.018
2024-10-13T17:00:00Z,62599.9,62864.0,62383.0,62486.6,6375.65
2024-10-13T18:00:00Z,62486.6,62587.0,62281.4,62381.0,2970.093
2024-10-13T19:00:00Z,62381.0,62713.6,62381.0,62700.4,1751.42
2024-10-13T20:00:00Z,62700.4,62738.4,62577.3,62738.1,1186.463
2024-10-13T21:00:00Z,62738.1,63050.0,62650.5,62862.6,3712.91
2024-10-13T22:00:00Z,62862.6,63100.0,62688.8,62813.9,3680.776
2024-10-13T23:00:00Z,62813.9,62872.6,62593.5,62838.7,2359.897
2024-10-14T00:00:00Z,62838.7,62870.0,62422.5,62490.1,2636.084
2024-10-14T01:00:00Z,62490.1,62798.0,62472.1,62601.2,1726.846
2024-10-14T02:00:00Z,62601.2,62613.1,62437.5,62586.5,1643.709
2024-10-14T03:00:00Z,62586.5,64384.0,62586.5,64288.0,20850.285
2024-10-14T04:00:00Z,64288.0,64539.6,64075.9,64123.7,9919.8
2024-10-14T05:00:00Z,64123.7,64141.8,63761.8,63909.5,6241.988
2024-10-14T06:00:00Z,63909.5,64220.0,63770.1,64064.4,4710.071
2024-10-14T07:00:00Z,64064.4,64694.8,64000.0,64597.7,10436.014
2024-10-14T08:00:00Z,64597.7,64855.5,64351.8,64403.8,7932.824
2024-10-14T09:00:00Z,64403.8,64891.0,64313.3,64800.0,6842.221
2024-10-14T10:00:00Z,64800.0,65000.0,64683.3,64837.8,7343.846
2024-10-14T11:00:00Z,64837.8,65151.8,64774.3,64903.5,6090.578
2024-10-14T12:00:00Z,64903.5,64999.6,64723.9,64835.0,5167.631
2024-10-14T13:00:00Z,64835.0,65300.0,64611.5,65122.6,12815.407
2024-10-14T14:00:00Z,65122.6,66283.8,65086.2,65897.2,28062.456
2024-10-14T15:00:00Z,65897.2,66104.8,65811.0,65862.0,6364.524
2024-10-14T16:00:00Z,65862.0,66006.1,65606.0,65686.2,7233.528
2024-10-14T17:00:00Z,65686.2,65839.2,65543.9,65625.1,4609.427
2024-10-14T18:00:00Z,65625.1,65960.0,65557.8,65752.5,4545.553
2024-10-14T19:00:00Z,65752.5,66060.8,65697.6,65905.6,5398.87
2024-10-14T20:00:00Z,65905.6,66028.0,65764.8,65897.5,2558.476
2024-10-14T21:00:00Z,65897.5,65983.5,65650.0,65757.4,2287.846
2024-10-14T22:00:00Z,65757.4,67300.0,65741.9,66449.2,12822.213
2024-10-14T23:00:00Z,66449.2,66525.9,66027.7,66080.1,5843.02
2024-10-15T00:00:00Z,66080.1,66337.0,65850.0,65922.1,4759.357
2024-10-15T01:00:00Z,65922.1,66009.2,65750.0,65868.0,2288.001
2024-10-15T02:00:00Z,65868.0,65932.4,65699.6,65760.0,2201.889
2024-10-15T03:00:00Z,65760.0,65760.0,65310.1,65401.5,5432.384
2024-10-15T04:00:00Z,65401.5,65693.1,65321.0,65599.0,3393.524
2024-10-15T05:00:00Z,65599.0,65600.0,65210.2,65361.1,3680.397
2024-10-15T06:00:00Z,65361.1,65616.5,65275.0,65551.1,3308.573
2024-10-15T07:00:00Z,65551.1,65844.1,65550.0,65651.5,4239.124
2024-10-15T08:00:00Z,65651.5,65854.3,65620.0,65748.8,2397.769
2024-10-15T09:00:00Z,65748.8,65769.0,65582.8,65628.7,2790.431
2024-10-15T10:00:00Z,65628.7,65738.2,65558.1,65664.0,2433.744
2024-10-15T11:00:00Z,65664.0,65705.8,65254.0,65380.0,7068.476
2024-10-15T12:00:00Z,65380.0,65944.0,65362.4,65780.8,6405.362
2024-10-15T13:00:00Z,65780.8,67782.4,65745.6,67665.0,26955.967
2024-10-15T14:00:00Z,67665.0,67999.0,65132.1,65351.0,52904.197
2024-10-15T15:00:00Z,65351.0,66300.0,64762.1,66009.9,30822.925
2024-10-15T16:00:00Z,66009.9,67234.6,65972.1,66866.0,19753.196
2024-10-15T17:00:00Z,66866.0,67054.7,66449.8,66807.1,9465.355
2024-10-15T18:00:00Z,66807.1,67396.0,66750.0,66902.0,8768.778
2024-10-15T19:00:00Z,66902.0,67059.9,66571.7,66957.1,7057.845
2024-10-15T20:00:00Z,66957.1,67000.0,66361.2,66443.6,7919.319
2024-10-15T21:00:00Z,66443.6,66600.0,66100.6,66414.5,7412.028
2024-10-15T22:00:00Z,66414.5,66988.8,66389.1,66732.3,4346.432
2024-10-15T23:00:00Z,66732.3,67150.2,66660.3,67057.4,3187.345
2024-10-16T00:00:00Z,67057.4,67131.7,66742.0,66860.1,2953.98
2024-10-16T01:00:00Z,66860.1,67497.5,66727.0,67367.6,5793.782
2024-10-16T02:00:00Z,67367.6,67570.1,67226.0,67279.2,3856.219
2024-10-16T03:00:00Z,67279.2,67294.0,67067.0,67088.9,2596.286
2024-10-16T04:00:00Z,67088.9,67236.0,66872.5,66982.0,2757.222
2024-10-16T05:00:00Z,66982.0,67344.1,66909.5,67200.0,2607.952
2024-10-16T06:00:00Z,67200.0,67299.8,66939.0,67037.5,3015.342
2024-10-16T07:00:00Z,67037.5,67037.5,66750.0,66962.9,3635.657
2024-10-16T08:00:00Z,66962.9,67261.0,66900.2,67118.2,5954.973
2024-10-16T09:00:00Z,67118.2,67500.7,67068.0,67413.6,6220.715
2024-10-16T10:00:00Z,67413.6,67827.8,67326.0,67724.5,9864.546
2024-10-16T11:00:00Z,67724.5,68525.0,67585.0,67883.9,21605.449
2024-10-16T12:00:00Z,67883.9,68064.9,67644.5,67823.8,7806.311
2024-10-16T13:00:00Z,67823.8,67959.9,67085.3,67373.8,13928.96
2024-10-16T14:00:00Z,67373.8,68327.0,67332.1,67655.9,18721.452
2024-10-16T15:00:00Z,67655.9,68058.8,67360.7,67735.4,7693.375
2024-10-16T16:00:00Z,67735.4,67924.5,67461.5,67802.5,5274.384
2024-10-16T17:00:00Z,67802.5,68083.3,67669.0,67927.1,3546.291
2024-10-16T18:00:00Z,67927.1,68051.1,67760.9,67802.3,2511.884
2024-10-16T19:00:00Z,67802.3,67939.9,67600.0,67700.1,3882.786
2024-10-16T20:00:00Z,67700.1,67942.8,67590.3,67590.4,3207.411
2024-10-16T21:00:00Z,67590.4,67684.1,67461.7,67538.2,2372.95
2024-10-16T22:00:00Z,67538.2,67850.9,67538.2,67763.5,1976.231
2024-10-16T23:00:00Z,67763.5,67802.3,67574.8,67595.1,3693.549
2024-10-17T00:00:00Z,67595.1,67921.0,67554.2,67687.8,2664.94
2024-10-17T01:00:00Z,67687.8,67877.6,67357.0,67876.8,4238.768
2024-10-17T02:00:00Z,67876.8,67880.0,67368.0,67450.1,2482.788
2024-10-17T03:00:00Z,67450.1,67678.0,67418.0,67573.1,1457.008
2024-10-17T04:00:00Z,67573.1,67573.1,67227.8,67240.7,2731.644
2024-10-17T05:00:00Z,67240.7,67450.0,67233.9,67315.4,2088.04
2024-10-17T06:00:00Z,67315.4,67473.3,67070.9,67135.2,3024.418
2024-10-17T07:00:00Z,67135.2,67279.5,67050.0,67272.7,3242.791
2024-10-17T08:00:00Z,67272.7,67467.1,67150.1,67430.6,2749.441
2024-10-17T09:00:00Z,67430.6,67515.0,67147.3,67167.6,2800.897
2024-10-17T10:00:00Z,67167.6,67271.7,66800.0,67192.2,7161.195
2024-10-17T11:00:00Z,67192.2,67272.2,66787.5,66861.3,4516.451
2024-10-17T12:00:00Z,66861.3,67171.9,66800.0,67153.5,4737.404
2024-10-17T13:00:00Z,67153.5,67334.1,66650.1,66998.3,11080.584
2024-10-17T14:00:00Z,66998.3,67280.0,66656.1,67091.4,11807.505
2024-10-17T15:00:00Z,67091.4,67666.6,66927.4,67566.8,9416.379
2024-10-17T16:00:00Z,67566.8,67574.0,67084.5,67359.3,5503.313
2024-10-17T17:00:00Z,67359.3,67510.2,67124.7,67262.3,3737.233
2024-10-17T18:00:00Z,67262.3,67287.8,66675.7,66906.2,11129.677
2024-10-17T19:00:00Z,66906.2,67000.0,66740.0,66810.3,3336.142
2024-10-17T20:00:00Z,66810.3,67124.0,66790.5,66908.0,2773.376
2024-10-17T21:00:00Z,66908.0,67108.0,66904.2,67051.6,1300.794
2024-10-17T22:00:00Z,67051.6,67457.9,67051.6,67419.7,3106.557
2024-10-17T23:00:00Z,67419.7,67437.0,67250.0,67390.4,1678.009
2024-10-18T00:00:00Z,67390.4,67435.9,67157.0,67180.1,1903.242
2024-10-18T01:00:00Z,67180.1,68300.0,67159.6,68070.4,9692.768
2024-10-18T02:00:00Z,68070.4,68126.5,67777.1,68093.0,5468.219
2024-10-18T03:00:00Z,68093.0,68099.9,67476.4,67524.5,4751.27
2024-10-18T04:00:00Z,67524.5,67855.3,67512.7,67712.1,3459.067
2024-10-18T05:00:00Z,67712.1,68034.4,67603.4,67981.8,2903.319
2024-10-18T06:00:00Z,67981.8,68400.0,67900.0,68081.6,8294.011
2024-10-18T07:00:00Z,68081.6,68193.3,67843.8,67950.1,3775.7
2024-10-18T08:00:00Z,67950.1,68035.0,67790.1,67890.1,2634.472
2024-10-18T09:00:00Z,67890.1,68020.0,67732.5,67778.2,2297.699
2024-10-18T10:00:00Z,67778.2,67954.0,67748.4,67857.0,2366.132
2024-10-18T11:00:00Z,67857.0,68014.7,67644.5,67678.6,2882.172
2024-10-18T12:00:00Z,67678.6,67799.5,67621.6,67641.4,2582.51
2024-10-18T13:00:00Z,67641.4,68182.1,67626.9,68179.9,7724.464
2024-10-18T14:00:00Z,68179.9,68700.0,67908.0,68415.3,21413.408
2024-10-18T15:00:00Z,68415.3,68950.0,68266.0,68723.1,13554.725
2024-10-18T16:00:00Z,68723.1,68915.7,68338.6,68788.8,9665.012
2024-10-18T17:00:00Z,68788.8,68900.6,68635.6,68693.9,3795.759
2024-10-18T18:00:00Z,68693.9,69049.7,68540.0,68881.8,6132.202
2024-10-18T19:00:00Z,68881.8,68960.0,68540.0,68572.8,4670.855
2024-10-18T20:00:00Z,68572.8,68662.0,68365.0,68404.1,3843.477
2024-10-18T21:00:00Z,68404.1,68469.9,68100.0,68395.1,3054.392
2024-10-18T22:00:00Z,68395.1,68399.8,68182.0,68190.1,1802.441
2024-10-18T23:00:00Z,68190.1,68446.3,68190.0,68402.4,1383.49
2024-10-19T00:00:00Z,68402.4,68456.6,68271.8,68310.0,1185.367
2024-10-19T01:00:00Z,68310.0,68431.8,68301.2,68312.8,928.026
2024-10-19T02:00:00Z,68312.8,68446.3,68306.0,68435.5,971.972
2024-10-19T03:00:00Z,68435.5,68685.0,68414.2,68433.0,2553.004
2024-10-19T04:00:00Z,68433.0,68547.4,68308.0,68309.9,1697.231
2024-10-19T05:00:00Z,68309.9,68418.0,68300.0,68372.1,893.648
2024-10-19T06:00:00Z,68372.1,68428.5,68316.5,68316.5,929.023
2024-10-19T07:00:00Z,68316.5,68387.8,68272.4,68329.9,1320.549
2024-10-19T08:00:00Z,68329.9,68472.8,68320.0,68392.8,1176.626
2024-10-19T09:00:00Z,68392.8,68424.1,68333.1,68333.1,740.022
2024-10-19T10:00:00Z,68333.1,68369.1,68228.0,68230.0,1833.88
2024-10-19T11:00:00Z,68230.0,68286.5,68051.9,68064.6,3607.589
2024-10-19T12:00:00Z,68064.6,68249.1,68059.5,68195.8,1528.625
2024-10-19T13:00:00Z,68195.8,68201.0,68090.4,68100.0,1094.594
2024-10-19T14:00:00Z,68100.0,68339.3,68099.9,68283.8,2159.615
2024-10-19T15:00:00Z,68283.8,68321.6,68146.0,68213.9,1388.072
2024-10-19T16:00:00Z,68213.9,68220.7,68012.5,68032.2,1738.167
2024-10-19T17:00:00Z,68032.2,68132.6,67980.0,68113.7,1662.009
2024-10-19T18:00:00Z,68113.7,68190.0,68074.8,68169.1,686.442
2024-10-19T19:00:00Z,68169.1,68233.2,68138.0,68173.3,653.287
2024-10-19T20:00:00Z,68173.3,68257.0,68155.9,68225.5,562.468
2024-10-19T21:00:00Z,68225.5,68323.0,68208.5,68210.1,851.036
2024-10-19T22:00:00Z,68210.1,68399.6,68184.7,68313.1,1338.523
2024-10-19T23:00:00Z,68313.1,68407.0,68279.6,68369.5,1241.635
2024-10-20T00:00:00Z,68369.5,68442.1,68220.3,68220.3,1385.043
2024-10-20T01:00:00Z,68220.3,68255.4,68125.0,68138.1,1246.115
2024-10-20T02:00:00Z,68138.1,68216.6,68095.0,68155.8,761.125
2024-10-20T03:00:00Z,68155.8,68173.0,68074.9,68166.7,1003.443
2024-10-20T04:00:00Z,68166.7,68298.9,68161.2,68226.2,694.444
2024-10-20T05:00:00Z,68226.2,68274.0,68156.6,68198.0,636.59
2024-10-20T06:00:00Z,68198.0,68395.0,68150.5,68374.0,1074.587
2024-10-20T07:00:00Z,68374.0,68440.5,68334.9,68353.9,1291.678
2024-10-20T08:00:00Z,68353.9,68502.2,68329.6,68378.0,1633.688
2024-10-20T09:00:00Z,68378.0,68431.1,68336.0,68414.9,747.462
2024-10-20T10:00:00Z,68414.9,68445.0,68355.1,68355.1,915.38
2024-10-20T11:00:00Z,68355.1,68434.9,68355.1,68396.9,542.115
2024-10-20T12:00:00Z,68396.9,68419.0,68223.1,68245.3,1151.079
2024-10-20T13:00:00Z,68245.3,68472.0,68177.5,68433.0,2289.402
2024-10-20T14:00:00Z,68433.0,68786.9,68433.0,68631.9,5331.577
2024-10-20T15:00:00Z,68631.9,68680.4,68344.0,68614.9,2265.418
2024-10-20T16:00:00Z,68614.9,68651.3,68490.0,68490.1,868.498
2024-10-20T17:00:00Z,68490.1,68600.0,68400.1,68550.1,820.001
2024-10-20T18:00:00Z,68550.1,68642.0,68550.0,68586.2,690.985
2024-10-20T19:00:00Z,68586.2,68590.0,68480.0,68498.1,670.343
2024-10-20T20:00:00Z,68498.1,68911.6,68447.6,68760.0,2930.021
2024-10-20T21:00:00Z,68760.0,68850.0,68629.5,68755.8,1540.188
2024-10-20T22:00:00Z,68755.8,69428.0,68588.1,69135.3,14265.516
2024-10-20T23:00:00Z,69135.3,69198.5,68917.3,69034.0,3686.376
2024-10-21T00:00:00Z,69034.0,69555.0,68962.7,69163.5,7057.284
2024-10-21T01:00:00Z,69163.5,69491.2,69100.0,69216.0,2742.955
2024-10-21T02:00:00Z,69216.0,69271.7,68714.2,68729.6,3683.064
2024-10-21T03:00:00Z,68729.6,68954.8,68600.0,68948.3,3261.239
2024-10-21T04:00:00Z,68948.3,69045.5,68792.0,69041.7,1424.478
2024-10-21T05:00:00Z,69041.7,69205.3,68961.0,68994.3,2356.434
2024-10-21T06:00:00Z,68994.3,69174.5,68634.7,68696.4,2971.07
2024-10-21T07:00:00Z,68696.4,68812.3,68456.6,68518.5,4213.943
2024-10-21T08:00:00Z,68518.5,68673.3,68282.0,68294.5,4412.71
2024-10-21T09:00:00Z,68294.5,68431.9,68122.1,68387.6,5099.851
2024-10-21T10:00:00Z,68387.6,68499.9,68271.9,68289.9,2276.553
2024-10-21T11:00:00Z,68289.9,68450.0,68186.5,68249.5,2623.593
2024-10-21T12:00:00Z,68249.5,68342.4,68071.1,68215.6,4062.325
2024-10-21T13:00:00Z,68215.6,68268.0,67158.7,67317.6,22351.398
2024-10-21T14:00:00Z,67317.6,67620.0,67030.0,67284.6,12004.105
2024-10-21T15:00:00Z,67284.6,67390.0,66853.3,67350.0,11527.38
2024-10-21T16:00:00Z,67350.0,67359.8,66900.1,67348.0,6932.219
2024-10-21T17:00:00Z,67348.0,67687.8,67266.2,67538.8,5959.37
2024-10-21T18:00:00Z,67538.8,67538.9,67055.0,67343.7,5097.809
2024-10-21T19:00:00Z,67343.7,67943.9,67343.7,67766.5,5211.895
2024-10-21T20:00:00Z,67766.5,67822.0,67631.0,67748.8,2128.787
2024-10-21T21:00:00Z,67748.8,67937.4,67671.8,67797.3,1781.863
2024-10-21T22:00:00Z,67797.3,67873.9,67600.1,67774.0,2181.73
2024-10-21T23:00:00Z,67774.0,67774.0,67333.0,67368.1,4084.919
2024-10-22T00:00:00Z,67368.1,67400.0,66560.9,67135.4,13021.899
2024-10-22T01:00:00Z,67135.4,67544.5,67031.0,67509.1,3395.575
2024-10-22T02:00:00Z,67509.1,67700.0,67256.8,67315.0,3432.655
2024-10-22T03:00:00Z,67315.0,67551.2,67300.9,67397.0,2162.06
2024-10-22T04:00:00Z,67397.0,67500.0,67281.9,67499.4,1371.902
2024-10-22T05:00:00Z,67499.4,67663.7,67459.0,67580.0,2036.292
2024-10-22T06:00:00Z,67580.0,67796.2,67575.0,67575.1,2656.327
2024-10-22T07:00:00Z,67575.1,67709.3,67350.4,67385.4,2863.959
2024-10-22T08:00:00Z,67385.4,67385.5,66893.5,66931.0,7495.086
2024-10-22T09:00:00Z,66931.0,67124.4,66732.6,66939.8,6073.567
2024-10-22T10:00:00Z,66939.8,67234.0,66847.8,67173.5,3932.874
2024-10-22T11:00:00Z,67173.5,67523.4,67147.1,67293.8,4050.42
2024-10-22T12:00:00Z,67293.8,67464.6,66837.1,66972.6,7204.557
2024-10-22T13:00:00Z,66972.6,67160.4,66613.1,66977.6,10541.053
2024-10-22T14:00:00Z,66977.6,67668.7,66805.9,67542.1,13731.377
2024-10-22T15:00:00Z,67542.1,67678.2,67080.0,67264.9,6173.12
2024-10-22T16:00:00Z,67264.9,67265.0,66907.0,66947.1,4494.729
2024-10-22T17:00:00Z,66947.1,67422.7,66925.0,67319.9,3932.794
2024-10-22T18:00:00Z,67319.9,67518.5,67232.0,67364.8,2850.917
2024-10-22T19:00:00Z,67364.8,67629.6,67330.0,67469.4,2741.819
2024-10-22T20:00:00Z,67469.4,67563.8,67395.0,67512.1,1407.64
2024-10-22T21:00:00Z,67512.1,67546.7,67399.3,67516.7,1142.313
2024-10-22T22:00:00Z,67516.7,67847.0,67464.6,67720.0,3166.815
2024-10-22T23:00:00Z,67720.0,67775.3,67249.5,67409.5,3641.448
2024-10-23T00:00:00Z,67409.5,67477.7,67104.9,67157.0,3548.075
2024-10-23T01:00:00Z,67157.0,67378.5,67156.9,67343.7,1600.147
2024-10-23T02:00:00Z,67343.7,67383.8,67045.2,67080.8,1908.409
2024-10-23T03:00:00Z,67080.8,67169.2,66850.5,67065.6,2852.843
2024-10-23T04:00:00Z,67065.6,67231.7,66983.0,67208.4,3725.474
2024-10-23T05:00:00Z,67208.4,67220.2,67029.0,67069.2,2214.262
2024-10-23T06:00:00Z,67069.2,67294.0,66880.0,66902.1,2823.443
2024-10-23T07:00:00Z,66902.1,66987.8,66755.4,66832.5,4203.381
2024-10-23T08:00:00Z,66832.5,67027.2,66374.0,66511.1,8591.437
2024-10-23T09:00:00Z,66511.1,66579.8,66162.8,66489.1,8893.828
2024-10-23T10:00:00Z,66489.1,66626.0,66366.3,66381.8,3596.949
2024-10-23T11:00:00Z,66381.8,66586.4,66306.9,66398.0,3765.996
2024-10-23T12:00:00Z,66398.0,66496.1,66060.1,66398.1,9889.11
2024-10-23T13:00:00Z,66398.1,66905.9,66336.5,66787.3,8491.264
2024-10-23T14:00:00Z,66787.3,66859.6,66412.3,66478.4,6045.22
2024-10-23T15:00:00Z,66478.4,66478.5,65900.0,66203.3,12844.065
2024-10-23T16:00:00Z,66203.3,66282.5,65794.6,65871.9,9019.498
2024-10-23T17:00:00Z,65871.9,65989.3,65623.8,65717.3,10856.215
2024-10-23T18:00:00Z,65717.3,66073.0,65240.2,66056.6,17840.175
2024-10-23T19:00:00Z,66056.6,66568.0,65870.0,66478.2,10446.267
2024-10-23T20:00:00Z,66478.2,66696.6,66334.6,66676.5,5119.605
2024-10-23T21:00:00Z,66676.5,66693.3,66366.1,66418.1,2405.247
2024-10-23T22:00:00Z,66418.1,66580.0,66343.7,66474.7,1930.945
2024-10-23T23:00:00Z,66474.7,66815.4,66462.0,66659.1,3586.811
2024-10-24T00:00:00Z,66659.1,67490.0,66509.3,67446.8,7270.903
2024-10-24T01:00:00Z,67446.8,67637.1,67075.9,67273.7,7105.168
2024-10-24T02:00:00Z,67273.7,67513.0,67155.0,67459.4,2968.02
2024-10-24T03:00:00Z,67459.4,67475.0,67208.2,67208.2,2143.566
2024-10-24T04:00:00Z,67208.2,67429.2,67194.2,67374.4,2605.552
2024-10-24T05:00:00Z,67374.4,67480.2,67341.9,67362.1,1322.837
2024-10-24T06:00:00Z,67362.1,67479.9,67115.1,67123.4,3256.354
2024-10-24T07:00:00Z,67123.4,67321.0,67065.5,67122.0,3210.506
2024-10-24T08:00:00Z,67122.0,67244.6,66844.1,66851.4,4064.73
2024-10-24T09:00:00Z,66851.4,67007.3,66721.5,66874.7,4952.112
2024-10-24T10:00:00Z,66874.7,67122.0,66852.9,66996.0,2830.702
2024-10-24T11:00:00Z,66996.0,67330.0,66982.0,67287.4,4217.627
2024-10-24T12:00:00Z,67287.4,67599.0,67256.9,67502.5,5526.582
2024-10-24T13:00:00Z,67502.5,67976.8,67432.6,67883.8,11676.984
2024-10-24T14:00:00Z,67883.8,67977.2,67516.0,67766.7,8726.86
2024-10-24T15:00:00Z,67766.7,68000.0,67578.3,67671.5,7128.722
2024-10-24T16:00:00Z,67671.5,67774.0,67331.4,67565.8,6116.987
2024-10-24T17:00:00Z,67565.8,67836.5,67431.8,67633.9,3257.138
2024-10-24T18:00:00Z,67633.9,67947.0,67603.0,67804.0,3907.609
2024-10-24T19:00:00Z,67804.0,68288.0,67697.1,68276.9,9850.474
2024-10-24T20:00:00Z,68276.9,68319.9,67926.8,68162.1,5957.045
2024-10-24T21:00:00Z,68162.1,68847.2,68162.1,68321.2,12785.504
2024-10-24T22:00:00Z,68321.2,68538.0,68160.0,68164.2,3621.961
2024-10-24T23:00:00Z,68164.2,68250.0,67982.3,68171.2,3323.087
2024-10-25T00:00:00Z,68171.2,68258.0,67855.0,67971.5,3816.627
2024-10-25T01:00:00Z,67971.5,67971.5,67810.7,67946.3,2380.758
2024-10-25T02:00:00Z,67946.3,68057.9,67802.9,68038.0,1759.369
2024-10-25T03:00:00Z,68038.0,68215.0,67944.4,67970.0,2132.872
2024-10-25T04:00:00Z,67970.0,68010.0,67644.6,67706.8,3754.795
2024-10-25T05:00:00Z,67706.8,67845.0,67560.1,67728.8,3124.694
2024-10-25T06:00:00Z,67728.8,67835.1,67560.0,67612.3,2210.794
2024-10-25T07:00:00Z,67612.3,67695.1,67215.1,67506.1,7031.434
2024-10-25T08:00:00Z,67506.1,67777.0,67295.1,67645.9,5194.929
2024-10-25T09:00:00Z,67645.9,67881.3,67488.5,67822.0,5353.52
2024-10-25T10:00:00Z,67822.0,67856.4,67645.0,67834.0,2413.253
2024-10-25T11:00:00Z,67834.0,68174.1,67758.5,68084.6,4357.137
2024-10-25T12:00:00Z,68084.6,68284.9,67958.0,68040.8,4453.858
2024-10-25T13:00:00Z,68040.8,68445.8,67714.0,68326.2,8670.745
2024-10-25T14:00:00Z,68326.2,68755.0,68116.7,68288.8,11627.456
2024-10-25T15:00:00Z,68288.8,68524.4,67377.4,67653.2,12349.76
2024-10-25T16:00:00Z,67653.2,67837.4,67303.0,67634.5,8806.115
2024-10-25T17:00:00Z,67634.5,67777.1,66702.0,66800.1,13679.322
2024-10-25T18:00:00Z,66800.1,67574.4,65950.0,66999.6,33286.222
2024-10-25T19:00:00Z,66999.6,67200.0,66603.1,66825.4,9660.898
2024-10-25T20:00:00Z,66825.4,67016.0,66580.3,66909.9,5738.385
2024-10-25T21:00:00Z,66909.9,67278.3,66909.9,67270.2,2524.632
2024-10-25T22:00:00Z,67270.2,67367.0,66564.2,66589.6,4774.37
2024-10-25T23:00:00Z,66589.6,66780.0,65524.5,66666.8,24869.167
2024-10-26T00:00:00Z,66666.8,66829.8,66520.0,66725.9,4530.499
2024-10-26T01:00:00Z,66725.9,66801.9,66523.0,66688.8,2868.604
2024-10-26T02:00:00Z,66688.8,67023.8,66408.4,66822.5,4842.893
2024-10-26T03:00:00Z,66822.5,66960.0,66669.6,66883.9,2255.364
2024-10-26T04:00:00Z,66883.9,66968.0,66755.6,66920.9,1344.999
2024-10-26T05:00:00Z,66920.9,67197.1,66920.8,67105.0,2175.677
2024-10-26T06:00:00Z,67105.0,67212.0,67019.8,67144.0,1627.149
2024-10-26T07:00:00Z,67144.0,67168.0,66975.6,66988.4,1704.478
2024-10-26T08:00:00Z,66988.4,67148.0,66974.7,67103.9,1106.528
2024-10-26T09:00:00Z,67103.9,67240.0,67035.0,67035.0,1160.558
2024-10-26T10:00:00Z,67035.0,67158.6,66965.2,67029.9,1321.425
2024-10-26T11:00:00Z,67029.9,67139.9,66933.2,67104.6,1033.575
2024-10-26T12:00:00Z,67104.6,67151.3,66983.2,67006.2,826.725
2024-10-26T13:00:00Z,67006.2,67099.9,66826.0,66867.2,2351.361
2024-10-26T14:00:00Z,66867.2,66929.3,66701.5,66765.3,3286.806
2024-10-26T15:00:00Z,66765.3,66986.9,66733.3,66858.0,2395.619
2024-10-26T16:00:00Z,66858.0,67022.1,66761.0,66953.0,1533.296
2024-10-26T17:00:00Z,66953.0,67120.0,66931.7,67034.2,1110.532
2024-10-26T18:00:00Z,67034.2,67126.0,66993.0,67010.0,882.642
2024-10-26T19:00:00Z,67010.0,67162.0,67010.0,67149.9,1091.338
2024-10-26T20:00:00Z,67149.9,67442.7,67109.5,67239.8,2888.777
2024-10-26T21:00:00Z,67239.8,67247.2,67021.0,67146.0,1074.001
2024-10-26T22:00:00Z,67146.0,67211.0,67074.4,67108.3,692.175
2024-10-26T23:00:00Z,67108.3,67135.9,67059.9,67069.1,431.666
2024-10-27T00:00:00Z,67069.1,67097.9,66943.3,66989.8,1334.31
2024-10-27T01:00:00Z,66989.8,67114.8,66905.2,67055.8,1339.161
2024-10-27T02:00:00Z,67055.8,67095.7,67000.0,67032.0,594.848
2024-10-27T03:00:00Z,67032.0,67307.3,66970.0,67267.5,1483.771
2024-10-27T04:00:00Z,67267.5,67297.9,67094.0,67129.8,880.05
2024-10-27T05:00:00Z,67129.8,67200.0,67118.7,67160.8,507.697
2024-10-27T06:00:00Z,67160.8,67169.6,67102.2,67169.6,447.438
2024-10-27T07:00:00Z,67169.6,67218.1,67153.0,67176.8,477.007
2024-10-27T08:00:00Z,67176.8,67246.9,67148.1,67198.9,668.211
2024-10-27T09:00:00Z,67198.9,67198.9,67074.3,67124.9,1286.616
2024-10-27T10:00:00Z,67124.9,67187.5,67036.9,67063.3,1127.98
2024-10-27T11:00:00Z,67063.3,67164.8,67012.1,67099.1,1305.525
2024-10-27T12:00:00Z,67099.1,67493.0,67099.0,67377.7,3531.864
2024-10-27T13:00:00Z,67377.7,67748.9,67369.6,67588.8,5169.087
2024-10-27T14:00:00Z,67588.8,67721.9,67580.0,67666.4,1867.845
2024-10-27T15:00:00Z,67666.4,67837.4,67661.0,67760.0,2576.1
2024-10-27T16:00:00Z,67760.0,67866.8,67636.7,67813.9,2715.655
2024-10-27T17:00:00Z,67813.9,67999.3,67700.0,67737.5,2994.18
2024-10-27T18:00:00Z,67737.5,67750.0,67500.6,67531.8,2282.156
2024-10-27T19:00:00Z,67531.8,67826.0,67519.8,67814.9,1704.59
2024-10-27T20:00:00Z,67814.9,67901.9,67684.2,67738.0,1509.827
2024-10-27T21:00:00Z,67738.0,68188.7,67711.0,67900.6,3226.893
2024-10-27T22:00:00Z,67900.6,68311.6,67900.5,68085.4,6075.626
2024-10-27T23:00:00Z,68085.4,68263.1,67961.2,68001.1,2000.233
2024-10-28T00:00:00Z,68001.1,68103.2,67807.1,67830.4,2853.742
2024-10-28T01:00:00Z,67830.4,67886.3,67707.5,67722.9,1835.224
2024-10-28T02:00:00Z,67722.9,67837.8,67642.9,67778.0,1793.07
2024-10-28T03:00:00Z,67778.0,67963.0,67657.9,67694.1,2353.131
2024-10-28T04:00:00Z,67694.1,67769.4,67593.3,67712.3,1533.621
2024-10-28T05:00:00Z,67712.3,67931.5,67571.4,67875.5,1929.226
2024-10-28T06:00:00Z,67875.5,67930.0,67769.4,67930.0,1235.033
2024-10-28T07:00:00Z,67930.0,68675.0,67930.0,68399.4,10918.503
2024-10-28T08:00:00Z,68399.4,68570.2,68292.4,68292.4,4460.172
2024-10-28T09:00:00Z,68292.4,68590.0,68200.0,68541.4,3932.484
2024-10-28T10:00:00Z,68541.4,68826.1,68517.4,68621.6,7009.107
2024-10-28T11:00:00Z,68621.6,68764.0,68474.2,68757.0,3235.457
2024-10-28T12:00:00Z,68757.0,69066.9,68572.3,68891.6,10314.32
2024-10-28T13:00:00Z,68891.6,69280.0,68754.1,68795.6,15656.534
2024-10-28T14:00:00Z,68795.6,69084.7,68640.6,68819.4,8334.228
2024-10-28T15:00:00Z,68819.4,68831.6,68365.2,68454.6,7525.665
2024-10-28T16:00:00Z,68454.6,68962.5,68414.1,68676.6,5626.527
2024-10-28T17:00:00Z,68676.6,69187.6,68477.0,68949.8,6812.221
2024-10-28T18:00:00Z,68949.8,69217.9,68807.9,69173.4,4314.35
2024-10-28T19:00:00Z,69173.4,69941.5,69108.1,69599.2,22437.482
2024-10-28T20:00:00Z,69599.2,69693.0,69410.7,69630.8,3352.282
2024-10-28T21:00:00Z,69630.8,69784.0,69476.0,69770.0,2982.343
2024-10-28T22:00:00Z,69770.0,70449.9,69770.0,69955.1,13153.244
2024-10-28T23:00:00Z,69955.1,70148.0,69715.7,69947.6,4342.194
2024-10-29T00:00:00Z,69947.6,70000.0,69735.4,69942.8,2615.575
2024-10-29T01:00:00Z,69942.8,70378.2,69820.0,70295.5,3984.102
2024-10-29T02:00:00Z,70295.5,71645.0,70207.1,71192.0,23856.478
2024-10-29T03:00:00Z,71192.0,71449.2,70875.7,70934.5,6725.12
2024-10-29T04:00:00Z,70934.5,71145.0,70917.0,71087.8,2539.155
2024-10-29T05:00:00Z,71087.8,71108.1,70900.0,71033.9,1932.593
2024-10-29T06:00:00Z,71033.9,71393.4,70994.4,71250.2,4240.713
2024-10-29T07:00:00Z,71250.2,71283.6,70827.8,71019.0,4276.746
2024-10-29T08:00:00Z,71019.0,71214.4,70978.0,71133.5,1972.52
2024-10-29T09:00:00Z,71133.5,71369.8,71111.2,71294.9,2457.854
2024-10-29T10:00:00Z,71294.9,71339.4,71066.6,71161.8,1969.331
2024-10-29T11:00:00Z,71161.8,71594.0,71139.8,71463.5,6756.126
2024-10-29T12:00:00Z,71463.5,71500.0,71081.9,71112.4,5203.875
2024-10-29T13:00:00Z,71112.4,71855.5,70923.4,71813.5,13850.553
2024-10-29T14:00:00Z,71813.5,71999.9,71308.7,71864.1,17988.864
2024-10-29T15:00:00Z,71864.1,72443.6,71652.1,72392.3,20434.06
2024-10-29T16:00:00Z,72392.3,72945.0,72345.2,72744.4,16655.564
2024-10-29T17:00:00Z,72744.4,73056.4,72479.7,72724.0,11716.321
2024-10-29T18:00:00Z,72724.0,73278.8,72662.9,73171.9,9265.678
2024-10-29T19:00:00Z,73171.9,73681.8,72513.3,72537.0,22978.458
2024-10-29T20:00:00Z,72537.0,72676.0,71887.1,72335.0,12196.637
2024-10-29T21:00:00Z,72335.0,72636.3,72220.8,72314.3,3352.178
2024-10-29T22:00:00Z,72314.3,73030.1,72222.0,72692.0,5998.212
2024-10-29T23:00:00Z,72692.0,72845.2,72534.0,72757.5,2392.28
2024-10-30T00:00:00Z,72757.5,72813.6,72100.0,72313.2,4037.434
2024-10-30T01:00:00Z,72313.2,72455.1,72028.6,72450.0,3799.418
2024-10-30T02:00:00Z,72450.0,72680.0,72363.3,72375.2,3219.003
2024-10-30T03:00:00Z,72375.2,72526.1,72200.0,72274.2,2840.61
2024-10-30T04:00:00Z,72274.2,72399.1,72218.2,72314.3,1385.524
2024-10-30T05:00:00Z,72314.3,72551.8,72302.3,72545.0,1972.568
2024-10-30T06:00:00Z,72545.0,72649.0,72324.0,72331.5,2458.523
2024-10-30T07:00:00Z,72331.5,72486.0,72114.4,72262.7,2808.615
2024-10-30T08:00:00Z,72262.7,72583.1,72247.7,72269.0,2900.928
2024-10-30T09:00:00Z,72269.0,72632.0,72255.0,72612.1,2928.888
2024-10-30T10:00:00Z,72612.1,72636.3,72377.8,72393.7,1814.437
2024-10-30T11:00:00Z,72393.7,72393.8,71930.0,72000.0,5602.369
2024-10-30T12:00:00Z,72000.0,72175.2,71729.2,71888.5,7683.627
2024-10-30T13:00:00Z,71888.5,72137.0,71455.1,71985.8,9850.037
2024-10-30T14:00:00Z,71985.8,72491.0,71952.3,72432.4,7384.984
2024-10-30T15:00:00Z,72432.4,72458.7,71702.1,72065.0,7695.154
2024-10-30T16:00:00Z,72065.0,72220.4,71800.1,72119.1,3810.026
2024-10-30T17:00:00Z,72119.1,72141.7,71659.1,71920.1,3285.181
2024-10-30T18:00:00Z,71920.1,72173.0,71870.5,72000.1,2165.961
2024-10-30T19:00:00Z,72000.1,72090.0,71789.2,71833.0,2769.501
2024-10-30T20:00:00Z,71833.0,72921.4,71644.1,72913.2,20177.202
2024-10-30T21:00:00Z,72913.2,73044.2,72150.0,72418.4,6927.163
2024-10-30T22:00:00Z,72418.4,72777.0,72272.8,72440.0,2917.016
2024-10-30T23:00:00Z,72440.0,72757.5,72381.8,72386.3,2389.764
2024-10-31T00:00:00Z,72386.3,72455.1,72077.3,72207.8,3262.75
2024-10-31T01:00:00Z,72207.8,72507.8,72056.5,72412.1,2766.697
2024-10-31T02:00:00Z,72412.1,72612.0,72230.0,72590.0,1906.595
2024-10-31T03:00:00Z,72590.0,72638.3,72317.8,72377.8,2137.476
2024-10-31T04:00:00Z,72377.8,72412.9,72244.0,72300.0,1592.125
2024-10-31T05:00:00Z,72300.0,72418.0,72230.3,72312.2,1177.937
2024-10-31T06:00:00Z,72312.2,72350.0,72150.0,72224.0,1944.28
2024-10-31T07:00:00Z,72224.0,72506.7,72153.0,72436.0,2389.085
2024-10-31T08:00:00Z,72436.0,72473.0,72157.7,72299.0,2792.586
2024-10-31T09:00:00Z,72299.0,72421.2,72269.7,72319.9,1506.568
2024-10-31T10:00:00Z,72319.9,72736.4,72234.8,72662.4,4267.363
2024-10-31T11:00:00Z,72662.4,72691.7,72223.0,72223.1,4810.772
2024-10-31T12:00:00Z,72223.1,72280.6,71882.3,72124.7,6192.696
2024-10-31T13:00:00Z,72124.7,72189.9,71112.0,71324.1,14761.76
2024-10-31T14:00:00Z,71324.1,71395.0,70644.1,70780.1,24005.539
2024-10-31T15:00:00Z,70780.1,71100.6,70459.0,70654.5,11547.923
2024-10-31T16:00:00Z,70654.5,70945.1,70388.0,70434.9,8326.113
2024-10-31T17:00:00Z,70434.9,70847.0,70377.9,70828.4,5872.958
2024-10-31T18:00:00Z,70828.4,70830.0,70067.0,70678.8,9991.279
2024-10-31T19:00:00Z,70678.8,70809.9,70080.1,70144.8,6181.92
2024-10-31T20:00:00Z,70144.8,70347.0,69719.3,70071.1,9706.85
2024-10-31T21:00:00Z,70071.1,70585.0,69881.8,70491.5,4943.237
2024-10-31T22:00:00Z,70491.5,70585.2,70210.0,70518.0,2785.946
2024-10-31T23:00:00Z,70518.0,70688.0,70332.0,70332.3,2856.411
2024-11-01T00:00:00Z,70332.3,70506.8,70178.1,70200.1,2899.683
2024-11-01T01:00:00Z,70200.1,70385.4,69300.1,69424.1,11277.906
2024-11-01T02:00:00Z,69424.1,69636.3,68855.0,69600.0,13476.224
2024-11-01T03:00:00Z,69600.0,69742.5,69346.3,69396.9,3366.548
2024-11-01T04:00:00Z,69396.9,69644.0,69368.1,69622.1,1736.339
2024-11-01T05:00:00Z,69622.1,69698.1,69541.2,69634.4,1316.481
2024-11-01T06:00:00Z,69634.4,69720.0,69231.0,69234.1,3474.34
2024-11-01T07:00:00Z,69234.1,69436.8,69086.3,69287.0,3833.113
2024-11-01T08:00:00Z,69287.0,69554.9,69252.7,69391.2,2092.034
2024-11-01T09:00:00Z,69391.2,69611.0,69329.0,69557.1,1756.947
2024-11-01T10:00:00Z,69557.1,70195.0,69540.8,70008.7,7931.022
2024-11-01T11:00:00Z,70008.7,70265.1,70008.6,70034.6,4019.27
2024-11-01T12:00:00Z,70034.6,70493.0,69901.2,70370.7,9153.544
2024-11-01T13:00:00Z,70370.7,71253.8,70154.8,71220.1,13074.75
2024-11-01T14:00:00Z,71220.1,71650.0,70918.0,71283.3,16427.132
2024-11-01T15:00:00Z,71283.3,71379.0,69018.0,69392.1,25310.295
2024-11-01T16:00:00Z,69392.1,70537.7,69360.0,69930.1,15382.437
2024-11-01T17:00:00Z,69930.1,70188.0,69450.3,69581.6,9656.05
2024-11-01T18:00:00Z,69581.6,69648.0,69058.2,69157.3,6904.593
2024-11-01T19:00:00Z,69157.3,69486.5,68800.0,69275.8,11575.109
2024-11-01T20:00:00Z,69275.8,69475.0,69171.6,69250.0,3492.738
2024-11-01T21:00:00Z,69250.0,69361.6,68839.7,69272.9,5040.517
2024-11-01T22:00:00Z,69272.9,69459.5,69238.2,69439.2,1848.334
2024-11-01T23:00:00Z,69439.2,69631.4,69363.0,69495.5,1686.521
2024-11-02T00:00:00Z,69495.5,69683.4,69476.4,69665.4,1491.279
2024-11-02T01:00:00Z,69665.4,69710.0,69509.3,69660.1,980.602
2024-11-02T02:00:00Z,69660.1,69919.0,69650.0,69660.5,1795.201
2024-11-02T03:00:00Z,69660.5,69791.5,69560.0,69597.4,1182.863
2024-11-02T04:00:00Z,69597.4,69628.6,69457.4,69565.2,1303.588
2024-11-02T05:00:00Z,69565.2,69734.2,69435.5,69715.4,1467.74
2024-11-02T06:00:00Z,69715.4,69760.7,69578.3,69755.6,942.016
2024-11-02T07:00:00Z,69755.6,69818.1,69673.1,69809.1,1608.204
2024-11-02T08:00:00Z,69809.1,69844.0,69561.1,69622.6,1369.678
2024-11-02T09:00:00Z,69622.6,69650.0,69485.7,69546.3,1709.877
2024-11-02T10:00:00Z,69546.3,69611.9,69387.5,69606.0,1952.136
2024-11-02T11:00:00Z,69606.0,69694.0,69559.0,69597.5,1100.931
2024-11-02T12:00:00Z,69597.5,69671.2,69370.7,69440.6,2783.9
2024-11-02T13:00:00Z,69440.6,69687.0,69350.0,69353.6,2787.991
2024-11-02T14:00:00Z,69353.6,69436.0,68981.6,69250.1,7219.34
2024-11-02T15:00:00Z,69250.1,69433.4,69114.5,69381.7,2321.963
2024-11-02T16:00:00Z,69381.7,69604.4,69306.0,69566.1,2257.852
2024-11-02T17:00:00Z,69566.1,69587.5,69320.0,69392.4,1379.315
2024-11-02T18:00:00Z,69392.4,69473.8,69209.6,69411.9,1437.762
2024-11-02T19:00:00Z,69411.9,69550.3,69368.2,69497.4,863.331
2024-11-02T20:00:00Z,69497.4,69568.7,69451.1,69541.2,724.348
2024-11-02T21:00:00Z,69541.2,69562.8,69426.0,69426.1,1080.265
2024-11-02T22:00:00Z,69426.1,69545.4,69338.2,69419.0,925.411
2024-11-02T23:00:00Z,69419.0,69441.0,69136.3,69363.6,2862.114
2024-11-03T00:00:00Z,69363.6,69382.9,69150.0,69150.0,1503.893
2024-11-03T01:00:00Z,69150.0,69212.3,68982.4,68996.8,2914.144
2024-11-03T02:00:00Z,68996.8,69010.2,67820.0,68202.2,19443.668
2024-11-03T03:00:00Z,68202.2,68468.8,68000.5,68360.9,4914.666
2024-11-03T04:00:00Z,68360.9,68697.9,68285.6,68580.1,3055.919
2024-11-03T05:00:00Z,68580.1,68689.9,68420.0,68431.8,2885.411
2024-11-03T06:00:00Z,68431.8,68766.0,68380.0,68572.9,1763.651
2024-11-03T07:00:00Z,68572.9,68700.0,68350.0,68395.0,1837.074
2024-11-03T08:00:00Z,68395.0,68600.0,68280.2,68470.0,2998.265
2024-11-03T09:00:00Z,68470.0,68517.3,68181.4,68232.0,2620.313
2024-11-03T10:00:00Z,68232.0,68562.5,68232.0,68430.9,2359.034
2024-11-03T11:00:00Z,68430.9,68580.0,68309.3,68344.8,1888.106
2024-11-03T12:00:00Z,68344.8,68565.5,68276.5,68479.3,1854.109
2024-11-03T13:00:00Z,68479.3,68502.7,67937.6,68041.0,5739.369
2024-11-03T14:00:00Z,68041.0,68190.8,67537.1,67770.0,13956.496
2024-11-03T15:00:00Z,67770.0,68202.9,67456.1,68073.3,10967.441
2024-11-03T16:00:00Z,68073.3,68535.9,68042.8,68141.4,8905.397
2024-11-03T17:00:00Z,68141.4,68476.4,68122.0,68345.7,3157.216
2024-11-03T18:00:00Z,68345.7,68433.7,67644.0,67996.8,6495.222
2024-11-03T19:00:00Z,67996.8,68699.9,67978.8,68673.3,6364.239
2024-11-03T20:00:00Z,68673.3,68970.2,68488.8,68952.5,5221.519
2024-11-03T21:00:00Z,68952.5,69339.7,68945.0,69121.0,6880.436
2024-11-03T22:00:00Z,69121.0,69280.0,68760.1,68847.5,3047.111
2024-11-03T23:00:00Z,68847.5,68894.6,68482.8,68743.6,4370.709
2024-11-04T00:00:00Z,68743.6,68743.6,68200.0,68697.8,4561.46
2024-11-04T01:00:00Z,68697.8,69025.4,68543.7,68958.8,3714.948
2024-11-04T02:00:00Z,68958.8,69318.3,68868.4,69289.1,3376.58
2024-11-04T03:00:00Z,69289.1,69497.0,68983.2,69037.0,3589.764
2024-11-04T04:00:00Z,69037.0,69385.0,69036.9,69139.8,2410.25
2024-11-04T05:00:00Z,69139.8,69173.4,68690.5,68810.1,3117.858
2024-11-04T06:00:00Z,68810.1,69166.0,68810.0,69118.6,2339.133
2024-11-04T07:00:00Z,69118.6,69168.0,68600.0,68600.3,3273.076
2024-11-04T08:00:00Z,68600.3,68737.7,68438.3,68681.9,4178.671
2024-11-04T09:00:00Z,68681.9,68905.2,68461.5,68625.6,3593.093
2024-11-04T10:00:00Z,68625.6,68898.3,68585.4,68819.9,2114.756
2024-11-04T11:00:00Z,68819.9,69036.2,68692.0,68779.4,2383.609
2024-11-04T12:00:00Z,68779.4,69000.0,68720.5,68953.6,1875.981
2024-11-04T13:00:00Z,68953.6,69246.3,68633.3,68653.0,6435.594
2024-11-04T14:00:00Z,68653.0,68715.3,68160.5,68379.2,10590.338
2024-11-04T15:00:00Z,68379.2,68750.0,68212.0,68627.2,6541.226
2024-11-04T16:00:00Z,68627.2,68826.3,67578.2,67738.8,15677.47
2024-11-04T17:00:00Z,67738.8,67929.8,67213.2,67825.7,15133.696
2024-11-04T18:00:00Z,67825.7,68048.0,67487.2,67646.1,6448.229
2024-11-04T19:00:00Z,67646.1,68079.7,67634.0,67849.6,3415.808
2024-11-04T20:00:00Z,67849.6,67849.6,67321.0,67356.8,7733.742
2024-11-04T21:00:00Z,67356.8,67633.0,66808.0,67110.3,18287.828
2024-11-04T22:00:00Z,67110.3,68107.3,67053.4,67918.8,6696.366
2024-11-04T23:00:00Z,67918.8,68034.4,67618.9,67838.7,3968.346
2024-11-05T00:00:00Z,67838.7,68191.1,67772.6,68023.9,3480.174
2024-11-05T01:00:00Z,68023.9,68090.0,67449.5,67986.3,4712.626
2024-11-05T02:00:00Z,67986.3,68066.6,67820.0,67870.8,2172.764
2024-11-05T03:00:00Z,67870.8,68279.8,67870.0,68236.3,1842.389
2024-11-05T04:00:00Z,68236.3,68514.3,68210.8,68311.9,2837.403
2024-11-05T05:00:00Z,68311.9,68799.8,68295.5,68737.7,3390.491
2024-11-05T06:00:00Z,68737.7,68812.6,68567.0,68772.1,2466.265
2024-11-05T07:00:00Z,68772.1,68990.0,68569.3,68900.0,3481.336
2024-11-05T08:00:00Z,68900.0,69061.8,68777.6,69038.3,3021.977
2024-11-05T09:00:00Z,69038.3,69112.0,68724.2,68780.0,3302.003
2024-11-05T10:00:00Z,68780.0,68857.6,68620.0,68771.5,2727.835
2024-11-05T11:00:00Z,68771.5,68975.0,68763.2,68810.2,2004.714
2024-11-05T12:00:00Z,68810.2,68950.8,68665.4,68873.0,2705.958
2024-11-05T13:00:00Z,68873.0,68909.3,68672.6,68816.7,2598.44
2024-11-05T14:00:00Z,68816.7,70329.6,68764.3,69945.1,23516.882
2024-11-05T15:00:00Z,69945.1,70059.7,69210.0,69610.2,15111.191
2024-11-05T16:00:00Z,69610.2,70540.0,69502.4,70160.4,13083.981
2024-11-05T17:00:00Z,70160.4,70441.8,69850.0,69918.0,6231.635
2024-11-05T18:00:00Z,69918.0,70238.3,69693.9,70194.9,4862.758
2024-11-05T19:00:00Z,70194.9,70244.2,68678.0,68978.9,13495.567
2024-11-05T20:00:00Z,68978.9,69635.3,68810.7,69420.5,10377.486
2024-11-05T21:00:00Z,69420.5,69589.2,69040.4,69141.2,4376.442
2024-11-05T22:00:00Z,69141.2,69573.0,68852.6,69565.1,4752.807
2024-11-05T23:00:00Z,69565.1,69889.4,69248.1,69345.7,6672.703
2024-11-06T00:00:00Z,69345.7,71439.0,69256.7,71070.0,23493.523
2024-11-06T01:00:00Z,71070.0,71394.0,70568.7,71103.7,14911.986
2024-11-06T02:00:00Z,71103.7,73355.7,70914.8,73107.4,29790.635
2024-11-06T03:00:00Z,73107.4,75389.0,73074.2,74394.9,48852.004
2024-11-06T04:00:00Z,74394.9,75055.1,73951.4,74296.7,21147.336
2024-11-06T05:00:00Z,74296.7,74898.0,73615.3,74807.7,16577.991
2024-11-06T06:00:00Z,74807.7,75499.8,74231.4,74302.1,23654.633
2024-11-06T07:00:00Z,74302.1,74716.6,73117.6,73440.8,19698.616
2024-11-06T08:00:00Z,73440.8,73611.2,72729.6,73494.3,17475.194
2024-11-06T09:00:00Z,73494.3,74148.4,73494.3,73807.2,8339.598
2024-11-06T10:00:00Z,73807.2,74000.0,73411.0,73868.1,6428.883
2024-11-06T11:00:00Z,73868.1,74573.6,73690.4,74315.7,8481.636
2024-11-06T12:00:00Z,74315.7,74816.4,74200.1,74216.2,7874.299
2024-11-06T13:00:00Z,74216.2,74322.8,73606.7,74020.1,9789.891
2024-11-06T14:00:00Z,74020.1,74761.6,73500.0,73670.9,19392.185
2024-11-06T15:00:00Z,73670.9,74526.0,73538.5,74308.1,14208.659
2024-11-06T16:00:00Z,74308.1,74599.8,74139.9,74339.7,7834.736
2024-11-06T17:00:00Z,74339.7,74690.0,74091.9,74477.8,6428.469
2024-11-06T18:00:00Z,74477.8,75254.9,74425.4,75252.0,9032.382
2024-11-06T19:00:00Z,75252.0,75964.0,75050.0,75830.8,14190.976
2024-11-06T20:00:00Z,75830.8,76433.6,75521.1,76110.2,14945.166
2024-11-06T21:00:00Z,76110.2,76195.8,75665.5,75917.1,6708.565
2024-11-06T22:00:00Z,75917.1,76064.6,75520.1,75652.0,4479.928
2024-11-06T23:00:00Z,75652.0,75863.4,75570.0,75599.9,2796.883
2024-11-07T00:00:00Z,75599.9,75671.7,75069.4,75380.3,5440.4
2024-11-07T01:00:00Z,75380.3,76119.0,75245.7,75424.3,9390.047
2024-11-07T02:00:00Z,75424.3,75518.7,75166.6,75306.0,3499.234
2024-11-07T03:00:00Z,75306.0,75431.7,75026.5,75072.1,3722.798
2024-11-07T04:00:00Z,75072.1,75087.8,74654.5,74774.1,4915.908
2024-11-07T05:00:00Z,74774.1,74973.1,74724.6,74813.8,3095.957
2024-11-07T06:00:00Z,74813.8,74889.2,74476.3,74811.9,5217.278
2024-11-07T07:00:00Z,74811.9,75009.6,74722.9,74801.6,2952.645
2024-11-07T08:00:00Z,74801.6,75228.9,74701.4,75206.4,4188.187
2024-11-07T09:00:00Z,75206.4,75206.5,74823.1,74967.4,2330.063
2024-11-07T10:00:00Z,74967.4,75087.0,74778.5,75069.6,2808.663
2024-11-07T11:00:00Z,75069.6,75086.0,74736.4,74787.0,2325.28
2024-11-07T12:00:00Z,74787.0,75164.1,74761.6,75041.0,2416.281
2024-11-07T13:00:00Z,75041.0,75080.9,74636.3,74707.7,3168.691
2024-11-07T14:00:00Z,74707.7,75097.7,74522.1,74855.3,6589.818
2024-11-07T15:00:00Z,74855.3,76119.9,74721.4,76113.9,12517.103
2024-11-07T16:00:00Z,76113.9,76265.8,75597.1,75936.2,8295.599
2024-11-07T17:00:00Z,75936.2,76543.5,75771.7,76295.9,8320.799
2024-11-07T18:00:00Z,76295.9,76770.8,75829.6,76622.7,11938.823
2024-11-07T19:00:00Z,76622.7,76638.0,75942.7,76564.9,12414.733
2024-11-07T20:00:00Z,76564.9,76890.0,76300.6,76454.3,8399.034
2024-11-07T21:00:00Z,76454.3,76607.0,75860.0,75901.6,4270.396
2024-11-07T22:00:00Z,75901.6,76023.9,75500.0,75881.5,5249.107
2024-11-07T23:00:00Z,75881.5,76096.9,75702.7,75874.8,3040.775
2024-11-08T00:00:00Z,75874.8,76397.3,75852.2,76044.5,4193.902
2024-11-08T01:00:00Z,76044.5,76363.7,75850.8,76019.4,3071.479
2024-11-08T02:00:00Z,76019.4,76063.1,75671.0,75745.4,2189.941
2024-11-08T03:00:00Z,75745.4,75935.0,75610.0,75935.0,2309.654
2024-11-08T04:00:00Z,75935.0,76074.0,75842.6,75869.9,1774.867
2024-11-08T05:00:00Z,75869.9,76210.4,75843.5,76034.2,2174.494
2024-11-08T06:00:00Z,76034.2,76065.4,75867.0,75919.9,1128.65
2024-11-08T07:00:00Z,75919.9,76288.0,75703.0,76213.2,3648.188
2024-11-08T08:00:00Z,76213.2,76234.3,75803.0,75845.9,2786.381
2024-11-08T09:00:00Z,75845.9,76135.0,75816.0,75999.5,2092.186
2024-11-08T10:00:00Z,75999.5,76374.0,75828.7,76275.2,2765.822
2024-11-08T11:00:00Z,76275.2,76334.7,75956.0,75974.4,2229.867
2024-11-08T12:00:00Z,75974.4,76219.0,75968.9,76102.6,2287.16
2024-11-08T13:00:00Z,76102.6,76322.1,75866.3,76306.2,4243.471
2024-11-08T14:00:00Z,76306.2,76349.9,75649.0,75790.1,7156.273
2024-11-08T15:00:00Z,75790.1,76659.8,75650.1,76464.7,14025.561
2024-11-08T16:00:00Z,76464.7,76573.6,75844.2,75943.5,7285.361
2024-11-08T17:00:00Z,75943.5,76571.2,75836.1,76408.1,6717.608
2024-11-08T18:00:00Z,76408.1,77120.0,76358.6,76831.9,9740.12
2024-11-08T19:00:00Z,76831.9,77220.3,76755.2,76938.3,7458.069
2024-11-08T20:00:00Z,76938.3,77114.2,76421.3,76585.4,7422.487
2024-11-08T21:00:00Z,76585.4,76711.4,76373.6,76486.3,2808.686
2024-11-08T22:00:00Z,76486.3,76634.0,76258.0,76375.9,2689.299
2024-11-08T23:00:00Z,76375.9,76536.8,76304.0,76514.2,1335.485
2024-11-09T00:00:00Z,76514.2,76656.0,76370.5,76439.7,1932.847
2024-11-09T01:00:00Z,76439.7,76562.9,76253.2,76322.6,1831.434
2024-11-09T02:00:00Z,76322.6,76449.6,76150.0,76440.0,1952.504
2024-11-09T03:00:00Z,76440.0,76460.4,76250.3,76350.1,997.989
2024-11-09T04:00:00Z,76350.1,76425.0,76311.0,76384.6,633.433
2024-11-09T05:00:00Z,76384.6,76685.7,76370.7,76571.0,2236.727
2024-11-09T06:00:00Z,76571.0,76831.0,76416.5,76528.0,3187.178
2024-11-09T07:00:00Z,76528.0,76555.5,76362.3,76544.9,1818.295
2024-11-09T08:00:00Z,76544.9,76745.3,76451.2,76561.2,1743.032
2024-11-09T09:00:00Z,76561.2,76660.7,76520.5,76560.3,1275.387
2024-11-09T10:00:00Z,76560.3,76640.0,76422.1,76480.9,1253.822
2024-11-09T11:00:00Z,76480.9,76537.2,76401.0,76508.1,990.802
2024-11-09T12:00:00Z,76508.1,76558.6,76290.0,76294.8,1974.858
2024-11-09T13:00:00Z,76294.8,76500.0,76292.2,76433.8,1214.311
2024-11-09T14:00:00Z,76433.8,76459.2,76265.1,76362.1,1984.32
2024-11-09T15:00:00Z,76362.1,76416.5,76279.0,76321.3,908.062
2024-11-09T16:00:00Z,76321.3,76337.9,76041.8,76093.4,3019.348
2024-11-09T17:00:00Z,76093.4,76262.8,75703.7,76250.1,5901.233
2024-11-09T18:00:00Z,76250.1,76424.0,76202.2,76377.6,2257.933
2024-11-09T19:00:00Z,76377.6,76752.4,76121.8,76223.5,4696.548
2024-11-09T20:00:00Z,76223.5,76377.2,76189.9,76305.0,1150.735
2024-11-09T21:00:00Z,76305.0,76526.1,76231.6,76462.1,1040.58
2024-11-09T22:00:00Z,76462.1,76639.8,76362.6,76531.5,1705.148
2024-11-09T23:00:00Z,76531.5,76950.0,76481.6,76701.7,4830.221
2024-11-10T00:00:00Z,76701.7,77149.2,76508.2,76898.1,4313.375
2024-11-10T01:00:00Z,76898.1,76984.0,76692.8,76728.2,2503.296
2024-11-10T02:00:00Z,76728.2,77542.2,76673.4,77058.1,8786.159
2024-11-10T03:00:00Z,77058.1,77493.2,77000.6,77242.0,4019.324
2024-11-10T04:00:00Z,77242.0,79667.0,77167.6,79279.1,22011.191
2024-11-10T05:00:00Z,79279.1,79899.7,78925.0,79160.1,19747.577
2024-11-10T06:00:00Z,79160.1,79335.9,78673.4,78968.7,6601.712
2024-11-10T07:00:00Z,78968.7,79197.5,78760.1,78855.9,4040.21
2024-11-10T08:00:00Z,78855.9,79196.0,78855.8,79177.3,2951.021
2024-11-10T09:00:00Z,79177.3,79549.9,79159.8,79425.5,4790.751
2024-11-10T10:00:00Z,79425.5,79853.7,79325.0,79604.3,5002.752
2024-11-10T11:00:00Z,79604.3,80196.0,79600.0,79933.5,9772.246
2024-11-10T12:00:00Z,79933.5,80221.8,79320.5,79716.7,9972.846
2024-11-10T13:00:00Z,79716.7,79965.1,79602.3,79784.1,3474.358
2024-11-10T14:00:00Z,79784.1,80048.2,79200.8,79542.8,7525.79
2024-11-10T15:00:00Z,79542.8,79807.9,79400.8,79730.8,3574.309
2024-11-10T16:00:00Z,79730.8,79848.7,79524.0,79838.2,2640.17
2024-11-10T17:00:00Z,79838.2,80863.2,79688.1,80420.4,12163.442
2024-11-10T18:00:00Z,80420.4,81163.5,80416.8,80616.6,11810.78
2024-11-10T19:00:00Z,80616.6,80921.1,79357.5,79800.0,14233.35
2024-11-10T20:00:00Z,79800.0,79968.4,79000.0,79008.0,9071.431
2024-11-10T21:00:00Z,79008.0,80095.2,78529.9,79935.4,12171.649
2024-11-10T22:00:00Z,79935.4,81700.0,79853.7,80677.2,17215.939
2024-11-10T23:00:00Z,80677.2,80773.4,80002.8,80428.5,5523.489
2024-11-11T00:00:00Z,80428.5,80888.5,80267.8,80640.0,4924.387
2024-11-11T01:00:00Z,80640.0,81828.5,80423.1,81276.0,8579.95
2024-11-11T02:00:00Z,81276.0,81604.9,81090.0,81510.7,4350.95
2024-11-11T03:00:00Z,81510.7,81943.8,81005.0,81680.0,5066.527
2024-11-11T04:00:00Z,81680.0,81800.0,81211.9,81501.3,3254.126
2024-11-11T05:00:00Z,81501.3,81637.3,80490.5,80781.6,6442.748
2024-11-11T06:00:00Z,80781.6,81298.0,80631.8,80948.3,5353.627
2024-11-11T07:00:00Z,80948.3,81262.9,80792.8,81158.8,3007.566
2024-11-11T08:00:00Z,81158.8,81435.0,81067.8,81296.4,3186.248
2024-11-11T09:00:00Z,81296.4,81837.9,81208.1,81754.8,5155.252
2024-11-11T10:00:00Z,81754.8,82440.9,81720.0,82045.5,11462.124
2024-11-11T11:00:00Z,82045.5,82294.5,81863.1,82184.7,4385.242
2024-11-11T12:00:00Z,82184.7,82555.0,81731.8,82199.1,10808.791
2024-11-11T13:00:00Z,82199.1,82260.0,81463.7,81874.3,9484.396
2024-11-11T14:00:00Z,81874.3,82740.0,81516.3,82525.6,21226.646
2024-11-11T15:00:00Z,82525.6,84381.4,82363.6,84099.8,34719.937
2024-11-11T16:00:00Z,84099.8,84949.9,83852.0,84227.2,22028.241
2024-11-11T17:00:00Z,84227.2,84916.5,84216.4,84637.0,9149.892
2024-11-11T18:00:00Z,84637.0,85920.0,84239.9,85899.9,16900.382
2024-11-11T19:00:00Z,85899.9,87128.3,85471.1,86163.7,25002.737
2024-11-11T20:00:00Z,86163.7,87433.5,86102.8,86886.5,18711.984
2024-11-11T21:00:00Z,86886.5,88439.0,86694.5,87959.0,20622.846
2024-11-11T22:00:00Z,87959.0,88202.4,86459.6,88103.7,18820.882
2024-11-11T23:00:00Z,88103.7,89828.0,88103.6,88765.4,29234.07
2024-11-12T00:00:00Z,88765.4,89150.0,86565.6,89076.1,22377.59
2024-11-12T01:00:00Z,89076.1,89594.2,88444.0,88614.5,13066.395
2024-11-12T02:00:00Z,88614.5,88953.7,87040.5,87764.2,11914.86
2024-11-12T03:00:00Z,87764.2,88359.4,87544.5,88157.0,7949.18
2024-11-12T04:00:00Z,88157.0,89124.0,87800.0,88525.1,8884.622
2024-11-12T05:00:00Z,88525.1,88904.9,88240.8,88482.4,5591.376
2024-11-12T06:00:00Z,88482.4,89979.5,88268.1,89653.5,11322.657
2024-11-12T07:00:00Z,89653.5,90077.0,89060.2,89095.3,11214.223
2024-11-12T08:00:00Z,89095.3,89500.0,88820.8,89478.9,6439.956
2024-11-12T09:00:00Z,89478.9,89594.2,87752.8,87757.2,14085.26
2024-11-12T10:00:00Z,87757.2,88168.0,85458.2,86957.2,35907.23
2024-11-12T11:00:00Z,86957.2,87982.6,86700.3,87255.9,18855.765
2024-11-12T12:00:00Z,87255.9,87976.4,86289.0,86439.7,11875.472
2024-11-12T13:00:00Z,86439.7,86636.9,85150.0,86440.0,20170.262
2024-11-12T14:00:00Z,86440.0,87177.8,85267.7,87056.4,17726.562
2024-11-12T15:00:00Z,87056.4,87549.1,86130.9,86658.6,16121.285
2024-11-12T16:00:00Z,86658.6,87724.6,85784.6,87131.7,16088.913
2024-11-12T17:00:00Z,87131.7,87991.2,86892.8,87019.0,8658.177
2024-11-12T18:00:00Z,87019.0,88959.5,86927.2,88855.9,10564.295
2024-11-12T19:00:00Z,88855.9,89866.4,88673.2,88781.1,12991.219
2024-11-12T20:00:00Z,88781.1,90000.0,88737.9,89540.9,8666.406
2024-11-12T21:00:00Z,89540.9,89782.6,88000.0,88292.1,11319.978
2024-11-12T22:00:00Z,88292.1,88707.5,87621.1,88664.6,6319.761
2024-11-12T23:00:00Z,88664.6,88664.6,87347.2,87968.0,6623.762
2024-11-13T00:00:00Z,87968.0,88521.9,87628.6,88095.5,4511.067
2024-11-13T01:00:00Z,88095.5,88616.3,87742.1,88325.1,5239.523
2024-11-13T02:00:00Z,88325.1,88400.0,87065.3,87938.4,6958.127
2024-11-13T03:00:00Z,87938.4,88233.0,87072.4,87185.6,5233.237
2024-11-13T04:00:00Z,87185.6,87749.8,86235.5,87200.4,10672.998
2024-11-13T05:00:00Z,87200.4,87494.0,86470.0,86566.0,6798.366
2024-11-13T06:00:00Z,86566.0,86944.5,86113.6,86486.0,7921.591
2024-11-13T07:00:00Z,86486.0,87518.1,86453.1,87383.4,5691.806
2024-11-13T08:00:00Z,87383.4,87747.0,87131.5,87272.5,5927.036
2024-11-13T09:00:00Z,87272.5,87595.6,87107.5,87444.9,3136.367
2024-11-13T10:00:00Z,87444.9,87621.9,87200.0,87597.5,3139.031
2024-11-13T11:00:00Z,87597.5,88174.0,87494.0,87710.2,6660.284
2024-11-13T12:00:00Z,87710.2,88062.3,87550.0,87674.7,3243.384
2024-11-13T13:00:00Z,87674.7,89801.0,87575.0,89235.5,19584.513
2024-11-13T14:00:00Z,89235.5,91924.0,88700.0,91586.6,36678.035
2024-11-13T15:00:00Z,91586.6,92818.5,90514.9,92625.8,28264.427
2024-11-13T16:00:00Z,92625.8,93400.0,91533.3,92326.7,23285.501
2024-11-13T17:00:00Z,92326.7,92913.8,91839.0,92314.7,9544.083
2024-11-13T18:00:00Z,92314.7,93234.8,92091.3,92877.0,8067.137
2024-11-13T19:00:00Z,92877.0,92937.1,89965.4,90219.0,28670.974
2024-11-13T20:00:00Z,90219.0,91243.4,89309.4,89724.8,17661.053
2024-11-13T21:00:00Z,89724.8,89820.0,87968.8,88538.0,22125.669
2024-11-13T22:00:00Z,88538.0,89859.9,88347.4,89750.3,5351.313
2024-11-13T23:00:00Z,89750.3,90577.4,89271.0,90411.2,6896.707
2024-11-14T00:00:00Z,90411.2,90545.0,89738.9,90170.4,5509.632
2024-11-14T01:00:00Z,90170.4,90526.4,89520.1,90436.9,6106.327
2024-11-14T02:00:00Z,90436.9,90646.0,89718.0,90165.1,3581.255
2024-11-14T03:00:00Z,90165.1,90299.7,89575.0,90001.4,3042.032
2024-11-14T04:00:00Z,90001.4,90273.9,89301.6,90182.1,3934.836
2024-11-14T05:00:00Z,90182.1,90182.1,89705.8,90020.0,2389.947
2024-11-14T06:00:00Z,90020.0,90366.6,89347.1,89351.8,3884.611
2024-11-14T07:00:00Z,89351.8,90954.5,89162.0,90858.6,7476.236
2024-11-14T08:00:00Z,90858.6,91529.4,90400.1,90637.0,11100.01
2024-11-14T09:00:00Z,90637.0,91026.6,90440.0,91012.8,3515.072
2024-11-14T10:00:00Z,91012.8,91518.0,90892.4,91181.2,5569.902
2024-11-14T11:00:00Z,91181.2,91755.8,90527.5,91549.9,7184.846
2024-11-14T12:00:00Z,91549.9,91682.8,91010.4,91300.0,4909.994
2024-11-14T13:00:00Z,91300.0,91447.3,90625.4,90823.9,5374.805
2024-11-14T14:00:00Z,90823.9,91889.7,88711.0,88775.0,24114.37
2024-11-14T15:00:00Z,88775.0,89668.0,87817.8,87956.3,25508.555
2024-11-14T16:00:00Z,87956.3,89264.3,87514.1,89211.9,16554.127
2024-11-14T17:00:00Z,89211.9,89399.8,88591.8,89253.0,5611.165
2024-11-14T18:00:00Z,89253.0,89708.5,88942.3,89133.9,4486.325
2024-11-14T19:00:00Z,89133.9,89699.4,89121.2,89499.9,3199.259
2024-11-14T20:00:00Z,89499.9,89499.9,87575.7,87621.2,10945.389
2024-11-14T21:00:00Z,87621.2,88324.9,87031.2,88247.3,11346.205
2024-11-14T22:00:00Z,88247.3,88390.0,87062.9,87650.4,8964.132
2024-11-14T23:00:00Z,87650.4,87794.4,86661.0,87367.3,10879.853
2024-11-15T00:00:00Z,87367.3,88471.5,87281.5,87908.7,7517.295
2024-11-15T01:00:00Z,87908.7,88226.2,87405.5,88143.6,5032.336
2024-11-15T02:00:00Z,88143.6,88485.3,87763.1,88396.4,2310.093
2024-11-15T03:00:00Z,88396.4,88550.1,88145.0,88242.3,2062.767
2024-11-15T04:00:00Z,88242.3,88281.7,87083.7,87470.9,5070.908
2024-11-15T05:00:00Z,87470.9,87898.1,87280.0,87749.4,2927.839
2024-11-15T06:00:00Z,87749.4,88221.9,87609.0,88210.0,2650.535
2024-11-15T07:00:00Z,88210.0,88421.0,87640.0,87672.0,3002.904
2024-11-15T08:00:00Z,87672.0,88200.0,87400.1,88123.3,3975.008
2024-11-15T09:00:00Z,88123.3,89423.8,88063.2,89227.3,7980.951
2024-11-15T10:00:00Z,89227.3,89500.0,88974.1,89398.6,3842.497
2024-11-15T11:00:00Z,89398.6,89806.0,89175.3,89775.3,3982.304
2024-11-15T12:00:00Z,89775.3,90787.8,89616.8,89800.2,11147.616
2024-11-15T13:00:00Z,89800.2,90562.0,89240.6,90213.1,8421.86
2024-11-15T14:00:00Z,90213.1,90260.4,88600.0,89143.0,16547.507
2024-11-15T15:00:00Z,89143.0,89175.6,87768.1,88450.5,16404.528
2024-11-15T16:00:00Z,88450.5,89817.9,88391.6,89382.1,10732.88
2024-11-15T17:00:00Z,89382.1,89980.0,89177.2,89503.1,5989.775
2024-11-15T18:00:00Z,89503.1,89837.2,89222.1,89389.5,3667.994
2024-11-15T19:00:00Z,89389.5,90899.9,89263.4,90416.4,10155.03
2024-11-15T20:00:00Z,90416.4,91526.3,90368.2,91492.8,9505.346
2024-11-15T21:00:00Z,91492.8,91948.0,91120.0,91751.6,7068.794
2024-11-15T22:00:00Z,91751.6,91932.9,91000.0,91285.8,4573.854
2024-11-15T23:00:00Z,91285.8,91539.7,90955.9,91125.2,3273.972
2024-11-16T00:00:00Z,91125.2,91416.8,90935.5,91088.2,3423.562
2024-11-16T01:00:00Z,91088.2,91521.7,91019.9,91306.7,2371.334
2024-11-16T02:00:00Z,91306.7,91796.9,91213.4,91491.7,2555.675
2024-11-16T03:00:00Z,91491.7,91677.6,91075.0,91321.3,2158.413
2024-11-16T04:00:00Z,91321.3,91477.2,91123.0,91363.9,1144.131
2024-11-16T05:00:00Z,91363.9,91856.3,91230.3,91413.9,2000.85
2024-11-16T06:00:00Z,91413.9,91527.7,91233.4,91277.5,1586.832
2024-11-16T07:00:00Z,91277.5,91484.9,91170.0,91220.5,1629.288
2024-11-16T08:00:00Z,91220.5,91500.0,91100.0,91488.2,1653.997
2024-11-16T09:00:00Z,91488.2,91541.6,91287.0,91313.0,1180.881
2024-11-16T10:00:00Z,91313.0,91683.6,91284.4,91465.0,1564.183
2024-11-16T11:00:00Z,91465.0,91488.1,91070.0,91246.5,2908.338
2024-11-16T12:00:00Z,91246.5,91390.0,90551.9,90959.9,6143.222
2024-11-16T13:00:00Z,90959.9,91268.8,90742.3,90829.6,2900.779
2024-11-16T14:00:00Z,90829.6,91138.0,90668.0,91041.5,2093.54
2024-11-16T15:00:00Z,91041.5,91090.0,90125.0,90582.2,5634.167
2024-11-16T16:00:00Z,90582.2,90913.5,90268.2,90677.1,3457.381
2024-11-16T17:00:00Z,90677.1,91094.9,90572.1,90994.8,2161.524
2024-11-16T18:00:00Z,90994.8,91491.9,90908.5,91379.9,2852.59
2024-11-16T19:00:00Z,91379.9,91429.9,91032.0,91207.8,1685.602
2024-11-16T20:00:00Z,91207.8,91266.0,90737.8,90821.5,3274.493
2024-11-16T21:00:00Z,90821.5,91144.8,90764.3,91075.6,1426.84
2024-11-16T22:00:00Z,91075.6,91078.3,90268.6,90383.9,2556.308
2024-11-16T23:00:00Z,90383.9,90715.0,90356.4,90625.4,2367.211
2024-11-17T00:00:00Z,90625.4,90955.0,90625.4,90885.3,1586.059
2024-11-17T01:00:00Z,90885.3,90950.0,90031.1,90315.9,4544.708
2024-11-17T02:00:00Z,90315.9,90333.0,89418.6,90081.0,7536.479
2024-11-17T03:00:00Z,90081.0,90319.7,89821.0,90314.1,2802.986
2024-11-17T04:00:00Z,90314.1,90764.2,90214.8,90644.1,3373.72
2024-11-17T05:00:00Z,90644.1,90968.7,90465.3,90541.4,3058.136
2024-11-17T06:00:00Z,90541.4,90886.3,90450.0,90730.4,1287.299
2024-11-17T07:00:00Z,90730.4,90750.0,90431.9,90629.9,1610.006
2024-11-17T08:00:00Z,90629.9,91153.8,90555.4,91083.7,2768.647
2024-11-17T09:00:00Z,91083.7,91601.8,91056.0,91410.4,4007.104
2024-11-17T10:00:00Z,91410.4,91446.3,90896.7,91166.3,2261.881
2024-11-17T11:00:00Z,91166.3,91187.8,90548.9,90771.5,4833.675
2024-11-17T12:00:00Z,90771.5,91275.2,90715.1,91158.2,2645.788
2024-11-17T13:00:00Z,91158.2,91182.4,90350.9,90573.4,4046.451
2024-11-17T14:00:00Z,90573.4,90848.0,90000.0,90383.4,4371.692
2024-11-17T15:00:00Z,90383.4,90648.0,90171.6,90328.2,2193.06
2024-11-17T16:00:00Z,90328.2,90624.9,90135.4,90545.4,1650.226
2024-11-17T17:00:00Z,90545.4,90799.0,90186.5,90674.2,2435.769
2024-11-17T18:00:00Z,90674.2,90725.2,89873.2,90012.7,3517.995
2024-11-17T19:00:00Z,90012.7,90228.9,89758.6,90130.6,2946.09
2024-11-17T20:00:00Z,90130.6,90311.0,89566.3,89724.4,4136.884
2024-11-17T21:00:00Z,89724.4,89845.0,88954.1,89188.7,6177.694
2024-11-17T22:00:00Z,89188.7,89795.2,88735.7,89609.1,5867.578
2024-11-17T23:00:00Z,89609.1,89941.7,89387.0,89900.0,3611.04
2024-11-18T00:00:00Z,89900.0,90168.0,89667.2,90000.3,3688.786
2024-11-18T01:00:00Z,90000.3,91091.4,89941.0,90838.0,4790.366
2024-11-18T02:00:00Z,90838.0,90929.8,90467.2,90582.7,2007.76
2024-11-18T03:00:00Z,90582.7,90769.9,90372.0,90755.5,1735.117
2024-11-18T04:00:00Z,90755.5,90792.2,90517.0,90518.2,829.167
2024-11-18T05:00:00Z,90518.2,90922.5,90518.2,90704.6,1267.543
2024-11-18T06:00:00Z,90704.6,92249.9,90704.6,92218.8,7656.218
2024-11-18T07:00:00Z,92218.8,92444.0,91520.7,91800.0,7088.769
2024-11-18T08:00:00Z,91800.0,92267.0,91633.7,91901.7,3525.656
2024-11-18T09:00:00Z,91901.7,92333.0,91743.0,91825.0,3118.816
2024-11-18T10:00:00Z,91825.0,92124.8,91755.9,91870.6,3130.779
2024-11-18T11:00:00Z,91870.6,91988.0,90092.0,90339.9,14345.946
2024-11-18T12:00:00Z,90339.9,90828.3,90153.5,90583.2,6614.136
2024-11-18T13:00:00Z,90583.2,90658.5,89424.0,89553.8,12763.236
2024-11-18T14:00:00Z,89553.8,91189.2,89480.7,90372.1,15562.926
2024-11-18T15:00:00Z,90372.1,92757.6,90309.5,92444.7,17407.754
2024-11-18T16:00:00Z,92444.7,92746.2,91173.5,91503.3,12486.925
2024-11-18T17:00:00Z,91503.3,92352.4,90966.0,91661.5,11626.912
2024-11-18T18:00:00Z,91661.5,91768.0,90120.6,90426.4,7758.633
2024-11-18T19:00:00Z,90426.4,90728.8,89721.0,90672.3,9243.309
2024-11-18T20:00:00Z,90672.3,91998.0,90467.3,91540.1,12421.888
2024-11-18T21:00:00Z,91540.1,92044.1,91219.0,91363.2,6270.027
2024-11-18T22:00:00Z,91363.2,91533.3,91000.0,91230.2,2148.968
2024-11-18T23:00:00Z,91230.2,91307.9,90303.7,90535.0,5012.343
2024-11-19T00:00:00Z,90535.0,91292.3,90435.9,91115.8,3683.971
2024-11-19T01:00:00Z,91115.8,91329.6,90670.7,90790.0,2403.175
2024-11-19T02:00:00Z,90790.0,91368.0,90778.2,91326.3,2224.833
2024-11-19T03:00:00Z,91326.3,91649.4,91235.0,91514.9,1872.96
2024-11-19T04:00:00Z,91514.9,91888.0,91322.7,91604.3,2820.304
2024-11-19T05:00:00Z,91604.3,91989.9,91282.3,91965.6,2666.894
2024-11-19T06:00:00Z,91965.6,92073.8,91672.5,92037.3,2824.56
2024-11-19T07:00:00Z,92037.3,92117.1,91655.7,91690.5,2482.774
2024-11-19T08:00:00Z,91690.5,91880.0,91477.7,91872.9,3057.865
2024-11-19T09:00:00Z,91872.9,92050.0,91242.0,91776.1,5477.034
2024-11-19T10:00:00Z,91776.1,92034.1,91522.4,91845.3,2640.286
2024-11-19T11:00:00Z,91845.3,91939.0,91585.9,91719.0,1818.558
2024-11-19T12:00:00Z,91719.0,92636.0,91719.0,92540.3,8276.05
2024-11-19T13:00:00Z,92540.3,92877.0,91074.9,91178.4,14222.87
2024-11-19T14:00:00Z,91178.4,92385.4,91020.0,91884.5,16258.994
2024-11-19T15:00:00Z,91884.5,92500.0,91544.4,92453.3,8925.86
2024-11-19T16:00:00Z,92453.3,92699.9,92147.0,92614.2,5034.386
2024-11-19T17:00:00Z,92614.2,93373.1,92358.2,92925.2,10881.476
2024-11-19T18:00:00Z,92925.2,93933.5,92781.0,93698.4,16593.932
2024-11-19T19:00:00Z,93698.4,93980.0,93064.1,93280.5,10821.531
2024-11-19T20:00:00Z,93280.5,93643.0,92133.3,92466.6,11700.056
2024-11-19T21:00:00Z,92466.6,92793.8,91800.0,92239.2,11818.776
2024-11-19T22:00:00Z,92239.2,92480.0,91228.0,91853.7,6746.238
2024-11-19T23:00:00Z,91853.7,92341.4,91614.0,92341.4,3981.934
2024-11-20T00:00:00Z,92341.4,92460.7,92012.8,92066.9,2935.388
2024-11-20T01:00:00Z,92066.9,92294.1,91750.0,92015.1,2818.803
2024-11-20T02:00:00Z,92015.1,92082.9,91618.8,91798.7,2773.4
2024-11-20T03:00:00Z,91798.7,92124.9,91511.0,92092.2,3485.763
2024-11-20T04:00:00Z,92092.2,92322.2,91901.1,92159.9,1680.325
2024-11-20T05:00:00Z,92159.9,92592.0,92004.4,92575.5,2643.025
2024-11-20T06:00:00Z,92575.5,92716.0,92425.0,92453.1,2442.213
2024-11-20T07:00:00Z,92453.1,92916.5,92366.3,92903.5,2546.95
2024-11-20T08:00:00Z,92903.5,93420.6,92764.5,93260.4,4590.717
2024-11-20T09:00:00Z,93260.4,93733.6,92995.8,93130.3,6028.704
2024-11-20T10:00:00Z,93130.3,93588.2,93057.3,93338.3,3071.594
2024-11-20T11:00:00Z,93338.3,93700.0,92860.9,93527.6,5454.475
2024-11-20T12:00:00Z,93527.6,93817.0,93367.4,93593.0,6007.669
2024-11-20T13:00:00Z,93593.0,94677.3,93593.0,94435.7,13993.624
2024-11-20T14:00:00Z,94435.7,94818.5,93863.7,94669.0,13260.285
2024-11-20T15:00:00Z,94669.0,94898.9,94075.8,94776.2,9417.421
2024-11-20T16:00:00Z,94776.2,94881.5,93333.0,94100.0,13379.203
2024-11-20T17:00:00Z,94100.0,94388.3,93606.8,93921.0,6303.465
2024-11-20T18:00:00Z,93921.0,94297.2,93100.0,93705.9,9614.206
2024-11-20T19:00:00Z,93705.9,94031.2,93247.1,94031.1,4425.223
2024-11-20T20:00:00Z,94031.1,94650.0,93840.0,94279.7,5920.056
2024-11-20T21:00:00Z,94279.7,94527.5,93907.6,94368.1,3548.941
2024-11-20T22:00:00Z,94368.1,94531.8,93951.9,94170.7,2469.687
2024-11-20T23:00:00Z,94170.7,94319.7,93781.2,94315.3,2365.323
2024-11-21T00:00:00Z,94315.3,94978.8,94218.6,94764.0,5869.963
2024-11-21T01:00:00Z,94764.0,95000.0,94616.1,94734.5,4690.066
2024-11-21T02:00:00Z,94734.5,94797.4,94032.0,94410.5,5860.34
2024-11-21T03:00:00Z,94410.5,96100.0,94396.2,95859.7,15528.343
2024-11-21T04:00:00Z,95859.7,97872.3,95859.6,97665.2,20933.668
2024-11-21T05:00:00Z,97665.2,97969.1,96727.7,97376.4,14176.808
2024-11-21T06:00:00Z,97376.4,97469.0,96848.5,97065.2,5643.613
2024-11-21T07:00:00Z,97065.2,97477.9,96973.8,96980.0,3816.13
2024-11-21T08:00:00Z,96980.0,97231.5,96779.3,97169.7,3885.617
2024-11-21T09:00:00Z,97169.7,97790.0,97080.0,97673.0,5453.618
2024-11-21T10:00:00Z,97673.0,97827.6,97320.0,97788.3,3686.463
2024-11-21T11:00:00Z,97788.3,98450.0,97760.2,98034.8,11717.807
2024-11-21T12:00:00Z,98034.8,98330.1,97337.3,97362.1,9757.301
2024-11-21T13:00:00Z,97362.1,97829.3,97111.7,97600.1,7238.05
2024-11-21T14:00:00Z,97600.1,97766.6,96550.0,97110.9,11947.438
2024-11-21T15:00:00Z,97110.9,97210.0,95666.1,96739.1,18308.253
2024-11-21T16:00:00Z,96739.1,97472.3,96350.2,97215.2,7412.124
2024-11-21T17:00:00Z,97215.2,98159.9,96972.3,98146.5,5312.735
2024-11-21T18:00:00Z,98146.5,98600.0,97720.6,98330.0,8700.295
2024-11-21T19:00:00Z,98330.0,99111.0,97805.3,97922.2,13256.114
2024-11-21T20:00:00Z,97922.2,98764.0,97614.4,98174.4,8656.408
2024-11-21T21:00:00Z,98174.4,98250.0,97533.3,98016.9,7693.647
2024-11-21T22:00:00Z,98016.9,98550.0,97893.2,98415.9,2669.422
2024-11-21T23:00:00Z,98415.9,98814.4,98361.6,98382.9,3152.074
2024-11-22T00:00:00Z,98382.9,98589.7,97910.0,98062.8,3495.531
2024-11-22T01:00:00Z,98062.8,98432.4,97824.5,98128.8,3515.172
2024-11-22T02:00:00Z,98128.8,98878.5,98083.0,98689.2,4083.794
2024-11-22T03:00:00Z,98689.2,99428.6,98468.3,98916.2,7217.31
2024-11-22T04:00:00Z,98916.2,99197.0,98750.0,98879.9,3431.888
2024-11-22T05:00:00Z,98879.9,99089.9,98565.1,98850.5,2420.255
2024-11-22T06:00:00Z,98850.5,99125.8,98700.1,99097.6,2421.075
2024-11-22T07:00:00Z,99097.6,99572.0,98955.9,99261.5,6627.921
2024-11-22T08:00:00Z,99261.5,99407.0,98829.7,98911.3,3734.929
2024-11-22T09:00:00Z,98911.3,98946.2,98460.1,98800.1,4252.033
2024-11-22T10:00:00Z,98800.1,98873.1,98343.6,98473.0,3863.037
2024-11-22T11:00:00Z,98473.0,99017.8,98305.4,98955.0,3262.444
2024-11-22T12:00:00Z,98955.0,99037.6,98572.7,98717.8,4435.754
2024-11-22T13:00:00Z,98717.8,98717.9,97400.0,97820.1,16139.964
2024-11-22T14:00:00Z,97820.1,98230.3,97210.0,97373.4,10719.429
2024-11-22T15:00:00Z,97373.4,98843.0,97233.2,98715.2,9499.475
2024-11-22T16:00:00Z,98715.2,99078.2,98275.2,98921.4,7190.043
2024-11-22T17:00:00Z,98921.4,99388.7,98807.6,98854.2,8498.809
2024-11-22T18:00:00Z,98854.2,99230.7,98705.6,99166.9,4751.857
2024-11-22T19:00:00Z,99166.9,99690.0,98868.2,99144.5,8953.258
2024-11-22T20:00:00Z,99144.5,99535.6,98977.6,99230.9,5659.327
2024-11-22T21:00:00Z,99230.9,99358.9,98742.1,99341.2,4929.405
2024-11-22T22:00:00Z,99341.2,99426.9,98536.3,98676.7,2946.346
2024-11-22T23:00:00Z,98676.7,98961.6,98676.7,98947.0,1292.079
2024-11-23T00:00:00Z,98947.0,98970.9,98596.6,98693.0,1909.826
2024-11-23T01:00:00Z,98693.0,98718.0,98342.9,98639.5,2469.364
2024-11-23T02:00:00Z,98639.5,98663.8,98334.9,98548.9,1789.74
2024-11-23T03:00:00Z,98548.9,98866.9,98460.1,98729.4,1416.932
2024-11-23T04:00:00Z,98729.4,98770.0,98325.0,98640.5,2364.147
2024-11-23T05:00:00Z,98640.5,98831.7,98474.7,98813.7,1534.787
2024-11-23T06:00:00Z,98813.7,98874.6,98665.5,98786.0,939.371
2024-11-23T07:00:00Z,98786.0,98801.3,98480.1,98631.2,1175.094
2024-11-23T08:00:00Z,98631.2,98735.4,98438.0,98523.9,1510.683
2024-11-23T09:00:00Z,98523.9,98622.8,98434.1,98525.6,891.921
2024-11-23T10:00:00Z,98525.6,98650.0,98390.0,98484.4,1626.873
2024-11-23T11:00:00Z,98484.4,98585.2,98436.3,98479.3,910.567
2024-11-23T12:00:00Z,98479.3,98698.9,98463.3,98688.7,1326.151
2024-11-23T13:00:00Z,98688.7,98935.0,98608.0,98616.0,2009.277
2024-11-23T14:00:00Z,98616.0,98873.3,98530.6,98828.0,2063.446
2024-11-23T15:00:00Z,98828.0,98873.0,98417.9,98440.1,2671.534
2024-11-23T16:00:00Z,98440.1,98527.0,97607.9,97790.0,10235.413
2024-11-23T17:00:00Z,97790.0,98146.0,97380.0,97980.1,6087.545
2024-11-23T18:00:00Z,97980.1,98076.9,97673.7,97931.8,2233.705
2024-11-23T19:00:00Z,97931.8,97931.8,97400.1,97581.2,2343.113
2024-11-23T20:00:00Z,97581.2,97809.1,97185.9,97791.6,4426.967
2024-11-23T21:00:00Z,97791.6,98128.9,97585.9,98048.7,2596.584
2024-11-23T22:00:00Z,98048.7,98115.1,97500.1,97719.3,1928.304
2024-11-23T23:00:00Z,97719.3,97822.1,97412.9,97740.2,1541.328
2024-11-24T00:00:00Z,97740.2,98087.9,97697.3,97989.6,1735.157
2024-11-24T01:00:00Z,97989.6,98487.3,97989.6,98270.7,2199.336
2024-11-24T02:00:00Z,98270.7,98653.3,98270.7,98480.3,1874.288
2024-11-24T03:00:00Z,98480.3,98525.9,98165.0,98275.0,1337.262
2024-11-24T04:00:00Z,98275.0,98338.9,97956.0,98249.6,1364.899
2024-11-24T05:00:00Z,98249.6,98373.1,97979.9,98360.5,1655.354
2024-11-24T06:00:00Z,98360.5,98499.9,98110.7,98436.9,1170.496
2024-11-24T07:00:00Z,98436.9,98487.2,98237.5,98475.0,937.052
2024-11-24T08:00:00Z,98475.0,98500.0,98004.1,98137.1,1805.854
2024-11-24T09:00:00Z,98137.1,98285.4,97877.1,98018.4,1763.843
2024-11-24T10:00:00Z,98018.4,98050.0,97504.4,97750.1,2473.719
2024-11-24T11:00:00Z,97750.1,97823.9,97293.6,97340.1,4095.857
2024-11-24T12:00:00Z,97340.1,97483.7,96473.1,96986.1,9759.762
2024-11-24T13:00:00Z,96986.1,97710.0,96821.4,97307.8,5890.872
2024-11-24T14:00:00Z,97307.8,97315.0,96638.2,97123.6,6875.008
2024-11-24T15:00:00Z,97123.6,97173.9,95979.9,95981.2,8885.415
2024-11-24T16:00:00Z,95981.2,96873.4,95800.3,96499.9,7527.004
2024-11-24T17:00:00Z,96499.9,96516.0,95808.5,95965.3,6010.82
2024-11-24T18:00:00Z,95965.3,96634.6,95895.7,96600.0,3510.028
2024-11-24T19:00:00Z,96600.0,96600.0,96191.3,96408.9,1843.797
2024-11-24T20:00:00Z,96408.9,96918.0,96268.7,96897.3,2293.507
2024-11-24T21:00:00Z,96897.3,97058.8,96652.4,97033.5,1486.155
2024-11-24T22:00:00Z,97033.5,98113.1,97033.5,98110.7,6320.219
2024-11-24T23:00:00Z,98110.7,98473.7,97636.3,98027.7,7360.397
2024-11-25T00:00:00Z,98027.7,98199.5,97661.9,97840.6,4957.141
2024-11-25T01:00:00Z,97840.6,97978.4,96938.6,97297.8,5329.098
2024-11-25T02:00:00Z,97297.8,97830.0,97285.2,97456.5,2050.521
2024-11-25T03:00:00Z,97456.5,97974.5,97407.1,97964.6,1819.174
2024-11-25T04:00:00Z,97964.6,98135.4,97621.6,97879.2,2423.776
2024-11-25T05:00:00Z,97879.2,98328.6,97852.9,98150.9,2522.813
2024-11-25T06:00:00Z,98150.9,98467.9,98110.9,98155.7,2580.162
2024-11-25T07:00:00Z,98155.7,98358.1,97811.9,98129.0,2604.64
2024-11-25T08:00:00Z,98129.0,98383.8,97935.7,98299.9,2231.563
2024-11-25T09:00:00Z,98299.9,98979.9,98285.6,98583.3,5946.478
2024-11-25T10:00:00Z,98583.3,98789.5,98285.7,98411.6,3131.653
2024-11-25T11:00:00Z,98411.6,98681.6,98108.5,98264.1,3320.459
2024-11-25T12:00:00Z,98264.1,98406.8,97925.0,97976.8,3758.417
2024-11-25T13:00:00Z,97976.8,98017.0,97303.0,97545.3,10216.48
2024-11-25T14:00:00Z,97545.3,97729.8,95400.0,95470.8,17137.98
2024-11-25T15:00:00Z,95470.8,96582.4,94650.0,96053.8,27016.998
2024-11-25T16:00:00Z,96053.8,96578.4,95740.1,95983.7,7512.227
2024-11-25T17:00:00Z,95983.7,95988.0,94900.1,95312.9,9630.959
2024-11-25T18:00:00Z,95312.9,96002.0,94907.4,95216.5,6642.478
2024-11-25T19:00:00Z,95216.5,95357.0,94400.0,94721.9,9475.569
2024-11-25T20:00:00Z,94721.9,95379.4,94551.0,95046.8,6026.497
2024-11-25T21:00:00Z,95046.8,95249.3,93612.0,93827.8,11469.984
2024-11-25T22:00:00Z,93827.8,94460.7,92620.0,94438.4,16632.101
2024-11-25T23:00:00Z,94438.4,94438.4,92813.1,93004.1,13230.728
2024-11-26T00:00:00Z,93004.1,94387.9,92731.2,93855.3,8613.374
2024-11-26T01:00:00Z,93855.3,94917.4,93836.1,94911.8,4780.179
2024-11-26T02:00:00Z,94911.8,94975.0,94471.1,94641.0,2403.362
2024-11-26T03:00:00Z,94641.0,94780.0,94260.5,94538.2,2865.581
2024-11-26T04:00:00Z,94538.2,94607.0,94135.0,94351.2,2175.477
2024-11-26T05:00:00Z,94351.2,94749.9,94248.4,94710.9,1396.756
2024-11-26T06:00:00Z,94710.9,95063.1,94494.8,94552.8,2546.147
2024-11-26T07:00:00Z,94552.8,94586.6,93550.0,93828.0,6392.099
2024-11-26T08:00:00Z,93828.0,93828.0,92345.0,93183.3,14562.903
2024-11-26T09:00:00Z,93183.3,93794.9,93109.5,93575.2,6960.816
2024-11-26T10:00:00Z,93575.2,93811.1,92313.4,92383.5,6461.771
2024-11-26T11:00:00Z,92383.5,92749.8,91500.2,92400.1,14786.071
2024-11-26T12:00:00Z,92400.1,92718.8,91850.0,92211.8,6433.885
2024-11-26T13:00:00Z,92211.8,92979.5,91971.4,92223.9,5666.54
2024-11-26T14:00:00Z,92223.9,93592.1,91783.9,93321.6,10829.821
2024-11-26T15:00:00Z,93321.6,93624.0,92340.2,92853.7,10544.594
2024-11-26T16:00:00Z,92853.7,94749.9,92733.3,94093.9,12550.294
2024-11-26T17:00:00Z,94093.9,94127.0,93491.8,93622.5,5545.178
2024-11-26T18:00:00Z,93622.5,93707.7,92042.8,92150.0,12067.346
2024-11-26T19:00:00Z,92150.0,92735.9,91616.0,91737.9,6861.243
2024-11-26T20:00:00Z,91737.9,92099.0,90835.5,91124.2,15222.17
2024-11-26T21:00:00Z,91124.2,92009.8,90918.6,91762.9,6818.442
2024-11-26T22:00:00Z,91762.9,92442.3,91601.0,91893.4,4350.17
2024-11-26T23:00:00Z,91893.4,92133.3,91649.3,92025.6,2880.72
2024-11-27T00:00:00Z,92025.6,92500.0,91857.6,92008.9,4448.266
2024-11-27T01:00:00Z,92008.9,92916.4,91888.0,92837.7,4531.306
2024-11-27T02:00:00Z,92837.7,93149.9,92343.8,93019.5,5468.475
2024-11-27T03:00:00Z,93019.5,93030.0,92577.0,92658.1,2672.542
2024-11-27T04:00:00Z,92658.1,93284.0,92561.1,92637.9,3757.894
2024-11-27T05:00:00Z,92637.9,92889.5,92419.9,92831.5,1917.937
2024-11-27T06:00:00Z,92831.5,93469.0,92831.5,93122.4,3188.977
2024-11-27T07:00:00Z,93122.4,93718.2,93080.8,93655.7,2639.515
2024-11-27T08:00:00Z,93655.7,93666.6,93303.0,93505.1,2363.896
2024-11-27T09:00:00Z,93505.1,93556.5,93163.9,93465.0,2099.752
2024-11-27T10:00:00Z,93465.0,93967.9,93410.0,93872.2,3047.218
2024-11-27T11:00:00Z,93872.2,93882.1,93370.0,93431.3,2509.448
2024-11-27T12:00:00Z,93431.3,93567.0,92889.0,93562.6,4726.512
2024-11-27T13:00:00Z,93562.6,94345.9,93468.3,94345.9,5805.539
2024-11-27T14:00:00Z,94345.9,94990.0,94168.3,94932.9,12079.451
2024-11-27T15:00:00Z,94932.9,95950.0,94386.3,95653.5,13310.867
2024-11-27T16:00:00Z,95653.5,96432.1,95286.8,95755.9,10077.996
2024-11-27T17:00:00Z,95755.9,96395.5,95395.0,96321.5,5875.796
2024-11-27T18:00:00Z,96321.5,96684.1,96085.4,96196.6,5153.04
2024-11-27T19:00:00Z,96196.6,96714.0,95980.3,96708.3,3181.201
2024-11-27T20:00:00Z,96708.3,97276.0,96355.7,96558.2,8843.718
2024-11-27T21:00:00Z,96558.2,96668.8,96100.8,96332.1,4290.427
2024-11-27T22:00:00Z,96332.1,96575.1,96081.2,96115.2,3143.743
2024-11-27T23:00:00Z,96115.2,96246.1,95810.9,95908.7,3318.165
2024-11-28T00:00:00Z,95908.7,96648.0,95777.1,96625.0,4172.557
2024-11-28T01:00:00Z,96625.0,96630.6,96138.5,96342.3,2707.407
2024-11-28T02:00:00Z,96342.3,96537.9,95686.1,95777.3,2783.616
2024-11-28T03:00:00Z,95777.3,95867.7,94840.6,95544.9,8715.242
2024-11-28T04:00:00Z,95544.9,95900.0,95380.3,95806.0,3320.436
2024-11-28T05:00:00Z,95806.0,95978.8,95385.3,95500.1,3384.14
2024-11-28T06:00:00Z,95500.1,95772.4,95110.8,95536.0,3657.137
2024-11-28T07:00:00Z,95536.0,95839.2,95281.8,95373.3,2746.05
2024-11-28T08:00:00Z,95373.3,95688.0,95159.0,95526.2,2536.449
2024-11-28T09:00:00Z,95526.2,95593.7,94992.4,95029.9,2487.379
2024-11-28T10:00:00Z,95029.9,95228.2,94707.0,95030.0,6077.484
2024-11-28T11:00:00Z,95030.0,95875.0,94822.6,95524.0,4921.981
2024-11-28T12:00:00Z,95524.0,95750.0,95255.3,95545.0,3293.403
2024-11-28T13:00:00Z,95545.0,95850.0,95082.1,95772.0,4032.19
2024-11-28T14:00:00Z,95772.0,96300.0,95405.9,95450.1,5589.87
2024-11-28T15:00:00Z,95450.1,95584.9,94950.1,95070.5,4482.402
2024-11-28T16:00:00Z,95070.5,95397.6,94854.9,95038.2,3022.902
2024-11-28T17:00:00Z,95038.2,95345.0,94904.6,94955.9,2143.075
2024-11-28T18:00:00Z,94955.9,95424.8,94929.8,95383.5,1502.024
2024-11-28T19:00:00Z,95383.5,95529.0,95105.8,95205.0,1332.111
2024-11-28T20:00:00Z,95205.0,95224.5,94770.4,94888.1,1855.386
2024-11-28T21:00:00Z,94888.1,95294.6,94875.3,95212.5,1905.073
2024-11-28T22:00:00Z,95212.5,95728.4,95100.0,95710.0,2641.338
2024-11-28T23:00:00Z,95710.0,96097.6,95586.4,95702.8,3158.756
2024-11-29T00:00:00Z,95702.8,95904.2,95420.3,95540.6,2036.641
2024-11-29T01:00:00Z,95540.6,96050.1,95486.5,95987.4,1717.58
2024-11-29T02:00:00Z,95987.4,96951.9,95977.5,96817.7,5629.397
2024-11-29T03:00:00Z,96817.7,96883.5,96491.0,96658.2,1986.067
2024-11-29T04:00:00Z,96658.2,96699.9,96299.6,96335.5,2670.118
2024-11-29T05:00:00Z,96335.5,96604.7,96186.6,96224.0,1935.637
2024-11-29T06:00:00Z,96224.0,96449.2,96057.2,96342.2,2176.906
2024-11-29T07:00:00Z,96342.2,96504.6,95669.8,95702.4,3496.148
2024-11-29T08:00:00Z,95702.4,96088.7,95700.1,96064.1,2298.146
2024-11-29T09:00:00Z,96064.1,96560.1,95932.5,96448.1,2993.796
2024-11-29T10:00:00Z,96448.1,96949.0,96383.0,96945.7,3698.64
2024-11-29T11:00:00Z,96945.7,97478.6,96615.8,97327.3,5231.131
2024-11-29T12:00:00Z,97327.3,97586.0,96932.5,97006.0,5207.367
2024-11-29T13:00:00Z,97006.0,97335.0,96833.2,97289.9,3139.22
2024-11-29T14:00:00Z,97289.9,98153.9,96972.0,98091.2,7419.923
2024-11-29T15:00:00Z,98091.2,98735.3,97764.2,98084.0,13102.241
2024-11-29T16:00:00Z,98084.0,98550.0,97778.5,97886.2,8372.914
2024-11-29T17:00:00Z,97886.2,97919.7,97021.7,97029.2,7370.041
2024-11-29T18:00:00Z,97029.2,97436.2,96910.5,97245.0,2997.532
2024-11-29T19:00:00Z,97245.0,97512.5,96921.4,97407.1,3285.662
2024-11-29T20:00:00Z,97407.1,97712.8,97254.0,97368.8,1969.771
2024-11-29T21:00:00Z,97368.8,97500.0,97040.8,97447.9,1559.215
2024-11-29T22:00:00Z,97447.9,97552.7,97280.2,97352.4,1182.88
2024-11-29T23:00:00Z,97352.4,97568.8,97157.1,97526.7,1069.677
2024-11-30T00:00:00Z,97526.7,97539.8,97031.2,97053.3,2153.113
2024-11-30T01:00:00Z,97053.3,97054.5,96515.0,96519.9,4090.067
2024-11-30T02:00:00Z,96519.9,96799.3,96429.6,96693.9,2925.38
2024-11-30T03:00:00Z,96693.9,96785.5,96480.0,96725.7,1314.25
2024-11-30T04:00:00Z,96725.7,96816.1,96589.2,96750.0,1200.571
2024-11-30T05:00:00Z,96750.0,97252.9,96745.1,97162.8,2007.86
2024-11-30T06:00:00Z,97162.8,97324.1,96659.8,96707.1,4318.537
2024-11-30T07:00:00Z,96707.1,97007.4,96619.4,96866.0,1103.444
2024-11-30T08:00:00Z,96866.0,97051.4,96772.1,97031.4,1113.068
2024-11-30T09:00:00Z,97031.4,97031.5,96672.2,96851.9,1419.399
2024-11-30T10:00:00Z,96851.9,96886.1,96166.2,96201.6,3954.528
2024-11-30T11:00:00Z,96201.6,96517.7,96151.0,96334.8,2378.017
2024-11-30T12:00:00Z,96334.8,96634.6,96310.0,96619.2,1248.387
2024-11-30T13:00:00Z,96619.2,96746.0,96455.8,96466.1,1679.686
2024-11-30T14:00:00Z,96466.1,96789.3,96340.0,96516.8,1692.957
2024-11-30T15:00:00Z,96516.8,96800.0,96450.1,96704.6,883.981
2024-11-30T16:00:00Z,96704.6,97031.2,96574.5,96934.1,1624.493
2024-11-30T17:00:00Z,96934.1,97036.5,96827.7,96845.4,942.539
2024-11-30T18:00:00Z,96845.4,97084.1,96823.6,97034.9,967.813
2024-11-30T19:00:00Z,97034.9,97129.9,96929.9,97061.1,732.466
2024-11-30T20:00:00Z,97061.1,97108.7,96854.4,97035.6,694.426
2024-11-30T21:00:00Z,97035.6,97047.9,96829.5,96851.1,743.203
2024-11-30T22:00:00Z,96851.1,96889.4,96396.9,96531.9,1770.702
2024-11-30T23:00:00Z,96531.9,96654.6,96381.9,96484.0,1161.239
2024-12-01T00:00:00Z,96484.0,96749.5,96313.0,96400.2,2366.751
2024-12-01T01:00:00Z,96400.2,96591.2,96108.9,96169.3,2867.937
2024-12-01T02:00:00Z,96169.3,96517.3,95750.0,95846.8,7296.172
2024-12-01T03:00:00Z,95846.8,96523.5,95829.0,96402.5,2616.475
2024-12-01T04:00:00Z,96402.5,96620.6,96263.3,96591.9,1335.071
2024-12-01T05:00:00Z,96591.9,96604.0,96365.6,96405.4,2009.351
2024-12-01T06:00:00Z,96405.4,96583.3,96380.0,96408.1,779.855
2024-12-01T07:00:00Z,96408.1,96581.0,96378.1,96539.8,673.327
2024-12-01T08:00:00Z,96539.8,97290.0,96493.3,97124.0,5371.569
2024-12-01T09:00:00Z,97124.0,97189.3,96922.8,97108.0,1285.49
2024-12-01T10:00:00Z,97108.0,97120.0,96603.9,96886.4,1745.876
2024-12-01T11:00:00Z,96886.4,97205.0,96886.3,97177.1,1631.092
2024-12-01T12:00:00Z,97177.1,97189.0,96840.0,96840.0,1528.755
2024-12-01T13:00:00Z,96840.0,97473.0,96733.0,97140.9,3680.131
2024-12-01T14:00:00Z,97140.9,97416.9,97026.4,97353.6,2107.673
2024-12-01T15:00:00Z,97353.6,97382.8,97019.3,97094.6,1852.864
2024-12-01T16:00:00Z,97094.6,97426.6,97054.6,97270.0,1805.959
2024-12-01T17:00:00Z,97270.0,97387.5,97100.0,97387.5,992.019
2024-12-01T18:00:00Z,97387.5,97600.0,97122.1,97173.5,2633.262
2024-12-01T19:00:00Z,97173.5,97369.2,97010.0,97224.2,1942.629
2024-12-01T20:00:00Z,97224.2,97257.1,96823.7,97157.1,2631.979
2024-12-01T21:00:00Z,97157.1,97879.2,97097.6,97844.9,3256.901
2024-12-01T22:00:00Z,97844.9,97929.4,97433.3,97643.1,2285.727
2024-12-01T23:00:00Z,97643.1,97866.0,97250.0,97265.4,2420.659
2024-12-02T00:00:00Z,97265.4,97693.2,97150.0,97532.8,3109.305
2024-12-02T01:00:00Z,97532.8,98270.7,97473.0,98077.6,5338.701
2024-12-02T02:00:00Z,98077.6,98161.9,97529.3,97734.0,1935.175
2024-12-02T03:00:00Z,97734.0,97761.0,96400.8,96537.2,5556.587
2024-12-02T04:00:00Z,96537.2,96912.8,96105.0,96761.4,7143.048
2024-12-02T05:00:00Z,96761.4,97007.8,96400.0,96421.5,2909.804
2024-12-02T06:00:00Z,96421.5,96497.1,96168.4,96337.3,3972.307
2024-12-02T07:00:00Z,96337.3,96527.8,95792.3,96040.0,4859.351
2024-12-02T08:00:00Z,96040.0,96176.5,94915.0,95097.5,10006.757
2024-12-02T09:00:00Z,95097.5,95624.8,95000.5,95549.6,4187.475
2024-12-02T10:00:00Z,95549.6,95559.5,94858.0,95010.9,4946.079
2024-12-02T11:00:00Z,95010.9,95379.0,94910.0,95177.1,3637.22
2024-12-02T12:00:00Z,95177.1,95462.0,94761.0,95021.4,4386.673
2024-12-02T13:00:00Z,95021.4,95871.4,94852.0,95737.8,7899.308
2024-12-02T14:00:00Z,95737.8,96884.1,95552.3,96385.1,9218.049
2024-12-02T15:00:00Z,96385.1,97304.4,95789.4,97127.8,10973.051
2024-12-02T16:00:00Z,97127.8,97450.0,96045.5,96223.6,12854.494
2024-12-02T17:00:00Z,96223.6,96649.9,94455.0,94661.9,10805.027
2024-12-02T18:00:00Z,94661.9,95899.8,94540.5,95687.7,6682.462
2024-12-02T19:00:00Z,95687.7,95936.7,95207.7,95869.8,4047.581
2024-12-02T20:00:00Z,95869.8,96397.7,95475.4,95720.4,4751.773
2024-12-02T21:00:00Z,95720.4,95820.0,95379.8,95456.2,2440.416
2024-12-02T22:00:00Z,95456.2,95593.5,95147.4,95432.1,1824.895
2024-12-02T23:00:00Z,95432.1,95923.6,95388.3,95886.6,1882.831
2024-12-03T00:00:00Z,95886.6,96169.2,95732.9,95873.5,2169.367
2024-12-03T01:00:00Z,95873.5,95989.4,95517.5,95587.3,2042.325
2024-12-03T02:00:00Z,95587.3,96389.0,95452.6,96120.8,3118.838
2024-12-03T03:00:00Z,96120.8,96287.2,95974.0,96144.1,983.724
2024-12-03T04:00:00Z,96144.1,96312.1,95966.5,95994.7,1231.569
2024-12-03T05:00:00Z,95994.7,96261.5,95916.0,96214.5,908.773
2024-12-03T06:00:00Z,96214.5,96343.6,95608.0,95717.0,1992.626
2024-12-03T07:00:00Z,95717.0,95809.0,95321.9,95599.1,4245.039
2024-12-03T08:00:00Z,95599.1,95725.0,95362.3,95592.2,2433.494
2024-12-03T09:00:00Z,95592.2,95602.8,95217.6,95326.8,1794.187
2024-12-03T10:00:00Z,95326.8,95549.8,94701.9,94763.8,3638.625
2024-12-03T11:00:00Z,94763.8,95109.7,94655.4,95055.0,3917.321
2024-12-03T12:00:00Z,95055.0,95057.8,94744.0,94874.1,2295.183
2024-12-03T13:00:00Z,94874.1,94935.8,93710.5,93767.1,10789.878
2024-12-03T14:00:00Z,93767.1,95500.0,93605.4,95282.6,17977.881
2024-12-03T15:00:00Z,95282.6,96333.0,95158.1,95746.0,14973.404
2024-12-03T16:00:00Z,95746.0,96260.3,94914.7,95169.5,9757.228
2024-12-03T17:00:00Z,95169.5,95998.9,94945.0,95914.7,5463.554
2024-12-03T18:00:00Z,95914.7,95914.8,95332.1,95545.3,3429.523
2024-12-03T19:00:00Z,95545.3,95591.2,95010.0,95512.3,3501.488
2024-12-03T20:00:00Z,95512.3,95747.0,95327.4,95663.1,2262.185
2024-12-03T21:00:00Z,95663.1,96192.9,95600.0,96078.9,3803.64
2024-12-03T22:00:00Z,96078.9,96208.8,95716.1,96203.4,1998.59
2024-12-03T23:00:00Z,96203.4,96221.0,95880.0,95919.6,1616.9
2024-12-04T00:00:00Z,95919.6,96117.3,95650.0,95820.5,1935.242
2024-12-04T01:00:00Z,95820.5,96736.8,95554.8,96303.8,4384.486
2024-12-04T02:00:00Z,96303.8,96321.1,95277.7,95865.1,4002.097
2024-12-04T03:00:00Z,95865.1,95989.8,95674.3,95870.2,1419.852
2024-12-04T04:00:00Z,95870.2,96086.8,95810.0,96086.8,1212.191
2024-12-04T05:00:00Z,96086.8,96570.3,96074.9,96570.0,2045.54
2024-12-04T06:00:00Z,96570.0,96827.1,96359.3,96637.3,3365.724
2024-12-04T07:00:00Z,96637.3,96796.4,96502.3,96682.1,2254.331
2024-12-04T08:00:00Z,96682.1,96925.0,96608.9,96788.2,2431.447
2024-12-04T09:00:00Z,96788.2,97066.6,96760.0,96925.9,2164.288
2024-12-04T10:00:00Z,96925.9,96953.4,96546.0,96621.2,1979.052
2024-12-04T11:00:00Z,96621.2,96629.5,96260.0,96283.1,2389.228
2024-12-04T12:00:00Z,96283.1,96374.6,95734.7,96039.4,4913.897
2024-12-04T13:00:00Z,96039.4,96086.0,95432.7,95746.2,4546.012
2024-12-04T14:00:00Z,95746.2,96663.9,95532.0,95911.4,8524.654
2024-12-04T15:00:00Z,95911.4,96491.2,95443.6,95819.1,9244.096
2024-12-04T16:00:00Z,95819.1,95906.3,94638.0,94872.3,12360.765
2024-12-04T17:00:00Z,94872.3,95642.8,94726.8,95609.4,5528.574
2024-12-04T18:00:00Z,95609.4,96281.9,95504.8,96172.0,5538.451
2024-12-04T19:00:00Z,96172.0,97306.0,96071.2,97285.2,9325.425
2024-12-04T20:00:00Z,97285.2,99117.6,97199.0,98795.6,21489.649
2024-12-04T21:00:00Z,98795.6,98962.3,97508.5,97778.5,9804.698
2024-12-04T22:00:00Z,97778.5,98668.2,97616.2,98224.0,5316.247
2024-12-04T23:00:00Z,98224.0,99100.0,98218.0,98671.8,4883.639
2024-12-05T00:00:00Z,98671.8,98888.8,98297.3,98387.1,4299.549
2024-12-05T01:00:00Z,98387.1,98750.0,97966.7,98257.5,4533.475
2024-12-05T02:00:00Z,98257.5,102445.8,98227.6,101568.0,32698.415
2024-12-05T03:00:00Z,101568.0,104698.8,101558.6,103140.8,27043.437
2024-12-05T04:00:00Z,103140.8,103748.6,102632.7,103497.5,8460.908
2024-12-05T05:00:00Z,103497.5,103649.9,101927.8,102636.9,8943.756
2024-12-05T06:00:00Z,102636.9,102861.1,101590.0,102004.3,6429.416
2024-12-05T07:00:00Z,102004.3,102697.7,101416.6,102339.7,6205.365
2024-12-05T08:00:00Z,102339.7,103042.5,102339.7,102894.6,4019.516
2024-12-05T09:00:00Z,102894.6,103288.0,102704.0,102838.7,3312.502
2024-12-05T10:00:00Z,102838.7,103080.7,102386.6,102412.2,3366.178
2024-12-05T11:00:00Z,102412.2,102828.0,102382.3,102698.1,2281.702
2024-12-05T12:00:00Z,102698.1,103501.9,102571.3,102967.6,5520.471
2024-12-05T13:00:00Z,102967.6,103389.2,102810.8,102891.3,3695.231
2024-12-05T14:00:00Z,102891.3,103697.4,102402.6,103627.2,8223.021
2024-12-05T15:00:00Z,103627.2,103632.1,101011.0,101382.3,20465.347
2024-12-05T16:00:00Z,101382.3,102138.0,100678.3,101167.8,11349.149
2024-12-05T17:00:00Z,101167.8,101495.8,100647.1,101413.4,5049.483
2024-12-05T18:00:00Z,101413.4,101644.9,100279.7,100291.3,8052.754
2024-12-05T19:00:00Z,100291.3,101050.1,98725.0,99129.3,17491.655
2024-12-05T20:00:00Z,99129.3,99517.3,97906.2,99135.0,21341.526
2024-12-05T21:00:00Z,99135.0,99578.7,98854.2,98962.8,5520.346
2024-12-05T22:00:00Z,98962.8,99114.6,90530.0,96571.7,47749.083
2024-12-05T23:00:00Z,96571.7,97503.0,95303.5,96977.9,16659.374
2024-12-06T00:00:00Z,96977.9,97826.4,96319.6,97603.1,8519.852
2024-12-06T01:00:00Z,97603.1,98878.8,97158.7,98178.7,7392.407
2024-12-06T02:00:00Z,98178.7,98218.6,97500.1,97641.9,4723.332
2024-12-06T03:00:00Z,97641.9,97813.9,97217.7,97801.9,3701.509
2024-12-06T04:00:00Z,97801.9,98063.8,97425.5,97945.1,2125.465
2024-12-06T05:00:00Z,97945.1,98367.2,97686.0,97922.9,3027.293
2024-12-06T06:00:00Z,97922.9,98320.0,97809.0,98130.5,2506.471
2024-12-06T07:00:00Z,98130.5,98340.4,97817.1,98193.1,2547.692
2024-12-06T08:00:00Z,98193.1,98750.0,98075.0,98391.1,3694.488
2024-12-06T09:00:00Z,98391.1,98494.4,97917.0,98030.0,4722.297
2024-12-06T10:00:00Z,98030.0,98231.2,97660.5,98164.3,3609.212
2024-12-06T11:00:00Z,98164.3,98372.5,97826.5,98101.4,2574.269
2024-12-06T12:00:00Z,98101.4,98436.9,97517.5,97651.7,3739.159
2024-12-06T13:00:00Z,97651.7,98948.0,97528.1,98636.9,7799.728
2024-12-06T14:00:00Z,98636.9,99545.0,98381.8,99524.4,12144.632
2024-12-06T15:00:00Z,99524.4,99533.4,98584.2,99336.3,8120.922
2024-12-06T16:00:00Z,99336.3,99566.8,98778.2,99042.2,4790.568
2024-12-06T17:00:00Z,99042.2,101356.9,98904.2,100861.8,13216.982
2024-12-06T18:00:00Z,100861.8,101828.2,100611.4,101419.6,9588.62
2024-12-06T19:00:00Z,101419.6,101879.9,101224.7,101516.2,3935.375
2024-12-06T20:00:00Z,101516.2,101998.7,101121.4,101450.7,8014.064
2024-12-06T21:00:00Z,101450.7,101541.3,100322.3,100438.0,5555.726
2024-12-06T22:00:00Z,100438.0,100823.6,100404.1,100566.5,2120.707
2024-12-06T23:00:00Z,100566.5,100659.2,99076.4,99789.9,7045.898
2024-12-07T00:00:00Z,99789.9,100466.0,99585.5,100333.8,3275.918
2024-12-07T01:00:00Z,100333.8,100496.8,99876.0,100107.6,1804.258
2024-12-07T02:00:00Z,100107.6,100238.8,99919.6,99983.5,987.853
2024-12-07T03:00:00Z,99983.5,99998.5,99329.1,99359.9,2590.154
2024-12-07T04:00:00Z,99359.9,99740.0,99076.4,99562.8,2717.114
2024-12-07T05:00:00Z,99562.8,99696.9,98883.4,99207.4,2807.384
2024-12-07T06:00:00Z,99207.4,99443.6,99111.0,99392.0,1513.778
2024-12-07T07:00:00Z,99392.0,99548.3,99144.2,99454.4,2311.301
2024-12-07T08:00:00Z,99454.4,99622.0,99310.6,99463.3,1942.444
2024-12-07T09:00:00Z,99463.3,99876.3,99450.0,99712.5,2861.514
2024-12-07T10:00:00Z,99712.5,99761.1,99462.0,99561.4,1213.225
2024-12-07T11:00:00Z,99561.4,99800.0,99455.8,99655.0,1001.63
2024-12-07T12:00:00Z,99655.0,99738.1,99393.1,99458.1,1185.593
2024-12-07T13:00:00Z,99458.1,99560.0,99337.0,99392.4,863.756
2024-12-07T14:00:00Z,99392.4,99847.2,99063.5,99502.9,3412.736
2024-12-07T15:00:00Z,99502.9,99897.9,99368.6,99807.9,3490.65
2024-12-07T16:00:00Z,99807.9,99869.5,99526.6,99695.3,1173.996
2024-12-07T17:00:00Z,99695.3,99800.0,99514.2,99704.1,1070.061
2024-12-07T18:00:00Z,99704.1,100344.9,99646.1,100189.3,2546.963
2024-12-07T19:00:00Z,100189.3,100343.5,99968.8,100144.9,2088.038
2024-12-07T20:00:00Z,100144.9,100445.4,100144.5,100388.9,1196.654
2024-12-07T21:00:00Z,100388.9,100540.2,99733.4,99947.2,2517.826
2024-12-07T22:00:00Z,99947.2,100141.6,99659.0,99668.2,1249.486
2024-12-07T23:00:00Z,99668.2,100370.6,99653.7,99913.0,1684.326
2024-12-08T00:00:00Z,99913.0,100072.1,99710.3,100065.0,768.359
2024-12-08T01:00:00Z,100065.0,100218.7,99765.6,99928.1,1127.988
2024-12-08T02:00:00Z,99928.1,100418.4,99821.5,100227.2,1307.154
2024-12-08T03:00:00Z,100227.2,100360.0,99982.2,100000.2,883.252
2024-12-08T04:00:00Z,100000.2,100109.9,99755.0,99815.3,1452.824
2024-12-08T05:00:00Z,99815.3,99864.0,99344.3,99601.0,1928.296
2024-12-08T06:00:00Z,99601.0,99880.0,99400.0,99750.0,1193.46
2024-12-08T07:00:00Z,99750.0,99951.8,99690.1,99755.8,847.162
2024-12-08T08:00:00Z,99755.8,99778.0,99020.0,99048.0,3000.564
2024-12-08T09:00:00Z,99048.0,99389.0,98729.1,98967.2,4027.476
2024-12-08T10:00:00Z,98967.2,99511.2,98956.0,99310.1,2146.839
2024-12-08T11:00:00Z,99310.1,99953.0,99181.3,99784.9,2846.435
2024-12-08T12:00:00Z,99784.9,100288.0,99496.2,99995.0,3597.74
2024-12-08T13:00:00Z,99995.0,100596.4,99885.0,100477.6,3278.725
2024-12-08T14:00:00Z,100477.6,100500.0,99797.4,99826.8,2273.415
2024-12-08T15:00:00Z,99826.8,100081.4,99406.1,99986.1,4759.337
2024-12-08T16:00:00Z,99986.1,100220.1,99791.0,99900.5,2269.846
2024-12-08T17:00:00Z,99900.5,100080.4,99679.7,100011.3,1617.378
2024-12-08T18:00:00Z,100011.3,100091.0,99629.5,99715.7,1731.147
2024-12-08T19:00:00Z,99715.7,100287.3,99524.0,100171.2,2323.921
2024-12-08T20:00:00Z,100171.2,100225.6,99841.3,99846.8,2501.66
2024-12-08T21:00:00Z,99846.8,100139.1,99768.8,100095.5,1303.558
2024-12-08T22:00:00Z,100095.5,100355.9,99929.2,100292.5,1085.73
2024-12-08T23:00:00Z,100292.5,101464.8,100165.9,101186.8,5514.213
2024-12-09T00:00:00Z,101186.8,101296.1,99312.5,99715.2,10579.231
2024-12-09T01:00:00Z,99715.2,99925.2,99444.0,99580.0,2473.671
2024-12-09T02:00:00Z,99580.0,99789.4,99048.7,99246.5,4010.181
2024-12-09T03:00:00Z,99246.5,99433.1,98245.5,99155.0,5824.961
2024-12-09T04:00:00Z,99155.0,99529.1,98822.6,99493.0,3903.33
2024-12-09T05:00:00Z,99493.0,99618.7,99367.0,99492.6,1445.078
2024-12-09T06:00:00Z,99492.6,99535.8,98903.0,99087.2,2956.85
2024-12-09T07:00:00Z,99087.2,99816.0,98359.9,99649.2,7237.623
2024-12-09T08:00:00Z,99649.2,99779.9,98872.4,98972.0,6683.088
2024-12-09T09:00:00Z,98972.0,99170.0,98433.5,98450.6,4832.739
2024-12-09T10:00:00Z,98450.6,98830.0,98333.0,98771.2,3264.346
2024-12-09T11:00:00Z,98771.2,98771.2,98093.1,98137.5,4082.855
2024-12-09T12:00:00Z,98137.5,98700.0,98008.2,98656.1,4159.462
2024-12-09T13:00:00Z,98656.1,99300.0,98291.0,99069.9,6734.038
2024-12-09T14:00:00Z,99069.9,100497.6,98923.1,100224.5,8584.113
2024-12-09T15:00:00Z,100224.5,100500.0,97555.0,97847.9,19447.269
2024-12-09T16:00:00Z,97847.9,98429.9,97500.0,97870.1,8982.851
2024-12-09T17:00:00Z,97870.1,98285.0,97350.6,97398.7,3810.741
2024-12-09T18:00:00Z,97398.7,98300.0,97375.4,97826.7,3902.011
2024-12-09T19:00:00Z,97826.7,97826.7,97032.0,97117.9,6115.103
2024-12-09T20:00:00Z,97117.9,97385.6,96170.0,96300.0,11041.368
2024-12-09T21:00:00Z,96300.0,97658.3,93888.0,96958.3,27378.754
2024-12-09T22:00:00Z,96958.3,97475.5,94669.7,97035.3,13618.062
2024-12-09T23:00:00Z,97035.3,97598.3,96745.0,97329.0,4342.267
2024-12-10T00:00:00Z,97329.0,98187.0,97028.1,97895.1,5252.487
2024-12-10T01:00:00Z,97895.1,98099.8,97500.0,97960.9,3198.58
2024-12-10T02:00:00Z,97960.9,97980.0,96620.2,96689.6,4804.223
2024-12-10T03:00:00Z,96689.6,96977.3,95559.7,96946.4,10437.731
2024-12-10T04:00:00Z,96946.4,97148.0,95934.0,97068.2,5360.486
2024-12-10T05:00:00Z,97068.2,97088.6,96544.7,96968.5,2662.374
2024-12-10T06:00:00Z,96968.5,97511.8,96822.9,97469.8,2437.557
2024-12-10T07:00:00Z,97469.8,97508.6,96917.7,97213.9,2450.073
2024-12-10T08:00:00Z,97213.9,97562.4,96960.0,97395.8,2473.74
2024-12-10T09:00:00Z,97395.8,97726.3,97241.3,97522.3,2354.695
2024-12-10T10:00:00Z,97522.3,97889.0,97519.0,97722.6,3019.554
2024-12-10T11:00:00Z,97722.6,97981.4,97462.4,97759.5,3024.929
2024-12-10T12:00:00Z,97759.5,97872.0,96871.5,97189.9,6186.873
2024-12-10T13:00:00Z,97189.9,97965.6,97143.5,97759.1,4878.249
2024-12-10T14:00:00Z,97759.1,98299.0,97135.7,97837.1,10027.78
2024-12-10T15:00:00Z,97837.1,98152.7,95617.0,95651.0,15109.154
2024-12-10T16:00:00Z,95651.0,96509.4,94498.0,96305.7,25385.21
2024-12-10T17:00:00Z,96305.7,96389.3,94275.1,94441.4,18934.858
2024-12-10T18:00:00Z,94441.4,95478.1,94190.8,95086.6,7655.821
2024-12-10T19:00:00Z,95086.6,96144.8,94920.0,95817.9,4348.989
2024-12-10T20:00:00Z,95817.9,96699.4,95578.8,96378.7,4170.19
2024-12-10T21:00:00Z,96378.7,97185.7,96302.9,96829.4,4902.154
2024-12-10T22:00:00Z,96829.4,97067.2,96540.1,96798.1,1766.071
2024-12-10T23:00:00Z,96798.1,97089.2,96351.1,96552.8,2597.368
2024-12-11T00:00:00Z,96552.8,96800.0,95757.0,96367.5,4615.198
2024-12-11T01:00:00Z,96367.5,96600.0,95574.3,95715.1,3758.039
2024-12-11T02:00:00Z,95715.1,97411.4,95625.0,97171.1,5177.427
2024-12-11T03:00:00Z,97171.1,97599.9,97085.3,97363.2,3637.671
2024-12-11T04:00:00Z,97363.2,97573.8,97125.9,97519.7,1491.149
2024-12-11T05:00:00Z,97519.7,97676.3,97268.1,97467.4,1767.518
2024-12-11T06:00:00Z,97467.4,97739.0,97355.8,97659.9,1319.637
2024-12-11T07:00:00Z,97659.9,97767.1,97212.0,97300.1,1794.029
2024-12-11T08:00:00Z,97300.1,98467.0,97273.0,98105.9,7558.001
2024-12-11T09:00:00Z,98105.9,98169.7,97730.0,97987.3,2325.15
2024-12-11T10:00:00Z,97987.3,98292.2,97830.0,98209.7,2133.875
2024-12-11T11:00:00Z,98209.7,98463.8,98136.5,98297.9,3527.152
2024-12-11T12:00:00Z,98297.9,98500.0,98158.0,98220.5,2701.121
2024-12-11T13:00:00Z,98220.5,98889.8,98066.1,98729.5,7876.125
2024-12-11T14:00:00Z,98729.5,99566.1,98351.3,99524.1,8997.732
2024-12-11T15:00:00Z,99524.1,100800.0,99402.9,100372.5,16577.794
2024-12-11T16:00:00Z,100372.5,101099.0,100291.0,100588.0,8668.784
2024-12-11T17:00:00Z,100588.0,100989.0,99650.0,99770.9,7261.801
2024-12-11T18:00:00Z,99770.9,100790.0,99605.2,100364.1,7935.228
2024-12-11T19:00:00Z,100364.1,101179.2,100364.1,101130.6,4480.067
2024-12-11T20:00:00Z,101130.6,101720.9,101015.6,101259.7,8303.271
2024-12-11T21:00:00Z,101259.7,101536.0,100844.9,101512.0,4528.644
2024-12-11T22:00:00Z,101512.0,101961.0,101150.5,101196.9,4349.2
2024-12-11T23:00:00Z,101196.9,101496.1,101060.9,101128.3,1806.431
2024-12-12T00:00:00Z,101128.3,101200.0,100584.2,100767.6,3359.305
2024-12-12T01:00:00Z,100767.6,100886.5,100372.5,100521.3,3717.451
2024-12-12T02:00:00Z,100521.3,101867.5,100521.3,101856.0,3677.942
2024-12-12T03:00:00Z,101856.0,101863.9,100836.8,101073.3,6011.318
2024-12-12T04:00:00Z,101073.3,101258.7,100588.0,100718.3,3014.566
2024-12-12T05:00:00Z,100718.3,101143.0,100646.0,100650.1,2109.857
2024-12-12T06:00:00Z,100650.1,100742.0,100426.6,100607.8,1756.918
2024-12-12T07:00:00Z,100607.8,100861.1,100513.8,100517.9,1262.808
2024-12-12T08:00:00Z,100517.9,101136.5,100484.6,101000.3,2156.847
2024-12-12T09:00:00Z,101000.3,101149.3,100815.9,100823.3,1660.149
2024-12-12T10:00:00Z,100823.3,100823.3,100484.8,100607.5,2222.363
2024-12-12T11:00:00Z,100607.5,100669.8,100158.1,100389.6,3035.514
2024-12-12T12:00:00Z,100389.6,100962.0,100387.7,100847.0,2428.879
2024-12-12T13:00:00Z,100847.0,101575.0,100519.0,100930.9,8202.388
2024-12-12T14:00:00Z,100930.9,101757.4,100592.7,101728.0,10821.119
2024-12-12T15:00:00Z,101728.0,101908.3,100725.0,101832.3,8470.395
2024-12-12T16:00:00Z,101832.3,102636.2,101500.0,101500.0,12362.339
2024-12-12T17:00:00Z,101500.0,101757.8,101261.0,101653.6,4239.848
2024-12-12T18:00:00Z,101653.6,101708.1,100855.0,100880.1,3186.199
2024-12-12T19:00:00Z,100880.1,101079.7,99300.0,99466.8,15377.249
2024-12-12T20:00:00Z,99466.8,100413.5,99444.3,99995.6,7975.583
2024-12-12T21:00:00Z,99995.6,100114.2,99669.2,99715.4,4633.853
2024-12-12T22:00:00Z,99715.4,100464.1,99448.3,100428.5,3607.897
2024-12-12T23:00:00Z,100428.5,100456.7,99850.8,99982.5,2026.454
2024-12-13T00:00:00Z,99982.5,100346.1,99884.1,100053.9,1768.861
2024-12-13T01:00:00Z,100053.9,100122.0,99168.0,99310.9,3472.14
2024-12-13T02:00:00Z,99310.9,99674.5,99188.0,99469.1,2258.915
2024-12-13T03:00:00Z,99469.1,99774.9,99469.1,99720.1,1290.388
2024-12-13T04:00:00Z,99720.1,100066.0,99628.9,99993.9,1654.8
2024-12-13T05:00:00Z,99993.9,100150.0,99820.1,99865.8,1416.041
2024-12-13T06:00:00Z,99865.8,100082.9,99652.5,99655.2,1777.342
2024-12-13T07:00:00Z,99655.2,100220.0,99447.4,100113.4,2879.241
2024-12-13T08:00:00Z,100113.4,100350.0,99858.9,100265.1,2198.07
2024-12-13T09:00:00Z,100265.1,100331.5,99874.1,100094.7,2054.788
2024-12-13T10:00:00Z,100094.7,100580.0,99914.2,100471.1,2781.817
2024-12-13T11:00:00Z,100471.1,100797.0,100318.2,100357.4,3454.051
2024-12-13T12:00:00Z,100357.4,100484.4,100160.0,100304.8,1942.782
2024-12-13T13:00:00Z,100304.8,100534.2,99920.7,100296.8,2840.743
2024-12-13T14:00:00Z,100296.8,101093.6,100222.2,101036.0,4168.861
2024-12-13T15:00:00Z,101036.0,101350.0,99630.2,99820.0,12148.463
2024-12-13T16:00:00Z,99820.0,101253.3,99728.7,100970.3,9466.584
2024-12-13T17:00:00Z,100970.3,101791.6,100756.7,101735.5,7050.197
2024-12-13T18:00:00Z,101735.5,101935.7,101302.6,101476.9,5161.84
2024-12-13T19:00:00Z,101476.9,101606.4,101184.2,101445.2,2588.884
2024-12-13T20:00:00Z,101445.2,101865.3,101200.0,101650.0,3476.114
2024-12-13T21:00:00Z,101650.0,101664.1,101223.6,101282.4,1807.743
2024-12-13T22:00:00Z,101282.4,101394.3,101038.1,101218.9,1627.913
2024-12-13T23:00:00Z,101218.9,101555.9,101119.0,101415.8,1477.465
2024-12-14T00:00:00Z,101415.8,101524.4,101133.6,101296.8,1179.169
2024-12-14T01:00:00Z,101296.8,102748.0,101296.3,102174.0,10038.141
2024-12-14T02:00:00Z,102174.0,102314.2,101666.6,102049.6,2702.898
2024-12-14T03:00:00Z,102049.6,102367.9,102044.6,102091.0,1112.38
2024-12-14T04:00:00Z,102091.0,102172.6,101565.8,101689.2,1878.676
2024-12-14T05:00:00Z,101689.2,101844.5,101635.7,101744.5,783.943
2024-12-14T06:00:00Z,101744.5,102029.3,101700.0,101921.6,960.61
2024-12-14T07:00:00Z,101921.6,101960.2,101634.1,101842.6,1039.373
2024-12-14T08:00:00Z,101842.6,101897.7,101549.3,101825.9,1135.201
2024-12-14T09:00:00Z,101825.9,101826.0,101400.0,101573.4,1375.092
2024-12-14T10:00:00Z,101573.4,101610.5,101333.0,101563.3,1495.19
2024-12-14T11:00:00Z,101563.3,101725.8,101464.4,101597.5,937.044
2024-12-14T12:00:00Z,101597.5,101666.3,101215.9,101308.1,1735.392
2024-12-14T13:00:00Z,101308.1,101421.8,100808.0,101177.8,4861.637
2024-12-14T14:00:00Z,101177.8,101550.0,101163.7,101435.2,2184.886
2024-12-14T15:00:00Z,101435.2,101770.9,101338.4,101633.9,1457.15
2024-12-14T16:00:00Z,101633.9,101674.5,101412.0,101655.9,1407.497
2024-12-14T17:00:00Z,101655.9,101738.6,100872.5,100973.7,3083.049
2024-12-14T18:00:00Z,100973.7,101289.3,100824.9,100895.2,3149.012
2024-12-14T19:00:00Z,100895.2,101393.1,100862.6,101339.5,1887.563
2024-12-14T20:00:00Z,101339.5,101445.3,100577.1,100749.3,3205.01
2024-12-14T21:00:00Z,100749.3,101200.0,100748.8,101077.5,1446.398
2024-12-14T22:00:00Z,101077.5,101293.0,100882.8,101127.8,1159.57
2024-12-14T23:00:00Z,101127.8,101492.5,101047.9,101419.9,1045.316
2024-12-15T00:00:00Z,101419.9,101582.8,101243.4,101459.4,1302.902
2024-12-15T01:00:00Z,101459.4,102221.7,101432.3,102128.8,2939.537
2024-12-15T02:00:00Z,102128.8,102159.9,101792.9,101838.4,1774.55
2024-12-15T03:00:00Z,101838.4,101964.5,101728.1,101738.4,1015.402
2024-12-15T04:00:00Z,101738.4,102888.1,101738.4,102364.2,6780.793
2024-12-15T05:00:00Z,102364.2,102533.6,102092.0,102147.5,1667.454
2024-12-15T06:00:00Z,102147.5,102159.8,101750.1,101752.1,1435.445
2024-12-15T07:00:00Z,101752.1,101949.2,101470.1,101721.4,2045.142
2024-12-15T08:00:00Z,101721.4,102014.0,101578.9,102014.0,1246.434
2024-12-15T09:00:00Z,102014.0,102291.0,101908.2,102261.2,1581.262
2024-12-15T10:00:00Z,102261.2,102460.3,102125.2,102268.8,1709.23
2024-12-15T11:00:00Z,102268.8,102684.9,102223.7,102660.1,1944.822
2024-12-15T12:00:00Z,102660.1,103371.7,102514.2,102959.8,6981.389
2024-12-15T13:00:00Z,102959.8,103000.0,102480.0,102789.7,3215.616
2024-12-15T14:00:00Z,102789.7,103076.0,102637.8,103017.4,2531.017
2024-12-15T15:00:00Z,103017.4,103065.0,102680.4,102701.1,1726.088
2024-12-15T16:00:00Z,102701.1,103555.0,102566.1,103118.4,4444.792
2024-12-15T17:00:00Z,103118.4,103376.2,102970.6,103156.9,1843.102
2024-12-15T18:00:00Z,103156.9,103380.1,102980.2,103206.4,1499.913
2024-12-15T19:00:00Z,103206.4,103474.8,103181.8,103263.1,1746.465
2024-12-15T20:00:00Z,103263.1,103436.2,103066.8,103149.8,1169.406
2024-12-15T21:00:00Z,103149.8,103237.5,102636.2,102846.7,3583.507
2024-12-15T22:00:00Z,102846.7,103400.0,102600.0,103247.7,3282.67
2024-12-15T23:00:00Z,103247.7,105338.2,103215.3,104515.6,19707.529
2024-12-16T00:00:00Z,104515.6,106727.8,104348.4,105492.0,15221.29
2024-12-16T01:00:00Z,105492.0,105657.4,105000.0,105566.5,5373.776
2024-12-16T02:00:00Z,105566.5,105688.1,104401.0,104600.5,5498.068
2024-12-16T03:00:00Z,104600.5,105024.4,104150.0,104579.9,4600.892
2024-12-16T04:00:00Z,104579.9,104809.8,104456.5,104675.1,1793.732
2024-12-16T05:00:00Z,104675.1,105072.6,104456.6,105030.0,2000.337
2024-12-16T06:00:00Z,105030.0,105422.0,104919.0,105179.6,3054.892
2024-12-16T07:00:00Z,105179.6,105438.9,104905.0,105007.0,1581.509
2024-12-16T08:00:00Z,105007.0,105054.0,104506.5,104561.5,2754.193
2024-12-16T09:00:00Z,104561.5,104970.0,104515.0,104695.5,2055.284
2024-12-16T10:00:00Z,104695.5,104754.3,104345.0,104698.3,2288.635
2024-12-16T11:00:00Z,104698.3,104842.7,103653.5,103776.1,5554.779
2024-12-16T12:00:00Z,103776.1,104158.0,103304.3,103670.0,6659.176
2024-12-16T13:00:00Z,103670.0,104150.0,103480.2,103911.3,3733.913
2024-12-16T14:00:00Z,103911.3,106044.4,103876.7,105532.1,13510.416
2024-12-16T15:00:00Z,105532.1,106545.9,105238.3,106352.6,13003.394
2024-12-16T16:00:00Z,106352.6,107222.0,106166.9,106854.2,12752.707
2024-12-16T17:00:00Z,106854.2,107243.2,106708.7,107092.2,4629.431
2024-12-16T18:00:00Z,107092.2,107850.0,106882.0,107119.6,8001.378
2024-12-16T19:00:00Z,107119.6,107129.2,105812.0,106614.6,9283.1
2024-12-16T20:00:00Z,106614.6,106680.5,105726.3,105810.3,5116.9
2024-12-16T21:00:00Z,105810.3,106326.3,105653.3,106076.2,3303.825
2024-12-16T22:00:00Z,106076.2,106346.0,105727.0,105832.0,1946.651
2024-12-16T23:00:00Z,105832.0,106105.8,105476.5,106094.2,2851.069
2024-12-17T00:00:00Z,106094.2,106241.5,105668.1,105860.0,3439.385
2024-12-17T01:00:00Z,105860.0,106471.4,105741.3,106376.5,2215.504
2024-12-17T02:00:00Z,106376.5,106620.0,106200.0,106266.6,2043.386
2024-12-17T03:00:00Z,106266.6,107074.6,106232.5,106878.3,2867.907
2024-12-17T04:00:00Z,106878.3,106878.3,106420.0,106508.0,1741.948
2024-12-17T05:00:00Z,106508.0,106857.8,106449.3,106839.9,1134.913
2024-12-17T06:00:00Z,106839.9,106868.0,106364.4,106551.3,1385.513
2024-12-17T07:00:00Z,106551.3,107153.7,106464.6,106833.4,2794.753
2024-12-17T08:00:00Z,106833.4,107550.0,106766.8,107425.9,3422.704
2024-12-17T09:00:00Z,107425.9,107508.6,107140.0,107325.6,2094.879
2024-12-17T10:00:00Z,107325.6,107372.2,106967.4,107236.0,1757.54
2024-12-17T11:00:00Z,107236.0,107368.6,106693.7,106816.0,2487.346
2024-12-17T12:00:00Z,106816.0,107197.2,106532.5,107134.1,2782.135
2024-12-17T13:00:00Z,107134.1,107661.7,106981.0,107314.4,3674.41
2024-12-17T14:00:00Z,107314.4,108421.6,107074.2,108276.4,9627.259
2024-12-17T15:00:00Z,108276.4,108276.4,105680.9,106454.6,19631.269
2024-12-17T16:00:00Z,106454.6,107098.4,106119.0,107079.2,5902.359
2024-12-17T17:00:00Z,107079.2,107636.3,106710.0,107506.4,5345.623
2024-12-17T18:00:00Z,107506.4,107669.9,106418.7,106561.5,4094.614
2024-12-17T19:00:00Z,106561.5,107000.0,106220.0,106494.8,4049.471
2024-12-17T20:00:00Z,106494.8,106907.9,106150.0,106729.4,4620.743
2024-12-17T21:00:00Z,106729.4,106812.3,106223.7,106389.6,2032.41
2024-12-17T22:00:00Z,106389.6,106409.1,105300.0,105930.2,6073.019
2024-12-17T23:00:00Z,105930.2,106300.0,105512.0,106084.6,5542.967
2024-12-18T00:00:00Z,106084.6,106429.7,105569.4,106064.7,4766.524
2024-12-18T01:00:00Z,106064.7,106470.3,104829.9,105284.4,6663.213
2024-12-18T02:00:00Z,105284.4,105622.7,104941.2,105270.2,5053.388
2024-12-18T03:00:00Z,105270.2,105288.3,104520.0,104723.5,4901.397
2024-12-18T04:00:00Z,104723.5,104723.5,103522.0,103832.8,10503.199
2024-12-18T05:00:00Z,103832.8,104102.0,103207.6,103523.9,6685.15
2024-12-18T06:00:00Z,103523.9,103965.6,103057.1,103750.7,5110.699
2024-12-18T07:00:00Z,103750.7,104319.3,103669.1,104218.0,5396.88
2024-12-18T08:00:00Z,104218.0,104364.3,103691.5,103781.3,3930.428
2024-12-18T09:00:00Z,103781.3,104430.0,103781.2,104015.1,2318.474
2024-12-18T10:00:00Z,104015.1,104647.2,103946.7,104515.4,2759.359
2024-12-18T11:00:00Z,104515.4,104978.2,104467.3,104971.5,3111.428
2024-12-18T12:00:00Z,104971.5,105309.2,104626.9,104864.3,6013.565
2024-12-18T13:00:00Z,104864.3,105212.0,104472.4,104529.9,3647.187
2024-12-18T14:00:00Z,104529.9,104812.0,103750.0,103976.4,8624.468
2024-12-18T15:00:00Z,103976.4,104537.0,103602.9,104386.1,6431.937
2024-12-18T16:00:00Z,104386.1,104439.0,103369.0,104165.9,6307.791
2024-12-18T17:00:00Z,104165.9,104800.0,103831.4,104623.9,4102.696
2024-12-18T18:00:00Z,104623.9,104968.2,104123.7,104782.7,4096.312
2024-12-18T19:00:00Z,104782.7,104796.0,102777.0,102777.0,17622.327
2024-12-18T20:00:00Z,102777.0,102965.8,100221.4,100776.0,42762.312
2024-12-18T21:00:00Z,100776.0,101700.0,100386.2,100962.8,9715.679
2024-12-18T22:00:00Z,100962.8,101499.6,100604.4,101107.7,4916.288
2024-12-18T23:00:00Z,101107.7,101143.2,99800.0,100148.6,8432.485
2024-12-19T00:00:00Z,100148.6,100949.1,100066.0,100777.0,5461.849
2024-12-19T01:00:00Z,100777.0,100871.6,99533.9,99717.1,6558.442
2024-12-19T02:00:00Z,99717.1,100490.0,98700.0,100471.9,15277.739
2024-12-19T03:00:00Z,100471.9,101265.2,100385.6,101141.4,8339.248
2024-12-19T04:00:00Z,101141.4,101180.0,100554.5,100599.9,2826.343
2024-12-19T05:00:00Z,100599.9,101362.5,100599.0,101243.8,3023.037
2024-12-19T06:00:00Z,101243.8,101363.2,100947.4,101129.2,2339.928
2024-12-19T07:00:00Z,101129.2,101666.0,101063.4,101595.0,2686.146
2024-12-19T08:00:00Z,101595.0,101779.7,101307.8,101580.8,2611.407
2024-12-19T09:00:00Z,101580.8,101831.0,101462.1,101767.3,2038.649
2024-12-19T10:00:00Z,101767.3,102554.7,101681.0,102357.7,4610.454
2024-12-19T11:00:00Z,102357.7,102466.8,102131.0,102417.8,2209.312
2024-12-19T12:00:00Z,102417.8,102541.5,101817.9,101959.4,3502.749
2024-12-19T13:00:00Z,101959.4,102179.6,101629.1,101909.5,4500.924
2024-12-19T14:00:00Z,101909.5,102742.4,100621.9,100902.4,11709.755
2024-12-19T15:00:00Z,100902.4,101025.2,99362.6,100611.4,19125.804
2024-12-19T16:00:00Z,100611.4,101167.0,99810.4,100658.8,8165.672
2024-12-19T17:00:00Z,100658.8,100698.7,97255.0,98781.4,23813.745
2024-12-19T18:00:00Z,98781.4,98923.9,96808.3,98867.7,20071.828
2024-12-19T19:00:00Z,98867.7,99000.0,96200.0,97154.9,14164.699
2024-12-19T20:00:00Z,97154.9,97285.7,95640.5,96379.4,19386.28
2024-12-19T21:00:00Z,96379.4,98073.1,95775.0,97352.0,10803.86
2024-12-19T22:00:00Z,97352.0,98342.0,97150.1,98303.6,4689.73
2024-12-19T23:00:00Z,98303.6,98307.0,97380.0,97399.4,4168.94
2024-12-20T00:00:00Z,97399.4,97755.0,96569.0,97188.8,6279.626
2024-12-20T01:00:00Z,97188.8,97484.4,96087.3,96271.8,6755.307
2024-12-20T02:00:00Z,96271.8,97674.0,95912.0,97583.7,6614.635
2024-12-20T03:00:00Z,97583.7,97749.9,96900.1,97056.0,3065.906
2024-12-20T04:00:00Z,97056.0,97800.0,96812.0,97249.9,3902.167
2024-12-20T05:00:00Z,97249.9,97445.7,96611.3,96695.0,3237.043
2024-12-20T06:00:00Z,96695.0,97276.6,96342.9,97245.1,4284.873
2024-12-20T07:00:00Z,97245.1,98221.5,97236.1,97783.8,6140.863
2024-12-20T08:00:00Z,97783.8,97825.8,95210.9,95409.7,12429.277
2024-12-20T09:00:00Z,95409.7,95689.7,94626.3,94751.5,11943.747
2024-12-20T10:00:00Z,94751.5,95079.9,93888.0,94325.9,14611.706
2024-12-20T11:00:00Z,94325.9,94637.5,92533.3,92681.1,20000.912
2024-12-20T12:00:00Z,92681.1,94220.0,92230.0,93896.0,15072.917
2024-12-20T13:00:00Z,93896.0,95793.7,93515.8,95174.1,15389.696
2024-12-20T14:00:00Z,95174.1,96172.1,94704.1,95586.6,10456.495
2024-12-20T15:00:00Z,95586.6,97524.6,95557.8,96941.9,12389.595
2024-12-20T16:00:00Z,96941.9,97640.0,96267.5,96687.6,9948.396
2024-12-20T17:00:00Z,96687.6,97330.8,96383.2,97159.2,5223.464
2024-12-20T18:00:00Z,97159.2,97266.5,96540.2,96941.0,3925.811
2024-12-20T19:00:00Z,96941.0,97698.0,96789.1,97063.8,4012.245
2024-12-20T20:00:00Z,97063.8,97180.6,96363.3,96400.1,3513.814
2024-12-20T21:00:00Z,96400.1,96609.6,95355.0,96572.2,6663.799
2024-12-20T22:00:00Z,96572.2,97479.8,96400.0,97402.6,2833.084
2024-12-20T23:00:00Z,97402.6,97775.6,97323.1,97757.3,2394.306
2024-12-21T00:00:00Z,97757.3,97757.3,97147.0,97467.2,1660.897
2024-12-21T01:00:00Z,97467.2,97609.7,97126.9,97296.7,1284.294
2024-12-21T02:00:00Z,97296.7,97566.0,97122.6,97334.1,831.569
2024-12-21T03:00:00Z,97334.1,97440.1,97190.0,97440.1,891.788
2024-12-21T04:00:00Z,97440.1,97584.9,97328.0,97517.4,965.255
2024-12-21T05:00:00Z,97517.4,98640.4,97477.9,98633.6,4039.91
2024-12-21T06:00:00Z,98633.6,98787.0,98264.7,98680.9,4143.941
2024-12-21T07:00:00Z,98680.9,99482.8,98440.0,98983.7,5156.959
2024-12-21T08:00:00Z,98983.7,99122.3,98391.8,98602.1,4712.375
2024-12-21T09:00:00Z,98602.1,98642.2,98228.5,98512.2,2291.531
2024-12-21T10:00:00Z,98512.2,98588.6,97983.5,98075.9,2537.008
2024-12-21T11:00:00Z,98075.9,98364.1,97746.0,98207.7,3474.134
2024-12-21T12:00:00Z,98207.7,98246.2,97064.4,97090.9,5253.872
2024-12-21T13:00:00Z,97090.9,97459.1,96326.7,97273.8,7502.618
2024-12-21T14:00:00Z,97273.8,97696.3,97022.0,97042.6,3962.445
2024-12-21T15:00:00Z,97042.6,97680.3,97022.0,97464.8,2134.182
2024-12-21T16:00:00Z,97464.8,97670.5,96888.5,97240.0,3342.781
2024-12-21T17:00:00Z,97240.0,97644.8,96945.6,97545.2,2108.687
2024-12-21T18:00:00Z,97545.2,97688.4,97226.5,97358.6,1193.048
2024-12-21T19:00:00Z,97358.6,97393.2,96758.5,97228.0,2580.709
2024-12-21T20:00:00Z,97228.0,97999.0,97174.9,97407.2,3438.808
2024-12-21T21:00:00Z,97407.2,97530.6,96478.5,96841.2,3220.093
2024-12-21T22:00:00Z,96841.2,97352.1,96567.0,97092.0,1912.886
2024-12-21T23:00:00Z,97092.0,97279.6,96843.2,97249.7,1012.52
2024-12-22T00:00:00Z,97249.7,97431.6,97000.0,97202.6,1144.488
2024-12-22T01:00:00Z,97202.6,97393.9,96664.5,97000.0,1434.377
2024-12-22T02:00:00Z,97000.0,97197.9,96544.0,96674.5,1280.611
2024-12-22T03:00:00Z,96674.5,97279.0,96508.4,96939.3,2018.762
2024-12-22T04:00:00Z,96939.3,97031.4,96026.3,96040.9,2522.957
2024-12-22T05:00:00Z,96040.9,96366.9,95839.1,96116.0,3152.78
2024-12-22T06:00:00Z,96116.0,96707.2,96068.0,96698.4,1802.435
2024-12-22T07:00:00Z,96698.4,96800.0,96032.0,96171.9,2030.601
2024-12-22T08:00:00Z,96171.9,96644.1,96151.4,96475.8,1912.043
2024-12-22T09:00:00Z,96475.8,97200.0,96264.0,96882.1,3195.698
2024-12-22T10:00:00Z,96882.1,97317.0,96785.4,96960.1,1886.242
2024-12-22T11:00:00Z,96960.1,97284.8,96923.3,97047.3,1130.418
2024-12-22T12:00:00Z,97047.3,97265.6,96797.6,96935.8,1762.01
2024-12-22T13:00:00Z,96935.8,97216.2,96800.0,96939.1,1820.258
2024-12-22T14:00:00Z,96939.1,97016.7,95261.2,95326.5,8225.877
2024-12-22T15:00:00Z,95326.5,95617.4,95056.0,95320.9,5995.611
2024-12-22T16:00:00Z,95320.9,95818.8,95140.1,95663.6,4020.209
2024-12-22T17:00:00Z,95663.6,95812.8,95372.0,95562.0,1803.983
2024-12-22T18:00:00Z,95562.0,96437.1,95307.3,95912.6,6292.807
2024-12-22T19:00:00Z,95912.6,96112.9,94611.1,94771.1,5108.935
2024-12-22T20:00:00Z,94771.1,95584.1,94351.8,95547.5,5546.131
2024-12-22T21:00:00Z,95547.5,95722.8,95014.9,95165.6,3648.787
2024-12-22T22:00:00Z,95165.6,95593.7,94200.0,95500.6,5714.905
2024-12-22T23:00:00Z,95500.6,95790.5,94972.2,95144.7,2913.502
2024-12-23T00:00:00Z,95144.7,95395.3,94285.4,94354.3,4386.042
2024-12-23T01:00:00Z,94354.3,95070.0,93711.1,94424.0,7179.256
2024-12-23T02:00:00Z,94424.0,94726.1,93635.9,94674.9,5235.362
2024-12-23T03:00:00Z,94674.9,95999.5,94567.6,95969.8,5985.751
2024-12-23T04:00:00Z,95969.8,96470.0,95591.5,95791.6,5480.833
2024-12-23T05:00:00Z,95791.6,95931.7,95289.1,95570.8,2940.39
2024-12-23T06:00:00Z,95570.8,95617.8,94650.0,94774.9,4835.27
2024-12-23T07:00:00Z,94774.9,95547.8,94774.9,95353.8,2915.308
2024-12-23T08:00:00Z,95353.8,95525.3,94975.6,95444.9,2003.626
2024-12-23T09:00:00Z,95444.9,96125.2,95442.7,95967.7,3704.428
2024-12-23T10:00:00Z,95967.7,96408.0,95900.1,96341.3,2829.609
2024-12-23T11:00:00Z,96341.3,96500.0,95764.4,95891.3,2326.769
2024-12-23T12:00:00Z,95891.3,96391.9,95816.1,96259.5,2236.861
2024-12-23T13:00:00Z,96259.5,96336.4,94770.1,94882.9,6905.888
2024-12-23T14:00:00Z,94882.9,95583.9,93671.6,94349.9,11111.765
2024-12-23T15:00:00Z,94349.9,94397.2,93056.0,93202.7,10987.294
2024-12-23T16:00:00Z,93202.7,94232.0,92881.1,93926.3,9164.795
2024-12-23T17:00:00Z,93926.3,94105.0,93150.0,93333.7,5800.71
2024-12-23T18:00:00Z,93333.7,93722.0,92616.1,92711.3,4807.098
2024-12-23T19:00:00Z,92711.3,93671.7,92636.2,93000.2,4534.28
2024-12-23T20:00:00Z,93000.2,93499.2,92465.8,93157.8,6459.808
2024-12-23T21:00:00Z,93157.8,94277.0,93150.4,93918.1,5798.09
2024-12-23T22:00:00Z,93918.1,95160.9,93860.0,95154.7,3993.426
2024-12-23T23:00:00Z,95154.7,95472.6,94629.0,94837.0,3839.366
2024-12-24T00:00:00Z,94837.0,94837.0,94065.8,94506.2,3609.395
2024-12-24T01:00:00Z,94506.2,94626.9,93970.4,94087.0,2600.815
2024-12-24T02:00:00Z,94087.0,94282.3,93508.6,93904.6,3775.18
2024-12-24T03:00:00Z,93904.6,94357.6,93756.0,94309.2,2046.474
2024-12-24T04:00:00Z,94309.2,94387.0,94012.0,94382.2,1805.435
2024-12-24T05:00:00Z,94382.2,94639.8,94271.1,94557.5,1731.729
2024-12-24T06:00:00Z,94557.5,94564.7,93787.0,93873.9,2356.354
2024-12-24T07:00:00Z,93873.9,94276.1,93751.7,94189.9,1786.838
2024-12-24T08:00:00Z,94189.9,94599.5,94071.1,94444.6,2489.09
2024-12-24T09:00:00Z,94444.6,94498.9,93899.6,94020.0,2072.047
2024-12-24T10:00:00Z,94020.0,94169.7,93800.0,93932.0,1930.94
2024-12-24T11:00:00Z,93932.0,94405.8,93882.2,94356.3,1751.518
2024-12-24T12:00:00Z,94356.3,94380.0,94031.0,94272.2,1612.595
2024-12-24T13:00:00Z,94272.2,96049.4,94248.0,96040.1,6248.743
2024-12-24T14:00:00Z,96040.1,97469.0,95812.7,97417.6,12439.095
2024-12-24T15:00:00Z,97417.6,98276.8,97179.0,98255.2,9682.213
2024-12-24T16:00:00Z,98255.2,98669.0,97921.0,98423.7,9178.649
2024-12-24T17:00:00Z,98423.7,98980.0,98256.7,98735.2,7339.834
2024-12-24T18:00:00Z,98735.2,99435.7,98350.1,98560.0,7307.678
2024-12-24T19:00:00Z,98560.0,98705.7,97509.0,97540.0,4947.085
2024-12-24T20:00:00Z,97540.0,98044.4,97198.6,97285.3,8489.235
2024-12-24T21:00:00Z,97285.3,98430.0,97263.3,98360.7,4557.555
2024-12-24T22:00:00Z,98360.7,99065.0,98308.5,98734.7,3973.031
2024-12-24T23:00:00Z,98734.7,98996.3,98428.0,98628.3,2238.939
2024-12-25T00:00:00Z,98628.3,98852.0,98366.0,98394.5,2293.029
2024-12-25T01:00:00Z,98394.5,98587.2,97868.0,97965.0,2954.948
2024-12-25T02:00:00Z,97965.0,98328.5,97688.1,98100.6,2786.349
2024-12-25T03:00:00Z,98100.6,98250.0,97893.8,98000.1,1465.84
2024-12-25T04:00:00Z,98000.1,98338.4,97814.1,98206.2,1444.805
2024-12-25T05:00:00Z,98206.2,98345.2,98121.1,98247.2,877.097
2024-12-25T06:00:00Z,98247.2,98550.0,97759.0,97862.8,2851.468
2024-12-25T07:00:00Z,97862.8,98329.4,97820.1,98053.5,1818.185
2024-12-25T08:00:00Z,98053.5,98236.0,97900.0,98047.2,1262.661
2024-12-25T09:00:00Z,98047.2,98249.8,97957.5,98152.3,893.706
2024-12-25T10:00:00Z,98152.3,99338.9,98111.0,98417.7,8299.028
2024-12-25T11:00:00Z,98417.7,98862.8,97750.0,97890.0,4506.827
2024-12-25T12:00:00Z,97890.0,98651.0,97562.6,98143.8,6817.387
2024-12-25T13:00:00Z,98143.8,98593.0,98081.3,98434.1,2371.346
2024-12-25T14:00:00Z,98434.1,98817.9,98199.3,98691.0,2534.369
2024-12-25T15:00:00Z,98691.0,98711.7,98153.9,98494.6,2229.835
2024-12-25T16:00:00Z,98494.6,98691.4,98101.5,98400.3,1920.227
2024-12-25T17:00:00Z,98400.3,98657.4,98159.9,98544.6,1438.498
2024-12-25T18:00:00Z,98544.6,98989.9,98522.8,98730.1,2704.848
2024-12-25T19:00:00Z,98730.1,99298.0,98703.0,99001.3,2649.513
2024-12-25T20:00:00Z,99001.3,99410.5,98850.2,99126.2,2663.521
2024-12-25T21:00:00Z,99126.2,99590.0,98337.1,98476.1,4882.829
2024-12-25T22:00:00Z,98476.1,99073.9,98395.0,98781.2,2224.131
2024-12-25T23:00:00Z,98781.2,99537.1,98774.4,99405.2,3514.774
2024-12-26T00:00:00Z,99405.2,99950.0,98902.5,98997.6,6234.566
2024-12-26T01:00:00Z,98997.6,99226.6,98516.8,99018.6,3963.868
2024-12-26T02:00:00Z,99018.6,99200.9,98418.3,98692.7,2762.534
2024-12-26T03:00:00Z,98692.7,99120.0,98519.3,98950.9,2155.724
2024-12-26T04:00:00Z,98950.9,98950.9,98185.0,98250.3,2921.449
2024-12-26T05:00:00Z,98250.3,98435.3,98031.0,98327.0,2446.155
2024-12-26T06:00:00Z,98327.0,98444.4,97963.2,98077.4,2044.979
2024-12-26T07:00:00Z,98077.4,98261.0,97650.7,97675.3,3460.834
2024-12-26T08:00:00Z,97675.3,97725.2,95550.0,95816.1,19488.004
2024-12-26T09:00:00Z,95816.1,95931.1,95360.7,95390.2,5472.973
2024-12-26T10:00:00Z,95390.2,95729.0,95137.5,95459.7,4269.209
2024-12-26T11:00:00Z,95459.7,95990.0,95408.8,95659.0,3474.328
2024-12-26T12:00:00Z,95659.0,95843.2,95405.1,95631.2,2805.43
2024-12-26T13:00:00Z,95631.2,95732.3,95231.5,95656.7,3346.979
2024-12-26T14:00:00Z,95656.7,96240.6,95178.6,95410.0,7397.379
2024-12-26T15:00:00Z,95410.0,96200.0,95200.0,95983.3,4934.255
2024-12-26T16:00:00Z,95983.3,96575.1,95742.8,96463.4,5174.129
2024-12-26T17:00:00Z,96463.4,96509.6,95603.6,95760.0,4048.41
2024-12-26T18:00:00Z,95760.0,95930.0,95430.4,95683.4,2546.28
2024-12-26T19:00:00Z,95683.4,96140.0,95383.3,96050.1,2166.27
2024-12-26T20:00:00Z,96050.1,96069.7,95335.9,95546.8,3219.34
2024-12-26T21:00:00Z,95546.8,95893.3,95250.0,95778.4,2883.493
2024-12-26T22:00:00Z,95778.4,95928.0,95587.1,95785.2,1379.055
2024-12-26T23:00:00Z,95785.2,95848.1,95320.0,95743.2,2072.799
2024-12-27T00:00:00Z,95743.2,95890.7,95351.1,95744.0,2784.521
2024-12-27T01:00:00Z,95744.0,96214.4,95517.1,95880.1,2214.831
2024-12-27T02:00:00Z,95880.1,96400.0,95654.9,96025.8,2737.039
2024-12-27T03:00:00Z,96025.8,96421.4,95936.3,96380.0,1827.807
2024-12-27T04:00:00Z,96380.0,96557.5,96177.1,96249.1,1998.228
2024-12-27T05:00:00Z,96249.1,96285.8,95943.1,96209.1,1503.603
2024-12-27T06:00:00Z,96209.1,96550.1,96062.1,96550.1,1400.271
2024-12-27T07:00:00Z,96550.1,96572.7,94594.9,95059.6,10123.638
2024-12-27T08:00:00Z,95059.6,96381.3,95054.7,95686.7,7706.773
2024-12-27T09:00:00Z,95686.7,97500.0,95640.0,96732.9,10467.008
2024-12-27T10:00:00Z,96732.9,96984.3,96121.0,96542.4,3920.629
2024-12-27T11:00:00Z,96542.4,96900.0,96319.8,96900.0,2573.651
2024-12-27T12:00:00Z,96900.0,96995.7,96553.7,96649.1,2251.445
2024-12-27T13:00:00Z,96649.1,96649.1,96211.0,96388.3,2611.434
2024-12-27T14:00:00Z,96388.3,96447.3,95114.3,95639.9,8558.392
2024-12-27T15:00:00Z,95639.9,95666.0,93930.0,94529.2,12371.335
2024-12-27T16:00:00Z,94529.2,94979.9,94032.8,94110.3,7368.641
2024-12-27T17:00:00Z,94110.3,94293.8,93380.1,94229.9,8827.196
2024-12-27T18:00:00Z,94229.9,94699.0,94145.7,94498.7,3148.673
2024-12-27T19:00:00Z,94498.7,94747.0,94205.2,94699.9,2180.283
2024-12-27T20:00:00Z,94699.9,94726.1,94264.8,94550.8,2547.135
2024-12-27T21:00:00Z,94550.8,94794.0,94337.4,94491.0,1679.85
2024-12-27T22:00:00Z,94491.0,94651.6,94133.6,94374.7,1608.448
2024-12-27T23:00:00Z,94374.7,94475.0,94084.5,94251.0,1363.629
2024-12-28T00:00:00Z,94251.0,94488.0,94211.0,94349.9,1229.476
2024-12-28T01:00:00Z,94349.9,94568.2,94070.2,94485.9,1693.954
2024-12-28T02:00:00Z,94485.9,94575.6,94211.1,94269.5,802.015
2024-12-28T03:00:00Z,94269.5,94676.0,94267.9,94537.0,868.475
2024-12-28T04:00:00Z,94537.0,94598.4,94444.6,94467.4,491.606
2024-12-28T05:00:00Z,94467.4,94759.8,94467.3,94580.0,1580.637
2024-12-28T06:00:00Z,94580.0,94677.7,94351.4,94412.5,993.578
2024-12-28T07:00:00Z,94412.5,94590.9,94239.5,94325.0,1035.642
2024-12-28T08:00:00Z,94325.0,94494.9,94243.5,94436.5,680.905
2024-12-28T09:00:00Z,94436.5,94643.4,94428.1,94530.0,988.372
2024-12-28T10:00:00Z,94530.0,94683.1,94438.8,94580.0,1656.517
2024-12-28T11:00:00Z,94580.0,94858.3,94546.3,94712.9,1042.662
2024-12-28T12:00:00Z,94712.9,94845.5,94553.9,94554.8,1194.716
2024-12-28T13:00:00Z,94554.8,94714.1,94418.0,94621.3,1422.26
2024-12-28T14:00:00Z,94621.3,95302.8,94352.2,94535.8,5801.135
2024-12-28T15:00:00Z,94535.8,94799.9,94266.8,94389.8,2180.527
2024-12-28T16:00:00Z,94389.8,94884.6,94333.2,94830.4,1649.587
2024-12-28T17:00:00Z,94830.4,95221.7,94768.8,94985.5,3500.453
2024-12-28T18:00:00Z,94985.5,95073.6,94670.5,94795.7,1240.965
2024-12-28T19:00:00Z,94795.7,95116.5,94792.6,94984.8,1287.444
2024-12-28T20:00:00Z,94984.8,95108.9,94825.4,95041.2,862.244
2024-12-28T21:00:00Z,95041.2,95175.0,94908.0,95116.8,735.149
2024-12-28T22:00:00Z,95116.8,95699.9,94988.6,95277.3,2695.552
2024-12-28T23:00:00Z,95277.3,95390.4,95065.0,95255.8,1260.918
2024-12-29T00:00:00Z,95255.8,95300.0,95000.0,95114.3,1064.103
2024-12-29T01:00:00Z,95114.3,95180.0,94758.0,94813.6,1506.837
2024-12-29T02:00:00Z,94813.6,95168.9,94794.5,95111.3,1067.465
2024-12-29T03:00:00Z,95111.3,95180.0,94921.0,95124.6,908.047
2024-12-29T04:00:00Z,95124.6,95235.1,95006.3,95088.5,499.893
2024-12-29T05:00:00Z,95088.5,95160.0,95010.0,95074.2,448.48
2024-12-29T06:00:00Z,95074.2,95183.0,94899.3,95129.8,1234.034
2024-12-29T07:00:00Z,95129.8,95238.1,95028.1,95217.6,825.859
2024-12-29T08:00:00Z,95217.6,95274.8,95021.5,95075.7,722.48
2024-12-29T09:00:00Z,95075.7,95157.9,94996.3,95133.0,787.9
2024-12-29T10:00:00Z,95133.0,95271.8,95050.0,95118.6,996.413
2024-12-29T11:00:00Z,95118.6,95136.5,94958.7,94975.1,573.346
2024-12-29T12:00:00Z,94975.1,95112.0,94840.3,94859.6,1239.173
2024-12-29T13:00:00Z,94859.6,94970.8,94680.0,94888.4,1280.988
2024-12-29T14:00:00Z,94888.4,95188.8,93923.8,94577.9,8285.079
2024-12-29T15:00:00Z,94577.9,94750.2,94357.9,94465.8,2072.562
2024-12-29T16:00:00Z,94465.8,94544.9,93450.1,93841.2,5832.597
2024-12-29T17:00:00Z,93841.2,94065.3,93726.9,93877.5,1986.996
2024-12-29T18:00:00Z,93877.5,93899.2,93521.5,93592.2,2921.58
2024-12-29T19:00:00Z,93592.2,93812.5,93233.0,93550.7,2380.263
2024-12-29T20:00:00Z,93550.7,93818.2,93299.0,93792.7,2359.477
2024-12-29T21:00:00Z,93792.7,93900.0,93063.1,93291.4,4051.651
2024-12-29T22:00:00Z,93291.4,93715.9,93000.0,93089.6,3375.592
2024-12-29T23:00:00Z,93089.6,93830.0,92926.7,93699.0,3820.404
2024-12-30T00:00:00Z,93699.0,93874.1,93450.1,93527.8,2451.782
2024-12-30T01:00:00Z,93527.8,94244.9,93313.3,93886.3,4751.048
2024-12-30T02:00:00Z,93886.3,93919.9,93364.8,93866.7,2487.193
2024-12-30T03:00:00Z,93866.7,94052.4,93600.3,93667.3,1557.136
2024-12-30T04:00:00Z,93667.3,93921.9,93218.0,93226.8,1775.316
2024-12-30T05:00:00Z,93226.8,93539.8,93163.8,93539.8,2010.163
2024-12-30T06:00:00Z,93539.8,94000.0,93455.0,93854.8,2555.62
2024-12-30T07:00:00Z,93854.8,93905.4,93267.7,93680.0,2174.145
2024-12-30T08:00:00Z,93680.0,93938.5,93671.4,93804.4,2467.863
2024-12-30T09:00:00Z,93804.4,93982.1,93623.3,93833.4,1872.605
2024-12-30T10:00:00Z,93833.4,94029.5,93672.1,93750.0,1503.422
2024-12-30T11:00:00Z,93750.0,93908.5,93417.3,93876.2,2411.001
2024-12-30T12:00:00Z,93876.2,94232.3,93659.1,93707.2,2997.553
2024-12-30T13:00:00Z,93707.2,93794.5,92550.0,92614.7,9732.934
2024-12-30T14:00:00Z,92614.7,93080.0,91740.5,91825.3,13988.79
2024-12-30T15:00:00Z,91825.3,92419.9,91463.7,92077.1,14412.765
2024-12-30T16:00:00Z,92077.1,92189.9,91751.0,92064.5,6147.42
2024-12-30T17:00:00Z,92064.5,94174.4,91908.4,93779.9,12664.844
2024-12-30T18:00:00Z,93779.9,94656.0,93532.0,94556.3,8073.222
2024-12-30T19:00:00Z,94556.3,94592.2,93902.7,94387.1,4181.111
2024-12-30T20:00:00Z,94387.1,95000.0,94243.5,94306.3,5724.868
2024-12-30T21:00:00Z,94306.3,94353.4,91831.4,92029.8,14356.379
2024-12-30T22:00:00Z,92029.8,93000.0,91887.6,92745.3,5322.142
2024-12-30T23:00:00Z,92745.3,92837.5,92312.5,92739.3,2838.746
2024-12-31T00:00:00Z,92739.3,92850.0,92312.6,92399.0,2519.033
2024-12-31T01:00:00Z,92399.0,92544.5,91981.4,92390.2,3225.417
2024-12-31T02:00:00Z,92390.2,92666.6,92242.5,92413.0,1762.524
2024-12-31T03:00:00Z,92413.0,92617.6,92189.8,92467.1,2645.9
2024-12-31T04:00:00Z,92467.1,92784.1,92305.3,92418.4,2021.838
2024-12-31T05:00:00Z,92418.4,92709.7,92301.1,92552.9,1580.756
2024-12-31T06:00:00Z,92552.9,92989.7,92521.0,92777.2,2547.104
2024-12-31T07:00:00Z,92777.2,92870.1,92717.2,92811.7,1544.239
2024-12-31T08:00:00Z,92811.7,94700.0,92790.0,93870.3,10065.128
2024-12-31T09:00:00Z,93870.3,94115.3,93764.0,93990.0,3194.42
2024-12-31T10:00:00Z,93990.0,94230.9,93608.7,94063.0,4307.445
2024-12-31T11:00:00Z,94063.0,94265.5,93950.0,94201.5,2195.299
2024-12-31T12:00:00Z,94201.5,94920.0,94201.5,94510.2,6008.269
2024-12-31T13:00:00Z,94510.2,96050.1,94480.3,95552.1,10792.424
2024-12-31T14:00:00Z,95552.1,96322.1,95329.4,95657.5,7676.229
2024-12-31T15:00:00Z,95657.5,95972.5,94880.8,95385.1,7209.51
2024-12-31T16:00:00Z,95385.1,95585.2,94559.8,94834.2,4993.917
2024-12-31T17:00:00Z,94834.2,95033.1,93138.2,94087.2,9668.382
2024-12-31T18:00:00Z,94087.2,94365.7,93750.1,93850.1,3687.501
2024-12-31T19:00:00Z,93850.1,94249.7,93648.0,94140.8,2616.786
2024-12-31T20:00:00Z,94140.8,94212.6,93390.0,93537.7,3249.4
2024-12-31T21:00:00Z,93537.7,93936.1,93441.6,93856.6,1951.361
2024-12-31T22:00:00Z,93856.6,93856.6,93329.7,93460.1,1541.15
2024-12-31T23:00:00Z,93460.1,93720.0,93331.2,93530.0,1556.522
