timestamp,open,high,low,close,volume
2024-01-01T00:00:00Z,42324.8,42842.9,42271.5,42384.1,11497.162
2024-01-01T04:00:00Z,42384.1,42533.0,42211.2,42531.7,6040.87
2024-01-01T08:00:00Z,42531.7,42809.6,42492.7,42735.1,7555.517
2024-01-01T12:00:00Z,42735.1,42890.0,42605.4,42825.1,7622.312
2024-01-01T16:00:00Z,42825.1,43604.0,42707.1,43570.1,17445.176
2024-01-01T20:00:00Z,43570.1,44284.9,43421.8,44235.5,28962.402
2024-01-02T00:00:00Z,44235.5,45578.9,44208.7,45434.1,51916.359
2024-01-02T04:00:00Z,45434.1,45792.8,45160.0,45500.0,18860.313
2024-01-02T08:00:00Z,45500.0,45946.5,45242.3,45495.9,28366.192
2024-01-02T12:00:00Z,45495.9,45864.3,44868.2,45230.3,35839.072
2024-01-02T16:00:00Z,45230.3,45455.0,44795.7,45088.6,23370.701
2024-01-02T20:00:00Z,45088.6,45369.9,44633.0,44989.0,22177.446
2024-01-03T00:00:00Z,44989.0,45476.0,44909.8,45309.2,10202.531
2024-01-03T04:00:00Z,45309.2,45426.3,44971.0,45044.0,9735.544
2024-01-03T08:00:00Z,45044.0,45567.8,43434.7,43736.2,55357.569
2024-01-03T12:00:00Z,43736.2,43749.9,40210.0,43011.3,157381.823
2024-01-03T16:00:00Z,43011.3,43615.5,41728.4,42616.6,60779.989
2024-01-03T20:00:00Z,42616.6,42995.0,42535.2,42871.9,14760.097
2024-01-04T00:00:00Z,42871.9,43270.0,42637.0,43141.4,13765.715
2024-01-04T04:00:00Z,43141.4,43317.1,42773.0,42795.3,16254.887
2024-01-04T08:00:00Z,42795.3,43268.9,42677.4,43205.0,16389.839
2024-01-04T12:00:00Z,43205.0,44390.0,43121.4,44089.9,43344.208
2024-01-04T16:00:00Z,44089.9,44477.9,43806.1,43962.8,32424.294
2024-01-04T20:00:00Z,43962.8,44875.5,43910.1,44156.3,42499.03
2024-01-05T00:00:00Z,44156.3,44293.0,42181.0,43472.0,51159.327
2024-01-05T04:00:00Z,43472.0,43950.0,43163.4,43793.8,17549.283
2024-01-05T08:00:00Z,43793.8,44391.2,43465.7,43786.0,28438.331
2024-01-05T12:00:00Z,43786.0,44300.0,42972.2,43516.1,43540.642
2024-01-05T16:00:00Z,43516.1,43836.3,43076.0,43612.3,22756.083
2024-01-05T20:00:00Z,43612.3,44436.4,43569.3,44156.8,30912.936
2024-01-06T00:00:00Z,44156.8,44229.4,43814.2,43934.0,8577.622
2024-01-06T04:00:00Z,43934.0,43977.5,43400.7,43671.1,12011.731
2024-01-06T08:00:00Z,43671.1,43789.9,43574.1,43683.6,6287.674
2024-01-06T12:00:00Z,43683.6,43935.5,43525.5,43872.1,9289.351
2024-01-06T16:00:00Z,43872.1,44168.6,43832.6,43914.0,9138.518
2024-01-06T20:00:00Z,43914.0,43992.5,43548.5,43972.4,9017.194
2024-01-07T00:00:00Z,43972.4,44285.0,43840.8,43944.7,10465.419
2024-01-07T04:00:00Z,43944.7,44112.8,43850.8,44092.0,5740.72
2024-01-07T08:00:00Z,44092.0,44182.5,43885.6,44076.9,6998.088
2024-01-07T12:00:00Z,44076.9,44509.6,43935.0,44061.0,19812.722
2024-01-07T16:00:00Z,44061.0,44272.9,43639.6,44249.9,14387.648
2024-01-07T20:00:00Z,44249.9,44280.0,43577.0,43936.2,16256.299
2024-01-08T00:00:00Z,43936.2,43997.7,43136.9,43527.7,21240.832
2024-01-08T04:00:00Z,43527.7,44444.0,43446.5,43979.0,25057.833
2024-01-08T08:00:00Z,43979.0,44749.3,43640.1,44653.9,24630.729
2024-01-08T12:00:00Z,44653.9,45413.0,44296.1,44975.3,61701.283
2024-01-08T16:00:00Z,44975.3,47318.3,44791.0,47005.9,75116.526
2024-01-08T20:00:00Z,47005.9,47238.3,46666.6,46972.8,20875.229
2024-01-09T00:00:00Z,46972.8,47164.0,46261.0,46949.2,27105.91
2024-01-09T04:00:00Z,46949.2,46966.8,46624.0,46855.0,10675.433
2024-01-09T08:00:00Z,46855.0,46900.0,46411.8,46643.9,13993.427
2024-01-09T12:00:00Z,46643.9,47080.0,45500.0,46875.0,64021.837
2024-01-09T16:00:00Z,46875.0,46985.0,46500.0,46882.1,16230.46
2024-01-09T20:00:00Z,46882.1,48083.4,44750.0,46128.0,105966.35
2024-01-10T00:00:00Z,46128.0,46259.9,45633.3,46129.1,17155.578
2024-01-10T04:00:00Z,46129.1,46197.5,45738.5,45773.6,9160.913
2024-01-10T08:00:00Z,45773.6,45877.9,44881.0,45544.0,26562.792
2024-01-10T12:00:00Z,45544.0,45689.4,44301.0,45578.4,74180.031
2024-01-10T16:00:00Z,45578.4,46777.0,45182.7,46506.2,60568.805
2024-01-10T20:00:00Z,46506.2,47732.0,44727.6,46659.9,134852.592
2024-01-11T00:00:00Z,46659.9,46764.7,46171.0,46508.8,22423.311
2024-01-11T04:00:00Z,46508.8,46520.0,45620.0,46113.2,21141.471
2024-01-11T08:00:00Z,46113.2,47183.4,46067.1,47067.1,23690.256
2024-01-11T12:00:00Z,47067.1,49054.4,46476.1,46822.3,121047.662
2024-01-11T16:00:00Z,46822.3,47059.4,45525.3,46714.8,60954.518
2024-01-11T20:00:00Z,46714.8,46982.5,46083.7,46347.7,22207.768
2024-01-12T00:00:00Z,46347.7,46550.0,45909.1,45995.2,17469.998
2024-01-12T04:00:00Z,45995.2,46397.8,45681.0,46017.3,16156.626
2024-01-12T08:00:00Z,46017.3,46290.0,45530.2,45968.8,24905.814
2024-01-12T12:00:00Z,45968.8,46139.0,44358.4,44501.5,55014.056
2024-01-12T16:00:00Z,44501.5,44722.0,43202.6,43512.1,84871.344
2024-01-12T20:00:00Z,43512.1,44000.0,41323.0,42797.9,67362.895
2024-01-13T00:00:00Z,42797.9,43025.2,42449.0,42629.6,16246.058
2024-01-13T04:00:00Z,42629.6,43267.6,42574.2,43113.4,13664.655
2024-01-13T08:00:00Z,43113.4,43260.8,42506.0,42638.9,16770.256
2024-01-13T12:00:00Z,42638.9,43259.0,42522.3,43169.3,16966.906
2024-01-13T16:00:00Z,43169.3,43202.0,42730.0,42795.0,14011.057
2024-01-13T20:00:00Z,42795.0,43074.4,42706.3,42855.0,5246.692
2024-01-14T00:00:00Z,42855.0,42902.6,42658.8,42704.4,6330.491
2024-01-14T04:00:00Z,42704.4,43078.8,42576.7,43034.1,7254.845
2024-01-14T08:00:00Z,43034.1,43110.3,42770.2,42840.0,7064.029
2024-01-14T12:00:00Z,42840.0,43022.0,42695.6,42909.1,9436.688
2024-01-14T16:00:00Z,42909.1,43028.7,42633.9,42658.1,8887.656
2024-01-14T20:00:00Z,42658.1,42765.8,41708.8,41731.0,42061.329
2024-01-15T00:00:00Z,41731.0,42686.4,41710.6,42576.4,16671.314
2024-01-15T04:00:00Z,42576.4,42881.2,42488.0,42731.1,12256.123
2024-01-15T08:00:00Z,42731.1,42801.4,42502.1,42709.9,9752.261
2024-01-15T12:00:00Z,42709.9,42985.3,42159.2,42281.4,29051.441
2024-01-15T16:00:00Z,42281.4,43394.6,42258.1,42993.8,28572.135
2024-01-15T20:00:00Z,42993.8,43121.3,42328.5,42508.1,15376.368
2024-01-16T00:00:00Z,42508.1,42937.6,42458.6,42918.3,7534.76
2024-01-16T04:00:00Z,42918.3,42955.0,42605.6,42788.5,7850.436
2024-01-16T08:00:00Z,42788.5,43185.0,42710.0,42893.7,14760.393
2024-01-16T12:00:00Z,42893.7,43354.7,42003.9,43255.9,57560.855
2024-01-16T16:00:00Z,43255.9,43456.2,42820.2,43164.7,22583.254
2024-01-16T20:00:00Z,43164.7,43579.9,43042.5,43128.1,17237.923
2024-01-17T00:00:00Z,43128.1,43197.0,42839.9,42840.8,7710.987
2024-01-17T04:00:00Z,42840.8,42920.0,42600.2,42642.0,8996.367
2024-01-17T08:00:00Z,42642.0,42849.9,42550.0,42683.9,10770.225
2024-01-17T12:00:00Z,42683.9,42952.5,42306.0,42478.1,35861.06
2024-01-17T16:00:00Z,42478.1,42760.0,42195.7,42621.1,16353.665
2024-01-17T20:00:00Z,42621.1,42884.7,42442.3,42782.1,12438.247
2024-01-18T00:00:00Z,42782.1,42800.0,42503.0,42594.3,5440.088
2024-01-18T04:00:00Z,42594.3,42931.3,42589.9,42920.2,7449.99
2024-01-18T08:00:00Z,42920.2,42931.3,42388.6,42555.1,12383.544
2024-01-18T12:00:00Z,42555.1,42829.0,42347.5,42629.3,18000.851
2024-01-18T16:00:00Z,42629.3,42629.3,40812.0,41028.8,72087.997
2024-01-18T20:00:00Z,41028.8,41380.4,40669.0,41330.5,38437.577
2024-01-19T00:00:00Z,41330.5,41376.2,40743.7,41055.7,16345.087
2024-01-19T04:00:00Z,41055.7,41570.0,41035.3,41289.3,14239.8
2024-01-19T08:00:00Z,41289.3,41521.1,41140.3,41474.0,12867.151
2024-01-19T12:00:00Z,41474.0,41500.0,40714.9,40900.6,32910.133
2024-01-19T16:00:00Z,40900.6,42000.0,40269.0,41830.1,70067.801
2024-01-19T20:00:00Z,41830.1,42199.0,41525.4,41663.0,17731.233
2024-01-20T00:00:00Z,41663.0,41705.0,41412.6,41639.9,8938.372
2024-01-20T04:00:00Z,41639.9,41789.1,41561.8,41647.4,5480.078
2024-01-20T08:00:00Z,41647.4,41670.4,41450.4,41580.0,8362.25
2024-01-20T12:00:00Z,41580.0,41695.7,41480.0,41567.1,6307.771
2024-01-20T16:00:00Z,41567.1,41688.1,41518.9,41632.8,3840.296
2024-01-20T20:00:00Z,41632.8,41874.9,41610.6,41691.9,6326.155
2024-01-21T00:00:00Z,41691.9,41738.9,41630.0,41680.1,2629.387
2024-01-21T04:00:00Z,41680.1,41701.6,41557.6,41638.5,2971.116
2024-01-21T08:00:00Z,41638.5,41830.0,41638.4,41720.3,6202.846
2024-01-21T12:00:00Z,41720.3,41867.8,41590.1,41647.1,7482.417
2024-01-21T16:00:00Z,41647.1,41757.9,41511.0,41724.1,5562.632
2024-01-21T20:00:00Z,41724.1,41816.1,41493.0,41585.6,6852.556
2024-01-22T00:00:00Z,41585.6,41695.0,41055.9,41206.8,19746.542
2024-01-22T04:00:00Z,41206.8,41321.2,40669.3,41047.7,28558.338
2024-01-22T08:00:00Z,41047.7,41060.3,40350.0,40819.9,35598.466
2024-01-22T12:00:00Z,40819.9,41250.0,40318.0,40774.0,40703.546
2024-01-22T16:00:00Z,40774.0,40896.7,39394.7,39811.1,66035.913
2024-01-22T20:00:00Z,39811.1,40345.5,39360.0,39559.3,42386.111
2024-01-23T00:00:00Z,39559.3,40110.9,39497.9,39997.3,13989.074
2024-01-23T04:00:00Z,39997.3,40180.0,39653.9,39776.9,11490.183
2024-01-23T08:00:00Z,39776.9,39864.1,38641.3,38840.9,59547.264
2024-01-23T12:00:00Z,38840.9,39480.0,38531.5,39194.1,47747.947
2024-01-23T16:00:00Z,39194.1,39661.8,38920.0,39133.0,34217.639
2024-01-23T20:00:00Z,39133.0,39911.0,39015.0,39900.1,22995.191
2024-01-24T00:00:00Z,39900.1,40246.9,39572.5,39614.0,21108.64
2024-01-24T04:00:00Z,39614.0,40181.7,39561.0,39986.8,13397.68
2024-01-24T08:00:00Z,39986.8,40565.3,39858.5,40207.2,22848.812
2024-01-24T12:00:00Z,40207.2,40298.4,39752.0,40046.0,28543.905
2024-01-24T16:00:00Z,40046.0,40212.7,39579.0,39795.7,19312.193
2024-01-24T20:00:00Z,39795.7,40185.9,39488.0,40078.1,17889.291
2024-01-25T00:00:00Z,40078.1,40183.1,39911.0,40008.0,9074.971
2024-01-25T04:00:00Z,40008.0,40129.5,39775.9,40125.0,8901.429
2024-01-25T08:00:00Z,40125.0,40324.3,39961.0,40173.0,13629.4
2024-01-25T12:00:00Z,40173.0,40282.8,39587.4,39791.0,29320.318
2024-01-25T16:00:00Z,39791.0,40045.0,39537.0,39982.8,24052.543
2024-01-25T20:00:00Z,39982.8,39987.6,39629.2,39954.0,9715.557
2024-01-26T00:00:00Z,39954.0,40221.3,39810.0,40054.0,9705.94
2024-01-26T04:00:00Z,40054.0,40217.8,39882.2,39949.5,9151.692
2024-01-26T08:00:00Z,39949.5,41348.3,39942.2,41263.3,47594.96
2024-01-26T12:00:00Z,41263.3,41568.9,40880.6,41391.2,39712.574
2024-01-26T16:00:00Z,41391.2,42193.0,41377.5,42045.4,41229.107
2024-01-26T20:00:00Z,42045.4,42238.1,41790.0,41805.5,14352.489
2024-01-27T00:00:00Z,41805.5,41921.3,41693.0,41809.0,6047.788
2024-01-27T04:00:00Z,41809.0,41877.0,41581.0,41701.1,6020.59
2024-01-27T08:00:00Z,41701.1,41784.5,41365.0,41741.4,14303.722
2024-01-27T12:00:00Z,41741.4,41878.4,41692.3,41797.2,5261.7
2024-01-27T16:00:00Z,41797.2,41975.0,41720.7,41883.5,5131.679
2024-01-27T20:00:00Z,41883.5,42193.3,41883.5,42095.8,8934.79
2024-01-28T00:00:00Z,42095.8,42222.0,41905.1,42204.1,9873.717
2024-01-28T04:00:00Z,42204.1,42839.9,42202.4,42366.3,30329.184
2024-01-28T08:00:00Z,42366.3,42682.9,42300.6,42454.6,13476.977
2024-01-28T12:00:00Z,42454.6,42541.2,42130.2,42242.1,14053.578
2024-01-28T16:00:00Z,42242.1,42343.2,41704.3,41770.0,15583.488
2024-01-28T20:00:00Z,41770.0,42059.4,41587.4,42016.1,12553.952
2024-01-29T00:00:00Z,42016.1,42484.9,41859.2,42303.1,13275.084
2024-01-29T04:00:00Z,42303.1,42324.2,41974.4,42039.7,8152.213
2024-01-29T08:00:00Z,42039.7,42368.9,41939.6,42232.4,11925.142
2024-01-29T12:00:00Z,42232.4,42642.7,41767.9,42637.6,27319.367
2024-01-29T16:00:00Z,42637.6,43300.0,42501.5,42981.9,42174.256
2024-01-29T20:00:00Z,42981.9,43436.9,42958.8,43286.2,11602.504
2024-01-30T00:00:00Z,43286.2,43790.0,43121.5,43503.9,22541.978
2024-01-30T04:00:00Z,43503.9,43554.0,43230.9,43354.1,9082.996
2024-01-30T08:00:00Z,43354.1,43550.0,43172.1,43519.7,12955.05
2024-01-30T12:00:00Z,43519.7,43890.8,43083.7,43353.0,41454.674
2024-01-30T16:00:00Z,43353.0,43591.2,43191.6,43522.3,14908.07
2024-01-30T20:00:00Z,43522.3,43742.2,42647.5,42919.0,23073.948
2024-01-31T00:00:00Z,42919.0,43087.0,42631.0,42912.4,15813.071
2024-01-31T04:00:00Z,42912.4,43069.9,42845.1,43031.0,7018.99
2024-01-31T08:00:00Z,43031.0,43069.8,42333.3,42625.4,22714.381
2024-01-31T12:00:00Z,42625.4,43458.5,42488.9,43330.0,36908.462
2024-01-31T16:00:00Z,43330.0,43735.9,43001.7,43308.0,34552.882
2024-01-31T20:00:00Z,43308.0,43339.8,42255.0,42552.7,33724.714
2024-02-01T00:00:00Z,42552.7,42668.0,41843.5,42003.0,25398.02
2024-02-01T04:00:00Z,42003.0,42293.7,41883.8,42181.6,11857.565
2024-02-01T08:00:00Z,42181.6,42329.9,42000.0,42064.2,11476.633
2024-02-01T12:00:00Z,42064.2,42928.0,41931.0,42477.9,36529.482
2024-02-01T16:00:00Z,42477.9,43307.3,42333.0,43201.1,34972.502
2024-02-01T20:00:00Z,43201.1,43272.0,42855.0,43064.6,12033.116
2024-02-02T00:00:00Z,43064.6,43430.5,43002.3,43017.3,10900.82
2024-02-02T04:00:00Z,43017.3,43243.7,42922.7,43078.3,9316.139
2024-02-02T08:00:00Z,43078.3,43196.0,42922.2,43132.0,9690.56
2024-02-02T12:00:00Z,43132.0,43247.0,42520.3,43222.7,31055.031
2024-02-02T16:00:00Z,43222.7,43476.7,42742.0,43041.0,21904.349
2024-02-02T20:00:00Z,43041.0,43210.0,42870.5,43178.1,5849.325
2024-02-03T00:00:00Z,43178.1,43377.8,43120.3,43151.0,5797.805
2024-02-03T04:00:00Z,43151.0,43200.0,43017.5,43037.4,3051.391
2024-02-03T08:00:00Z,43037.4,43109.9,42955.1,42985.9,4119.459
2024-02-03T12:00:00Z,42985.9,43167.6,42859.1,43092.4,7530.639
2024-02-03T16:00:00Z,43092.4,43249.8,42988.0,43040.6,7387.981
2024-02-03T20:00:00Z,43040.6,43082.2,42931.0,42991.8,2901.69
2024-02-04T00:00:00Z,42991.8,43049.0,42875.6,43006.9,3127.846
2024-02-04T04:00:00Z,43006.9,43010.0,42711.0,42823.0,5945.756
2024-02-04T08:00:00Z,42823.0,43114.7,42716.5,43039.3,6779.817
2024-02-04T12:00:00Z,43039.3,43096.1,42812.0,42919.0,6071.475
2024-02-04T16:00:00Z,42919.0,42962.9,42550.5,42617.8,8308.699
2024-02-04T20:00:00Z,42617.8,42978.1,42154.0,42559.6,15921.15
2024-02-05T00:00:00Z,42559.6,42718.8,42229.6,42700.1,11560.939
2024-02-05T04:00:00Z,42700.1,43150.0,42620.3,43047.2,12889.007
2024-02-05T08:00:00Z,43047.2,43266.6,42934.0,43184.1,13468.736
2024-02-05T12:00:00Z,43184.1,43567.9,42563.2,42617.6,36404.775
2024-02-05T16:00:00Z,42617.6,42859.1,42439.4,42754.2,17913.292
2024-02-05T20:00:00Z,42754.2,42788.7,42286.3,42692.6,16572.817
2024-02-06T00:00:00Z,42692.6,42950.0,42554.0,42836.1,9509.504
2024-02-06T04:00:00Z,42836.1,42913.9,42615.1,42872.2,7690.225
2024-02-06T08:00:00Z,42872.2,43099.1,42645.6,42807.5,17871.113
2024-02-06T12:00:00Z,42807.5,43250.0,42631.0,43224.9,20336.479
2024-02-06T16:00:00Z,43224.9,43370.4,42968.3,43260.0,14660.363
2024-02-06T20:00:00Z,43260.0,43305.1,43010.8,43083.9,6291.332
2024-02-07T00:00:00Z,43083.9,43179.9,42774.2,42790.6,8056.703
2024-02-07T04:00:00Z,42790.6,43037.9,42779.3,42898.5,7111.702
2024-02-07T08:00:00Z,42898.5,43191.8,42807.3,42919.7,11842.415
2024-02-07T12:00:00Z,42919.7,43312.8,42869.9,43047.2,17885.645
2024-02-07T16:00:00Z,43047.2,43717.5,42988.9,43595.2,27193.821
2024-02-07T20:00:00Z,43595.2,44379.1,43595.2,44318.0,32898.428
2024-02-08T00:00:00Z,44318.0,44793.2,44300.1,44513.7,26006.47
2024-02-08T04:00:00Z,44513.7,44608.9,44401.0,44496.8,6973.529
2024-02-08T08:00:00Z,44496.8,44889.0,44493.6,44678.0,17801.084
2024-02-08T12:00:00Z,44678.0,45458.3,44564.8,45409.4,43400.929
2024-02-08T16:00:00Z,45409.4,45479.0,44861.7,45249.1,23880.422
2024-02-08T20:00:00Z,45249.1,45628.2,45180.1,45260.5,15779.024
2024-02-09T00:00:00Z,45260.5,46382.0,45210.0,46046.1,31649.913
2024-02-09T04:00:00Z,46046.1,46438.0,45824.4,46195.5,18385.853
2024-02-09T08:00:00Z,46195.5,47299.8,46195.4,47163.8,35663.961
2024-02-09T12:00:00Z,47163.8,47749.0,46603.2,47133.7,69061.388
2024-02-09T16:00:00Z,47133.7,48230.0,47107.4,47486.4,46754.162
2024-02-09T20:00:00Z,47486.4,47672.6,47000.9,47122.4,14025.471
2024-02-10T00:00:00Z,47122.4,47489.6,47027.5,47370.0,9259.073
2024-02-10T04:00:00Z,47370.0,47427.2,47133.3,47142.5,5402.361
2024-02-10T08:00:00Z,47142.5,47271.0,46840.0,47176.4,13904.824
2024-02-10T12:00:00Z,47176.4,47388.3,47101.5,47339.5,9147.903
2024-02-10T16:00:00Z,47339.5,47672.8,47142.3,47519.9,10894.764
2024-02-10T20:00:00Z,47519.9,48197.9,47440.4,47728.1,22213.546
2024-02-11T00:00:00Z,47728.1,48586.9,47555.7,48525.1,19253.944
2024-02-11T04:00:00Z,48525.1,48603.5,48066.0,48191.9,14364.676
2024-02-11T08:00:00Z,48191.9,48466.6,47906.4,48422.7,12055.016
2024-02-11T12:00:00Z,48422.7,48485.0,47937.6,48148.2,15676.184
2024-02-11T16:00:00Z,48148.2,48431.7,47933.0,48293.4,13561.054
2024-02-11T20:00:00Z,48293.4,48396.2,47965.0,48328.5,11617.423
2024-02-12T00:00:00Z,48328.5,48893.7,48002.5,48152.8,23781.761
2024-02-12T04:00:00Z,48152.8,48395.5,47712.8,48219.3,16750.007
2024-02-12T08:00:00Z,48219.3,48346.3,47725.2,47919.3,17915.439
2024-02-12T12:00:00Z,47919.3,49999.0,47851.2,49960.4,60569.483
2024-02-12T16:00:00Z,49960.4,50439.2,49408.3,49556.9,54061.303
2024-02-12T20:00:00Z,49556.9,50299.0,49556.9,49960.9,19763.211
2024-02-13T00:00:00Z,49960.9,50430.5,49762.0,49819.0,16128.454
2024-02-13T04:00:00Z,49819.0,50168.6,49816.1,50031.2,8960.727
2024-02-13T08:00:00Z,50031.2,50296.0,49660.0,49998.7,19768.625
2024-02-13T12:00:00Z,49998.7,50004.7,48362.5,48749.0,73071.695
2024-02-13T16:00:00Z,48749.0,49286.6,48300.1,49050.0,29835.986
2024-02-13T20:00:00Z,49050.0,49798.0,49007.9,49710.4,21174.613
2024-02-14T00:00:00Z,49710.4,49733.0,49329.0,49539.2,8414.828
2024-02-14T04:00:00Z,49539.2,49912.0,49220.5,49859.9,13326.331
2024-02-14T08:00:00Z,49859.9,51831.0,49743.8,51600.0,67214.777
2024-02-14T12:00:00Z,51600.0,52098.4,51320.0,51621.9,48273.569
2024-02-14T16:00:00Z,51621.9,51784.9,51196.3,51702.0,22752.537
2024-02-14T20:00:00Z,51702.0,51919.9,51478.8,51821.8,12411.491
2024-02-15T00:00:00Z,51821.8,52575.5,51733.5,52394.9,30853.345
2024-02-15T04:00:00Z,52394.9,52415.1,51659.1,51817.3,15791.074
2024-02-15T08:00:00Z,51817.3,52571.0,51680.1,52362.4,19261.591
2024-02-15T12:00:00Z,52362.4,52879.5,51700.9,51962.1,49737.233
2024-02-15T16:00:00Z,51962.1,52447.8,51733.1,52022.1,29587.269
2024-02-15T20:00:00Z,52022.1,52030.4,51322.5,51904.2,22181.911
2024-02-16T00:00:00Z,51904.2,52367.5,51827.2,52306.7,12571.65
2024-02-16T04:00:00Z,52306.7,52384.8,51765.5,51791.0,11546.744
2024-02-16T08:00:00Z,51791.0,52476.8,51586.2,52241.7,23923.158
2024-02-16T12:00:00Z,52241.7,52625.0,51600.6,51914.4,35808.159
2024-02-16T16:00:00Z,51914.4,52286.0,51672.0,51783.1,17874.838
2024-02-16T20:00:00Z,51783.1,52272.0,51708.3,52151.8,8835.249
2024-02-17T00:00:00Z,52151.8,52200.0,51861.7,52004.0,5162.697
2024-02-17T04:00:00Z,52004.0,52092.4,51815.3,51935.9,4094.958
2024-02-17T08:00:00Z,51935.9,51936.0,51514.6,51726.3,12658.013
2024-02-17T12:00:00Z,51726.3,51780.2,50652.3,51015.6,43026.621
2024-02-17T16:00:00Z,51015.6,51476.0,50766.6,51424.9,16744.435
2024-02-17T20:00:00Z,51424.9,52113.0,51325.0,51693.1,18452.107
2024-02-18T00:00:00Z,51693.1,51856.6,51176.0,51515.5,14088.64
2024-02-18T04:00:00Z,51515.5,51777.0,51425.4,51699.9,9072.612
2024-02-18T08:00:00Z,51699.9,52111.6,51665.9,51869.1,11473.903
2024-02-18T12:00:00Z,51869.1,51999.0,51564.4,51821.0,12414.005
2024-02-18T16:00:00Z,51821.0,52027.6,51683.0,51792.9,9348.905
2024-02-18T20:00:00Z,51792.9,52456.7,51616.9,52174.9,19263.508
2024-02-19T00:00:00Z,52174.9,52499.2,51930.1,52103.1,11182.352
2024-02-19T04:00:00Z,52103.1,52559.2,52012.3,52438.1,13144.829
2024-02-19T08:00:00Z,52438.1,52496.1,52102.6,52386.1,11824.55
2024-02-19T12:00:00Z,52386.1,52517.5,52033.8,52157.9,15057.489
2024-02-19T16:00:00Z,52157.9,52275.9,51701.0,51850.1,19119.614
2024-02-19T20:00:00Z,51850.1,52150.7,51725.0,51814.9,10556.935
2024-02-20T00:00:00Z,51814.9,51865.3,51324.9,51610.1,15932.771
2024-02-20T04:00:00Z,51610.1,52105.1,51538.8,51880.9,11920.869
2024-02-20T08:00:00Z,51880.9,52433.0,51583.4,52323.0,23102.416
2024-02-20T12:00:00Z,52323.0,53120.0,51350.0,51706.3,66838.653
2024-02-20T16:00:00Z,51706.3,52188.1,50725.2,52136.6,38755.852
2024-02-20T20:00:00Z,52136.6,52555.0,51905.9,52287.1,16230.731
2024-02-21T00:00:00Z,52287.1,52404.5,51990.3,52016.2,8311.003
2024-02-21T04:00:00Z,52016.2,52128.5,51454.9,51572.2,15762.604
2024-02-21T08:00:00Z,51572.2,51817.6,50806.0,50965.7,32088.229
2024-02-21T12:00:00Z,50965.7,51459.3,50430.0,51166.0,44037.582
2024-02-21T16:00:00Z,51166.0,51437.4,50574.4,51076.9,24415.517
2024-02-21T20:00:00Z,51076.9,52022.4,50868.5,51875.2,26447.038
2024-02-22T00:00:00Z,51875.2,51906.3,51161.3,51592.5,14127.648
2024-02-22T04:00:00Z,51592.5,51950.0,51358.6,51860.0,11615.858
2024-02-22T08:00:00Z,51860.0,52074.9,51539.0,51646.7,14565.829
2024-02-22T12:00:00Z,51646.7,51758.8,50939.9,51610.1,32135.928
2024-02-22T16:00:00Z,51610.1,51773.6,51392.8,51535.1,12728.286
2024-02-22T20:00:00Z,51535.1,52119.7,51142.4,51304.7,24839.532
2024-02-23T00:00:00Z,51304.7,51571.7,50969.1,51124.1,15131.964
2024-02-23T04:00:00Z,51124.1,51366.5,50890.8,50954.7,12029.68
2024-02-23T08:00:00Z,50954.7,51300.0,50846.2,51262.5,15172.185
2024-02-23T12:00:00Z,51262.5,51375.3,50771.5,50934.4,28339.929
2024-02-23T16:00:00Z,50934.4,51227.7,50610.1,51125.9,16960.638
2024-02-23T20:00:00Z,51125.9,51179.1,50538.5,50774.1,10760.897
2024-02-24T00:00:00Z,50774.1,50936.6,50600.0,50869.9,7641.602
2024-02-24T04:00:00Z,50869.9,51135.9,50839.9,51103.8,6975.898
2024-02-24T08:00:00Z,51103.8,51208.0,50975.0,51170.1,5213.034
2024-02-24T12:00:00Z,51170.1,51222.4,51070.0,51140.7,3686.861
2024-02-24T16:00:00Z,51140.7,51742.7,51132.2,51584.6,15183.77
2024-02-24T20:00:00Z,51584.6,51700.0,51468.3,51588.9,5653.713
2024-02-25T00:00:00Z,51588.9,51936.0,51465.7,51657.3,9922.909
2024-02-25T04:00:00Z,51657.3,51841.5,51533.8,51749.9,5080.384
2024-02-25T08:00:00Z,51749.9,51806.3,51562.0,51672.0,4226.83
2024-02-25T12:00:00Z,51672.0,51809.7,51441.0,51538.5,8391.102
2024-02-25T16:00:00Z,51538.5,51766.0,51300.0,51690.9,10905.124
2024-02-25T20:00:00Z,51690.9,52000.0,51661.8,51747.5,11492.328
2024-02-26T00:00:00Z,51747.5,51825.2,51407.5,51572.4,7407.749
2024-02-26T04:00:00Z,51572.4,51621.9,51305.0,51314.0,6291.823
2024-02-26T08:00:00Z,51314.0,51407.8,50922.0,51116.0,18227.832
2024-02-26T12:00:00Z,51116.0,52924.4,50980.5,52899.2,46442.402
2024-02-26T16:00:00Z,52899.2,54599.8,52809.7,54537.7,66742.091
2024-02-26T20:00:00Z,54537.7,54992.2,54311.0,54515.0,27751.669
2024-02-27T00:00:00Z,54515.0,57600.0,54488.8,55772.0,61318.456
2024-02-27T04:00:00Z,55772.0,56498.6,55680.0,56100.0,23827.774
2024-02-27T08:00:00Z,56100.0,56898.9,56075.6,56590.1,21282.461
2024-02-27T12:00:00Z,56590.1,57497.8,56504.9,56780.0,57123.366
2024-02-27T16:00:00Z,56780.0,57699.0,56232.3,57400.0,36292.635
2024-02-27T20:00:00Z,57400.0,57429.0,56620.6,57077.9,21716.445
2024-02-28T00:00:00Z,57077.9,57148.0,56735.4,56966.9,7594.106
2024-02-28T04:00:00Z,56966.9,58485.4,56933.3,58330.0,25801.451
2024-02-28T08:00:00Z,58330.0,59614.5,58201.8,59017.7,74272.17
2024-02-28T12:00:00Z,59017.7,61453.0,58950.1,61006.6,97663.305
2024-02-28T16:00:00Z,61006.6,64496.7,58558.5,61027.9,199663.446
2024-02-28T20:00:00Z,61027.9,62713.0,59811.7,62484.1,47011.325
2024-02-29T00:00:00Z,62484.1,62500.0,61078.7,61636.5,27438.011
2024-02-29T04:00:00Z,61636.5,63796.6,61407.0,62783.0,42622.949
2024-02-29T08:00:00Z,62783.0,63475.5,62170.0,63035.1,32432.294
2024-02-29T12:00:00Z,63035.1,63649.1,62056.1,62811.1,42032.29
2024-02-29T16:00:00Z,62811.1,62964.0,60460.9,61687.1,62847.66
2024-02-29T20:00:00Z,61687.1,62380.0,60600.0,61184.1,39894.344
2024-03-01T00:00:00Z,61184.1,61816.2,60827.0,61162.2,17232.714
2024-03-01T04:00:00Z,61162.2,61848.0,61112.6,61494.0,13299.993
2024-03-01T08:00:00Z,61494.0,62324.0,61366.0,61923.7,19475.862
2024-03-01T12:00:00Z,61923.7,62763.3,61156.6,61331.4,33732.648
2024-03-01T16:00:00Z,61331.4,62542.0,61300.0,62265.0,21817.862
2024-03-01T20:00:00Z,62265.0,63181.9,62264.9,62417.6,22467.031
2024-03-02T00:00:00Z,62417.6,62499.0,61972.3,62367.9,12600.212
2024-03-02T04:00:00Z,62367.9,62367.9,61788.5,62079.9,11214.264
2024-03-02T08:00:00Z,62079.9,62210.8,61700.4,61905.2,10908.642
2024-03-02T12:00:00Z,61905.2,62250.0,61591.3,61838.1,11470.404
2024-03-02T16:00:00Z,61838.1,62193.8,61705.2,62193.8,6337.055
2024-03-02T20:00:00Z,62193.8,62277.0,61749.3,62055.9,6806.383
2024-03-03T00:00:00Z,62055.9,62073.0,61694.0,61996.6,5512.918
2024-03-03T04:00:00Z,61996.6,62171.0,61317.7,61641.2,12847.919
2024-03-03T08:00:00Z,61641.2,61968.0,61451.2,61904.7,10548.502
2024-03-03T12:00:00Z,61904.7,62729.5,61888.5,62220.1,22610.043
2024-03-03T16:00:00Z,62220.1,63087.2,62160.7,62788.7,16157.781
2024-03-03T20:00:00Z,62788.7,63333.0,62626.0,63179.1,12790.497
2024-03-04T00:00:00Z,63179.1,64440.0,62235.0,63530.6,52217.156
2024-03-04T04:00:00Z,63530.6,64400.0,63282.1,64141.8,15140.266
2024-03-04T08:00:00Z,64141.8,65713.0,64107.9,65328.1,46446.602
2024-03-04T12:00:00Z,65328.1,66709.2,64557.1,66526.3,53162.218
2024-03-04T16:00:00Z,66526.3,67666.0,66118.8,67499.9,57213.951
2024-03-04T20:00:00Z,67499.9,68686.8,66835.0,68360.0,48495.073
2024-03-05T00:00:00Z,68360.0,68850.0,67580.8,68223.2,35380.766
2024-03-05T04:00:00Z,68223.2,68521.0,64878.0,66241.8,62861.79
2024-03-05T08:00:00Z,66241.8,67300.0,65561.4,66753.4,33960.05
2024-03-05T12:00:00Z,66753.4,69387.2,66400.0,66843.9,80209.482
2024-03-05T16:00:00Z,66843.9,67090.4,59111.0,61482.4,139595.064
2024-03-05T20:00:00Z,61482.4,64400.0,61250.0,63750.1,68720.27
2024-03-06T00:00:00Z,63750.1,64186.0,62824.1,63323.7,23045.858
2024-03-06T04:00:00Z,63323.7,66873.1,63309.4,66774.4,49201.084
2024-03-06T08:00:00Z,66774.4,67764.5,66096.4,67385.2,46216.005
2024-03-06T12:00:00Z,67385.2,67700.0,64349.3,66538.2,77042.484
2024-03-06T16:00:00Z,66538.2,67579.6,66281.6,66818.2,24165.971
2024-03-06T20:00:00Z,66818.2,67437.7,65719.5,66118.5,16596.913
2024-03-07T00:00:00Z,66118.5,66550.0,65555.0,65911.8,16329.817
2024-03-07T04:00:00Z,65911.8,66534.9,65693.0,66443.3,14289.788
2024-03-07T08:00:00Z,66443.3,67356.9,66400.0,66981.8,21629.786
2024-03-07T12:00:00Z,66981.8,68008.5,66572.0,67304.2,37365.689
2024-03-07T16:00:00Z,67304.2,68160.3,67078.0,67559.3,20348.019
2024-03-07T20:00:00Z,67559.3,67983.8,66850.8,66858.7,13424.082
2024-03-08T00:00:00Z,66858.7,67337.4,66790.0,67206.0,8824.82
2024-03-08T04:00:00Z,67206.0,67729.7,66806.0,67318.5,10347.261
2024-03-08T08:00:00Z,67318.5,67849.0,67095.7,67826.7,12265.166
2024-03-08T12:00:00Z,67826.7,70320.0,67091.7,67666.0,75236.117
2024-03-08T16:00:00Z,67666.0,68940.9,66135.1,68940.8,54575.592
2024-03-08T20:00:00Z,68940.8,69476.4,67779.5,68165.0,21987.783
2024-03-09T00:00:00Z,68165.0,68346.3,67897.4,68290.1,6756.461
2024-03-09T04:00:00Z,68290.1,68606.0,68179.2,68331.3,5843.025
2024-03-09T08:00:00Z,68331.3,68520.0,67983.5,68360.0,6699.785
2024-03-09T12:00:00Z,68360.0,68580.0,68146.2,68338.9,5460.969
2024-03-09T16:00:00Z,68338.9,68388.2,68050.1,68249.9,3863.351
2024-03-09T20:00:00Z,68249.9,68495.2,68249.9,68374.4,2683.2
2024-03-10T00:00:00Z,68374.4,69347.0,68275.0,69195.4,20860.288
2024-03-10T04:00:00Z,69195.4,69776.9,69088.7,69440.8,12172.859
2024-03-10T08:00:00Z,69440.8,70029.1,69246.4,69650.3,19164.716
2024-03-10T12:00:00Z,69650.3,69934.6,68674.8,69253.1,19824.276
2024-03-10T16:00:00Z,69253.1,69849.8,69172.0,69469.1,11021.651
2024-03-10T20:00:00Z,69469.1,69529.6,68122.0,68999.6,14870.627
2024-03-11T00:00:00Z,68999.6,69005.4,66923.0,68643.1,27485.505
2024-03-11T04:00:00Z,68643.1,71512.0,68501.4,71202.1,42568.133
2024-03-11T08:00:00Z,71202.1,72372.4,71201.6,71557.3,37294.55
2024-03-11T12:00:00Z,71557.3,72769.4,71414.7,72051.0,40947.265
2024-03-11T16:00:00Z,72051.0,72919.6,71801.7,72038.9,22823.588
2024-03-11T20:00:00Z,72038.9,72850.0,71889.0,72152.4,10457.624
2024-03-12T00:00:00Z,72152.4,72578.6,71361.2,71679.8,15057.731
2024-03-12T04:00:00Z,71679.8,72433.0,71336.3,72188.5,17615.455
2024-03-12T08:00:00Z,72188.5,72460.0,71425.1,72108.0,17287.644
2024-03-12T12:00:00Z,72108.0,73391.0,70696.2,71792.4,63136.718
2024-03-12T16:00:00Z,71792.4,71939.4,68671.3,71403.1,73258.594
2024-03-12T20:00:00Z,71403.1,71629.6,70631.7,71512.0,15567.536
2024-03-13T00:00:00Z,71512.0,72299.3,71382.2,72142.5,11924.069
2024-03-13T04:00:00Z,72142.5,73350.0,72006.0,72955.1,18977.13
2024-03-13T08:00:00Z,72955.1,73749.9,72907.5,73146.2,20578.475
2024-03-13T12:00:00Z,73146.2,73272.2,71673.6,72671.2,50420.499
2024-03-13T16:00:00Z,72671.2,73436.0,72400.2,73400.0,15088.655
2024-03-13T20:00:00Z,73400.0,73490.9,72889.0,73133.0,10789.569
2024-03-14T00:00:00Z,73133.0,73387.7,72550.0,73348.8,9073.168
2024-03-14T04:00:00Z,73348.8,73949.0,72697.1,73290.0,24773.642
2024-03-14T08:00:00Z,73290.0,73613.3,72666.6,72954.5,14946.664
2024-03-14T12:00:00Z,72954.5,73129.3,70591.1,70894.1,60037.574
2024-03-14T16:00:00Z,70894.1,71548.0,68613.6,69528.9,71877.604
2024-03-14T20:00:00Z,69528.9,71796.0,69412.6,71473.1,28654.541
2024-03-15T00:00:00Z,71473.1,72525.0,66586.0,68254.1,72056.067
2024-03-15T04:00:00Z,68254.1,68892.6,66909.9,68460.3,44004.422
2024-03-15T08:00:00Z,68460.3,68641.3,65559.2,67782.6,65384.251
2024-03-15T12:00:00Z,67782.6,68790.0,67416.5,68198.7,32594.5
2024-03-15T16:00:00Z,68198.7,70700.0,67533.0,69009.5,48101.733
2024-03-15T20:00:00Z,69009.5,69777.0,67346.9,69523.8,28255.787
2024-03-16T00:00:00Z,69523.8,70081.3,68931.1,69240.1,18179.096
2024-03-16T04:00:00Z,69240.1,69511.0,68631.0,69474.8,10460.507
2024-03-16T08:00:00Z,69474.8,69474.8,67740.0,68292.2,17697.139
2024-03-16T12:00:00Z,68292.2,68571.2,67544.2,68423.6,19016.376
2024-03-16T16:00:00Z,68423.6,68463.9,66666.0,66896.0,39466.624
2024-03-16T20:00:00Z,66896.0,67578.9,64696.4,65331.2,43121.435
2024-03-17T00:00:00Z,65331.2,66619.1,65125.5,66556.4,21300.092
2024-03-17T04:00:00Z,66556.4,66584.3,64539.8,65673.0,26758.425
2024-03-17T08:00:00Z,65673.0,67580.0,65315.3,67005.5,25969.002
2024-03-17T12:00:00Z,67005.5,68188.2,66458.2,67992.8,22919.941
2024-03-17T16:00:00Z,67992.8,68765.5,67810.9,68564.0,16574.38
2024-03-17T20:00:00Z,68564.0,68970.0,68002.1,68432.2,13748.491
2024-03-18T00:00:00Z,68432.2,68468.8,66832.7,68036.1,23320.426
2024-03-18T04:00:00Z,68036.1,69040.0,67752.8,68262.8,15658.451
2024-03-18T08:00:00Z,68262.8,68529.4,67325.3,68294.3,17257.177
2024-03-18T12:00:00Z,68294.3,68686.3,66622.9,67504.8,42297.055
2024-03-18T16:00:00Z,67504.8,68140.0,66533.5,66931.5,27106.528
2024-03-18T20:00:00Z,66931.5,68033.6,66931.5,67643.9,13428.89
2024-03-19T00:00:00Z,67643.9,68174.9,64851.0,65898.3,51436.44
2024-03-19T04:00:00Z,65898.3,66012.4,63589.6,64734.1,42344.867
2024-03-19T08:00:00Z,64734.1,64738.0,62544.6,63127.0,57897.811
2024-03-19T12:00:00Z,63127.0,64213.0,62420.1,64090.0,46184.287
2024-03-19T16:00:00Z,64090.0,65782.8,64004.9,64424.1,35902.701
2024-03-19T20:00:00Z,64424.1,64537.6,61555.0,61971.5,37172.185
2024-03-20T00:00:00Z,61971.5,63505.9,61618.0,61858.1,36060.369
2024-03-20T04:00:00Z,61858.1,63248.9,60761.2,62994.1,41715.165
2024-03-20T08:00:00Z,62994.1,63999.0,62664.9,63416.4,26761.973
2024-03-20T12:00:00Z,63416.4,64428.0,63073.0,63615.6,36389.141
2024-03-20T16:00:00Z,63615.6,66065.5,62055.6,65808.3,59230.266
2024-03-20T20:00:00Z,65808.3,68133.2,65668.9,67850.5,39886.733
2024-03-21T00:00:00Z,67850.5,68287.7,66336.0,66641.6,22020.551
2024-03-21T04:00:00Z,66641.6,67339.5,66073.5,66993.1,19440.259
2024-03-21T08:00:00Z,66993.1,67697.0,66666.0,67058.0,18321.492
2024-03-21T12:00:00Z,67058.0,67745.0,66088.0,66588.7,29830.233
2024-03-21T16:00:00Z,66588.7,67067.3,64875.6,65255.7,31773.449
2024-03-21T20:00:00Z,65255.7,66010.5,64528.0,65536.0,20357.464
2024-03-22T00:00:00Z,65536.0,66198.4,65150.0,66011.0,18997.344
2024-03-22T04:00:00Z,66011.0,66666.6,65784.1,66204.8,11342.106
2024-03-22T08:00:00Z,66204.8,66397.2,64026.2,64229.5,33110.437
2024-03-22T12:00:00Z,64229.5,64689.7,62556.8,63901.8,66809.987
2024-03-22T16:00:00Z,63901.8,64150.0,62613.0,63875.8,34450.442
2024-03-22T20:00:00Z,63875.8,63984.8,62098.0,63815.8,27146.732
2024-03-23T00:00:00Z,63815.8,64400.0,63001.1,63587.8,19657.39
2024-03-23T04:00:00Z,63587.8,64888.0,63535.5,64585.3,14610.601
2024-03-23T08:00:00Z,64585.3,64856.0,64196.6,64674.7,11799.387
2024-03-23T12:00:00Z,64674.7,65478.9,64272.2,65128.4,20499.845
2024-03-23T16:00:00Z,65128.4,66064.7,64782.0,64890.0,22734.763
2024-03-23T20:00:00Z,64890.0,65213.0,63875.6,63996.3,12535.292
2024-03-24T00:00:00Z,63996.3,64742.0,63944.9,63984.0,9854.425
2024-03-24T04:00:00Z,63984.0,64610.3,63780.6,64604.3,9048.062
2024-03-24T08:00:00Z,64604.3,65397.9,64491.2,65350.0,13733.349
2024-03-24T12:00:00Z,65350.0,65956.8,65201.1,65685.9,17565.85
2024-03-24T16:00:00Z,65685.9,66146.4,64601.0,65868.1,24668.251
2024-03-24T20:00:00Z,65868.1,67698.8,65756.7,67248.1,24812.219
2024-03-25T00:00:00Z,67248.1,67393.8,66374.5,67382.1,16160.088
2024-03-25T04:00:00Z,67382.1,67777.2,66729.5,66839.9,15021.903
2024-03-25T08:00:00Z,66839.9,67403.4,66768.0,66841.3,13155.14
2024-03-25T12:00:00Z,66841.3,70122.1,66794.3,69847.2,63300.577
2024-03-25T16:00:00Z,69847.2,71074.2,69481.4,71025.6,32832.982
2024-03-25T20:00:00Z,71025.6,71278.3,69600.0,69903.4,25986.161
2024-03-26T00:00:00Z,69903.4,70666.0,69750.2,70480.0,13321.176
2024-03-26T04:00:00Z,70480.0,71650.0,70319.3,70545.6,20734.971
2024-03-26T08:00:00Z,70545.6,71367.5,70304.8,70738.4,18339.347
2024-03-26T12:00:00Z,70738.4,71213.0,69333.0,70320.0,46636.53
2024-03-26T16:00:00Z,70320.0,70605.5,69465.5,69520.0,22498.633
2024-03-26T20:00:00Z,69520.0,70390.0,69431.2,70046.0,14335.33
2024-03-27T00:00:00Z,70046.0,70829.5,69889.0,70444.3,17640.086
2024-03-27T04:00:00Z,70444.3,70647.8,69678.0,69772.8,13000.351
2024-03-27T08:00:00Z,69772.8,70458.7,69468.0,70307.8,17815.633
2024-03-27T12:00:00Z,70307.8,71898.0,68400.0,68908.0,96134.282
2024-03-27T16:00:00Z,68908.0,69482.5,68402.7,68701.4,28116.671
2024-03-27T20:00:00Z,68701.4,69721.2,68670.2,69548.6,12829.821
2024-03-28T00:00:00Z,69548.6,70104.1,68955.0,69356.3,13677.836
2024-03-28T04:00:00Z,69356.3,70549.9,69337.2,70467.0,17470.794
2024-03-28T08:00:00Z,70467.0,71084.0,70352.5,70733.0,17548.532
2024-03-28T12:00:00Z,70733.0,71615.8,70415.5,71349.9,32472.11
2024-03-28T16:00:00Z,71349.9,71393.8,70452.6,70859.7,14135.248
2024-03-28T20:00:00Z,70859.7,71165.0,70594.0,70858.8,6193.486
2024-03-29T00:00:00Z,70858.8,70990.0,70324.8,70489.2,8631.981
2024-03-29T04:00:00Z,70489.2,70603.3,69816.6,69863.7,15180.461
2024-03-29T08:00:00Z,69863.7,70387.9,69633.0,70193.6,14576.638
2024-03-29T12:00:00Z,70193.6,70740.0,69000.5,69236.4,28092.025
2024-03-29T16:00:00Z,69236.4,69746.3,69111.3,69733.3,12132.876
2024-03-29T20:00:00Z,69733.3,69984.6,69313.7,69899.2,5988.01
2024-03-30T00:00:00Z,69899.2,70249.7,69757.7,69848.0,6172.892
2024-03-30T04:00:00Z,69848.0,70400.0,69825.0,69901.5,5730.373
2024-03-30T08:00:00Z,69901.5,70254.5,69878.2,70250.0,3986.213
2024-03-30T12:00:00Z,70250.0,70331.1,69967.2,70052.9,3794.72
2024-03-30T16:00:00Z,70052.9,70350.0,69712.0,69950.2,6424.85
2024-03-30T20:00:00Z,69950.2,69956.8,69582.0,69638.7,4292.7
2024-03-31T00:00:00Z,69638.7,70236.7,69609.4,69985.9,5452.886
2024-03-31T04:00:00Z,69985.9,70544.5,69936.3,70361.7,6513.881
2024-03-31T08:00:00Z,70361.7,70588.0,70215.0,70453.7,5139.796
2024-03-31T12:00:00Z,70453.7,70812.8,70343.0,70437.7,8718.322
2024-03-31T16:00:00Z,70437.7,71363.3,70378.2,71122.1,12249.658
2024-03-31T20:00:00Z,71122.1,71514.2,70681.9,71378.0,10340.385
2024-04-01T00:00:00Z,71378.0,71394.6,70585.9,70660.0,9530.701
2024-04-01T04:00:00Z,70660.0,70734.9,68850.2,69634.2,33621.025
2024-04-01T08:00:00Z,69634.2,69872.4,69195.8,69515.0,10573.05
2024-04-01T12:00:00Z,69515.0,70161.0,68150.0,68277.7,38395.902
2024-04-01T16:00:00Z,68277.7,69876.0,68043.8,69684.3,21957.328
2024-04-01T20:00:00Z,69684.3,69985.3,69369.6,69706.8,11721.63
2024-04-02T00:00:00Z,69706.8,69743.9,65611.0,66731.3,47378.882
2024-04-02T04:00:00Z,66731.3,67157.5,66120.0,66520.0,22476.238
2024-04-02T08:00:00Z,66520.0,66757.7,65101.2,65686.5,45770.186
2024-04-02T12:00:00Z,65686.5,66308.3,64620.0,64893.3,56048.239
2024-04-02T16:00:00Z,64893.3,66219.2,64490.0,65925.0,28459.748
2024-04-02T20:00:00Z,65925.0,66132.2,65209.8,65484.0,13218.968
2024-04-03T00:00:00Z,65484.0,66345.0,64406.0,66255.3,27083.258
2024-04-03T04:00:00Z,66255.3,66530.9,65950.0,66168.2,11393.907
2024-04-03T08:00:00Z,66168.2,66687.8,65566.1,66095.8,18880.999
2024-04-03T12:00:00Z,66095.8,66950.0,65657.4,65860.1,29150.612
2024-04-03T16:00:00Z,65860.1,66648.7,65460.4,65792.0,20327.915
2024-04-03T20:00:00Z,65792.0,66318.3,65503.6,65971.5,9668.707
2024-04-04T00:00:00Z,65971.5,66384.0,65467.2,65645.0,11968.709
2024-04-04T04:00:00Z,65645.0,66298.6,65035.7,66094.7,15884.12
2024-04-04T08:00:00Z,66094.7,66522.0,66023.5,66363.0,11269.506
2024-04-04T12:00:00Z,66363.0,67909.4,66336.6,67619.8,30583.424
2024-04-04T16:00:00Z,67619.8,69315.8,67494.3,68481.0,40581.901
2024-04-04T20:00:00Z,68481.0,68576.4,67263.2,68480.4,28996.481
2024-04-05T00:00:00Z,68480.4,68775.9,67413.5,67875.6,16946.717
2024-04-05T04:00:00Z,67875.6,68036.9,66305.0,66933.0,25154.019
2024-04-05T08:00:00Z,66933.0,67696.2,66374.0,66490.0,26976.498
2024-04-05T12:00:00Z,66490.0,68591.0,65943.0,68214.1,47192.716
2024-04-05T16:00:00Z,68214.1,68411.6,67308.9,67389.5,19268.389
2024-04-05T20:00:00Z,67389.5,67955.8,67322.7,67814.0,7135.11
2024-04-06T00:00:00Z,67814.0,68050.0,67457.9,67791.7,6284.036
2024-04-06T04:00:00Z,67791.7,68220.2,67606.2,67994.3,6730.338
2024-04-06T08:00:00Z,67994.3,68135.0,67605.4,67664.0,5948.347
2024-04-06T12:00:00Z,67664.0,68311.9,67522.0,68100.9,8132.023
2024-04-06T16:00:00Z,68100.9,68499.8,67916.2,68264.2,6990.225
2024-04-06T20:00:00Z,68264.2,69699.9,68165.0,68894.6,14197.7
2024-04-07T00:00:00Z,68894.6,69779.8,68803.4,69390.1,11022.017
2024-04-07T04:00:00Z,69390.1,69475.9,69020.0,69345.5,6265.139
2024-04-07T08:00:00Z,69345.5,69560.8,69190.0,69347.1,5206.365
2024-04-07T12:00:00Z,69347.1,69894.0,69192.4,69551.3,12537.536
2024-04-07T16:00:00Z,69551.3,70366.0,68855.0,69070.0,23873.48
2024-04-07T20:00:00Z,69070.0,69489.9,68897.5,69355.0,8758.269
2024-04-08T00:00:00Z,69355.0,69859.5,69050.0,69447.2,11909.526
2024-04-08T04:00:00Z,69447.2,70865.0,69257.4,70697.1,18500.213
2024-04-08T08:00:00Z,70697.1,72730.9,70631.7,72446.3,47787.063
2024-04-08T12:00:00Z,72446.3,72854.5,71305.0,71822.4,31138.851
2024-04-08T16:00:00Z,71822.4,72184.1,71321.0,71806.4,14807.274
2024-04-08T20:00:00Z,71806.4,72073.0,71540.2,71674.4,6154.186
2024-04-09T00:00:00Z,71674.4,71814.0,70876.0,71349.2,14529.428
2024-04-09T04:00:00Z,71349.2,71400.0,70185.0,70434.8,23121.161
2024-04-09T08:00:00Z,70434.8,70959.7,69608.0,70855.1,27186.622
2024-04-09T12:00:00Z,70855.1,71033.3,68503.5,69324.0,53796.891
2024-04-09T16:00:00Z,69324.0,69404.7,68200.3,69058.8,25439.013
2024-04-09T20:00:00Z,69058.8,69464.6,68892.2,69187.0,9175.568
2024-04-10T00:00:00Z,69187.0,69648.2,68505.5,69187.9,16314.538
2024-04-10T04:00:00Z,69187.9,69559.9,69038.7,69372.3,6944.287
2024-04-10T08:00:00Z,69372.3,69372.3,68650.6,69084.7,16888.688
2024-04-10T12:00:00Z,69084.7,69267.2,67506.1,68691.9,58896.801
2024-04-10T16:00:00Z,68691.9,70121.5,68579.6,70113.4,29355.695
2024-04-10T20:00:00Z,70113.4,71269.0,69576.3,70655.8,19960.686
2024-04-11T00:00:00Z,70655.8,71094.0,70305.9,70875.6,10308.72
2024-04-11T04:00:00Z,70875.6,71341.7,70402.9,70749.0,13884.786
2024-04-11T08:00:00Z,70749.0,71284.0,69901.0,70002.6,19162.44
2024-04-11T12:00:00Z,70002.6,71101.0,69580.0,70038.6,47496.045
2024-04-11T16:00:00Z,70038.6,70560.1,69600.6,70493.6,16891.718
2024-04-11T20:00:00Z,70493.6,70800.0,69742.6,70038.5,9988.729
2024-04-12T00:00:00Z,70038.5,71049.1,70024.5,70999.4,12156.439
2024-04-12T04:00:00Z,70999.4,71281.1,70606.7,70800.4,10771.725
2024-04-12T08:00:00Z,70800.4,70998.9,70534.6,70914.1,8131.754
2024-04-12T12:00:00Z,70914.1,70989.9,69250.0,69375.9,35152.069
2024-04-12T16:00:00Z,69375.9,69628.6,64669.0,66818.6,109938.385
2024-04-12T20:00:00Z,66818.6,67458.5,66641.8,67120.5,17597.457
2024-04-13T00:00:00Z,67120.5,67159.3,65684.7,67135.4,22708.502
2024-04-13T04:00:00Z,67135.4,67937.6,66992.6,67432.1,18033.687
2024-04-13T08:00:00Z,67432.1,67831.8,67080.0,67341.6,8834.76
2024-04-13T12:00:00Z,67341.6,67937.0,67150.0,67660.0,11759.143
2024-04-13T16:00:00Z,67660.0,67751.8,63258.7,64708.0,45370.396
2024-04-13T20:00:00Z,64708.0,65597.3,59765.9,63905.1,114478.306
2024-04-14T00:00:00Z,63905.1,64273.7,62088.7,63406.3,37649.196
2024-04-14T04:00:00Z,63406.3,64870.5,63360.0,64439.9,21710.898
2024-04-14T08:00:00Z,64439.9,64870.0,63842.8,64156.2,17983.348
2024-04-14T12:00:00Z,64156.2,64842.1,63407.7,64166.8,27583.818
2024-04-14T16:00:00Z,64166.8,64747.0,62514.2,64144.4,37570.356
2024-04-14T20:00:00Z,64144.4,65824.0,63268.3,65618.9,29204.965
2024-04-15T00:00:00Z,65618.9,65845.0,64904.2,65104.7,15611.986
2024-04-15T04:00:00Z,65104.7,66531.6,64624.8,66205.4,24689.905
2024-04-15T08:00:00Z,66205.4,66834.9,65783.8,65837.7,21444.851
2024-04-15T12:00:00Z,65837.7,66350.0,63755.9,64530.2,47928.485
2024-04-15T16:00:00Z,64530.2,64861.8,62222.0,63268.6,50647.464
2024-04-15T20:00:00Z,63268.6,63600.0,62600.0,63413.7,18350.787
2024-04-16T00:00:00Z,63413.7,63899.4,62710.2,62936.0,19383.692
2024-04-16T04:00:00Z,62936.0,63786.7,61631.0,63482.3,31855.393
2024-04-16T08:00:00Z,63482.3,63634.0,61512.5,63071.3,35696.61
2024-04-16T12:00:00Z,63071.3,63433.7,61701.0,61738.7,43714.346
2024-04-16T16:00:00Z,61738.7,63277.7,61657.5,62682.4,30373.065
2024-04-16T20:00:00Z,62682.4,64357.6,62514.2,63772.3,17338.38
2024-04-17T00:00:00Z,63772.3,64285.0,63538.4,63815.1,10856.144
2024-04-17T04:00:00Z,63815.1,64479.9,62850.0,63249.3,16562.07
2024-04-17T08:00:00Z,63249.3,63552.0,62483.2,62558.7,18806.36
2024-04-17T12:00:00Z,62558.7,62961.0,59821.2,60270.6,75546.328
2024-04-17T16:00:00Z,60270.6,61946.4,59605.0,61000.1,52377.122
2024-04-17T20:00:00Z,61000.1,61746.8,60745.5,61245.0,16088.352
2024-04-18T00:00:00Z,61245.0,62224.0,60902.5,61966.3,17361.504
2024-04-18T04:00:00Z,61966.3,62067.2,60757.0,61143.3,20999.641
2024-04-18T08:00:00Z,61143.3,63039.9,60805.1,62551.8,26140.37
2024-04-18T12:00:00Z,62551.8,64166.1,61538.2,63465.5,50707.288
2024-04-18T16:00:00Z,63465.5,63825.9,62274.7,63445.8,26968.418
2024-04-18T20:00:00Z,63445.8,63800.0,63103.8,63445.1,11640.299
2024-04-19T00:00:00Z,63445.1,63445.5,59521.7,61768.2,67793.992
2024-04-19T04:00:00Z,61768.2,65200.0,61751.6,64523.4,55700.649
2024-04-19T08:00:00Z,64523.4,65431.6,64122.0,64841.9,33570.62
2024-04-19T12:00:00Z,64841.9,65421.0,63789.0,64413.9,32066.412
2024-04-19T16:00:00Z,64413.9,64857.0,63433.5,64307.5,29588.379
2024-04-19T20:00:00Z,64307.5,64489.2,62888.0,63774.8,19747.827
2024-04-20T00:00:00Z,63774.8,64238.5,63038.5,63927.4,14852.619
2024-04-20T04:00:00Z,63927.4,64257.3,63785.1,63935.9,8115.958
2024-04-20T08:00:00Z,63935.9,63957.6,63228.0,63676.2,16384.68
2024-04-20T12:00:00Z,63676.2,64949.3,63525.9,64774.9,14499.023
2024-04-20T16:00:00Z,64774.9,65407.0,64410.0,64839.0,21098.867
2024-04-20T20:00:00Z,64839.0,65006.6,64520.0,64900.0,7837.492
2024-04-21T00:00:00Z,64900.0,65694.2,64566.0,65147.2,11021.551
2024-04-21T04:00:00Z,65147.2,65218.0,64810.0,65108.0,7312.259
2024-04-21T08:00:00Z,65108.0,65436.2,64695.9,65201.8,11560.349
2024-04-21T12:00:00Z,65201.8,65350.0,64742.0,65021.8,10854.847
2024-04-21T16:00:00Z,65021.8,65069.4,64200.0,64507.9,15468.761
2024-04-21T20:00:00Z,64507.9,65149.9,64300.0,64910.9,11885.144
2024-04-22T00:00:00Z,64910.9,66089.1,64463.1,65691.3,23527.608
2024-04-22T04:00:00Z,65691.3,66455.0,65489.3,65936.0,15543.283
2024-04-22T08:00:00Z,65936.0,66180.0,65655.8,65847.9,9779.759
2024-04-22T12:00:00Z,65847.9,66443.8,65562.6,65961.8,22112.205
2024-04-22T16:00:00Z,65961.8,66798.9,65872.3,66481.5,18567.582
2024-04-22T20:00:00Z,66481.5,67198.9,66261.9,66770.3,14588.719
2024-04-23T00:00:00Z,66770.3,67145.7,66365.7,66398.4,9184.322
2024-04-23T04:00:00Z,66398.4,66620.0,65935.8,66065.3,12088.88
2024-04-23T08:00:00Z,66065.3,66300.0,65821.3,66022.4,9817.371
2024-04-23T12:00:00Z,66022.4,67110.0,65750.0,66398.1,28119.441
2024-04-23T16:00:00Z,66398.1,66897.4,66320.9,66457.7,10175.444
2024-04-23T20:00:00Z,66457.7,66466.6,65929.8,66397.8,8907.404
2024-04-24T00:00:00Z,66397.8,66887.0,66369.7,66597.1,8376.84
2024-04-24T04:00:00Z,66597.1,67084.5,66521.0,66590.1,9705.324
2024-04-24T08:00:00Z,66590.1,66722.5,66169.2,66559.4,11069.55
2024-04-24T12:00:00Z,66559.4,66714.5,64481.1,64596.4,46058.098
2024-04-24T16:00:00Z,64596.4,65116.4,63714.9,63966.0,31695.407
2024-04-24T20:00:00Z,63966.0,64450.0,63562.6,64259.1,17363.197
2024-04-25T00:00:00Z,64259.1,64710.0,63813.6,64256.4,12425.065
2024-04-25T04:00:00Z,64256.4,64367.2,63800.1,63996.3,10257.316
2024-04-25T08:00:00Z,63996.3,64166.5,63286.1,63815.0,22088.521
2024-04-25T12:00:00Z,63815.0,64298.8,62745.2,64103.2,42590.391
2024-04-25T16:00:00Z,64103.2,64950.0,63940.4,64738.8,24704.351
2024-04-25T20:00:00Z,64738.8,65272.3,64412.2,64464.6,13118.779
2024-04-26T00:00:00Z,64464.6,64638.0,63780.0,64362.2,14724.564
2024-04-26T04:00:00Z,64362.2,64593.9,63914.5,64244.5,11226.63
2024-04-26T08:00:00Z,64244.5,64545.0,64023.1,64216.4,9337.233
2024-04-26T12:00:00Z,64216.4,64798.0,63301.1,63479.1,35494.573
2024-04-26T16:00:00Z,63479.1,64140.0,63273.0,63723.8,15318.866
2024-04-26T20:00:00Z,63723.8,64100.0,63650.0,63746.0,5906.546
2024-04-27T00:00:00Z,63746.0,63900.0,62370.0,63069.0,26344.424
2024-04-27T04:00:00Z,63069.0,63176.4,62746.3,62951.1,6940.837
2024-04-27T08:00:00Z,62951.1,63041.1,62641.0,62837.8,6315.607
2024-04-27T12:00:00Z,62837.8,63389.6,62783.8,62935.3,10093.384
2024-04-27T16:00:00Z,62935.3,63623.0,62712.0,63329.6,18640.264
2024-04-27T20:00:00Z,63329.6,63535.7,63118.6,63412.9,4533.458
2024-04-28T00:00:00Z,63412.9,64336.8,63412.8,63991.4,11770.241
2024-04-28T04:00:00Z,63991.4,64050.5,63781.2,63890.4,5369.444
2024-04-28T08:00:00Z,63890.4,63961.9,63309.8,63463.0,8617.412
2024-04-28T12:00:00Z,63463.0,63862.4,63387.2,63507.5,7189.401
2024-04-28T16:00:00Z,63507.5,63968.3,63456.2,63694.3,5431.967
2024-04-28T20:00:00Z,63694.3,63736.0,62674.2,63092.8,16108.329
2024-04-29T00:00:00Z,63092.8,63343.2,61832.2,62250.0,19718.151
2024-04-29T04:00:00Z,62250.0,62598.0,61856.4,62363.7,19701.617
2024-04-29T08:00:00Z,62363.7,62669.9,62128.0,62240.1,11575.548
2024-04-29T12:00:00Z,62240.1,63119.0,61729.9,63017.3,33442.631
2024-04-29T16:00:00Z,63017.3,63199.9,62520.0,62959.1,12102.457
2024-04-29T20:00:00Z,62959.1,64193.0,62793.3,63827.9,16656.399
2024-04-30T00:00:00Z,63827.9,64705.3,63088.0,63628.3,24217.576
2024-04-30T04:00:00Z,63628.3,63697.9,63039.0,63114.8,11753.093
2024-04-30T08:00:00Z,63114.8,63209.0,61001.7,61194.5,48317.679
2024-04-30T12:00:00Z,61194.5,61554.6,60500.8,60760.0,43168.913
2024-04-30T16:00:00Z,60760.0,60879.1,59132.0,59276.4,47144.98
2024-04-30T20:00:00Z,59276.4,61049.0,59254.2,60655.9,26619.879
2024-05-01T00:00:00Z,60655.9,60820.0,59550.0,60222.9,20089.868
2024-05-01T04:00:00Z,60222.9,60333.0,57016.5,57474.0,52554.052
2024-05-01T08:00:00Z,57474.0,57892.0,56505.0,57870.1,48817.889
2024-05-01T12:00:00Z,57870.1,58265.7,56636.5,56860.6,38333.046
2024-05-01T16:00:00Z,56860.6,59455.2,56580.7,56936.4,68439.107
2024-05-01T20:00:00Z,56936.4,58540.0,56723.9,58298.5,26191.963
2024-05-02T00:00:00Z,58298.5,58560.0,56887.3,57412.9,22641.818
2024-05-02T04:00:00Z,57412.9,57927.2,57163.8,57651.3,12714.521
2024-05-02T08:00:00Z,57651.3,58650.0,57518.5,58524.3,23700.842
2024-05-02T12:00:00Z,58524.3,59428.7,58194.1,59225.4,40973.214
2024-05-02T16:00:00Z,59225.4,59549.0,58902.0,59317.4,15185.08
2024-05-02T20:00:00Z,59317.4,59581.0,58572.1,59030.4,16229.423
2024-05-03T00:00:00Z,59030.4,59980.0,58780.0,59682.8,16145.619
2024-05-03T04:00:00Z,59682.8,59818.4,58979.7,59150.0,11099.681
2024-05-03T08:00:00Z,59150.0,59557.9,58816.1,59275.8,14538.172
2024-05-03T12:00:00Z,59275.8,62100.0,58972.0,61653.3,59934.592
2024-05-03T16:00:00Z,61653.3,62190.0,61497.6,62030.2,17764.181
2024-05-03T20:00:00Z,62030.2,63343.7,61940.0,62843.7,31032.687
2024-05-04T00:00:00Z,62843.7,63650.0,62512.8,62686.6,15172.68
2024-05-04T04:00:00Z,62686.6,63444.0,62650.0,62926.5,12343.068
2024-05-04T08:00:00Z,62926.5,64499.9,62906.6,63847.6,23695.966
2024-05-04T12:00:00Z,63847.6,64142.3,63420.2,63584.5,14105.79
2024-05-04T16:00:00Z,63584.5,63990.0,63266.0,63883.1,9806.023
2024-05-04T20:00:00Z,63883.1,64183.7,63491.7,63860.0,8770.523
2024-05-05T00:00:00Z,63860.0,64178.9,62866.1,63203.9,16913.78
2024-05-05T04:00:00Z,63203.9,63936.0,63067.8,63705.9,8854.709
2024-05-05T08:00:00Z,63705.9,63916.9,63524.1,63838.8,9192.214
2024-05-05T12:00:00Z,63838.8,64630.0,63592.5,64400.0,18125.523
2024-05-05T16:00:00Z,64400.0,64520.0,63779.5,63850.0,9370.366
2024-05-05T20:00:00Z,63850.0,64223.5,63536.1,63997.8,8468.912
2024-05-06T00:00:00Z,63997.8,64468.8,63680.0,63842.1,8705.294
2024-05-06T04:00:00Z,63842.1,64584.2,63751.0,64516.5,10623.136
2024-05-06T08:00:00Z,64516.5,65540.0,63800.0,64198.0,40842.502
2024-05-06T12:00:00Z,64198.0,64330.0,62888.0,63594.1,46033.271
2024-05-06T16:00:00Z,63594.1,63705.1,62669.0,63205.6,25348.762
2024-05-06T20:00:00Z,63205.6,63625.1,63031.4,63149.3,9801.771
2024-05-07T00:00:00Z,63149.3,64000.0,62803.5,63219.0,17922.662
2024-05-07T04:00:00Z,63219.0,63840.0,63068.5,63652.0,10014.951
2024-05-07T08:00:00Z,63652.0,64398.7,63309.3,63473.8,21574.4
2024-05-07T12:00:00Z,63473.8,64305.3,63020.2,63720.2,24878.478
2024-05-07T16:00:00Z,63720.2,63883.4,62780.0,63041.4,15426.667
2024-05-07T20:00:00Z,63041.4,63199.5,62230.0,62314.5,16057.138
2024-05-08T00:00:00Z,62314.5,62987.2,62075.5,62891.0,13914.396
2024-05-08T04:00:00Z,62891.0,63024.5,62037.1,62187.8,15076.93
2024-05-08T08:00:00Z,62187.8,62499.4,62001.1,62219.2,12569.534
2024-05-08T12:00:00Z,62219.2,62820.7,61742.2,62268.0,27368.947
2024-05-08T16:00:00Z,62268.0,62767.4,61908.4,62154.4,12254.616
2024-05-08T20:00:00Z,62154.4,62222.4,60850.0,61164.0,24152.885
2024-05-09T00:00:00Z,61164.0,61788.0,61110.7,61644.0,9830.825
2024-05-09T04:00:00Z,61644.0,61759.5,61100.1,61233.8,8305.016
2024-05-09T08:00:00Z,61233.8,61422.0,60544.5,61033.6,20907.916
2024-05-09T12:00:00Z,61033.6,62259.4,60855.1,62123.7,28467.523
2024-05-09T16:00:00Z,62123.7,62653.3,61712.9,62426.2,20959.655
2024-05-09T20:00:00Z,62426.2,63405.5,62306.0,63035.5,19587.231
2024-05-10T00:00:00Z,63035.5,63061.7,62623.4,62876.8,7066.749
2024-05-10T04:00:00Z,62876.8,63363.1,62628.1,63041.8,11481.077
2024-05-10T08:00:00Z,63041.8,63309.4,62767.7,63276.3,8275.67
2024-05-10T12:00:00Z,63276.3,63447.8,60615.9,60899.3,55031.222
2024-05-10T16:00:00Z,60899.3,61279.1,60111.0,60686.3,36049.23
2024-05-10T20:00:00Z,60686.3,60985.9,60440.8,60789.1,9165.171
2024-05-11T00:00:00Z,60789.1,61094.7,60650.0,60720.0,7032.633
2024-05-11T04:00:00Z,60720.0,61068.4,60700.0,60993.2,4375.576
2024-05-11T08:00:00Z,60993.2,61044.1,60461.0,60657.9,7172.681
2024-05-11T12:00:00Z,60657.9,61500.0,60605.3,61161.9,13069.453
2024-05-11T16:00:00Z,61161.9,61399.9,61000.5,61127.2,6038.087
2024-05-11T20:00:00Z,61127.2,61135.3,60720.9,60810.2,4977.157
2024-05-12T00:00:00Z,60810.2,61081.1,60779.5,60906.1,3187.71
2024-05-12T04:00:00Z,60906.1,61094.8,60566.6,60789.3,4796.101
2024-05-12T08:00:00Z,60789.3,61356.0,60750.0,61118.4,8127.941
2024-05-12T12:00:00Z,61118.4,61554.3,61052.2,61397.1,6426.607
2024-05-12T16:00:00Z,61397.1,61854.2,61122.7,61379.9,12127.818
2024-05-12T20:00:00Z,61379.9,61527.3,60805.4,61449.7,7306.207
2024-05-13T00:00:00Z,61449.7,61779.0,60707.8,61129.2,15802.965
2024-05-13T04:00:00Z,61129.2,62423.0,60769.9,62311.2,17730.998
2024-05-13T08:00:00Z,62311.2,63266.8,62311.2,62695.8,30836.052
2024-05-13T12:00:00Z,62695.8,63197.4,62400.7,62977.3,17756.168
2024-05-13T16:00:00Z,62977.3,63437.3,62530.0,63142.3,17759.166
2024-05-13T20:00:00Z,63142.3,63176.9,62675.0,62909.4,5455.74
2024-05-14T00:00:00Z,62909.4,63095.9,62385.6,62458.4,12410.658
2024-05-14T04:00:00Z,62458.4,62752.9,61368.2,62002.5,21601.874
2024-05-14T08:00:00Z,62002.5,62014.3,61488.8,61780.0,10602.804
2024-05-14T12:00:00Z,61780.0,62288.5,61000.1,61749.4,41126.426
2024-05-14T16:00:00Z,61749.4,61786.9,61123.6,61563.8,13371.571
2024-05-14T20:00:00Z,61563.8,61774.4,61439.1,61546.0,5168.424
2024-05-15T00:00:00Z,61546.0,61999.9,61310.0,61927.5,6908.748
2024-05-15T04:00:00Z,61927.5,62245.0,61790.0,62157.5,7252.461
2024-05-15T08:00:00Z,62157.5,62977.0,61880.0,62444.8,20290.193
2024-05-15T12:00:00Z,62444.8,65048.4,62381.1,64674.2,61659.662
2024-05-15T16:00:00Z,64674.2,66387.1,64674.2,65950.9,33368.519
2024-05-15T20:00:00Z,65950.9,66430.0,65690.1,66185.4,14245.591
2024-05-16T00:00:00Z,66185.4,66673.9,65742.3,65938.0,10860.001
2024-05-16T04:00:00Z,65938.0,66243.3,65618.7,66106.9,8179.437
2024-05-16T08:00:00Z,66106.9,66567.8,65961.0,66476.1,10113.18
2024-05-16T12:00:00Z,66476.1,66770.0,65330.0,65808.9,32831.304
2024-05-16T16:00:00Z,65808.9,65810.0,64580.4,65157.0,27923.634
2024-05-16T20:00:00Z,65157.0,65487.5,65014.8,65226.0,6941.687
2024-05-17T00:00:00Z,65226.0,65868.0,65070.1,65558.7,8997.259
2024-05-17T04:00:00Z,65558.7,66492.0,65331.4,66362.1,14160.935
2024-05-17T08:00:00Z,66362.1,66554.9,66041.1,66194.7,10220.597
2024-05-17T12:00:00Z,66194.7,67443.8,65771.7,67160.0,32206.139
2024-05-17T16:00:00Z,67160.0,67297.1,66161.0,67017.9,17970.495
2024-05-17T20:00:00Z,67017.9,67017.9,66640.0,66973.0,5196.36
2024-05-18T00:00:00Z,66973.0,67044.0,66703.0,66914.0,5496.15
2024-05-18T04:00:00Z,66914.0,67221.7,66705.1,66850.4,7677.751
2024-05-18T08:00:00Z,66850.4,67346.5,66800.9,67165.2,8627.369
2024-05-18T12:00:00Z,67165.2,67200.0,66469.0,66771.0,13580.872
2024-05-18T16:00:00Z,66771.0,66963.8,66667.7,66878.1,4173.696
2024-05-18T20:00:00Z,66878.1,67006.2,66735.7,66875.8,3578.303
2024-05-19T00:00:00Z,66875.8,67272.5,66817.1,67134.0,4914.96
2024-05-19T04:00:00Z,67134.0,67320.0,66900.0,67297.5,5371.287
2024-05-19T08:00:00Z,67297.5,67737.7,66916.2,67299.9,17672.963
2024-05-19T12:00:00Z,67299.9,67300.0,66631.2,66867.6,12181.861
2024-05-19T16:00:00Z,66867.6,66970.5,65822.0,66006.3,16408.028
2024-05-19T20:00:00Z,66006.3,66431.7,65945.6,66235.6,6004.19
2024-05-20T00:00:00Z,66235.6,66765.4,66034.0,66641.6,8178.052
2024-05-20T04:00:00Z,66641.6,67279.5,66250.1,66793.1,16931.778
2024-05-20T08:00:00Z,66793.1,67350.0,66711.4,66970.8,13388.926
2024-05-20T12:00:00Z,66970.8,67474.4,66708.9,67390.0,16986.031
2024-05-20T16:00:00Z,67390.0,70094.4,67350.0,70002.8,56278.524
2024-05-20T20:00:00Z,70002.8,71638.3,68861.5,71436.9,44359.089
2024-05-21T00:00:00Z,71436.9,72061.7,70692.5,71250.0,23607.921
2024-05-21T04:00:00Z,71250.0,71393.2,70800.0,70892.1,12256.732
2024-05-21T08:00:00Z,70892.1,71490.8,70855.1,71136.0,12903.399
2024-05-21T12:00:00Z,71136.0,71479.1,69690.0,69865.7,34904.154
2024-05-21T16:00:00Z,69865.7,70288.9,69155.0,69316.0,22434.172
2024-05-21T20:00:00Z,69316.0,70403.9,69263.8,70167.8,11884.423
2024-05-22T00:00:00Z,70167.8,70398.9,69850.1,69993.6,7446.39
2024-05-22T04:00:00Z,69993.6,70123.8,69232.4,69750.3,11420.664
2024-05-22T08:00:00Z,69750.3,70336.5,69673.9,69767.7,10005.531
2024-05-22T12:00:00Z,69767.7,70658.0,69466.0,70481.6,21753.456
2024-05-22T16:00:00Z,70481.6,70713.0,69251.7,69670.0,18109.128
2024-05-22T20:00:00Z,69670.0,70013.8,68812.4,69210.1,15555.889
2024-05-23T00:00:00Z,69210.1,69690.4,69210.1,69496.1,6389.835
2024-05-23T04:00:00Z,69496.1,69899.0,69382.1,69773.4,6856.824
2024-05-23T08:00:00Z,69773.4,70098.3,69568.9,70013.6,10725.02
2024-05-23T12:00:00Z,70013.6,70159.4,67631.7,68129.5,50695.992
2024-05-23T16:00:00Z,68129.5,68238.4,66781.3,67249.5,25615.077
2024-05-23T20:00:00Z,67249.5,68436.0,66311.1,68000.3,36137.807
2024-05-24T00:00:00Z,68000.3,68062.2,67655.8,67900.0,6505.714
2024-05-24T04:00:00Z,67900.0,67944.7,66834.9,67176.7,14268.314
2024-05-24T08:00:00Z,67176.7,67549.8,66628.2,67362.8,11086.224
2024-05-24T12:00:00Z,67362.8,68464.0,66921.1,68339.8,21311.0
2024-05-24T16:00:00Z,68339.8,69279.9,67958.3,69123.9,18595.59
2024-05-24T20:00:00Z,69123.9,69231.9,68530.4,68580.0,6151.062
2024-05-25T00:00:00Z,68580.0,68921.5,68524.4,68779.3,3825.158
2024-05-25T04:00:00Z,68779.3,68847.0,68626.5,68764.0,2399.024
2024-05-25T08:00:00Z,68764.0,69636.3,68764.0,69097.3,11150.588
2024-05-25T12:00:00Z,69097.3,69307.0,68821.7,68950.0,8596.373
2024-05-25T16:00:00Z,68950.0,69277.7,68833.1,69158.6,3338.789
2024-05-25T20:00:00Z,69158.6,69387.3,69054.2,69306.2,2406.662
2024-05-26T00:00:00Z,69306.2,69326.0,68808.8,69086.5,3792.356
2024-05-26T04:00:00Z,69086.5,69460.0,68932.9,69348.8,3568.918
2024-05-26T08:00:00Z,69348.8,69598.7,69001.1,69160.0,7304.135
2024-05-26T12:00:00Z,69160.0,69424.5,68647.3,68851.2,9156.183
2024-05-26T16:00:00Z,68851.2,68985.7,68700.0,68917.5,4979.584
2024-05-26T20:00:00Z,68917.5,68928.1,68121.0,68528.6,8462.923
2024-05-27T00:00:00Z,68528.6,69349.0,68494.0,68899.1,6976.674
2024-05-27T04:00:00Z,68899.1,68930.5,68311.7,68680.1,7906.001
2024-05-27T08:00:00Z,68680.1,68940.0,68277.0,68471.9,8362.93
2024-05-27T12:00:00Z,68471.9,70629.6,68412.0,70439.2,21476.682
2024-05-27T16:00:00Z,70439.2,70737.9,69090.0,69305.9,16161.842
2024-05-27T20:00:00Z,69305.9,69934.3,69212.8,69450.0,6512.317
2024-05-28T00:00:00Z,69450.0,69613.7,67712.0,68042.8,26063.631
2024-05-28T04:00:00Z,68042.8,68122.1,67430.0,67683.5,14601.023
2024-05-28T08:00:00Z,67683.5,68925.0,67563.4,68403.9,17426.386
2024-05-28T12:00:00Z,68403.9,68587.0,67522.1,68400.0,24297.517
2024-05-28T16:00:00Z,68400.0,68659.2,67250.0,68457.6,21282.522
2024-05-28T20:00:00Z,68457.6,68706.3,68150.0,68443.6,7682.311
2024-05-29T00:00:00Z,68443.6,68971.7,68288.9,68872.1,7951.971
2024-05-29T04:00:00Z,68872.1,68989.0,67955.5,67980.0,9651.032
2024-05-29T08:00:00Z,67980.0,68068.8,67630.5,67800.0,12336.394
2024-05-29T12:00:00Z,67800.0,68325.4,67309.4,67404.9,24289.25
2024-05-29T16:00:00Z,67404.9,67778.5,67124.7,67297.6,12390.488
2024-05-29T20:00:00Z,67297.6,67885.3,67173.8,67676.0,5789.504
2024-05-30T00:00:00Z,67676.0,68239.3,67483.5,68150.0,7948.388
2024-05-30T04:00:00Z,68150.0,68455.7,67523.7,67606.6,13061.503
2024-05-30T08:00:00Z,67606.6,68153.0,67137.0,67819.9,15594.078
2024-05-30T12:00:00Z,67819.9,68855.0,67760.1,68558.9,21145.764
2024-05-30T16:00:00Z,68558.9,69560.0,68405.6,68677.5,20168.083
2024-05-30T20:00:00Z,68677.5,68687.7,68023.8,68371.8,9388.201
2024-05-31T00:00:00Z,68371.8,68740.1,68290.0,68534.7,5290.446
2024-05-31T04:00:00Z,68534.7,68650.0,68080.1,68187.2,6006.222
2024-05-31T08:00:00Z,68187.2,68486.4,67876.0,68370.3,9343.5
2024-05-31T12:00:00Z,68370.3,69077.0,67200.9,67226.7,33570.784
2024-05-31T16:00:00Z,67226.7,68072.5,66660.0,67705.9,23150.193
2024-05-31T20:00:00Z,67705.9,67827.2,67246.0,67555.8,6809.686
2024-06-01T00:00:00Z,67555.8,67780.2,67456.9,67742.7,3888.095
2024-06-01T04:00:00Z,67742.7,67845.0,67600.0,67656.0,3373.218
2024-06-01T08:00:00Z,67656.0,67797.7,67647.2,67697.7,2348.326
2024-06-01T12:00:00Z,67697.7,67913.5,67673.5,67708.9,3990.155
2024-06-01T16:00:00Z,67708.9,67851.0,67563.9,67777.7,2800.73
2024-06-01T20:00:00Z,67777.7,67942.0,67736.8,67792.8,1510.268
2024-06-02T00:00:00Z,67792.8,67940.5,67670.0,67816.1,2336.827
2024-06-02T04:00:00Z,67816.1,67900.1,67730.0,67730.0,1552.97
2024-06-02T08:00:00Z,67730.0,68342.4,67374.5,68260.0,8395.559
2024-06-02T12:00:00Z,68260.0,68498.6,67801.3,68138.0,12954.95
2024-06-02T16:00:00Z,68138.0,68198.0,67279.7,67740.1,10998.092
2024-06-02T20:00:00Z,67740.1,68009.5,67569.7,67776.3,3466.244
2024-06-03T00:00:00Z,67776.3,68824.9,67621.5,68399.7,12072.347
2024-06-03T04:00:00Z,68399.7,69259.6,68301.0,68921.8,13646.65
2024-06-03T08:00:00Z,68921.8,69375.3,68868.9,69111.9,10140.914
2024-06-03T12:00:00Z,69111.9,70344.1,68556.0,69658.3,38238.017
2024-06-03T16:00:00Z,69658.3,69759.2,68821.0,69253.5,12330.283
2024-06-03T20:00:00Z,69253.5,69547.8,68749.9,68837.0,7751.044
2024-06-04T00:00:00Z,68837.0,69418.4,68668.0,69201.0,5594.258
2024-06-04T04:00:00Z,69201.0,69336.7,68807.6,69061.1,6372.81
2024-06-04T08:00:00Z,69061.1,69252.3,68604.9,69004.0,9548.458
2024-06-04T12:00:00Z,69004.0,70544.9,68882.0,70485.9,30429.212
2024-06-04T16:00:00Z,70485.9,71110.0,70101.0,70448.1,24016.877
2024-06-04T20:00:00Z,70448.1,70755.2,70185.3,70559.3,6522.941
2024-06-05T00:00:00Z,70559.3,71381.9,70450.1,70986.1,12055.249
2024-06-05T04:00:00Z,70986.1,71420.0,70874.2,71250.1,10658.103
2024-06-05T08:00:00Z,71250.1,71299.6,70734.0,71005.4,8471.301
2024-06-05T12:00:00Z,71005.4,71810.0,70406.0,71617.4,23865.909
2024-06-05T16:00:00Z,71617.4,71819.6,70888.0,71300.5,17603.381
2024-06-05T20:00:00Z,71300.5,71377.5,70707.6,71140.6,6552.408
2024-06-06T00:00:00Z,71140.6,71274.0,70909.1,71078.7,3750.057
2024-06-06T04:00:00Z,71078.7,71137.9,70820.8,71065.5,5524.523
2024-06-06T08:00:00Z,71065.5,71244.9,70901.0,71221.2,6310.946
2024-06-06T12:00:00Z,71221.2,71699.9,71039.5,71336.0,20060.135
2024-06-06T16:00:00Z,71336.0,71420.8,70467.6,70508.0,17234.033
2024-06-06T20:00:00Z,70508.0,71030.0,70144.1,70835.8,13889.031
2024-06-07T00:00:00Z,70835.8,71049.9,70661.3,71021.3,5218.092
2024-06-07T04:00:00Z,71021.3,71478.6,71021.3,71152.8,9767.207
2024-06-07T08:00:00Z,71152.8,71774.9,71081.4,71769.6,8715.335
2024-06-07T12:00:00Z,71769.6,72169.0,70668.0,71146.9,40806.421
2024-06-07T16:00:00Z,71146.9,71244.2,68336.7,69316.0,58079.692
2024-06-07T20:00:00Z,69316.0,69598.9,69028.0,69389.9,7889.68
2024-06-08T00:00:00Z,69389.9,69580.0,69333.3,69480.8,3366.598
2024-06-08T04:00:00Z,69480.8,69609.6,69265.2,69609.0,4864.875
2024-06-08T08:00:00Z,69609.0,69610.5,69344.6,69392.4,3955.409
2024-06-08T12:00:00Z,69392.4,69529.6,69204.0,69452.7,5057.057
2024-06-08T16:00:00Z,69452.7,69526.6,69334.5,69482.2,2513.736
2024-06-08T20:00:00Z,69482.2,69504.1,69298.1,69326.0,1875.281
2024-06-09T00:00:00Z,69326.0,69365.0,69157.1,69290.0,2582.437
2024-06-09T04:00:00Z,69290.0,69459.3,69257.2,69320.3,2578.522
2024-06-09T08:00:00Z,69320.3,69420.0,69299.9,69385.2,1381.84
2024-06-09T12:00:00Z,69385.2,69792.5,69240.0,69515.3,11494.7
2024-06-09T16:00:00Z,69515.3,69864.7,69497.2,69704.0,4506.05
2024-06-09T20:00:00Z,69704.0,69829.5,69577.1,69642.3,2814.841
2024-06-10T00:00:00Z,69642.3,69808.4,69421.0,69622.0,3646.189
2024-06-10T04:00:00Z,69622.0,69686.3,69256.4,69302.4,5105.109
2024-06-10T08:00:00Z,69302.4,69569.4,69168.4,69489.0,5921.729
2024-06-10T12:00:00Z,69489.0,70180.6,69234.6,70044.9,14373.019
2024-06-10T16:00:00Z,70044.9,70126.1,69385.0,69498.1,12695.835
2024-06-10T20:00:00Z,69498.1,69688.9,69324.0,69516.0,6240.146
2024-06-11T00:00:00Z,69516.0,69570.0,67857.8,68444.0,29847.238
2024-06-11T04:00:00Z,68444.0,68444.2,67301.7,67539.4,24042.611
2024-06-11T08:00:00Z,67539.4,67648.6,66700.1,66882.1,26372.384
2024-06-11T12:00:00Z,66882.1,67272.2,65931.6,66218.9,33543.226
2024-06-11T16:00:00Z,66218.9,67547.8,66142.0,67383.6,18952.811
2024-06-11T20:00:00Z,67383.6,67539.3,67136.0,67276.3,6910.158
2024-06-12T00:00:00Z,67276.3,67571.8,66859.4,67386.5,9278.349
2024-06-12T04:00:00Z,67386.5,67592.2,67151.1,67410.0,7196.552
2024-06-12T08:00:00Z,67410.0,68030.0,67317.8,67747.1,10880.212
2024-06-12T12:00:00Z,67747.1,70000.0,67704.7,69712.8,49682.17
2024-06-12T16:00:00Z,69712.8,69855.0,67228.0,67522.2,56871.285
2024-06-12T20:00:00Z,67522.2,68660.1,67420.4,68240.9,15312.42
2024-06-13T00:00:00Z,68240.9,68376.3,66937.7,67442.0,16382.368
2024-06-13T04:00:00Z,67442.0,67714.0,67268.4,67707.7,9766.641
2024-06-13T08:00:00Z,67707.7,67942.8,67152.6,67707.0,12678.135
2024-06-13T12:00:00Z,67707.0,68500.0,66313.9,66433.1,43653.433
2024-06-13T16:00:00Z,66433.1,67038.9,66225.9,66579.9,17446.119
2024-06-13T20:00:00Z,66579.9,66953.4,66477.9,66742.5,6224.109
2024-06-14T00:00:00Z,66742.5,67000.0,66450.5,66723.9,6688.333
2024-06-14T04:00:00Z,66723.9,67191.7,66694.8,66886.8,7892.449
2024-06-14T08:00:00Z,66886.8,67232.0,66727.3,67000.4,8540.615
2024-06-14T12:00:00Z,67000.4,67341.0,66311.1,66362.6,22760.172
2024-06-14T16:00:00Z,66362.6,66505.8,65030.0,65490.1,40982.408
2024-06-14T20:00:00Z,65490.1,66600.0,65447.7,66021.2,14831.301
2024-06-15T00:00:00Z,66021.2,66261.1,65958.6,66235.0,4505.06
2024-06-15T04:00:00Z,66235.0,66381.3,66045.3,66051.9,5786.776
2024-06-15T08:00:00Z,66051.9,66322.2,66051.9,66289.9,3216.444
2024-06-15T12:00:00Z,66289.9,66446.1,66135.4,66284.6,4613.647
2024-06-15T16:00:00Z,66284.6,66326.9,66040.7,66118.4,3041.324
2024-06-15T20:00:00Z,66118.4,66250.0,65808.1,66184.0,4606.961
2024-06-16T00:00:00Z,66184.0,66228.7,66049.0,66105.6,1975.049
2024-06-16T04:00:00Z,66105.6,66320.0,66007.5,66232.0,2497.877
2024-06-16T08:00:00Z,66232.0,66745.7,66156.1,66450.2,7268.802
2024-06-16T12:00:00Z,66450.2,66780.2,66438.7,66670.2,6736.49
2024-06-16T16:00:00Z,66670.2,66716.9,66473.2,66522.0,2723.175
2024-06-16T20:00:00Z,66522.0,66949.6,66421.1,66638.2,7893.644
2024-06-17T00:00:00Z,66638.2,66887.4,66110.0,66188.9,9659.03
2024-06-17T04:00:00Z,66188.9,66535.0,65904.3,66134.0,10330.624
2024-06-17T08:00:00Z,66134.0,66281.9,65526.8,65778.6,15474.41
2024-06-17T12:00:00Z,65778.6,65793.2,65058.0,65324.9,22413.346
2024-06-17T16:00:00Z,65324.9,67289.9,65084.3,66656.0,34629.716
2024-06-17T20:00:00Z,66656.0,66740.7,66105.2,66454.8,14069.534
2024-06-18T00:00:00Z,66454.8,66552.8,64500.0,65474.2,42789.261
2024-06-18T04:00:00Z,65474.2,65828.0,65306.7,65641.3,10733.511
2024-06-18T08:00:00Z,65641.3,65720.9,65080.0,65339.6,10739.411
2024-06-18T12:00:00Z,65339.6,65404.0,64200.0,64660.2,44175.813
2024-06-18T16:00:00Z,64660.2,64878.0,64026.6,64398.8,22255.529
2024-06-18T20:00:00Z,64398.8,65307.5,64166.6,65146.5,16658.865
2024-06-19T00:00:00Z,65146.5,65587.0,64780.0,65380.9,19124.254
2024-06-19T04:00:00Z,65380.9,65700.0,65136.0,65289.4,10700.703
2024-06-19T08:00:00Z,65289.4,65512.6,64953.5,65179.2,12487.97
2024-06-19T12:00:00Z,65179.2,65280.1,64710.0,64900.9,10295.369
2024-06-19T16:00:00Z,64900.9,65246.5,64752.0,64848.0,7989.389
2024-06-19T20:00:00Z,64848.0,65089.5,64650.0,64940.2,6156.599
2024-06-20T00:00:00Z,64940.2,65397.9,64811.1,65170.1,8181.077
2024-06-20T04:00:00Z,65170.1,65978.0,65070.0,65843.1,13433.15
2024-06-20T08:00:00Z,65843.1,66458.0,65550.8,66156.3,16414.009
2024-06-20T12:00:00Z,66156.3,66288.2,64616.1,64789.9,36203.085
2024-06-20T16:00:00Z,64789.9,65198.8,64514.2,65042.2,17609.611
2024-06-20T20:00:00Z,65042.2,65175.8,64833.6,64853.9,5546.083
2024-06-21T00:00:00Z,64853.9,65070.7,64311.0,64461.5,11715.447
2024-06-21T04:00:00Z,64461.5,64720.1,64133.3,64147.7,13709.727
2024-06-21T08:00:00Z,64147.7,64345.9,63422.1,63731.1,30330.629
2024-06-21T12:00:00Z,63731.1,64339.8,63333.0,63701.7,31581.209
2024-06-21T16:00:00Z,63701.7,64250.0,63433.1,64209.5,13084.85
2024-06-21T20:00:00Z,64209.5,64440.0,63801.3,64108.3,8558.649
2024-06-22T00:00:00Z,64108.3,64296.8,63904.1,64286.6,4286.979
2024-06-22T04:00:00Z,64286.6,64498.9,64204.0,64470.0,4883.001
2024-06-22T08:00:00Z,64470.0,64491.5,64171.2,64238.3,4422.65
2024-06-22T12:00:00Z,64238.3,64371.5,64220.4,64273.7,2214.196
2024-06-22T16:00:00Z,64273.7,64347.1,64190.0,64260.0,1649.775
2024-06-22T20:00:00Z,64260.0,64301.5,64212.7,64223.1,1241.374
2024-06-23T00:00:00Z,64223.1,64484.1,64223.1,64376.0,3489.102
2024-06-23T04:00:00Z,64376.0,64418.5,64299.7,64388.3,1813.268
2024-06-23T08:00:00Z,64388.3,64409.4,64224.6,64310.0,2379.239
2024-06-23T12:00:00Z,64310.0,64406.3,64032.8,64064.1,4915.845
2024-06-23T16:00:00Z,64064.1,64160.0,63878.3,64124.0,3582.375
2024-06-23T20:00:00Z,64124.0,64133.3,63123.1,63179.9,14610.058
2024-06-24T00:00:00Z,63179.9,63329.9,62631.0,62815.1,20557.318
2024-06-24T04:00:00Z,62815.1,62923.0,62111.0,62429.9,22931.155
2024-06-24T08:00:00Z,62429.9,62951.7,60348.5,61234.6,57569.017
2024-06-24T12:00:00Z,61234.6,61673.3,60622.6,60812.6,25433.43
2024-06-24T16:00:00Z,60812.6,61027.1,59000.8,59290.1,60886.406
2024-06-24T20:00:00Z,59290.1,60409.5,58320.0,60257.1,33911.324
2024-06-25T00:00:00Z,60257.1,61555.0,60217.9,61271.8,18678.508
2024-06-25T04:00:00Z,61271.8,61388.1,60581.0,60640.3,16167.116
2024-06-25T08:00:00Z,60640.3,61588.8,60624.8,61162.7,22033.916
2024-06-25T12:00:00Z,61162.7,62102.8,60933.0,61779.6,34386.155
2024-06-25T16:00:00Z,61779.6,62401.3,61110.7,61931.0,27769.278
2024-06-25T20:00:00Z,61931.0,62141.4,61614.0,61764.4,8655.335
2024-06-26T00:00:00Z,61764.4,62467.9,61589.3,61891.5,11921.754
2024-06-26T04:00:00Z,61891.5,61947.8,61482.6,61694.7,10178.039
2024-06-26T08:00:00Z,61694.7,61725.4,61120.0,61403.8,13048.472
2024-06-26T12:00:00Z,61403.8,61940.0,61131.0,61432.9,20100.429
2024-06-26T16:00:00Z,61432.9,61506.6,60676.0,60962.5,23495.469
2024-06-26T20:00:00Z,60962.5,61116.0,60666.0,60838.5,9319.644
2024-06-27T00:00:00Z,60838.5,61275.0,60725.9,61009.3,8744.791
2024-06-27T04:00:00Z,61009.3,61166.9,60564.8,60760.2,9534.833
2024-06-27T08:00:00Z,60760.2,61441.9,60694.2,61166.6,11275.329
2024-06-27T12:00:00Z,61166.6,62380.0,61122.7,61561.1,32959.987
2024-06-27T16:00:00Z,61561.1,61987.7,61386.1,61432.8,11612.796
2024-06-27T20:00:00Z,61432.8,61678.7,61323.2,61659.5,4946.981
2024-06-28T00:00:00Z,61659.5,62218.0,61443.0,61788.4,13092.13
2024-06-28T04:00:00Z,61788.4,61796.0,61200.3,61315.0,7892.16
2024-06-28T08:00:00Z,61315.0,61780.0,61155.1,61666.3,8695.691
2024-06-28T12:00:00Z,61666.3,61859.6,60695.4,61020.0,30556.379
2024-06-28T16:00:00Z,61020.0,61074.9,60040.3,60100.9,18794.016
2024-06-28T20:00:00Z,60100.9,60439.6,60011.5,60406.1,6632.399
2024-06-29T00:00:00Z,60406.1,60959.8,60378.1,60713.8,10177.833
2024-06-29T04:00:00Z,60713.8,61115.2,60666.0,61033.0,5797.478
2024-06-29T08:00:00Z,61033.0,61198.9,60870.0,61070.0,5966.203
2024-06-29T12:00:00Z,61070.0,61156.0,60918.5,61086.1,4359.536
2024-06-29T16:00:00Z,61086.1,61111.0,60880.1,61018.5,2827.594
2024-06-29T20:00:00Z,61018.5,61074.0,60762.3,60939.9,3337.562
2024-06-30T00:00:00Z,60939.9,61040.8,60703.6,60857.7,4108.791
2024-06-30T04:00:00Z,60857.7,61776.5,60673.0,61509.9,15145.537
2024-06-30T08:00:00Z,61509.9,61696.6,61370.1,61513.6,7957.301
2024-06-30T12:00:00Z,61513.6,61835.0,61280.5,61679.3,10708.017
2024-06-30T16:00:00Z,61679.3,62077.7,61540.7,61987.3,8261.819
2024-06-30T20:00:00Z,61987.3,63041.3,61777.2,62749.5,23666.421
2024-07-01T00:00:00Z,62749.5,63790.0,62556.3,63398.2,23302.377
2024-07-01T04:00:00Z,63398.2,63470.0,63165.0,63233.7,7528.915
2024-07-01T08:00:00Z,63233.7,63277.1,62560.3,62637.7,11662.342
2024-07-01T12:00:00Z,62637.7,63133.0,62464.4,63108.3,18845.7
2024-07-01T16:00:00Z,63108.3,63845.0,62931.6,63186.4,19517.411
2024-07-01T20:00:00Z,63186.4,63390.0,62771.3,62860.1,8071.361
2024-07-02T00:00:00Z,62860.1,63259.0,62738.1,63093.7,5112.764
2024-07-02T04:00:00Z,63093.7,63209.8,62550.1,62590.9,7350.878
2024-07-02T08:00:00Z,62590.9,62838.0,62401.3,62803.0,10438.566
2024-07-02T12:00:00Z,62803.0,63139.2,61801.9,61911.7,27975.766
2024-07-02T16:00:00Z,61911.7,62354.8,61779.6,61923.6,12334.982
2024-07-02T20:00:00Z,61923.6,62158.6,61854.7,62092.6,6239.882
2024-07-03T00:00:00Z,62092.6,62250.0,60555.1,60967.7,24813.858
2024-07-03T04:00:00Z,60967.7,61169.8,60777.8,60842.3,10953.447
2024-07-03T08:00:00Z,60842.3,60956.1,59500.2,60352.4,36956.617
2024-07-03T12:00:00Z,60352.4,60732.1,59722.0,60140.6,28045.84
2024-07-03T16:00:00Z,60140.6,60637.4,59611.2,59624.6,16767.143
2024-07-03T20:00:00Z,59624.6,60360.3,59350.2,60184.8,15393.14
2024-07-04T00:00:00Z,60184.8,60464.6,57770.2,59072.9,41602.402
2024-07-04T04:00:00Z,59072.9,59117.1,58059.5,58198.1,19648.647
2024-07-04T08:00:00Z,58198.1,58458.0,56930.0,57744.3,45337.943
2024-07-04T12:00:00Z,57744.3,58332.6,56687.5,58110.0,48109.115
2024-07-04T16:00:00Z,58110.0,58691.8,57730.0,58250.0,19669.071
2024-07-04T20:00:00Z,58250.0,58820.7,56815.0,57034.6,22689.449
2024-07-05T00:00:00Z,57034.6,57523.4,54926.1,55214.1,69049.435
2024-07-05T04:00:00Z,55214.1,55350.0,53314.3,54386.6,59822.141
2024-07-05T08:00:00Z,54386.6,55653.7,53861.2,55458.4,32161.367
2024-07-05T12:00:00Z,55458.4,56656.4,54810.0,56630.0,42349.985
2024-07-05T16:00:00Z,56630.0,57035.1,55782.6,56430.3,29293.62
2024-07-05T20:00:00Z,56430.3,56843.6,56280.8,56602.8,7679.009
2024-07-06T00:00:00Z,56602.8,56977.8,56141.8,56386.0,11959.653
2024-07-06T04:00:00Z,56386.0,56660.5,56002.0,56574.9,9694.823
2024-07-06T08:00:00Z,56574.9,56875.5,56410.0,56711.6,5750.673
2024-07-06T12:00:00Z,56711.6,57432.3,56480.7,57294.8,16049.667
2024-07-06T16:00:00Z,57294.8,58079.9,57153.5,57829.9,17855.724
2024-07-06T20:00:00Z,57829.9,58489.6,57782.2,58204.1,13845.155
2024-07-07T00:00:00Z,58204.1,58420.0,57803.6,57935.4,11870.73
2024-07-07T04:00:00Z,57935.4,57992.2,57057.0,57362.4,17114.98
2024-07-07T08:00:00Z,57362.4,57897.0,57318.2,57428.0,12838.619
2024-07-07T12:00:00Z,57428.0,57595.2,56520.6,56795.9,21217.546
2024-07-07T16:00:00Z,56795.9,57376.5,56718.6,57128.2,11847.964
2024-07-07T20:00:00Z,57128.2,57303.0,55710.0,55840.0,23642.668
2024-07-08T00:00:00Z,55840.0,56002.2,54228.3,55130.8,43992.632
2024-07-08T04:00:00Z,55130.8,55893.3,54936.0,55833.8,16616.148
2024-07-08T08:00:00Z,55833.8,58195.4,55716.4,57135.3,53181.771
2024-07-08T12:00:00Z,57135.3,57635.9,54856.0,55723.9,58835.726
2024-07-08T16:00:00Z,55723.9,56555.9,55379.2,56456.0,20889.49
2024-07-08T20:00:00Z,56456.0,56954.4,56163.3,56696.5,13374.809
2024-07-09T00:00:00Z,56696.5,57340.0,56257.0,57143.4,19186.363
2024-07-09T04:00:00Z,57143.4,57744.2,56974.9,57100.0,15796.751
2024-07-09T08:00:00Z,57100.0,57888.8,57005.0,57409.2,17487.636
2024-07-09T12:00:00Z,57409.2,58153.3,56862.0,57450.1,38383.558
2024-07-09T16:00:00Z,57450.1,58315.7,57337.0,57841.7,19697.498
2024-07-09T20:00:00Z,57841.7,58235.7,57682.1,58029.9,8870.451
2024-07-10T00:00:00Z,58029.9,58188.0,57309.1,58167.6,11476.802
2024-07-10T04:00:00Z,58167.6,59471.4,58164.0,58936.6,30263.798
2024-07-10T08:00:00Z,58936.6,59003.6,58275.0,58477.1,18525.388
2024-07-10T12:00:00Z,58477.1,58552.9,57457.9,57675.1,31010.561
2024-07-10T16:00:00Z,57675.1,57998.5,57322.0,57376.5,12149.739
2024-07-10T20:00:00Z,57376.5,57859.8,57127.0,57713.8,10772.444
2024-07-11T00:00:00Z,57713.8,58382.7,57016.1,57536.9,18152.165
2024-07-11T04:00:00Z,57536.9,58288.0,57461.6,58169.0,10408.042
2024-07-11T08:00:00Z,58169.0,58880.1,58030.9,58735.8,15465.341
2024-07-11T12:00:00Z,58735.8,59661.5,57235.0,57382.1,61141.267
2024-07-11T16:00:00Z,57382.1,57974.1,57162.0,57361.2,16464.011
2024-07-11T20:00:00Z,57361.2,57610.0,57103.9,57312.1,9377.424
2024-07-12T00:00:00Z,57312.1,57557.0,56513.3,56884.6,21075.528
2024-07-12T04:00:00Z,56884.6,57390.0,56680.8,57065.2,12193.596
2024-07-12T08:00:00Z,57065.2,57303.3,56733.0,57180.0,12734.258
2024-07-12T12:00:00Z,57180.0,58250.0,57063.0,58189.4,27448.521
2024-07-12T16:00:00Z,58189.4,58514.2,57464.4,57541.9,21563.538
2024-07-12T20:00:00Z,57541.9,57883.9,57118.0,57860.9,12748.711
2024-07-13T00:00:00Z,57860.9,57949.6,57724.4,57785.8,3979.833
2024-07-13T04:00:00Z,57785.8,58198.8,57711.2,58146.7,5845.516
2024-07-13T08:00:00Z,58146.7,58852.2,57885.0,58515.2,13862.426
2024-07-13T12:00:00Z,58515.2,58888.0,58408.0,58812.6,10825.519
2024-07-13T16:00:00Z,58812.6,58950.0,58530.6,58585.1,6670.254
2024-07-13T20:00:00Z,58585.1,59869.9,58228.5,59181.8,23364.697
2024-07-14T00:00:00Z,59181.8,59822.5,59170.3,59445.8,13722.956
2024-07-14T04:00:00Z,59445.8,60298.8,59400.2,60027.9,19540.262
2024-07-14T08:00:00Z,60027.9,60380.0,59863.3,60070.0,10989.386
2024-07-14T12:00:00Z,60070.0,60217.2,59426.0,60061.9,16976.23
2024-07-14T16:00:00Z,60061.9,60174.1,59860.0,59886.1,4226.628
2024-07-14T20:00:00Z,59886.1,61387.9,59850.0,60755.8,30966.901
2024-07-15T00:00:00Z,60755.8,62788.8,60601.9,62612.9,35053.753
2024-07-15T04:00:00Z,62612.9,63088.4,62382.5,62814.2,18712.969
2024-07-15T08:00:00Z,62814.2,63333.0,62275.0,62438.2,19765.945
2024-07-15T12:00:00Z,62438.2,63295.9,62427.3,62983.6,24154.448
2024-07-15T16:00:00Z,62983.6,63777.0,62820.0,63300.1,32251.309
2024-07-15T20:00:00Z,63300.1,64900.0,63204.4,64696.1,31054.442
2024-07-16T00:00:00Z,64696.1,64948.7,64422.6,64727.8,12448.734
2024-07-16T04:00:00Z,64727.8,65019.7,62704.2,62902.2,41667.128
2024-07-16T08:00:00Z,62902.2,63845.8,62350.3,63729.6,27914.817
2024-07-16T12:00:00Z,63729.6,64955.2,63029.3,64850.7,42885.964
2024-07-16T16:00:00Z,64850.7,65213.7,64088.0,65134.2,27351.748
2024-07-16T20:00:00Z,65134.2,65365.0,64111.1,65027.0,19741.38
2024-07-17T00:00:00Z,65027.0,66119.2,64910.0,65669.5,20752.131
2024-07-17T04:00:00Z,65669.5,65977.0,65169.4,65230.1,12386.768
2024-07-17T08:00:00Z,65230.1,65499.0,64528.3,64694.3,24805.134
2024-07-17T12:00:00Z,64694.3,65384.9,64501.8,64680.5,28042.656
2024-07-17T16:00:00Z,64680.5,64732.2,63800.0,64547.9,24527.813
2024-07-17T20:00:00Z,64547.9,64644.9,64001.3,64048.6,10594.57
2024-07-18T00:00:00Z,64048.6,65132.9,63858.7,64833.1,16384.726
2024-07-18T04:00:00Z,64833.1,65033.4,64366.2,64643.8,9875.123
2024-07-18T08:00:00Z,64643.8,64924.4,64401.2,64719.6,9416.967
2024-07-18T12:00:00Z,64719.6,65086.9,63344.7,63506.8,34084.861
2024-07-18T16:00:00Z,63506.8,63925.0,63200.0,63532.5,17424.107
2024-07-18T20:00:00Z,63532.5,64097.5,63403.3,63966.8,8604.808
2024-07-19T00:00:00Z,63966.8,64357.2,63281.0,64303.7,13605.158
2024-07-19T04:00:00Z,64303.7,64476.4,63579.6,63678.8,12302.983
2024-07-19T08:00:00Z,63678.8,64180.3,63361.9,64101.9,18742.052
2024-07-19T12:00:00Z,64101.9,65881.7,64012.6,65813.8,42914.093
2024-07-19T16:00:00Z,65813.8,67368.4,65807.0,67118.0,41826.335
2024-07-19T20:00:00Z,67118.0,67332.8,66576.2,66631.9,12515.921
2024-07-20T00:00:00Z,66631.9,66797.4,66202.0,66566.5,8522.032
2024-07-20T04:00:00Z,66566.5,66743.7,66400.1,66524.6,5222.047
2024-07-20T08:00:00Z,66524.6,66725.3,66421.0,66445.0,5142.467
2024-07-20T12:00:00Z,66445.0,66824.2,66251.0,66800.0,7168.072
2024-07-20T16:00:00Z,66800.0,67599.9,66633.6,67199.3,21392.279
2024-07-20T20:00:00Z,67199.3,67410.5,66754.0,67103.2,9769.162
2024-07-21T00:00:00Z,67103.2,67398.0,66927.8,67147.9,5255.101
2024-07-21T04:00:00Z,67147.9,67210.3,66556.0,66672.0,8226.443
2024-07-21T08:00:00Z,66672.0,67036.4,66640.1,66851.1,5872.165
2024-07-21T12:00:00Z,66851.1,67498.9,66562.9,67137.3,13364.395
2024-07-21T16:00:00Z,67137.3,67772.0,65738.0,67395.8,46743.689
2024-07-21T20:00:00Z,67395.8,68371.7,67247.7,68150.0,22746.45
2024-07-22T00:00:00Z,68150.0,68467.9,67698.5,67849.9,12929.714
2024-07-22T04:00:00Z,67849.9,67972.8,67110.0,67212.4,11971.139
2024-07-22T08:00:00Z,67212.4,67592.8,66925.0,67498.5,9846.517
2024-07-22T12:00:00Z,67498.5,67940.0,66543.0,67043.0,27536.012
2024-07-22T16:00:00Z,67043.0,68249.8,66784.0,68186.3,16797.854
2024-07-22T20:00:00Z,68186.3,68222.6,67132.1,67493.6,14963.291
2024-07-23T00:00:00Z,67493.6,67719.8,67176.0,67437.1,8840.489
2024-07-23T04:00:00Z,67437.1,67494.0,66230.0,66559.3,22181.784
2024-07-23T08:00:00Z,66559.3,67141.7,66403.2,66640.8,14091.303
2024-07-23T12:00:00Z,66640.8,67347.2,65920.7,66552.2,40019.654
2024-07-23T16:00:00Z,66552.2,66740.6,65371.6,65504.7,32295.118
2024-07-23T20:00:00Z,65504.7,66042.9,65453.8,65922.1,12733.218
2024-07-24T00:00:00Z,65922.1,66163.3,65449.4,66031.7,10786.339
2024-07-24T04:00:00Z,66031.7,66065.0,65603.0,66063.3,7344.432
2024-07-24T08:00:00Z,66063.3,66611.8,65982.0,66361.0,11914.831
2024-07-24T12:00:00Z,66361.0,67105.2,66067.0,66156.4,28499.95
2024-07-24T16:00:00Z,66156.4,66693.1,65550.0,65640.6,21171.012
2024-07-24T20:00:00Z,65640.6,66068.9,64903.0,65364.6,19574.405
2024-07-25T00:00:00Z,65364.6,65618.0,63828.5,64067.9,34395.941
2024-07-25T04:00:00Z,64067.9,64376.0,63750.0,64108.3,13320.433
2024-07-25T08:00:00Z,64108.3,64463.7,63800.0,64075.8,15780.006
2024-07-25T12:00:00Z,64075.8,64997.0,63378.5,64764.0,43032.18
2024-07-25T16:00:00Z,64764.0,65150.0,64330.0,64654.7,18458.151
2024-07-25T20:00:00Z,64654.7,66205.8,64379.4,65767.6,23599.102
2024-07-26T00:00:00Z,65767.6,67467.0,65695.0,67010.5,27031.163
2024-07-26T04:00:00Z,67010.5,67153.9,66835.5,66875.9,10121.118
2024-07-26T08:00:00Z,66875.9,67500.0,66875.9,67295.0,11686.789
2024-07-26T12:00:00Z,67295.0,68012.8,66857.6,67529.0,34768.112
2024-07-26T16:00:00Z,67529.0,68136.3,67270.4,67958.2,13253.903
2024-07-26T20:00:00Z,67958.2,68212.6,67370.5,67881.2,14017.797
2024-07-27T00:00:00Z,67881.2,68058.9,67616.0,67770.0,6538.076
2024-07-27T04:00:00Z,67770.0,68288.1,67748.3,68024.1,7842.725
2024-07-27T08:00:00Z,68024.1,68250.0,67866.6,68203.6,6501.223
2024-07-27T12:00:00Z,68203.6,69400.0,68180.0,68834.6,31187.679
2024-07-27T16:00:00Z,68834.6,68973.6,67666.4,68231.2,31626.122
2024-07-27T20:00:00Z,68231.2,69222.0,66608.3,67902.0,81277.676
2024-07-28T00:00:00Z,67902.0,68315.5,67226.1,67956.8,12034.363
2024-07-28T04:00:00Z,67956.8,68042.6,67026.9,67524.6,13332.963
2024-07-28T08:00:00Z,67524.6,67990.0,67191.7,67825.1,8703.914
2024-07-28T12:00:00Z,67825.1,68118.0,67588.0,67650.0,10253.019
2024-07-28T16:00:00Z,67650.0,68337.9,67621.0,68127.9,6894.218
2024-07-28T20:00:00Z,68127.9,68277.8,67804.0,68240.9,5991.419
2024-07-29T00:00:00Z,68240.9,69850.0,68158.1,69360.6,27825.137
2024-07-29T04:00:00Z,69360.6,69900.0,69280.0,69549.3,12967.095
2024-07-29T08:00:00Z,69549.3,69850.0,69371.0,69576.1,11111.523
2024-07-29T12:00:00Z,69576.1,70136.9,67621.3,68073.0,56231.316
2024-07-29T16:00:00Z,68073.0,68107.6,66360.9,67285.8,47320.768
2024-07-29T20:00:00Z,67285.8,67530.9,66562.1,66757.7,15212.918
2024-07-30T00:00:00Z,66757.7,66850.8,65801.4,66577.6,27977.149
2024-07-30T04:00:00Z,66577.6,66958.9,66278.9,66909.9,11067.093
2024-07-30T08:00:00Z,66909.9,66950.7,66362.2,66533.9,9559.655
2024-07-30T12:00:00Z,66533.9,66924.6,65522.0,66209.5,30820.242
2024-07-30T16:00:00Z,66209.5,66547.9,65524.1,65902.8,20461.567
2024-07-30T20:00:00Z,65902.8,66339.4,65265.0,66170.0,16806.8
2024-07-31T00:00:00Z,66170.0,66416.9,65850.0,66019.3,7929.209
2024-07-31T04:00:00Z,66019.3,66533.0,65477.0,66196.2,18087.155
2024-07-31T08:00:00Z,66196.2,66346.8,65901.3,66070.1,8383.199
2024-07-31T12:00:00Z,66070.1,66821.0,65940.0,66355.4,21404.095
2024-07-31T16:00:00Z,66355.4,66832.0,64850.1,65220.1,33711.03
2024-07-31T20:00:00Z,65220.1,65400.0,64502.4,64615.9,24626.969
2024-08-01T00:00:00Z,64615.9,64822.5,63713.0,63910.2,23483.236
2024-08-01T04:00:00Z,63910.2,64462.1,63513.5,64292.3,19567.665
2024-08-01T08:00:00Z,64292.3,64666.0,64274.4,64637.9,10832.857
2024-08-01T12:00:00Z,64637.9,64938.0,62616.0,62868.2,45393.472
2024-08-01T16:00:00Z,62868.2,63472.7,62217.7,63395.7,38785.67
2024-08-01T20:00:00Z,63395.7,65634.3,63300.2,65341.1,38235.617
2024-08-02T00:00:00Z,65341.1,65576.4,63650.0,64579.4,24248.774
2024-08-02T04:00:00Z,64579.4,64625.0,63756.6,64135.2,14871.773
2024-08-02T08:00:00Z,64135.2,64980.0,64012.0,64639.4,14869.429
2024-08-02T12:00:00Z,64639.4,65490.0,62410.0,63374.6,74688.627
2024-08-02T16:00:00Z,63374.6,63579.5,62482.1,62611.6,24682.041
2024-08-02T20:00:00Z,62611.6,63154.6,61171.5,61459.0,42509.692
2024-08-03T00:00:00Z,61459.0,61943.3,60465.0,61850.6,30874.873
2024-08-03T04:00:00Z,61850.6,61937.2,61345.9,61630.0,8505.843
2024-08-03T08:00:00Z,61630.0,61977.1,61418.8,61880.0,7621.352
2024-08-03T12:00:00Z,61880.0,62154.0,60789.1,60851.7,18050.392
2024-08-03T16:00:00Z,60851.7,61255.0,59873.5,60216.3,45597.646
2024-08-03T20:00:00Z,60216.3,60843.3,59822.0,60682.0,20729.549
2024-08-04T00:00:00Z,60682.0,61088.0,60270.5,60706.0,8926.568
2024-08-04T04:00:00Z,60706.0,60922.2,60226.1,60340.4,8272.647
2024-08-04T08:00:00Z,60340.4,60974.0,60076.0,60870.0,9624.043
2024-08-04T12:00:00Z,60870.0,61056.8,58920.5,59060.1,38117.545
2024-08-04T16:00:00Z,59060.1,59466.0,57150.0,59221.9,67387.567
2024-08-04T20:00:00Z,59221.9,59559.4,57970.8,58131.6,27680.139
2024-08-05T00:00:00Z,58131.6,58278.3,52157.6,53855.1,131070.731
2024-08-05T04:00:00Z,53855.1,54541.1,48914.1,52644.6,136612.289
2024-08-05T08:00:00Z,52644.6,53212.3,50588.0,51302.1,62703.121
2024-08-05T12:00:00Z,51302.1,55039.8,49521.1,54282.8,139736.733
2024-08-05T16:00:00Z,54282.8,55555.0,52521.1,53444.0,60389.823
2024-08-05T20:00:00Z,53444.0,55188.0,53430.7,53988.2,32575.032
2024-08-06T00:00:00Z,53988.2,56288.0,53917.3,55639.8,32171.901
2024-08-06T04:00:00Z,55639.8,56160.1,55221.1,55980.9,22278.947
2024-08-06T08:00:00Z,55980.9,56094.0,54581.1,55186.1,33010.161
2024-08-06T12:00:00Z,55186.1,56600.0,54324.7,56396.1,62017.695
2024-08-06T16:00:00Z,56396.1,57056.1,56212.6,56739.7,32561.236
2024-08-06T20:00:00Z,56739.7,56926.8,55682.0,55989.8,26456.895
2024-08-07T00:00:00Z,55989.8,57285.6,55518.4,56837.9,30845.621
2024-08-07T04:00:00Z,56837.9,57237.6,56510.0,56904.0,17694.245
2024-08-07T08:00:00Z,56904.0,57762.5,56839.9,56941.4,26017.444
2024-08-07T12:00:00Z,56941.4,57467.8,55664.2,56079.9,42075.208
2024-08-07T16:00:00Z,56079.9,56285.0,54637.0,54735.3,34550.056
2024-08-07T20:00:00Z,54735.3,55587.1,54517.7,55109.5,23030.853
2024-08-08T00:00:00Z,55109.5,57674.8,54705.0,57031.2,39443.807
2024-08-08T04:00:00Z,57031.2,57405.9,56660.0,57176.0,16512.408
2024-08-08T08:00:00Z,57176.0,57665.0,56953.0,57295.1,16166.161
2024-08-08T12:00:00Z,57295.1,59494.7,56622.0,59394.1,76137.397
2024-08-08T16:00:00Z,59394.1,59885.0,59181.0,59378.1,28048.7
2024-08-08T20:00:00Z,59378.1,62743.1,59255.7,61670.2,47008.03
2024-08-09T00:00:00Z,61670.2,61733.0,60745.3,61329.1,19030.299
2024-08-09T04:00:00Z,61329.1,61362.2,60544.2,60844.0,15494.768
2024-08-09T08:00:00Z,60844.0,61187.5,60129.2,60632.1,18768.237
2024-08-09T12:00:00Z,60632.1,61111.1,59488.0,59775.6,42741.758
2024-08-09T16:00:00Z,59775.6,60728.2,59680.0,60655.4,20542.177
2024-08-09T20:00:00Z,60655.4,60974.1,59891.0,60814.9,22658.194
2024-08-10T00:00:00Z,60814.9,61459.9,60247.4,60424.7,15177.431
2024-08-10T04:00:00Z,60424.7,60834.7,60223.0,60817.9,5900.922
2024-08-10T08:00:00Z,60817.9,61089.5,60582.2,60898.2,8429.338
2024-08-10T12:00:00Z,60898.2,60921.6,60365.0,60490.0,7292.446
2024-08-10T16:00:00Z,60490.0,61237.1,60371.1,60997.9,9607.725
2024-08-10T20:00:00Z,60997.9,61148.6,60723.5,60893.7,4199.861
2024-08-11T00:00:00Z,60893.7,61370.4,60859.7,61062.3,6365.161
2024-08-11T04:00:00Z,61062.3,61240.3,60843.9,61225.6,5899.233
2024-08-11T08:00:00Z,61225.6,61880.0,60388.0,60637.1,21359.281
2024-08-11T12:00:00Z,60637.1,60744.4,59908.3,60099.8,17376.226
2024-08-11T16:00:00Z,60099.8,60328.7,59508.8,59596.0,11690.425
2024-08-11T20:00:00Z,59596.0,59653.6,58264.0,58703.4,37323.588
2024-08-12T00:00:00Z,58703.4,59073.6,58024.1,58489.1,19511.548
2024-08-12T04:00:00Z,58489.1,58998.9,57555.0,58657.6,23694.669
2024-08-12T08:00:00Z,58657.6,59938.0,58077.5,59812.4,32473.669
2024-08-12T12:00:00Z,59812.4,60691.5,57736.0,60179.8,74721.043
2024-08-12T16:00:00Z,60179.8,60396.1,58396.2,59015.6,29170.022
2024-08-12T20:00:00Z,59015.6,59749.3,58516.5,59316.1,18075.911
2024-08-13T00:00:00Z,59316.1,59902.3,58850.0,59026.1,17242.783
2024-08-13T04:00:00Z,59026.1,59465.5,58815.6,59218.7,10498.465
2024-08-13T08:00:00Z,59218.7,59302.0,58380.0,58797.4,15264.277
2024-08-13T12:00:00Z,58797.4,59740.0,58663.8,59449.4,31651.91
2024-08-13T16:00:00Z,59449.4,61576.7,59426.5,60785.6,50814.609
2024-08-13T20:00:00Z,60785.6,61125.0,60357.4,60558.8,11238.089
2024-08-14T00:00:00Z,60558.8,61282.0,60400.0,60920.7,9858.619
2024-08-14T04:00:00Z,60920.7,61132.7,60611.7,60884.4,8149.416
2024-08-14T08:00:00Z,60884.4,61454.8,60587.2,61255.6,13231.216
2024-08-14T12:00:00Z,61255.6,61950.3,58769.0,59398.7,79807.113
2024-08-14T16:00:00Z,59398.7,59446.0,58519.9,58868.2,24450.05
2024-08-14T20:00:00Z,58868.2,59180.7,58399.1,58647.7,11474.213
2024-08-15T00:00:00Z,58647.7,59057.3,57905.3,58412.8,17174.111
2024-08-15T04:00:00Z,58412.8,58612.0,57690.0,58031.7,16718.773
2024-08-15T08:00:00Z,58031.7,58881.6,57936.2,58726.5,15267.986
2024-08-15T12:00:00Z,58726.5,59749.9,58446.5,59655.8,43562.023
2024-08-15T16:00:00Z,59655.8,59833.7,56612.2,57026.0,59360.211
2024-08-15T20:00:00Z,57026.0,57859.5,56052.1,57515.9,32972.079
2024-08-16T00:00:00Z,57515.9,58544.6,57071.7,57871.1,19923.495
2024-08-16T04:00:00Z,57871.1,58620.0,57747.8,58432.8,12417.863
2024-08-16T08:00:00Z,58432.8,58669.5,58104.2,58375.2,13829.723
2024-08-16T12:00:00Z,58375.2,58894.0,57472.7,58034.5,43745.997
2024-08-16T16:00:00Z,58034.5,59800.1,57962.7,59653.9,32755.643
2024-08-16T20:00:00Z,59653.9,59688.4,58671.2,58850.0,13681.99
2024-08-17T00:00:00Z,58850.0,59370.3,58765.0,59127.3,8574.53
2024-08-17T04:00:00Z,59127.3,59240.0,59017.7,59223.7,4270.263
2024-08-17T08:00:00Z,59223.7,59458.0,59034.9,59106.3,7157.883
2024-08-17T12:00:00Z,59106.3,59666.0,59068.0,59369.4,9232.448
2024-08-17T16:00:00Z,59369.4,59698.8,59222.5,59447.5,5989.824
2024-08-17T20:00:00Z,59447.5,59476.3,59101.2,59475.1,3798.16
2024-08-18T00:00:00Z,59475.1,60288.5,59262.0,59306.7,17667.333
2024-08-18T04:00:00Z,59306.7,59666.0,59222.0,59549.7,6211.53
2024-08-18T08:00:00Z,59549.7,60174.9,59402.7,59987.8,12308.596
2024-08-18T12:00:00Z,59987.8,60249.8,59633.0,59830.0,9522.482
2024-08-18T16:00:00Z,59830.0,59921.3,59324.7,59684.9,8067.3
2024-08-18T20:00:00Z,59684.9,59844.0,58400.0,58406.4,17969.015
2024-08-19T00:00:00Z,58406.4,58740.0,58140.7,58703.2,17750.139
2024-08-19T04:00:00Z,58703.2,58724.0,58322.2,58469.1,8848.375
2024-08-19T08:00:00Z,58469.1,58636.8,57753.1,58358.1,21308.298
2024-08-19T12:00:00Z,58358.1,58946.6,58020.0,58511.7,25066.873
2024-08-19T16:00:00Z,58511.7,59272.0,58339.0,58927.9,20724.366
2024-08-19T20:00:00Z,58927.9,59600.0,58874.0,59403.9,13504.53
2024-08-20T00:00:00Z,59403.9,60897.0,59326.1,60595.4,30565.63
2024-08-20T04:00:00Z,60595.4,61455.8,60553.3,60907.1,22370.547
2024-08-20T08:00:00Z,60907.1,60950.0,60357.5,60488.3,12476.379
2024-08-20T12:00:00Z,60488.3,60930.0,58666.0,58804.4,55339.613
2024-08-20T16:00:00Z,58804.4,59575.5,58400.0,59483.1,24281.312
2024-08-20T20:00:00Z,59483.1,59743.0,58804.5,58978.0,16063.544
2024-08-21T00:00:00Z,58978.0,59484.8,58728.4,59290.0,8513.97
2024-08-21T04:00:00Z,59290.0,59710.0,59163.3,59674.0,7653.334
2024-08-21T08:00:00Z,59674.0,59989.7,59050.4,59324.0,17430.166
2024-08-21T12:00:00Z,59324.0,60201.1,58805.0,59484.1,44757.172
2024-08-21T16:00:00Z,59484.1,61621.4,59335.7,61539.2,41766.079
2024-08-21T20:00:00Z,61539.2,61835.0,60861.7,61120.6,24940.543
2024-08-22T00:00:00Z,61120.6,61198.3,59623.9,60523.6,20941.43
2024-08-22T04:00:00Z,60523.6,61200.0,60426.8,60953.8,11676.563
2024-08-22T08:00:00Z,60953.8,61386.2,60771.6,61300.6,12544.293
2024-08-22T12:00:00Z,61300.6,61373.4,60066.5,60375.0,35546.999
2024-08-22T16:00:00Z,60375.0,60571.5,60100.0,60284.0,14471.098
2024-08-22T20:00:00Z,60284.0,60703.4,60262.4,60355.3,8088.064
2024-08-23T00:00:00Z,60355.3,60928.8,60316.1,60568.3,8979.441
2024-08-23T04:00:00Z,60568.3,61333.0,60557.9,61043.8,11944.717
2024-08-23T08:00:00Z,61043.8,61311.4,60661.1,60712.1,11828.506
2024-08-23T12:00:00Z,60712.1,62319.7,60712.1,61504.0,57661.029
2024-08-23T16:00:00Z,61504.0,63799.8,61311.6,63580.3,54430.571
2024-08-23T20:00:00Z,63580.3,65041.9,63445.8,64005.0,36052.824
2024-08-24T00:00:00Z,64005.0,64161.8,63596.8,63800.2,8518.223
2024-08-24T04:00:00Z,63800.2,64333.0,63789.7,64288.1,8291.474
2024-08-24T08:00:00Z,64288.1,64485.0,63818.1,63888.1,9478.521
2024-08-24T12:00:00Z,63888.1,64224.9,63833.4,63946.3,7223.258
2024-08-24T16:00:00Z,63946.3,64422.5,63818.0,64186.3,11734.598
2024-08-24T20:00:00Z,64186.3,64313.2,63520.0,64130.3,10763.216
2024-08-25T00:00:00Z,64130.3,64800.0,63965.0,64075.2,11095.186
2024-08-25T04:00:00Z,64075.2,64176.0,63750.0,63839.5,5955.877
2024-08-25T08:00:00Z,63839.5,64008.0,63759.7,63871.7,6307.02
2024-08-25T12:00:00Z,63871.7,64274.2,63793.2,64110.3,6891.551
2024-08-25T16:00:00Z,64110.3,64224.7,63963.2,64156.8,4976.143
2024-08-25T20:00:00Z,64156.8,64992.6,64102.9,64180.9,16451.292
2024-08-26T00:00:00Z,64180.9,64447.6,63729.4,64085.0,10706.958
2024-08-26T04:00:00Z,64085.0,64188.2,63539.0,63595.5,10411.32
2024-08-26T08:00:00Z,63595.5,64029.9,63177.0,63821.2,15493.418
2024-08-26T12:00:00Z,63821.2,63935.0,63034.8,63504.2,29554.313
2024-08-26T16:00:00Z,63504.2,63870.7,63150.0,63312.2,17658.558
2024-08-26T20:00:00Z,63312.2,63539.9,62777.0,62812.0,13422.83
2024-08-27T00:00:00Z,62812.0,63203.2,62620.0,62941.0,13134.955
2024-08-27T04:00:00Z,62941.0,63187.2,62700.7,62878.3,9148.149
2024-08-27T08:00:00Z,62878.3,62977.0,62200.0,62393.8,20165.356
2024-08-27T12:00:00Z,62393.8,62472.3,61410.0,61695.3,41438.217
2024-08-27T16:00:00Z,61695.3,62200.0,61489.8,62082.5,17406.838
2024-08-27T20:00:00Z,62082.5,62082.6,57869.5,59366.7,81541.94
2024-08-28T00:00:00Z,59366.7,59637.6,58868.8,59601.6,17513.016
2024-08-28T04:00:00Z,59601.6,59637.6,58445.9,58561.9,15376.534
2024-08-28T08:00:00Z,58561.9,60244.9,58503.4,59906.2,29829.665
2024-08-28T12:00:00Z,59906.2,60133.6,58255.0,58962.0,41177.548
2024-08-28T16:00:00Z,58962.0,59799.0,57800.0,58872.3,45029.492
2024-08-28T20:00:00Z,58872.3,59597.4,58547.1,59013.1,20501.263
2024-08-29T00:00:00Z,59013.1,59310.6,58833.3,59119.2,7393.117
2024-08-29T04:00:00Z,59119.2,59745.3,59036.7,59550.0,10062.326
2024-08-29T08:00:00Z,59550.0,60450.0,59333.0,60033.0,18214.999
2024-08-29T12:00:00Z,60033.0,61148.7,59953.6,60747.0,34029.133
2024-08-29T16:00:00Z,60747.0,60926.4,58868.0,59231.5,41903.709
2024-08-29T20:00:00Z,59231.5,59614.4,58618.2,59315.8,14918.323
2024-08-30T00:00:00Z,59315.8,59446.7,58858.0,59003.3,10779.943
2024-08-30T04:00:00Z,59003.3,59566.0,58643.0,59246.3,15740.987
2024-08-30T08:00:00Z,59246.3,59649.9,59240.8,59364.9,11669.122
2024-08-30T12:00:00Z,59364.9,59922.0,57910.0,58055.9,52390.844
2024-08-30T16:00:00Z,58055.9,59390.8,57665.7,58666.6,35559.418
2024-08-30T20:00:00Z,58666.6,59293.9,58661.1,59100.9,7012.687
2024-08-31T00:00:00Z,59100.9,59437.7,59030.6,59205.4,4893.975
2024-08-31T04:00:00Z,59205.4,59327.9,59034.6,59064.0,4533.135
2024-08-31T08:00:00Z,59064.0,59150.0,58801.7,59094.5,7002.807
2024-08-31T12:00:00Z,59094.5,59230.0,58855.7,58992.1,7277.121
2024-08-31T16:00:00Z,58992.1,59119.0,58705.9,58838.0,6650.706
2024-08-31T20:00:00Z,58838.0,59144.0,58758.3,58944.4,3302.45
2024-09-01T00:00:00Z,58944.4,59053.1,58227.6,58504.3,10877.378
2024-09-01T04:00:00Z,58504.3,58571.7,57719.8,58457.7,18386.701
2024-09-01T08:00:00Z,58457.7,58489.8,57800.0,58204.0,12926.259
2024-09-01T12:00:00Z,58204.0,58354.2,56913.4,58190.0,30769.151
2024-09-01T16:00:00Z,58190.0,58790.8,57831.2,58481.5,16241.807
2024-09-01T20:00:00Z,58481.5,58643.3,57161.9,57266.1,22333.01
2024-09-02T00:00:00Z,57266.1,57749.9,57072.2,57721.3,19937.541
2024-09-02T04:00:00Z,57721.3,57970.2,57322.1,57517.3,11638.09
2024-09-02T08:00:00Z,57517.3,58646.9,57476.7,58394.4,22823.783
2024-09-02T12:00:00Z,58394.4,58800.0,58062.9,58516.0,20171.009
2024-09-02T16:00:00Z,58516.0,58646.3,58271.2,58417.9,7187.868
2024-09-02T20:00:00Z,58417.9,59423.1,58355.1,59116.7,19047.886
2024-09-03T00:00:00Z,59116.7,59805.0,59000.9,59089.4,13184.331
2024-09-03T04:00:00Z,59089.4,59234.6,58823.4,59074.7,10443.223
2024-09-03T08:00:00Z,59074.7,59169.5,58680.1,59042.8,10234.422
2024-09-03T12:00:00Z,59042.8,59331.9,57540.0,57700.4,43337.723
2024-09-03T16:00:00Z,57700.4,58224.0,57550.0,58014.4,18892.636
2024-09-03T20:00:00Z,58014.4,58221.5,57356.7,57450.2,10945.471
2024-09-04T00:00:00Z,57450.2,57923.7,55501.0,56636.6,48541.878
2024-09-04T04:00:00Z,56636.6,56863.0,56130.0,56714.9,15729.674
2024-09-04T08:00:00Z,56714.9,56879.7,56424.0,56540.0,9551.284
2024-09-04T12:00:00Z,56540.0,58130.0,56130.0,58098.7,46855.078
2024-09-04T16:00:00Z,58098.7,58499.8,57594.2,58020.9,29481.534
2024-09-04T20:00:00Z,58020.9,58378.0,57716.6,57937.8,9970.517
2024-09-05T00:00:00Z,57937.8,58300.0,56886.0,57094.1,19063.245
2024-09-05T04:00:00Z,57094.1,57269.8,56491.0,57125.1,16725.02
2024-09-05T08:00:00Z,57125.1,57202.4,56588.0,56665.9,14971.919
2024-09-05T12:00:00Z,56665.9,57319.3,55761.7,55950.1,59474.894
2024-09-05T16:00:00Z,55950.1,56684.2,55729.6,56018.6,25850.78
2024-09-05T20:00:00Z,56018.6,56244.0,55509.8,56150.5,13459.598
2024-09-06T00:00:00Z,56150.5,56844.7,55948.0,56558.0,13727.354
2024-09-06T04:00:00Z,56558.0,56722.9,55205.0,55763.9,27460.477
2024-09-06T08:00:00Z,55763.9,56247.0,55592.4,55977.3,18241.505
2024-09-06T12:00:00Z,55977.3,56997.6,53767.0,54020.0,107113.604
2024-09-06T16:00:00Z,54020.0,54420.1,53234.2,53511.5,53694.048
2024-09-06T20:00:00Z,53511.5,53943.4,52500.2,53934.0,37483.552
2024-09-07T00:00:00Z,53934.0,54069.0,53733.0,53797.0,6949.791
2024-09-07T04:00:00Z,53797.0,54384.2,53788.7,54260.0,10906.178
2024-09-07T08:00:00Z,54260.0,54478.7,54141.0,54308.1,8837.653
2024-09-07T12:00:00Z,54308.1,54812.0,54308.1,54750.5,12052.904
2024-09-07T16:00:00Z,54750.5,54827.5,53970.3,54380.0,13225.774
2024-09-07T20:00:00Z,54380.0,54417.8,53782.5,54139.5,11654.441
2024-09-08T00:00:00Z,54139.5,54488.0,53942.1,54366.1,7929.129
2024-09-08T04:00:00Z,54366.1,54565.5,54233.7,54414.5,7606.764
2024-09-08T08:00:00Z,54414.5,54699.8,54325.6,54534.3,7527.798
2024-09-08T12:00:00Z,54534.3,54549.5,53630.1,53670.0,18603.273
2024-09-08T16:00:00Z,53670.0,54519.9,53607.5,54315.8,13545.763
2024-09-08T20:00:00Z,54315.8,55300.0,54159.9,54850.0,25471.042
2024-09-09T00:00:00Z,54850.0,55375.8,54663.2,55093.7,17109.479
2024-09-09T04:00:00Z,55093.7,55129.5,54560.3,54946.0,10648.856
2024-09-09T08:00:00Z,54946.0,55532.5,54930.6,55239.9,16348.276
2024-09-09T12:00:00Z,55239.9,55810.0,54760.0,55364.9,38631.057
2024-09-09T16:00:00Z,55364.9,57164.5,55320.6,57069.0,43064.398
2024-09-09T20:00:00Z,57069.0,58150.2,56782.8,57014.5,26180.54
2024-09-10T00:00:00Z,57014.5,57044.4,56490.5,56495.5,13452.435
2024-09-10T04:00:00Z,56495.5,57278.0,56350.0,57191.4,14453.374
2024-09-10T08:00:00Z,57191.4,57346.0,56861.5,57196.0,12827.971
2024-09-10T12:00:00Z,57196.0,57497.1,56485.1,56548.9,36847.527
2024-09-10T16:00:00Z,56548.9,58039.7,56521.4,57929.8,29837.408
2024-09-10T20:00:00Z,57929.8,57955.3,57409.8,57620.3,11044.766
2024-09-11T00:00:00Z,57620.3,57732.3,56644.0,56783.5,25665.771
2024-09-11T04:00:00Z,56783.5,56783.5,56037.8,56687.0,24183.178
2024-09-11T08:00:00Z,56687.0,56866.1,56293.6,56778.6,17023.728
2024-09-11T12:00:00Z,56778.6,57148.9,55530.1,56673.2,69714.423
2024-09-11T16:00:00Z,56673.2,57977.4,56619.4,57551.3,43033.945
2024-09-11T20:00:00Z,57551.3,57649.9,57182.5,57310.4,6904.038
2024-09-12T00:00:00Z,57310.4,58466.0,57298.5,58210.0,23314.106
2024-09-12T04:00:00Z,58210.0,58404.7,57801.2,58105.1,11120.029
2024-09-12T08:00:00Z,58105.1,58326.3,57868.0,58035.0,9840.005
2024-09-12T12:00:00Z,58035.0,58580.9,57306.6,57474.9,47992.208
2024-09-12T16:00:00Z,57474.9,58446.0,57456.6,58384.3,23369.971
2024-09-12T20:00:00Z,58384.3,58392.1,57645.6,58104.8,14813.009
2024-09-13T00:00:00Z,58104.8,58232.1,57800.0,57821.9,7792.455
2024-09-13T04:00:00Z,57821.9,58118.2,57700.7,58085.0,7192.265
2024-09-13T08:00:00Z,58085.0,58335.7,57774.0,57842.0,11779.813
2024-09-13T12:00:00Z,57842.0,59697.7,57579.0,59636.5,49955.021
2024-09-13T16:00:00Z,59636.5,59971.2,59283.0,59699.8,29707.181
2024-09-13T20:00:00Z,59699.8,60624.2,59584.6,60466.3,24024.993
2024-09-14T00:00:00Z,60466.3,60584.2,60251.3,60291.8,6986.661
2024-09-14T04:00:00Z,60291.8,60322.4,59851.2,60109.2,8734.072
2024-09-14T08:00:00Z,60109.2,60126.7,59560.0,59670.1,9369.277
2024-09-14T12:00:00Z,59670.1,59991.8,59596.3,59845.5,8261.514
2024-09-14T16:00:00Z,59845.5,59963.7,59357.7,59783.0,11079.646
2024-09-14T20:00:00Z,59783.0,60135.9,59750.8,59968.0,6709.754
2024-09-15T00:00:00Z,59968.0,60250.3,59959.6,60131.8,4067.395
2024-09-15T04:00:00Z,60131.8,60197.3,60018.9,60161.6,3028.405
2024-09-15T08:00:00Z,60161.6,60175.6,59832.0,59975.3,5692.566
2024-09-15T12:00:00Z,59975.3,60392.8,59845.6,60312.9,11311.171
2024-09-15T16:00:00Z,60312.9,60330.0,59677.6,59853.1,14697.57
2024-09-15T20:00:00Z,59853.1,59919.1,58652.1,59101.2,23965.58
2024-09-16T00:00:00Z,59101.2,59182.0,58065.0,58547.0,26600.633
2024-09-16T04:00:00Z,58547.0,58942.2,58282.3,58881.9,12260.08
2024-09-16T08:00:00Z,58881.9,59159.0,58474.9,58633.6,14641.276
2024-09-16T12:00:00Z,58633.6,58760.0,57529.8,57867.2,37733.607
2024-09-16T16:00:00Z,57867.2,58250.0,57450.0,57922.2,21409.614
2024-09-16T20:00:00Z,57922.2,58399.0,57569.5,58185.0,11293.06
2024-09-17T00:00:00Z,58185.0,58314.9,57568.0,58037.8,13411.675
2024-09-17T04:00:00Z,58037.8,58772.3,57985.1,58665.9,11258.451
2024-09-17T08:00:00Z,58665.9,59280.0,58605.0,59059.0,17328.051
2024-09-17T12:00:00Z,59059.0,61330.0,58838.5,61107.0,71512.489
2024-09-17T16:00:00Z,61107.0,61237.5,59531.2,59945.5,36015.405
2024-09-17T20:00:00Z,59945.5,60431.3,59688.0,60275.1,13974.462
2024-09-18T00:00:00Z,60275.1,60747.0,59835.0,60490.1,12892.08
2024-09-18T04:00:00Z,60490.1,60660.0,60166.2,60406.0,8066.934
2024-09-18T08:00:00Z,60406.0,60406.1,59353.1,59825.9,18589.95
2024-09-18T12:00:00Z,59825.9,60146.0,59266.1,59405.7,25459.617
2024-09-18T16:00:00Z,59405.7,61349.0,59126.2,60039.8,79876.737
2024-09-18T20:00:00Z,60039.8,61776.9,59447.4,61743.7,26750.234
2024-09-19T00:00:00Z,61743.7,62578.2,61523.6,62085.8,31733.919
2024-09-19T04:00:00Z,62085.8,62150.0,61782.2,62067.7,10004.092
2024-09-19T08:00:00Z,62067.7,62723.9,61854.5,62608.0,18872.595
2024-09-19T12:00:00Z,62608.0,63499.3,62536.0,63121.4,44532.984
2024-09-19T16:00:00Z,63121.4,63856.0,62900.2,63217.9,30401.02
2024-09-19T20:00:00Z,63217.9,63218.0,62620.0,62922.8,14334.665
2024-09-20T00:00:00Z,62922.8,63732.3,62562.5,63730.0,15473.192
2024-09-20T04:00:00Z,63730.0,64131.7,63360.0,63488.2,23935.755
2024-09-20T08:00:00Z,63488.2,63686.0,63076.1,63426.6,15491.915
2024-09-20T12:00:00Z,63426.6,63537.7,62550.0,63127.0,36835.603
2024-09-20T16:00:00Z,63127.0,63260.0,62310.0,62765.3,17816.277
2024-09-20T20:00:00Z,62765.3,63289.3,62656.7,63173.8,9371.716
2024-09-21T00:00:00Z,63173.8,63280.0,62733.1,62860.9,7063.619
2024-09-21T04:00:00Z,62860.9,63098.0,62712.8,63043.9,5977.612
2024-09-21T08:00:00Z,63043.9,63117.8,62935.6,63055.6,3853.036
2024-09-21T12:00:00Z,63055.6,63287.9,62984.3,63141.2,5976.927
2024-09-21T16:00:00Z,63141.2,63391.2,63052.0,63175.3,6451.961
2024-09-21T20:00:00Z,63175.3,63544.0,63014.5,63311.5,5179.729
2024-09-22T00:00:00Z,63311.5,63421.1,62801.0,63081.6,7755.659
2024-09-22T04:00:00Z,63081.6,63186.5,62757.7,62903.2,5685.892
2024-09-22T08:00:00Z,62903.2,62998.8,62525.0,62747.1,10728.963
2024-09-22T12:00:00Z,62747.1,62910.1,62434.1,62628.1,8586.752
2024-09-22T16:00:00Z,62628.1,63298.4,62451.1,63140.1,10062.22
2024-09-22T20:00:00Z,63140.1,64000.0,62350.0,63549.9,29780.062
2024-09-23T00:00:00Z,63549.9,64774.2,62537.1,64330.9,36792.012
2024-09-23T04:00:00Z,64330.9,64440.0,63352.9,63515.1,16432.32
2024-09-23T08:00:00Z,63515.1,63699.7,63230.0,63396.4,13308.738
2024-09-23T12:00:00Z,63396.4,63793.3,63035.6,63592.4,31068.428
2024-09-23T16:00:00Z,63592.4,63849.7,63070.0,63272.1,17068.394
2024-09-23T20:00:00Z,63272.1,63510.4,63060.0,63305.9,9943.038
2024-09-24T00:00:00Z,63305.9,63383.5,62634.0,63100.0,18404.705
2024-09-24T04:00:00Z,63100.0,63548.1,62907.0,63528.0,8768.111
2024-09-24T08:00:00Z,63528.0,63935.0,63335.4,63448.1,17330.276
2024-09-24T12:00:00Z,63448.1,63749.6,62666.0,63123.4,31159.778
2024-09-24T16:00:00Z,63123.4,64349.0,63056.7,64266.6,23650.241
2024-09-24T20:00:00Z,64266.6,64749.9,63938.6,64248.6,22804.101
2024-09-25T00:00:00Z,64248.6,64876.5,63957.8,64445.9,16624.038
2024-09-25T04:00:00Z,64445.9,64451.9,63557.4,63803.5,12875.957
2024-09-25T08:00:00Z,63803.5,63906.6,63377.4,63813.2,12916.608
2024-09-25T12:00:00Z,63813.2,63992.4,63245.7,63466.7,20861.541
2024-09-25T16:00:00Z,63466.7,63650.0,62957.6,63172.4,16838.728
2024-09-25T20:00:00Z,63172.4,63550.0,62900.0,63130.1,10861.429
2024-09-26T00:00:00Z,63130.1,63535.5,62650.0,63486.1,14512.174
2024-09-26T04:00:00Z,63486.1,63848.0,63312.2,63828.3,10846.372
2024-09-26T08:00:00Z,63828.3,64497.2,63552.8,64375.0,20595.242
2024-09-26T12:00:00Z,64375.0,65600.0,64131.0,65197.8,60443.121
2024-09-26T16:00:00Z,65197.8,65850.0,64650.2,64668.6,26120.694
2024-09-26T20:00:00Z,64668.6,65239.1,64588.0,65145.8,17206.71
2024-09-27T00:00:00Z,65145.8,65421.1,64789.0,65327.5,12195.896
2024-09-27T04:00:00Z,65327.5,65535.0,65063.0,65450.0,14296.773
2024-09-27T08:00:00Z,65450.0,65980.0,65311.0,65417.5,21662.644
2024-09-27T12:00:00Z,65417.5,66520.0,65284.0,65953.6,41988.823
2024-09-27T16:00:00Z,65953.6,66343.3,65483.6,65608.9,22211.659
2024-09-27T20:00:00Z,65608.9,65945.9,65581.8,65746.5,6270.869
2024-09-28T00:00:00Z,65746.5,66319.9,65688.3,66049.8,7843.632
2024-09-28T04:00:00Z,66049.8,66070.4,65710.0,65788.8,4841.228
2024-09-28T08:00:00Z,65788.8,65788.9,65423.7,65766.9,8948.437
2024-09-28T12:00:00Z,65766.9,65785.0,65394.5,65596.3,7402.8
2024-09-28T16:00:00Z,65596.3,65798.7,65466.1,65698.4,3257.809
2024-09-28T20:00:00Z,65698.4,65968.4,65310.0,65823.0,6450.614
2024-09-29T00:00:00Z,65823.0,65970.0,65624.5,65790.0,4514.063
2024-09-29T04:00:00Z,65790.0,65790.1,65370.5,65439.6,5176.628
2024-09-29T08:00:00Z,65439.6,65733.0,65404.0,65682.0,5188.208
2024-09-29T12:00:00Z,65682.0,65843.8,65556.4,65731.0,7430.761
2024-09-29T16:00:00Z,65731.0,65952.7,65633.0,65935.9,4677.839
2024-09-29T20:00:00Z,65935.9,66174.5,65496.4,65571.7,10193.537
2024-09-30T00:00:00Z,65571.7,65604.8,64170.0,64535.8,33313.465
2024-09-30T04:00:00Z,64535.8,64689.0,64300.0,64543.8,11927.674
2024-09-30T08:00:00Z,64543.8,64556.9,63225.1,63793.8,40121.007
2024-09-30T12:00:00Z,63793.8,64174.9,63436.0,63535.7,27322.874
2024-09-30T16:00:00Z,63535.7,63730.5,63018.4,63462.7,24760.637
2024-09-30T20:00:00Z,63462.7,63872.9,62800.0,63276.8,19159.254
2024-10-01T00:00:00Z,63276.8,63721.1,62929.9,63686.3,19448.897
2024-10-01T04:00:00Z,63686.3,64096.6,63609.6,64018.0,12273.824
2024-10-01T08:00:00Z,64018.0,64086.9,63684.0,63704.7,10269.119
2024-10-01T12:00:00Z,63704.7,63780.0,61750.0,62602.6,85817.595
2024-10-01T16:00:00Z,62602.6,62776.6,61021.4,61740.8,77221.025
2024-10-01T20:00:00Z,61740.8,61754.9,60118.9,60790.0,47215.733
2024-10-02T00:00:00Z,60790.0,61859.8,60710.0,61726.7,16660.492
2024-10-02T04:00:00Z,61726.7,61921.7,61327.0,61704.0,15010.179
2024-10-02T08:00:00Z,61704.0,61885.5,60840.0,61137.1,22960.183
2024-10-02T12:00:00Z,61137.1,61896.9,60502.8,61843.3,43301.059
2024-10-02T16:00:00Z,61843.3,62416.3,59952.9,60169.5,53936.789
2024-10-02T20:00:00Z,60169.5,60978.3,60100.1,60617.5,22715.954
2024-10-03T00:00:00Z,60617.5,61450.1,60506.7,61441.6,16849.0
2024-10-03T04:00:00Z,61441.6,61460.0,60770.9,60895.4,13258.42
2024-10-03T08:00:00Z,60895.4,61048.5,60092.0,60740.6,29955.62
2024-10-03T12:00:00Z,60740.6,60875.9,59840.2,60614.2,57153.064
2024-10-03T16:00:00Z,60614.2,61056.1,59893.1,61009.1,30609.266
2024-10-03T20:00:00Z,61009.1,61095.0,60575.8,60725.9,9489.322
2024-10-04T00:00:00Z,60725.9,61249.9,60414.0,60920.9,15052.173
2024-10-04T04:00:00Z,60920.9,61493.8,60900.2,61412.0,11452.715
2024-10-04T08:00:00Z,61412.0,61649.7,61230.2,61428.8,13664.554
2024-10-04T12:00:00Z,61428.8,61988.0,60753.9,61851.4,54108.111
2024-10-04T16:00:00Z,61851.4,62452.9,61602.8,62331.1,27261.881
2024-10-04T20:00:00Z,62331.1,62469.0,61948.0,62063.9,9270.538
2024-10-05T00:00:00Z,62063.9,62175.9,61650.0,61845.9,7595.576
2024-10-05T04:00:00Z,61845.9,62249.8,61798.0,62042.2,5040.397
2024-10-05T08:00:00Z,62042.2,62300.0,62042.1,62153.5,4353.546
2024-10-05T12:00:00Z,62153.5,62365.9,62074.1,62135.8,5465.994
2024-10-05T16:00:00Z,62135.8,62159.8,61758.3,61834.8,7951.166
2024-10-05T20:00:00Z,61834.8,62086.7,61677.5,62035.0,5538.142
2024-10-06T00:00:00Z,62035.0,62125.7,61848.1,61856.0,3969.668
2024-10-06T04:00:00Z,61856.0,61992.0,61791.3,61925.6,2987.792
2024-10-06T08:00:00Z,61925.6,62144.3,61900.0,62074.1,4153.669
2024-10-06T12:00:00Z,62074.1,62756.4,62034.1,62683.7,15942.507
2024-10-06T16:00:00Z,62683.7,62973.3,62512.0,62597.2,12423.522
2024-10-06T20:00:00Z,62597.2,62890.0,62253.8,62792.9,10159.923
2024-10-07T00:00:00Z,62792.9,63949.0,62624.3,63499.4,27318.337
2024-10-07T04:00:00Z,63499.4,63695.6,63260.7,63502.0,9357.864
2024-10-07T08:00:00Z,63502.0,63680.0,62633.0,63115.4,22349.82
2024-10-07T12:00:00Z,63115.4,64464.0,62788.0,63622.5,44905.087
2024-10-07T16:00:00Z,63622.5,63897.6,62688.0,63344.0,26679.619
2024-10-07T20:00:00Z,63344.0,63375.7,62055.0,62191.2,24749.416
2024-10-08T00:00:00Z,62191.2,62790.6,62108.5,62603.6,12777.111
2024-10-08T04:00:00Z,62603.6,62750.0,61944.2,62284.4,16900.758
2024-10-08T08:00:00Z,62284.4,62649.6,62155.0,62600.0,9140.517
2024-10-08T12:00:00Z,62600.0,63189.7,61803.4,62255.0,44484.539
2024-10-08T16:00:00Z,62255.0,62595.1,61836.0,62219.5,23404.413
2024-10-08T20:00:00Z,62219.5,62543.6,61985.8,62120.7,8155.562
2024-10-09T00:00:00Z,62120.7,62481.0,61952.7,62365.2,9344.048
2024-10-09T04:00:00Z,62365.2,62525.0,62161.3,62245.0,6271.007
2024-10-09T08:00:00Z,62245.0,62263.7,62020.6,62173.8,6461.814
2024-10-09T12:00:00Z,62173.8,62390.0,61620.0,62289.9,34703.282
2024-10-09T16:00:00Z,62289.9,62321.3,60800.0,61007.9,35769.221
2024-10-09T20:00:00Z,61007.9,61101.0,60266.0,60607.7,23139.011
2024-10-10T00:00:00Z,60607.7,60942.5,60339.0,60849.0,12096.217
2024-10-10T04:00:00Z,60849.0,61144.4,60790.0,60866.0,9026.48
2024-10-10T08:00:00Z,60866.0,61286.4,60591.0,61232.2,15830.749
2024-10-10T12:00:00Z,61232.2,61288.0,60412.7,60766.5,39205.699
2024-10-10T16:00:00Z,60766.5,61021.6,58900.0,59698.9,51498.725
2024-10-10T20:00:00Z,59698.9,60297.3,59557.7,60295.6,13781.202
2024-10-11T00:00:00Z,60295.6,60754.0,60064.4,60580.8,11842.382
2024-10-11T04:00:00Z,60580.8,60897.0,60542.7,60644.3,8988.222
2024-10-11T08:00:00Z,60644.3,61263.3,60617.8,61146.8,16455.346
2024-10-11T12:00:00Z,61146.8,62449.5,61094.7,62238.3,47902.593
2024-10-11T16:00:00Z,62238.3,63436.0,62105.7,63065.4,38453.334
2024-10-11T20:00:00Z,63065.4,63160.0,62306.4,62499.6,19229.734
2024-10-12T00:00:00Z,62499.6,63078.1,62457.9,62541.1,14228.629
2024-10-12T04:00:00Z,62541.1,62777.0,62541.0,62740.0,4901.264
2024-10-12T08:00:00Z,62740.0,63245.2,62647.1,62918.9,9628.088
2024-10-12T12:00:00Z,62918.9,63467.4,62785.9,63132.3,15839.462
2024-10-12T16:00:00Z,63132.3,63377.5,62881.7,62965.9,7725.901
2024-10-12T20:00:00Z,62965.9,63355.6,62965.8,63177.5,5049.729
2024-10-13T00:00:00Z,63177.5,63269.5,62607.0,62677.3,12647.71
2024-10-13T04:00:00Z,62677.3,62967.0,62670.6,62819.9,5240.445
2024-10-13T08:00:00Z,62819.9,62939.8,62488.0,62536.4,8102.046
2024-10-13T12:00:00Z,62536.4,62804.7,62012.1,62193.6,18170.781
2024-10-13T16:00:00Z,62193.6,62864.0,62141.5,62700.4,17074.181
2024-10-13T20:00:00Z,62700.4,63100.0,62577.3,62838.7,10940.046
2024-10-14T00:00:00Z,62838.7,64384.0,62422.5,64288.0,26856.924
2024-10-14T04:00:00Z,64288.0,64694.8,63761.8,64597.7,31307.873
2024-10-14T08:00:00Z,64597.7,65151.8,64313.3,64903.5,28209.469
2024-10-14T12:00:00Z,64903.5,66283.8,64611.5,65862.0,52410.018
2024-10-14T16:00:00Z,65862.0,66060.8,65543.9,65905.6,21787.378
2024-10-14T20:00:00Z,65905.6,67300.0,65650.0,66080.1,23511.555
2024-10-15T00:00:00Z,66080.1,66337.0,65310.1,65401.5,14681.631
2024-10-15T04:00:00Z,65401.5,65844.1,65210.2,65651.5,14621.618
2024-10-15T08:00:00Z,65651.5,65854.3,65254.0,65380.0,14690.42
2024-10-15T12:00:00Z,65380.0,67999.0,64762.1,66009.9,117088.451
2024-10-15T16:00:00Z,66009.9,67396.0,65972.1,66957.1,45045.174
2024-10-15T20:00:00Z,66957.1,67150.2,66100.6,67057.4,22865.124
2024-10-16T00:00:00Z,67057.4,67570.1,66727.0,67088.9,15200.267
2024-10-16T04:00:00Z,67088.9,67344.1,66750.0,66962.9,12016.173
2024-10-16T08:00:00Z,66962.9,68525.0,66900.2,67883.9,43645.683
2024-10-16T12:00:00Z,67883.9,68327.0,67085.3,67735.4,48150.098
2024-10-16T16:00:00Z,67735.4,68083.3,67461.5,67700.1,15215.345
2024-10-16T20:00:00Z,67700.1,67942.8,67461.7,67595.1,11250.141
2024-10-17T00:00:00Z,67595.1,67921.0,67357.0,67573.1,10843.504
2024-10-17T04:00:00Z,67573.1,67573.1,67050.0,67272.7,11086.893
2024-10-17T08:00:00Z,67272.7,67515.0,66787.5,66861.3,17227.984
2024-10-17T12:00:00Z,66861.3,67666.6,66650.1,67566.8,37041.872
2024-10-17T16:00:00Z,67566.8,67574.0,66675.7,66810.3,23706.365
2024-10-17T20:00:00Z,66810.3,67457.9,66790.5,67390.4,8858.736
2024-10-18T00:00:00Z,67390.4,68300.0,67157.0,67524.5,21815.499
2024-10-18T04:00:00Z,67524.5,68400.0,67512.7,67950.1,18432.097
2024-10-18T08:00:00Z,67950.1,68035.0,67644.5,67678.6,10180.475
2024-10-18T12:00:00Z,67678.6,68950.0,67621.6,68723.1,45275.107
2024-10-18T16:00:00Z,68723.1,69049.7,68338.6,68572.8,24263.828
2024-10-18T20:00:00Z,68572.8,68662.0,68100.0,68402.4,10083.8
2024-10-19T00:00:00Z,68402.4,68685.0,68271.8,68433.0,5638.369
2024-10-19T04:00:00Z,68433.0,68547.4,68272.4,68329.9,4840.451
2024-10-19T08:00:00Z,68329.9,68472.8,68051.9,68064.6,7358.117
2024-10-19T12:00:00Z,68064.6,68339.3,68059.5,68213.9,6170.906
2024-10-19T16:00:00Z,68213.9,68233.2,67980.0,68173.3,4739.905
2024-10-19T20:00:00Z,68173.3,68407.0,68155.9,68369.5,3993.662
2024-10-20T00:00:00Z,68369.5,68442.1,68074.9,68166.7,4395.726
2024-10-20T04:00:00Z,68166.7,68440.5,68150.5,68353.9,3697.299
2024-10-20T08:00:00Z,68353.9,68502.2,68329.6,68396.9,3838.645
2024-10-20T12:00:00Z,68396.9,68786.9,68177.5,68614.9,11037.476
2024-10-20T16:00:00Z,68614.9,68651.3,68400.1,68498.1,3049.827
2024-10-20T20:00:00Z,68498.1,69428.0,68447.6,69034.0,22422.101
2024-10-21T00:00:00Z,69034.0,69555.0,68600.0,68948.3,16744.542
2024-10-21T04:00:00Z,68948.3,69205.3,68456.6,68518.5,10965.925
2024-10-21T08:00:00Z,68518.5,68673.3,68122.1,68249.5,14412.707
2024-10-21T12:00:00Z,68249.5,68342.4,66853.3,67350.0,49945.208
2024-10-21T16:00:00Z,67350.0,67943.9,66900.1,67766.5,23201.293
2024-10-21T20:00:00Z,67766.5,67937.4,67333.0,67368.1,10177.299
2024-10-22T00:00:00Z,67368.1,67700.0,66560.9,67397.0,22012.189
2024-10-22T04:00:00Z,67397.0,67796.2,67281.9,67385.4,8928.48
2024-10-22T08:00:00Z,67385.4,67523.4,66732.6,67293.8,21551.947
2024-10-22T12:00:00Z,67293.8,67678.2,66613.1,67264.9,37650.107
2024-10-22T16:00:00Z,67264.9,67629.6,66907.0,67469.4,14020.259
2024-10-22T20:00:00Z,67469.4,67847.0,67249.5,67409.5,9358.216
2024-10-23T00:00:00Z,67409.5,67477.7,66850.5,67065.6,9909.474
2024-10-23T04:00:00Z,67065.6,67294.0,66755.4,66832.5,12966.56
2024-10-23T08:00:00Z,66832.5,67027.2,66162.8,66398.0,24848.21
2024-10-23T12:00:00Z,66398.0,66905.9,65900.0,66203.3,37269.659
2024-10-23T16:00:00Z,66203.3,66568.0,65240.2,66478.2,48162.155
2024-10-23T20:00:00Z,66478.2,66815.4,66334.6,66659.1,13042.608
2024-10-24T00:00:00Z,66659.1,67637.1,66509.3,67208.2,19487.657
2024-10-24T04:00:00Z,67208.2,67480.2,67065.5,67122.0,10395.249
2024-10-24T08:00:00Z,67122.0,67330.0,66721.5,67287.4,16065.171
2024-10-24T12:00:00Z,67287.4,68000.0,67256.9,67671.5,33059.148
2024-10-24T16:00:00Z,67671.5,68288.0,67331.4,68276.9,23132.208
2024-10-24T20:00:00Z,68276.9,68847.2,67926.8,68171.2,25687.597
2024-10-25T00:00:00Z,68171.2,68258.0,67802.9,67970.0,10089.626
2024-10-25T04:00:00Z,67970.0,68010.0,67215.1,67506.1,16121.717
2024-10-25T08:00:00Z,67506.1,68174.1,67295.1,68084.6,17318.839
2024-10-25T12:00:00Z,68084.6,68755.0,67377.4,67653.2,37101.819
2024-10-25T16:00:00Z,67653.2,67837.4,65950.0,66825.4,65432.557
2024-10-25T20:00:00Z,66825.4,67367.0,65524.5,66666.8,37906.554
2024-10-26T00:00:00Z,66666.8,67023.8,66408.4,66883.9,14497.36
2024-10-26T04:00:00Z,66883.9,67212.0,66755.6,66988.4,6852.303
2024-10-26T08:00:00Z,66988.4,67240.0,66933.2,67104.6,4622.086
2024-10-26T12:00:00Z,67104.6,67151.3,66701.5,66858.0,8860.511
2024-10-26T16:00:00Z,66858.0,67162.0,66761.0,67149.9,4617.808
2024-10-26T20:00:00Z,67149.9,67442.7,67021.0,67069.1,5086.619
2024-10-27T00:00:00Z,67069.1,67307.3,66905.2,67267.5,4752.09
2024-10-27T04:00:00Z,67267.5,67297.9,67094.0,67176.8,2312.192
2024-10-27T08:00:00Z,67176.8,67246.9,67012.1,67099.1,4388.332
2024-10-27T12:00:00Z,67099.1,67837.4,67099.0,67760.0,13144.896
2024-10-27T16:00:00Z,67760.0,67999.3,67500.6,67814.9,9696.581
2024-10-27T20:00:00Z,67814.9,68311.6,67684.2,68001.1,12812.579
2024-10-28T00:00:00Z,68001.1,68103.2,67642.9,67694.1,8835.167
2024-10-28T04:00:00Z,67694.1,68675.0,67571.4,68399.4,15616.383
2024-10-28T08:00:00Z,68399.4,68826.1,68200.0,68757.0,18637.22
2024-10-28T12:00:00Z,68757.0,69280.0,68365.2,68454.6,41830.747
2024-10-28T16:00:00Z,68454.6,69941.5,68414.1,69599.2,39190.58
2024-10-28T20:00:00Z,69599.2,70449.9,69410.7,69947.6,23830.063
2024-10-29T00:00:00Z,69947.6,71645.0,69735.4,70934.5,37181.275
2024-10-29T04:00:00Z,70934.5,71393.4,70827.8,71019.0,12989.207
2024-10-29T08:00:00Z,71019.0,71594.0,70978.0,71463.5,13155.831
2024-10-29T12:00:00Z,71463.5,72443.6,70923.4,72392.3,57477.352
2024-10-29T16:00:00Z,72392.3,73681.8,72345.2,72537.0,60616.021
2024-10-29T20:00:00Z,72537.0,73030.1,71887.1,72757.5,23939.307
2024-10-30T00:00:00Z,72757.5,72813.6,72028.6,72274.2,13896.465
2024-10-30T04:00:00Z,72274.2,72649.0,72114.4,72262.7,8625.23
2024-10-30T08:00:00Z,72262.7,72636.3,71930.0,72000.0,13246.622
2024-10-30T12:00:00Z,72000.0,72491.0,71455.1,72065.0,32613.802
2024-10-30T16:00:00Z,72065.0,72220.4,71659.1,71833.0,12030.669
2024-10-30T20:00:00Z,71833.0,73044.2,71644.1,72386.3,32411.145
2024-10-31T00:00:00Z,72386.3,72638.3,72056.5,72377.8,10073.518
2024-10-31T04:00:00Z,72377.8,72506.7,72150.0,72436.0,7103.427
2024-10-31T08:00:00Z,72436.0,72736.4,72157.7,72223.1,13377.289
2024-10-31T12:00:00Z,72223.1,72280.6,70459.0,70654.5,56507.918
2024-10-31T16:00:00Z,70654.5,70945.1,70067.0,70144.8,30372.27
2024-10-31T20:00:00Z,70144.8,70688.0,69719.3,70332.3,20292.444
2024-11-01T00:00:00Z,70332.3,70506.8,68855.0,69396.9,31020.361
2024-11-01T04:00:00Z,69396.9,69720.0,69086.3,69287.0,10360.273
2024-11-01T08:00:00Z,69287.0,70265.1,69252.7,70034.6,15799.273
2024-11-01T12:00:00Z,70034.6,71650.0,69018.0,69392.1,63965.721
2024-11-01T16:00:00Z,69392.1,70537.7,68800.0,69275.8,43518.189
2024-11-01T20:00:00Z,69275.8,69631.4,68839.7,69495.5,12068.11
2024-11-02T00:00:00Z,69495.5,69919.0,69476.4,69597.4,5449.945
2024-11-02T04:00:00Z,69597.4,69818.1,69435.5,69809.1,5321.548
2024-11-02T08:00:00Z,69809.1,69844.0,69387.5,69597.5,6132.622
2024-11-02T12:00:00Z,69597.5,69687.0,68981.6,69381.7,15113.194
2024-11-02T16:00:00Z,69381.7,69604.4,69209.6,69497.4,5938.26
2024-11-02T20:00:00Z,69497.4,69568.7,69136.3,69363.6,5592.138
2024-11-03T00:00:00Z,69363.6,69382.9,67820.0,68360.9,28776.371
2024-11-03T04:00:00Z,68360.9,68766.0,68285.6,68395.0,9542.055
2024-11-03T08:00:00Z,68395.0,68600.0,68181.4,68344.8,9865.718
2024-11-03T12:00:00Z,68344.8,68565.5,67456.1,68073.3,32517.415
2024-11-03T16:00:00Z,68073.3,68699.9,67644.0,68673.3,24922.074
2024-11-03T20:00:00Z,68673.3,69339.7,68482.8,68743.6,19519.775
2024-11-04T00:00:00Z,68743.6,69497.0,68200.0,69037.0,15242.752
2024-11-04T04:00:00Z,69037.0,69385.0,68600.0,68600.3,11140.317
2024-11-04T08:00:00Z,68600.3,69036.2,68438.3,68779.4,12270.129
2024-11-04T12:00:00Z,68779.4,69246.3,68160.5,68627.2,25443.139
2024-11-04T16:00:00Z,68627.2,68826.3,67213.2,67849.6,40675.203
2024-11-04T20:00:00Z,67849.6,68107.3,66808.0,67838.7,36686.282
2024-11-05T00:00:00Z,67838.7,68279.8,67449.5,68236.3,12207.953
2024-11-05T04:00:00Z,68236.3,68990.0,68210.8,68900.0,12175.495
2024-11-05T08:00:00Z,68900.0,69112.0,68620.0,68810.2,11056.529
2024-11-05T12:00:00Z,68810.2,70329.6,68665.4,69610.2,43932.471
2024-11-05T16:00:00Z,69610.2,70540.0,68678.0,68978.9,37673.941
2024-11-05T20:00:00Z,68978.9,69889.4,68810.7,69345.7,26179.438
2024-11-06T00:00:00Z,69345.7,75389.0,69256.7,74394.9,117048.148
2024-11-06T04:00:00Z,74394.9,75499.8,73117.6,73440.8,81078.576
2024-11-06T08:00:00Z,73440.8,74573.6,72729.6,74315.7,40725.311
2024-11-06T12:00:00Z,74315.7,74816.4,73500.0,74308.1,51265.034
2024-11-06T16:00:00Z,74308.1,75964.0,74091.9,75830.8,37486.563
2024-11-06T20:00:00Z,75830.8,76433.6,75520.1,75599.9,28930.542
2024-11-07T00:00:00Z,75599.9,76119.0,75026.5,75072.1,22052.479
2024-11-07T04:00:00Z,75072.1,75087.8,74476.3,74801.6,16181.788
2024-11-07T08:00:00Z,74801.6,75228.9,74701.4,74787.0,11652.193
2024-11-07T12:00:00Z,74787.0,76119.9,74522.1,76113.9,24691.893
2024-11-07T16:00:00Z,76113.9,76770.8,75597.1,76564.9,40969.954
2024-11-07T20:00:00Z,76564.9,76890.0,75500.0,75874.8,20959.312
2024-11-08T00:00:00Z,75874.8,76397.3,75610.0,75935.0,11764.976
2024-11-08T04:00:00Z,75935.0,76288.0,75703.0,76213.2,8726.199
2024-11-08T08:00:00Z,76213.2,76374.0,75803.0,75974.4,9874.256
2024-11-08T12:00:00Z,75974.4,76659.8,75649.0,76464.7,27712.465
2024-11-08T16:00:00Z,76464.7,77220.3,75836.1,76938.3,31201.158
2024-11-08T20:00:00Z,76938.3,77114.2,76258.0,76514.2,14255.957
2024-11-09T00:00:00Z,76514.2,76656.0,76150.0,76350.1,6714.774
2024-11-09T04:00:00Z,76350.1,76831.0,76311.0,76544.9,7875.633
2024-11-09T08:00:00Z,76544.9,76745.3,76401.0,76508.1,5263.043
2024-11-09T12:00:00Z,76508.1,76558.6,76265.1,76321.3,6081.551
2024-11-09T16:00:00Z,76321.3,76752.4,75703.7,76223.5,15875.062
2024-11-09T20:00:00Z,76223.5,76950.0,76189.9,76701.7,8726.684
2024-11-10T00:00:00Z,76701.7,77542.2,76508.2,77242.0,19622.154
2024-11-10T04:00:00Z,77242.0,79899.7,77167.6,78855.9,52400.69
2024-11-10T08:00:00Z,78855.9,80196.0,78855.8,79933.5,22516.77
2024-11-10T12:00:00Z,79933.5,80221.8,79200.8,79730.8,24547.303
2024-11-10T16:00:00Z,79730.8,81163.5,79357.5,79800.0,40847.742
2024-11-10T20:00:00Z,79800.0,81700.0,78529.9,80428.5,43982.508
2024-11-11T00:00:00Z,80428.5,81943.8,80267.8,81680.0,22921.814
2024-11-11T04:00:00Z,81680.0,81800.0,80490.5,81158.8,18058.067
2024-11-11T08:00:00Z,81158.8,82440.9,81067.8,82184.7,24188.866
2024-11-11T12:00:00Z,82184.7,84381.4,81463.7,84099.8,76239.77
2024-11-11T16:00:00Z,84099.8,87128.3,83852.0,86163.7,73081.252
2024-11-11T20:00:00Z,86163.7,89828.0,86102.8,88765.4,87389.782
2024-11-12T00:00:00Z,88765.4,89594.2,86565.6,88157.0,55308.025
2024-11-12T04:00:00Z,88157.0,90077.0,87800.0,89095.3,37012.878
2024-11-12T08:00:00Z,89095.3,89594.2,85458.2,87255.9,75288.211
2024-11-12T12:00:00Z,87255.9,87976.4,85150.0,86658.6,65893.581
2024-11-12T16:00:00Z,86658.6,89866.4,85784.6,88781.1,48302.604
2024-11-12T20:00:00Z,88781.1,90000.0,87347.2,87968.0,32929.907
2024-11-13T00:00:00Z,87968.0,88616.3,87065.3,87185.6,21941.954
2024-11-13T04:00:00Z,87185.6,87749.8,86113.6,87383.4,31084.761
2024-11-13T08:00:00Z,87383.4,88174.0,87107.5,87710.2,18862.718
2024-11-13T12:00:00Z,87710.2,92818.5,87550.0,92625.8,87770.359
2024-11-13T16:00:00Z,92625.8,93400.0,89965.4,90219.0,69567.695
2024-11-13T20:00:00Z,90219.0,91243.4,87968.8,90411.2,52034.742
2024-11-14T00:00:00Z,90411.2,90646.0,89520.1,90001.4,18239.246
2024-11-14T04:00:00Z,90001.4,90954.5,89162.0,90858.6,17685.63
2024-11-14T08:00:00Z,90858.6,91755.8,90400.1,91549.9,27369.83
2024-11-14T12:00:00Z,91549.9,91889.7,87817.8,87956.3,59907.724
2024-11-14T16:00:00Z,87956.3,89708.5,87514.1,89499.9,29850.876
2024-11-14T20:00:00Z,89499.9,89499.9,86661.0,87367.3,42135.579
2024-11-15T00:00:00Z,87367.3,88550.1,87281.5,88242.3,16922.491
2024-11-15T04:00:00Z,88242.3,88421.0,87083.7,87672.0,13652.186
2024-11-15T08:00:00Z,87672.0,89806.0,87400.1,89775.3,19780.76
2024-11-15T12:00:00Z,89775.3,90787.8,87768.1,88450.5,52521.511
2024-11-15T16:00:00Z,88450.5,90899.9,88391.6,90416.4,30545.679
2024-11-15T20:00:00Z,90416.4,91948.0,90368.2,91125.2,24421.966
2024-11-16T00:00:00Z,91125.2,91796.9,90935.5,91321.3,10508.984
2024-11-16T04:00:00Z,91321.3,91856.3,91123.0,91220.5,6361.101
2024-11-16T08:00:00Z,91220.5,91683.6,91070.0,91246.5,7307.399
2024-11-16T12:00:00Z,91246.5,91390.0,90125.0,90582.2,16771.708
2024-11-16T16:00:00Z,90582.2,91491.9,90268.2,91207.8,10157.097
2024-11-16T20:00:00Z,91207.8,91266.0,90268.6,90625.4,9624.852
2024-11-17T00:00:00Z,90625.4,90955.0,89418.6,90314.1,16470.232
2024-11-17T04:00:00Z,90314.1,90968.7,90214.8,90629.9,9329.161
2024-11-17T08:00:00Z,90629.9,91601.8,90548.9,90771.5,13871.307
2024-11-17T12:00:00Z,90771.5,91275.2,90000.0,90328.2,13256.991
2024-11-17T16:00:00Z,90328.2,90799.0,89758.6,90130.6,10550.08
2024-11-17T20:00:00Z,90130.6,90311.0,88735.7,89900.0,19793.196
2024-11-18T00:00:00Z,89900.0,91091.4,89667.2,90755.5,12222.029
2024-11-18T04:00:00Z,90755.5,92444.0,90517.0,91800.0,16841.697
2024-11-18T08:00:00Z,91800.0,92333.0,90092.0,90339.9,24121.197
2024-11-18T12:00:00Z,90339.9,92757.6,89424.0,92444.7,52348.052
2024-11-18T16:00:00Z,92444.7,92746.2,89721.0,90672.3,41115.779
2024-11-18T20:00:00Z,90672.3,92044.1,90303.7,90535.0,25853.226
2024-11-19T00:00:00Z,90535.0,91649.4,90435.9,91514.9,10184.939
2024-11-19T04:00:00Z,91514.9,92117.1,91282.3,91690.5,10794.532
2024-11-19T08:00:00Z,91690.5,92050.0,91242.0,91719.0,12993.743
2024-11-19T12:00:00Z,91719.0,92877.0,91020.0,92453.3,47683.774
2024-11-19T16:00:00Z,92453.3,93980.0,92147.0,93280.5,43331.325
2024-11-19T20:00:00Z,93280.5,93643.0,91228.0,92341.4,34247.004
2024-11-20T00:00:00Z,92341.4,92460.7,91511.0,92092.2,12013.354
2024-11-20T04:00:00Z,92092.2,92916.5,91901.1,92903.5,9312.513
2024-11-20T08:00:00Z,92903.5,93733.6,92764.5,93527.6,19145.49
2024-11-20T12:00:00Z,93527.6,94898.9,93367.4,94776.2,42678.999
2024-11-20T16:00:00Z,94776.2,94881.5,93100.0,94031.1,33722.097
2024-11-20T20:00:00Z,94031.1,94650.0,93781.2,94315.3,14304.007
2024-11-21T00:00:00Z,94315.3,96100.0,94032.0,95859.7,31948.712
2024-11-21T04:00:00Z,95859.7,97969.1,95859.6,96980.0,44570.219
2024-11-21T08:00:00Z,96980.0,98450.0,96779.3,98034.8,24743.505
2024-11-21T12:00:00Z,98034.8,98330.1,95666.1,96739.1,47251.042
2024-11-21T16:00:00Z,96739.1,99111.0,96350.2,97922.2,34681.268
2024-11-21T20:00:00Z,97922.2,98814.4,97533.3,98382.9,22171.551
2024-11-22T00:00:00Z,98382.9,99428.6,97824.5,98916.2,18311.807
2024-11-22T04:00:00Z,98916.2,99572.0,98565.1,99261.5,14901.139
2024-11-22T08:00:00Z,99261.5,99407.0,98305.4,98955.0,15112.443
2024-11-22T12:00:00Z,98955.0,99037.6,97210.0,98715.2,40794.622
2024-11-22T16:00:00Z,98715.2,99690.0,98275.2,99144.5,29393.967
2024-11-22T20:00:00Z,99144.5,99535.6,98536.3,98947.0,14827.157
2024-11-23T00:00:00Z,98947.0,98970.9,98334.9,98729.4,7585.862
2024-11-23T04:00:00Z,98729.4,98874.6,98325.0,98631.2,6013.399
2024-11-23T08:00:00Z,98631.2,98735.4,98390.0,98479.3,4940.044
2024-11-23T12:00:00Z,98479.3,98935.0,98417.9,98440.1,8070.408
2024-11-23T16:00:00Z,98440.1,98527.0,97380.0,97581.2,20899.776
2024-11-23T20:00:00Z,97581.2,98128.9,97185.9,97740.2,10493.183
2024-11-24T00:00:00Z,97740.2,98653.3,97697.3,98275.0,7146.043
2024-11-24T04:00:00Z,98275.0,98499.9,97956.0,98475.0,5127.801
2024-11-24T08:00:00Z,98475.0,98500.0,97293.6,97340.1,10139.273
2024-11-24T12:00:00Z,97340.1,97710.0,95979.9,95981.2,31411.057
2024-11-24T16:00:00Z,95981.2,96873.4,95800.3,96408.9,18891.649
2024-11-24T20:00:00Z,96408.9,98473.7,96268.7,98027.7,17460.278
2024-11-25T00:00:00Z,98027.7,98199.5,96938.6,97964.6,14155.934
2024-11-25T04:00:00Z,97964.6,98467.9,97621.6,98129.0,10131.391
2024-11-25T08:00:00Z,98129.0,98979.9,97935.7,98264.1,14630.153
2024-11-25T12:00:00Z,98264.1,98406.8,94650.0,96053.8,58129.875
2024-11-25T16:00:00Z,96053.8,96578.4,94400.0,94721.9,33261.233
2024-11-25T20:00:00Z,94721.9,95379.4,92620.0,93004.1,47359.31
2024-11-26T00:00:00Z,93004.1,94975.0,92731.2,94538.2,18662.496
2024-11-26T04:00:00Z,94538.2,95063.1,93550.0,93828.0,12510.479
2024-11-26T08:00:00Z,93828.0,93828.0,91500.2,92400.1,42771.561
2024-11-26T12:00:00Z,92400.1,93624.0,91783.9,92853.7,33474.84
2024-11-26T16:00:00Z,92853.7,94749.9,91616.0,91737.9,37024.061
2024-11-26T20:00:00Z,91737.9,92442.3,90835.5,92025.6,29271.502
2024-11-27T00:00:00Z,92025.6,93149.9,91857.6,92658.1,17120.589
2024-11-27T04:00:00Z,92658.1,93718.2,92419.9,93655.7,11504.323
2024-11-27T08:00:00Z,93655.7,93967.9,93163.9,93431.3,10020.314
2024-11-27T12:00:00Z,93431.3,95950.0,92889.0,95653.5,35922.369
2024-11-27T16:00:00Z,95653.5,96714.0,95286.8,96708.3,24288.033
2024-11-27T20:00:00Z,96708.3,97276.0,95810.9,95908.7,19596.053
2024-11-28T00:00:00Z,95908.7,96648.0,94840.6,95544.9,18378.822
2024-11-28T04:00:00Z,95544.9,95978.8,95110.8,95373.3,13107.763
2024-11-28T08:00:00Z,95373.3,95875.0,94707.0,95524.0,16023.293
2024-11-28T12:00:00Z,95524.0,96300.0,94950.1,95070.5,17397.865
2024-11-28T16:00:00Z,95070.5,95529.0,94854.9,95205.0,8000.112
2024-11-28T20:00:00Z,95205.0,96097.6,94770.4,95702.8,9560.553
2024-11-29T00:00:00Z,95702.8,96951.9,95420.3,96658.2,11369.685
2024-11-29T04:00:00Z,96658.2,96699.9,95669.8,95702.4,10278.809
2024-11-29T08:00:00Z,95702.4,97478.6,95700.1,97327.3,14221.713
2024-11-29T12:00:00Z,97327.3,98735.3,96833.2,98084.0,28868.751
2024-11-29T16:00:00Z,98084.0,98550.0,96910.5,97407.1,22026.149
2024-11-29T20:00:00Z,97407.1,97712.8,97040.8,97526.7,5781.543
2024-11-30T00:00:00Z,97526.7,97539.8,96429.6,96725.7,10482.81
2024-11-30T04:00:00Z,96725.7,97324.1,96589.2,96866.0,8630.412
2024-11-30T08:00:00Z,96866.0,97051.4,96151.0,96334.8,8865.012
2024-11-30T12:00:00Z,96334.8,96800.0,96310.0,96704.6,5505.011
2024-11-30T16:00:00Z,96704.6,97129.9,96574.5,97061.1,4267.311
2024-11-30T20:00:00Z,97061.1,97108.7,96381.9,96484.0,4369.57
2024-12-01T00:00:00Z,96484.0,96749.5,95750.0,96402.5,15147.335
2024-12-01T04:00:00Z,96402.5,96620.6,96263.3,96539.8,4797.604
2024-12-01T08:00:00Z,96539.8,97290.0,96493.3,97177.1,10034.027
2024-12-01T12:00:00Z,97177.1,97473.0,96733.0,97094.6,9169.423
2024-12-01T16:00:00Z,97094.6,97600.0,97010.0,97224.2,7373.869
2024-12-01T20:00:00Z,97224.2,97929.4,96823.7,97265.4,10595.266
2024-12-02T00:00:00Z,97265.4,98270.7,96400.8,96537.2,15939.768
2024-12-02T04:00:00Z,96537.2,97007.8,95792.3,96040.0,18884.51
2024-12-02T08:00:00Z,96040.0,96176.5,94858.0,95177.1,22777.531
2024-12-02T12:00:00Z,95177.1,97304.4,94761.0,97127.8,32477.081
2024-12-02T16:00:00Z,97127.8,97450.0,94455.0,95869.8,34389.564
2024-12-02T20:00:00Z,95869.8,96397.7,95147.4,95886.6,10899.915
2024-12-03T00:00:00Z,95886.6,96389.0,95452.6,96144.1,8314.254
2024-12-03T04:00:00Z,96144.1,96343.6,95321.9,95599.1,8378.007
2024-12-03T08:00:00Z,95599.1,95725.0,94655.4,95055.0,11783.627
2024-12-03T12:00:00Z,95055.0,96333.0,93605.4,95746.0,46036.346
2024-12-03T16:00:00Z,95746.0,96260.3,94914.7,95512.3,22151.793
2024-12-03T20:00:00Z,95512.3,96221.0,95327.4,95919.6,9681.315
2024-12-04T00:00:00Z,95919.6,96736.8,95277.7,95870.2,11741.677
2024-12-04T04:00:00Z,95870.2,96827.1,95810.0,96682.1,8877.786
2024-12-04T08:00:00Z,96682.1,97066.6,96260.0,96283.1,8964.015
2024-12-04T12:00:00Z,96283.1,96663.9,95432.7,95819.1,27228.659
2024-12-04T16:00:00Z,95819.1,97306.0,94638.0,97285.2,32753.215
2024-12-04T20:00:00Z,97285.2,99117.6,97199.0,98671.8,41494.233
2024-12-05T00:00:00Z,98671.8,104698.8,97966.7,103140.8,68574.876
2024-12-05T04:00:00Z,103140.8,103748.6,101416.6,102339.7,30039.445
2024-12-05T08:00:00Z,102339.7,103288.0,102339.7,102698.1,12979.898
2024-12-05T12:00:00Z,102698.1,103697.4,101011.0,101382.3,37904.07
2024-12-05T16:00:00Z,101382.3,102138.0,98725.0,99129.3,41943.041
2024-12-05T20:00:00Z,99129.3,99578.7,90530.0,96977.9,91270.329
2024-12-06T00:00:00Z,96977.9,98878.8,96319.6,97801.9,24337.1
2024-12-06T04:00:00Z,97801.9,98367.2,97425.5,98193.1,10206.921
2024-12-06T08:00:00Z,98193.1,98750.0,97660.5,98101.4,14600.266
2024-12-06T12:00:00Z,98101.4,99545.0,97517.5,99336.3,31804.441
2024-12-06T16:00:00Z,99336.3,101879.9,98778.2,101516.2,31531.545
2024-12-06T20:00:00Z,101516.2,101998.7,99076.4,99789.9,22736.395
2024-12-07T00:00:00Z,99789.9,100496.8,99329.1,99359.9,8658.183
2024-12-07T04:00:00Z,99359.9,99740.0,98883.4,99454.4,9349.577
2024-12-07T08:00:00Z,99454.4,99876.3,99310.6,99655.0,7018.813
2024-12-07T12:00:00Z,99655.0,99897.9,99063.5,99807.9,8952.735
2024-12-07T16:00:00Z,99807.9,100344.9,99514.2,100144.9,6879.058
2024-12-07T20:00:00Z,100144.9,100540.2,99653.7,99913.0,6648.292
2024-12-08T00:00:00Z,99913.0,100418.4,99710.3,100000.2,4086.753
2024-12-08T04:00:00Z,100000.2,100109.9,99344.3,99755.8,5421.742
2024-12-08T08:00:00Z,99755.8,99953.0,98729.1,99784.9,12021.314
2024-12-08T12:00:00Z,99784.9,100596.4,99406.1,99986.1,13909.217
2024-12-08T16:00:00Z,99986.1,100287.3,99524.0,100171.2,7942.292
2024-12-08T20:00:00Z,100171.2,101464.8,99768.8,101186.8,10405.161
2024-12-09T00:00:00Z,101186.8,101296.1,98245.5,99155.0,22888.044
2024-12-09T04:00:00Z,99155.0,99816.0,98359.9,99649.2,15542.881
2024-12-09T08:00:00Z,99649.2,99779.9,98093.1,98137.5,18863.028
2024-12-09T12:00:00Z,98137.5,100500.0,97555.0,97847.9,38924.882
2024-12-09T16:00:00Z,97847.9,98429.9,97032.0,97117.9,22810.706
2024-12-09T20:00:00Z,97117.9,97658.3,93888.0,97329.0,56380.451
2024-12-10T00:00:00Z,97329.0,98187.0,95559.7,96946.4,23693.021
2024-12-10T04:00:00Z,96946.4,97511.8,95934.0,97213.9,12910.49
2024-12-10T08:00:00Z,97213.9,97981.4,96960.0,97759.5,10872.918
2024-12-10T12:00:00Z,97759.5,98299.0,95617.0,95651.0,36202.056
2024-12-10T16:00:00Z,95651.0,96509.4,94190.8,95817.9,56324.878
2024-12-10T20:00:00Z,95817.9,97185.7,95578.8,96552.8,13435.783
2024-12-11T00:00:00Z,96552.8,97599.9,95574.3,97363.2,17188.335
2024-12-11T04:00:00Z,97363.2,97767.1,97125.9,97300.1,6372.333
2024-12-11T08:00:00Z,97300.1,98467.0,97273.0,98297.9,15544.178
2024-12-11T12:00:00Z,98297.9,100800.0,98066.1,100372.5,36152.772
2024-12-11T16:00:00Z,100372.5,101179.2,99605.2,101130.6,28345.88
2024-12-11T20:00:00Z,101130.6,101961.0,100844.9,101128.3,18987.546
2024-12-12T00:00:00Z,101128.3,101867.5,100372.5,101073.3,16766.016
2024-12-12T04:00:00Z,101073.3,101258.7,100426.6,100517.9,8144.149
2024-12-12T08:00:00Z,100517.9,101149.3,100158.1,100389.6,9074.873
2024-12-12T12:00:00Z,100389.6,101908.3,100387.7,101832.3,29922.781
2024-12-12T16:00:00Z,101832.3,102636.2,99300.0,99466.8,35165.635
2024-12-12T20:00:00Z,99466.8,100464.1,99444.3,99982.5,18243.787
2024-12-13T00:00:00Z,99982.5,100346.1,99168.0,99720.1,8790.304
2024-12-13T04:00:00Z,99720.1,100220.0,99447.4,100113.4,7727.424
2024-12-13T08:00:00Z,100113.4,100797.0,99858.9,100357.4,10488.726
2024-12-13T12:00:00Z,100357.4,101350.0,99630.2,99820.0,21100.849
2024-12-13T16:00:00Z,99820.0,101935.7,99728.7,101445.2,24267.505
2024-12-13T20:00:00Z,101445.2,101865.3,101038.1,101415.8,8389.235
2024-12-14T00:00:00Z,101415.8,102748.0,101133.6,102091.0,15032.588
2024-12-14T04:00:00Z,102091.0,102172.6,101565.8,101842.6,4662.602
2024-12-14T08:00:00Z,101842.6,101897.7,101333.0,101597.5,4942.527
2024-12-14T12:00:00Z,101597.5,101770.9,100808.0,101633.9,10239.065
2024-12-14T16:00:00Z,101633.9,101738.6,100824.9,101339.5,9527.121
2024-12-14T20:00:00Z,101339.5,101492.5,100577.1,101419.9,6856.294
2024-12-15T00:00:00Z,101419.9,102221.7,101243.4,101738.4,7032.391
2024-12-15T04:00:00Z,101738.4,102888.1,101470.1,101721.4,11928.834
2024-12-15T08:00:00Z,101721.4,102684.9,101578.9,102660.1,6481.748
2024-12-15T12:00:00Z,102660.1,103371.7,102480.0,102701.1,14454.11
2024-12-15T16:00:00Z,102701.1,103555.0,102566.1,103263.1,9534.272
2024-12-15T20:00:00Z,103263.1,105338.2,102600.0,104515.6,27743.112
2024-12-16T00:00:00Z,104515.6,106727.8,104150.0,104579.9,30694.026
2024-12-16T04:00:00Z,104579.9,105438.9,104456.5,105007.0,8430.47
2024-12-16T08:00:00Z,105007.0,105054.0,103653.5,103776.1,12652.891
2024-12-16T12:00:00Z,103776.1,106545.9,103304.3,106352.6,36906.899
2024-12-16T16:00:00Z,106352.6,107850.0,105812.0,106614.6,34666.616
2024-12-16T20:00:00Z,106614.6,106680.5,105476.5,106094.2,13218.445
2024-12-17T00:00:00Z,106094.2,107074.6,105668.1,106878.3,10566.182
2024-12-17T04:00:00Z,106878.3,107153.7,106364.4,106833.4,7057.127
2024-12-17T08:00:00Z,106833.4,107550.0,106693.7,106816.0,9762.469
2024-12-17T12:00:00Z,106816.0,108421.6,105680.9,106454.6,35715.073
2024-12-17T16:00:00Z,106454.6,107669.9,106119.0,106494.8,19392.067
2024-12-17T20:00:00Z,106494.8,106907.9,105300.0,106084.6,18269.139
2024-12-18T00:00:00Z,106084.6,106470.3,104520.0,104723.5,21384.522
2024-12-18T04:00:00Z,104723.5,104723.5,103057.1,104218.0,27695.928
2024-12-18T08:00:00Z,104218.0,104978.2,103691.5,104971.5,12119.689
2024-12-18T12:00:00Z,104971.5,105309.2,103602.9,104386.1,24717.157
2024-12-18T16:00:00Z,104386.1,104968.2,102777.0,102777.0,32129.126
2024-12-18T20:00:00Z,102777.0,102965.8,99800.0,100148.6,65826.764
2024-12-19T00:00:00Z,100148.6,101265.2,98700.0,101141.4,35637.278
2024-12-19T04:00:00Z,101141.4,101666.0,100554.5,101595.0,10875.454
2024-12-19T08:00:00Z,101595.0,102554.7,101307.8,102417.8,11469.822
2024-12-19T12:00:00Z,102417.8,102742.4,99362.6,100611.4,38839.232
2024-12-19T16:00:00Z,100611.4,101167.0,96200.0,97154.9,66215.944
2024-12-19T20:00:00Z,97154.9,98342.0,95640.5,97399.4,39048.81
2024-12-20T00:00:00Z,97399.4,97755.0,95912.0,97056.0,22715.474
2024-12-20T04:00:00Z,97056.0,98221.5,96342.9,97783.8,17564.946
2024-12-20T08:00:00Z,97783.8,97825.8,92533.3,92681.1,58985.642
2024-12-20T12:00:00Z,92681.1,97524.6,92230.0,96941.9,53308.703
2024-12-20T16:00:00Z,96941.9,97698.0,96267.5,97063.8,23109.916
2024-12-20T20:00:00Z,97063.8,97775.6,95355.0,97757.3,15405.003
2024-12-21T00:00:00Z,97757.3,97757.3,97122.6,97440.1,4668.548
2024-12-21T04:00:00Z,97440.1,99482.8,97328.0,98983.7,14306.065
2024-12-21T08:00:00Z,98983.7,99122.3,97746.0,98207.7,13015.048
2024-12-21T12:00:00Z,98207.7,98246.2,96326.7,97464.8,18853.117
2024-12-21T16:00:00Z,97464.8,97688.4,96758.5,97228.0,9225.225
2024-12-21T20:00:00Z,97228.0,97999.0,96478.5,97249.7,9584.307
2024-12-22T00:00:00Z,97249.7,97431.6,96508.4,96939.3,5878.238
2024-12-22T04:00:00Z,96939.3,97031.4,95839.1,96171.9,9508.773
2024-12-22T08:00:00Z,96171.9,97317.0,96151.4,97047.3,8124.401
2024-12-22T12:00:00Z,97047.3,97265.6,95056.0,95320.9,17803.756
2024-12-22T16:00:00Z,95320.9,96437.1,94611.1,94771.1,17225.934
2024-12-22T20:00:00Z,94771.1,95790.5,94200.0,95144.7,17823.325
2024-12-23T00:00:00Z,95144.7,95999.5,93635.9,95969.8,22786.411
2024-12-23T04:00:00Z,95969.8,96470.0,94650.0,95353.8,16171.801
2024-12-23T08:00:00Z,95353.8,96500.0,94975.6,95891.3,10864.432
2024-12-23T12:00:00Z,95891.3,96391.9,93056.0,93202.7,31241.808
2024-12-23T16:00:00Z,93202.7,94232.0,92616.1,93000.2,24306.883
2024-12-23T20:00:00Z,93000.2,95472.6,92465.8,94837.0,20090.69
2024-12-24T00:00:00Z,94837.0,94837.0,93508.6,94309.2,12031.864
2024-12-24T04:00:00Z,94309.2,94639.8,93751.7,94189.9,7680.356
2024-12-24T08:00:00Z,94189.9,94599.5,93800.0,94356.3,8243.595
2024-12-24T12:00:00Z,94356.3,98276.8,94031.0,98255.2,29982.646
2024-12-24T16:00:00Z,98255.2,99435.7,97509.0,97540.0,28773.246
2024-12-24T20:00:00Z,97540.0,99065.0,97198.6,98628.3,19258.76
2024-12-25T00:00:00Z,98628.3,98852.0,97688.1,98000.1,9500.166
2024-12-25T04:00:00Z,98000.1,98550.0,97759.0,98053.5,6991.555
2024-12-25T08:00:00Z,98053.5,99338.9,97750.0,97890.0,14962.222
2024-12-25T12:00:00Z,97890.0,98817.9,97562.6,98494.6,13952.937
2024-12-25T16:00:00Z,98494.6,99298.0,98101.5,99001.3,8713.086
2024-12-25T20:00:00Z,99001.3,99590.0,98337.1,99405.2,13285.255
2024-12-26T00:00:00Z,99405.2,99950.0,98418.3,98950.9,15116.692
2024-12-26T04:00:00Z,98950.9,98950.9,97650.7,97675.3,10873.417
2024-12-26T08:00:00Z,97675.3,97725.2,95137.5,95659.0,32704.514
2024-12-26T12:00:00Z,95659.0,96240.6,95178.6,95983.3,18484.043
2024-12-26T16:00:00Z,95983.3,96575.1,95383.3,96050.1,13935.089
2024-12-26T20:00:00Z,96050.1,96069.7,95250.0,95743.2,9554.687
2024-12-27T00:00:00Z,95743.2,96421.4,95351.1,96380.0,9564.198
2024-12-27T04:00:00Z,96380.0,96572.7,94594.9,95059.6,15025.74
2024-12-27T08:00:00Z,95059.6,97500.0,95054.7,96900.0,24668.061
2024-12-27T12:00:00Z,96900.0,96995.7,93930.0,94529.2,25792.606
2024-12-27T16:00:00Z,94529.2,94979.9,93380.1,94699.9,21524.793
2024-12-27T20:00:00Z,94699.9,94794.0,94084.5,94251.0,7199.062
2024-12-28T00:00:00Z,94251.0,94676.0,94070.2,94537.0,4593.92
2024-12-28T04:00:00Z,94537.0,94759.8,94239.5,94325.0,4101.463
2024-12-28T08:00:00Z,94325.0,94858.3,94243.5,94712.9,4368.456
2024-12-28T12:00:00Z,94712.9,95302.8,94266.8,94389.8,10598.638
2024-12-28T16:00:00Z,94389.8,95221.7,94333.2,94984.8,7678.449
2024-12-28T20:00:00Z,94984.8,95699.9,94825.4,95255.8,5553.863
2024-12-29T00:00:00Z,95255.8,95300.0,94758.0,95124.6,4546.452
2024-12-29T04:00:00Z,95124.6,95238.1,94899.3,95217.6,3008.266
2024-12-29T08:00:00Z,95217.6,95274.8,94958.7,94975.1,3080.139
2024-12-29T12:00:00Z,94975.1,95188.8,93923.8,94465.8,12877.802
2024-12-29T16:00:00Z,94465.8,94544.9,93233.0,93550.7,13121.436
2024-12-29T20:00:00Z,93550.7,93900.0,92926.7,93699.0,13607.124
2024-12-30T00:00:00Z,93699.0,94244.9,93313.3,93667.3,11247.159
2024-12-30T04:00:00Z,93667.3,94000.0,93163.8,93680.0,8515.244
2024-12-30T08:00:00Z,93680.0,94029.5,93417.3,93876.2,8254.891
2024-12-30T12:00:00Z,93876.2,94232.3,91463.7,92077.1,41132.042
2024-12-30T16:00:00Z,92077.1,94656.0,91751.0,94387.1,31066.597
2024-12-30T20:00:00Z,94387.1,95000.0,91831.4,92739.3,28242.135
2024-12-31T00:00:00Z,92739.3,92850.0,91981.4,92467.1,10152.874
2024-12-31T04:00:00Z,92467.1,92989.7,92301.1,92811.7,7693.937
2024-12-31T08:00:00Z,92811.7,94700.0,92790.0,94201.5,19762.292
2024-12-31T12:00:00Z,94201.5,96322.1,94201.5,95385.1,31686.432
2024-12-31T16:00:00Z,95385.1,95585.2,93138.2,94140.8,20966.586
2024-12-31T20:00:00Z,94140.8,94212.6,93329.7,93530.0,8298.433
