timestamp,open,high,low,close,volume
2025-07-01T00:00:00Z,107081.2,107484.8,106957.7,107150.5,4594.629
2025-07-01T04:00:00Z,107150.5,107158.3,106546.0,107119.9,9858.355
2025-07-01T08:00:00Z,107119.9,107119.9,106233.7,106553.8,9545.077
2025-07-01T12:00:00Z,106553.8,107139.9,105550.0,105909.6,24713.714
2025-07-01T16:00:00Z,105909.6,106250.0,105335.0,105342.3,13156.225
2025-07-01T20:00:00Z,105342.3,106065.0,105180.3,105634.8,7866.196
2025-07-02T00:00:00Z,105634.8,106178.6,105058.6,106148.6,8219.04
2025-07-02T04:00:00Z,106148.6,107145.0,106082.2,107040.9,12119.877
2025-07-02T08:00:00Z,107040.9,107795.0,107040.9,107436.2,13279.131
2025-07-02T12:00:00Z,107436.2,108740.0,107134.7,108712.4,24997.601
2025-07-02T16:00:00Z,108712.4,109740.9,108620.8,109631.3,26420.538
2025-07-02T20:00:00Z,109631.3,109631.3,108669.0,108803.0,8071.556
2025-07-03T00:00:00Z,108803.0,109081.5,108455.1,108592.6,6486.807
2025-07-03T04:00:00Z,108592.6,109512.0,108510.0,109242.1,8409.435
2025-07-03T08:00:00Z,109242.1,110256.4,109242.1,109551.1,13255.161
2025-07-03T12:00:00Z,109551.1,110485.7,108704.4,109063.1,33981.439
2025-07-03T16:00:00Z,109063.1,109868.5,108955.0,109744.1,9059.87
2025-07-03T20:00:00Z,109744.1,109978.3,109483.4,109540.0,5101.54
2025-07-04T00:00:00Z,109540.0,109725.3,109058.0,109186.9,5360.504
2025-07-04T04:00:00Z,109186.9,109285.6,108650.0,108650.0,7726.675
2025-07-04T08:00:00Z,108650.0,109042.0,108456.0,108826.0,7474.454
2025-07-04T12:00:00Z,108826.0,108914.5,107452.3,107552.9,24806.843
2025-07-04T16:00:00Z,107552.9,107898.5,107220.3,107453.9,11610.224
2025-07-04T20:00:00Z,107453.9,108223.9,107408.8,107947.4,6657.272
2025-07-05T00:00:00Z,107947.4,108229.9,107685.9,108107.1,4145.64
2025-07-05T04:00:00Z,108107.1,108429.2,107934.8,108008.7,4349.609
2025-07-05T08:00:00Z,108008.7,108172.9,107809.9,108055.9,2859.04
2025-07-05T12:00:00Z,108055.9,108191.6,107911.0,108017.2,1994.321
2025-07-05T16:00:00Z,108017.2,108120.0,107820.8,108096.4,2861.977
2025-07-05T20:00:00Z,108096.4,108179.0,107939.7,108144.4,1575.629
2025-07-06T00:00:00Z,108144.4,108200.0,107961.7,107999.7,1987.283
2025-07-06T04:00:00Z,107999.7,108168.0,107888.0,107988.8,2287.044
2025-07-06T08:00:00Z,107988.8,108080.0,107762.6,108028.8,3205.47
2025-07-06T12:00:00Z,108028.8,109088.6,108000.0,108860.0,13046.874
2025-07-06T16:00:00Z,108860.0,108920.0,108225.7,108498.1,6531.786
2025-07-06T20:00:00Z,108498.1,109685.0,108484.7,109160.5,12413.834
2025-07-07T00:00:00Z,109160.5,109681.4,108612.0,109355.1,8830.443
2025-07-07T04:00:00Z,109355.1,109423.6,108573.5,109015.1,5968.263
2025-07-07T08:00:00Z,109015.1,109048.4,108525.0,108593.9,5347.945
2025-07-07T12:00:00Z,108593.9,108625.5,107896.8,108244.4,17074.758
2025-07-07T16:00:00Z,108244.4,108455.9,107449.6,107990.0,12748.246
2025-07-07T20:00:00Z,107990.0,108249.4,107714.2,108200.0,5015.822
2025-07-08T00:00:00Z,108200.0,108482.3,107369.7,107850.1,10963.32
2025-07-08T04:00:00Z,107850.1,108443.8,107691.5,108427.9,5241.081
2025-07-08T08:00:00Z,108427.9,108977.6,108181.0,108718.1,8768.847
2025-07-08T12:00:00Z,108718.1,109188.0,108140.2,108202.7,18220.019
2025-07-08T16:00:00Z,108202.7,109126.2,108029.9,108728.6,11946.284
2025-07-08T20:00:00Z,108728.6,108931.5,108567.0,108881.9,3403.255
2025-07-09T00:00:00Z,108881.9,109093.0,108284.8,108312.6,4721.643
2025-07-09T04:00:00Z,108312.6,108900.0,108263.4,108671.7,5262.057
2025-07-09T08:00:00Z,108671.7,109090.0,108527.3,109018.9,4571.645
2025-07-09T12:00:00Z,109018.9,109746.0,108447.8,109009.9,21803.687
2025-07-09T16:00:00Z,109009.9,111999.0,108968.8,111702.6,28196.323
2025-07-09T20:00:00Z,111702.6,111914.2,110530.0,111209.7,18145.378
2025-07-10T00:00:00Z,111209.7,111524.7,110832.8,111025.8,6033.976
2025-07-10T04:00:00Z,111025.8,111421.2,110863.1,111190.8,6779.092
2025-07-10T08:00:00Z,111190.8,111366.0,110825.0,110979.5,4460.738
2025-07-10T12:00:00Z,110979.5,111379.2,110450.9,111359.2,12716.499
2025-07-10T16:00:00Z,111359.2,113789.3,111293.8,113247.4,36475.218
2025-07-10T20:00:00Z,113247.4,117896.7,113220.0,115990.1,43701.536
2025-07-11T00:00:00Z,115990.1,116941.4,115200.0,116853.2,11966.532
2025-07-11T04:00:00Z,116853.2,118387.0,116461.1,117554.6,25844.221
2025-07-11T08:00:00Z,117554.6,118849.9,117554.5,117801.6,15106.12
2025-07-11T12:00:00Z,117801.6,118224.9,116727.4,116908.7,19184.754
2025-07-11T16:00:00Z,116908.7,118117.7,116600.8,118079.2,13456.772
2025-07-11T20:00:00Z,118079.2,118079.3,117114.1,117508.8,7330.47
2025-07-12T00:00:00Z,117508.8,117820.0,117101.9,117752.5,4271.663
2025-07-12T04:00:00Z,117752.5,118035.2,117456.2,117683.9,3741.883
2025-07-12T08:00:00Z,117683.9,118195.1,117580.0,117772.2,7776.679
2025-07-12T12:00:00Z,117772.2,117825.8,116868.1,117066.3,12073.383
2025-07-12T16:00:00Z,117066.3,117601.4,117007.3,117511.2,4080.389
2025-07-12T20:00:00Z,117511.2,117518.9,116940.0,117369.9,3312.032
2025-07-13T00:00:00Z,117369.9,117787.9,117173.3,117706.6,3910.038
2025-07-13T04:00:00Z,117706.6,118023.0,117627.1,117950.8,3141.457
2025-07-13T08:00:00Z,117950.8,118054.5,117653.1,118029.9,3219.474
2025-07-13T12:00:00Z,118029.9,119390.4,117929.6,118623.0,21720.464
2025-07-13T16:00:00Z,118623.0,119474.9,118320.0,118918.6,8182.697
2025-07-13T20:00:00Z,118918.6,119347.8,118168.2,119050.2,7397.937
2025-07-14T00:00:00Z,119050.2,121600.0,118859.2,120725.0,24905.968
2025-07-14T04:00:00Z,120725.0,123250.0,120509.2,122741.2,30309.98
2025-07-14T08:00:00Z,122741.2,122758.0,121350.0,121480.1,14225.932
2025-07-14T12:00:00Z,121480.1,122100.0,119609.8,119889.3,26278.951
2025-07-14T16:00:00Z,119889.3,120535.9,119232.4,119950.0,16529.965
2025-07-14T20:00:00Z,119950.0,120458.8,119501.6,119841.6,6714.991
2025-07-15T00:00:00Z,119841.6,119946.6,116880.0,117210.2,31142.267
2025-07-15T04:00:00Z,117210.2,117800.0,116302.4,116822.5,22349.658
2025-07-15T08:00:00Z,116822.5,117246.2,116114.6,117150.4,14353.157
2025-07-15T12:00:00Z,117150.4,118510.5,115750.0,116430.6,43992.952
2025-07-15T16:00:00Z,116430.6,117758.1,116047.2,116430.2,20955.404
2025-07-15T20:00:00Z,116430.2,117999.8,116161.3,117745.7,11522.623
2025-07-16T00:00:00Z,117745.7,118250.0,117031.0,117500.0,7461.523
2025-07-16T04:00:00Z,117500.0,118307.7,117264.3,118200.0,6912.888
2025-07-16T08:00:00Z,118200.0,119327.4,118130.0,118776.1,11638.596
2025-07-16T12:00:00Z,118776.1,119778.5,118127.9,119067.4,30908.429
2025-07-16T16:00:00Z,119067.4,119928.6,118432.2,119230.0,17673.875
2025-07-16T20:00:00Z,119230.0,120114.6,118409.1,118626.3,11683.628
2025-07-17T00:00:00Z,118626.3,119173.2,117662.2,118089.6,11856.969
2025-07-17T04:00:00Z,118089.6,118781.7,117809.9,118319.9,9631.084
2025-07-17T08:00:00Z,118319.9,119246.4,117982.1,118001.0,12330.071
2025-07-17T12:00:00Z,118001.0,119145.3,117449.9,118911.2,19935.12
2025-07-17T16:00:00Z,118911.2,119944.5,118364.0,119000.0,12196.464
2025-07-17T20:00:00Z,119000.0,121044.0,118423.5,119218.7,28521.952
2025-07-18T00:00:00Z,119218.7,120844.7,119028.2,120257.9,13358.711
2025-07-18T04:00:00Z,120257.9,120896.9,119355.0,119420.0,11859.538
2025-07-18T08:00:00Z,119420.0,119534.5,118444.0,119222.7,13853.397
2025-07-18T12:00:00Z,119222.7,119574.4,117311.7,117866.2,29629.441
2025-07-18T16:00:00Z,117866.2,118078.0,117133.0,117380.8,11436.062
2025-07-18T20:00:00Z,117380.8,118017.3,116822.1,117930.1,10666.027
2025-07-19T00:00:00Z,117930.1,118398.5,117630.8,118349.6,4895.956
2025-07-19T04:00:00Z,118349.6,118379.0,118030.8,118175.8,3044.079
2025-07-19T08:00:00Z,118175.8,118523.7,117935.6,118330.4,4619.317
2025-07-19T12:00:00Z,118330.4,118345.7,117612.0,118058.2,7277.911
2025-07-19T16:00:00Z,118058.2,118186.3,117580.8,118005.8,4301.001
2025-07-19T20:00:00Z,118005.8,118176.4,117237.7,117842.1,6240.804
2025-07-20T00:00:00Z,117842.1,118186.8,117659.3,117975.4,4088.528
2025-07-20T04:00:00Z,117975.4,118254.4,117772.4,118052.4,2679.694
2025-07-20T08:00:00Z,118052.4,118328.1,117860.2,117925.4,4688.341
2025-07-20T12:00:00Z,117925.4,118916.0,117745.4,118722.6,10803.924
2025-07-20T16:00:00Z,118722.6,118931.0,118000.0,118197.0,7756.35
2025-07-20T20:00:00Z,118197.0,118301.9,116455.6,117290.4,16129.438
2025-07-21T00:00:00Z,117290.4,118649.8,116550.0,118429.2,12936.576
2025-07-21T04:00:00Z,118429.2,119750.0,118200.0,119420.0,10870.299
2025-07-21T08:00:00Z,119420.0,119548.0,118108.9,118118.7,9550.878
2025-07-21T12:00:00Z,118118.7,119300.0,117809.4,118377.8,17120.21
2025-07-21T16:00:00Z,118377.8,118459.4,116677.4,116796.9,22685.093
2025-07-21T20:00:00Z,116796.9,117669.6,116652.0,117393.0,7319.573
2025-07-22T00:00:00Z,117393.0,117988.0,116123.0,117235.1,16765.569
2025-07-22T04:00:00Z,117235.1,118620.1,116562.6,118027.4,14541.045
2025-07-22T08:00:00Z,118027.4,119250.0,117517.7,119199.1,12398.036
2025-07-22T12:00:00Z,119199.1,119649.9,117601.2,118962.1,22456.136
2025-07-22T16:00:00Z,118962.1,120297.1,118451.8,119333.3,16049.883
2025-07-22T20:00:00Z,119333.3,120321.0,119255.0,120043.6,7717.933
2025-07-23T00:00:00Z,120043.6,120194.7,118582.4,118675.1,9138.258
2025-07-23T04:00:00Z,118675.1,119055.7,118311.9,118398.9,7545.948
2025-07-23T08:00:00Z,118398.9,118661.6,117850.0,118558.0,12335.647
2025-07-23T12:00:00Z,118558.0,118748.6,117300.0,118589.2,21165.272
2025-07-23T16:00:00Z,118589.2,118589.2,117309.4,118397.8,12832.065
2025-07-23T20:00:00Z,118397.8,118771.5,117357.7,118743.4,11263.818
2025-07-24T00:00:00Z,118743.4,119279.7,118479.5,118513.1,8685.608
2025-07-24T04:00:00Z,118513.1,118571.3,117050.1,118398.0,17114.127
2025-07-24T08:00:00Z,118398.0,118821.0,117944.8,118613.5,12216.561
2025-07-24T12:00:00Z,118613.5,119492.9,117815.8,119121.2,16270.729
2025-07-24T16:00:00Z,119121.2,119427.2,118360.0,118953.7,9366.456
2025-07-24T20:00:00Z,118953.7,119004.3,118150.4,118328.0,5292.589
2025-07-25T00:00:00Z,118328.0,118440.3,115297.7,115400.1,30750.672
2025-07-25T04:00:00Z,115400.1,116107.2,114710.0,115329.5,27459.969
2025-07-25T08:00:00Z,115329.5,116793.1,115045.6,116544.9,18853.002
2025-07-25T12:00:00Z,116544.9,116675.8,114905.0,115734.4,22122.5
2025-07-25T16:00:00Z,115734.4,117014.7,115455.5,116679.5,12005.621
2025-07-25T20:00:00Z,116679.5,117642.8,116572.8,117616.3,10021.001
2025-07-26T00:00:00Z,117616.3,117750.0,117150.0,117469.2,4956.951
2025-07-26T04:00:00Z,117469.2,117542.7,117307.9,117322.8,2728.856
2025-07-26T08:00:00Z,117322.8,118252.1,117322.8,117755.6,6623.957
2025-07-26T12:00:00Z,117755.6,118226.2,117745.0,118141.5,5628.971
2025-07-26T16:00:00Z,118141.5,118333.4,117940.3,118235.2,3115.049
2025-07-26T20:00:00Z,118235.2,118281.5,117857.5,117898.8,3177.226
2025-07-27T00:00:00Z,117898.8,118425.6,117807.6,118174.7,4157.512
2025-07-27T04:00:00Z,118174.7,118443.7,118055.3,118117.0,2890.312
2025-07-27T08:00:00Z,118117.0,118297.7,117850.1,118070.3,3798.81
2025-07-27T12:00:00Z,118070.3,118640.3,117876.8,118586.8,5909.316
2025-07-27T16:00:00Z,118586.8,119600.0,118586.7,118978.8,11841.468
2025-07-27T20:00:00Z,118978.8,119784.0,118730.8,119429.9,6962.121
2025-07-28T00:00:00Z,119429.9,119844.9,118950.0,119287.6,6315.47
2025-07-28T04:00:00Z,119287.6,119699.1,118753.0,118885.8,6175.011
2025-07-28T08:00:00Z,118885.8,119104.4,118435.7,118810.6,6350.137
2025-07-28T12:00:00Z,118810.6,119092.0,117874.0,118160.0,17851.605
2025-07-28T16:00:00Z,118160.0,118376.8,117401.5,118070.0,12329.529
2025-07-28T20:00:00Z,118070.0,118346.7,117480.0,118068.9,6215.268
2025-07-29T00:00:00Z,118068.9,118820.7,117434.0,118761.9,9601.172
2025-07-29T04:00:00Z,118761.9,119300.0,118406.2,118889.8,6889.808
2025-07-29T08:00:00Z,118889.8,119083.9,118117.9,118602.1,6673.53
2025-07-29T12:00:00Z,118602.1,119127.5,117240.0,117372.2,16895.946
2025-07-29T16:00:00Z,117372.2,118045.8,116912.6,117523.6,12311.159
2025-07-29T20:00:00Z,117523.6,117982.7,117055.6,117923.3,9210.918
2025-07-30T00:00:00Z,117923.3,118234.0,117371.4,118130.0,4740.685
2025-07-30T04:00:00Z,118130.0,118389.2,117643.1,118103.2,4893.053
2025-07-30T08:00:00Z,118103.2,118465.8,117266.4,117542.3,9295.77
2025-07-30T12:00:00Z,117542.3,118769.0,117310.9,117991.7,14470.788
2025-07-30T16:00:00Z,117991.7,118033.4,115738.1,116873.2,26524.454
2025-07-30T20:00:00Z,116873.2,117921.1,116828.6,117781.6,8400.08
2025-07-31T00:00:00Z,117781.6,118580.0,117740.6,118444.4,8534.114
2025-07-31T04:00:00Z,118444.4,118900.0,118257.6,118646.6,5367.135
2025-07-31T08:00:00Z,118646.6,118739.2,118275.5,118346.9,4689.752
2025-07-31T12:00:00Z,118346.9,118663.3,117773.9,118273.2,13753.31
2025-07-31T16:00:00Z,118273.2,118860.0,116685.5,116709.3,19331.605
2025-07-31T20:00:00Z,116709.3,116940.0,115368.6,115680.1,19693.145
2025-08-01T00:00:00Z,115680.1,115999.9,114240.0,115590.1,22181.215
2025-08-01T04:00:00Z,115590.1,115857.2,114542.0,115012.4,11730.752
2025-08-01T08:00:00Z,115012.4,115316.1,114013.0,115239.2,14773.953
2025-08-01T12:00:00Z,115239.2,115950.0,113849.5,115288.0,29827.525
2025-08-01T16:00:00Z,115288.0,115659.3,113153.9,113283.6,26326.477
2025-08-01T20:00:00Z,113283.6,114055.5,112692.8,113248.9,18041.186
2025-08-02T00:00:00Z,113248.9,113921.5,113150.0,113863.1,5672.521
2025-08-02T04:00:00Z,113863.1,114011.4,113438.3,113934.6,6251.592
2025-08-02T08:00:00Z,113934.6,113998.0,113359.1,113755.2,5136.805
2025-08-02T12:00:00Z,113755.2,113756.2,112780.0,112816.3,7909.097
2025-08-02T16:00:00Z,112816.3,113395.3,111950.0,112194.0,18666.327
2025-08-02T20:00:00Z,112194.0,113025.4,112038.0,112518.0,9459.811
2025-08-03T00:00:00Z,112518.0,113706.0,111870.0,113562.3,9704.505
2025-08-03T04:00:00Z,113562.3,113680.6,113313.3,113662.8,3284.83
2025-08-03T08:00:00Z,113662.8,114217.0,113509.7,113812.6,6341.131
2025-08-03T12:00:00Z,113812.6,114059.9,113531.5,113892.7,5790.627
2025-08-03T16:00:00Z,113892.7,114792.7,113706.0,114253.1,6605.746
2025-08-03T20:00:00Z,114253.1,114564.3,114000.5,114147.1,4474.406
2025-08-04T00:00:00Z,114147.1,114975.3,114064.3,114522.0,6568.184
2025-08-04T04:00:00Z,114522.0,114746.7,114101.2,114615.1,4514.243
2025-08-04T08:00:00Z,114615.1,114728.2,114142.5,114445.0,5467.439
2025-08-04T12:00:00Z,114445.0,115443.5,114061.7,114746.0,21299.334
2025-08-04T16:00:00Z,114746.0,115682.8,114653.1,114716.0,10502.455
2025-08-04T20:00:00Z,114716.0,115326.7,114551.4,115006.0,6650.032
2025-08-05T00:00:00Z,115006.0,115084.2,114202.0,114212.3,6920.272
2025-08-05T04:00:00Z,114212.3,114480.0,113628.2,113925.4,9386.136
2025-08-05T08:00:00Z,113925.4,115046.8,113880.0,114782.3,8634.991
2025-08-05T12:00:00Z,114782.3,114860.0,112577.7,112882.1,25662.341
2025-08-05T16:00:00Z,112882.1,113742.4,112760.0,113582.1,9541.069
2025-08-05T20:00:00Z,113582.1,114222.6,113207.5,114079.6,6789.574
2025-08-06T00:00:00Z,114079.6,114104.7,113355.8,113469.3,4651.467
2025-08-06T04:00:00Z,113469.3,114398.6,113300.2,114180.6,6583.063
2025-08-06T08:00:00Z,114180.6,114389.9,113671.5,114185.6,6475.503
2025-08-06T12:00:00Z,114185.6,115502.6,113522.0,115360.7,21095.657
2025-08-06T16:00:00Z,115360.7,115666.3,114895.7,115198.5,8682.807
2025-08-06T20:00:00Z,115198.5,115213.8,114747.5,114943.0,4064.636
2025-08-07T00:00:00Z,114943.0,115154.4,114350.0,114498.4,6024.51
2025-08-07T04:00:00Z,114498.4,114837.8,114218.0,114747.6,5315.304
2025-08-07T08:00:00Z,114747.6,116763.6,114742.8,116446.2,20000.116
2025-08-07T12:00:00Z,116446.2,116747.8,115955.9,116629.3,13493.365
2025-08-07T16:00:00Z,116629.3,117450.0,115555.1,117380.6,16105.007
2025-08-07T20:00:00Z,117380.6,117560.0,116931.9,117399.9,8516.758
2025-08-08T00:00:00Z,117399.9,117569.1,116632.6,116686.8,7653.666
2025-08-08T04:00:00Z,116686.8,116929.8,116334.8,116776.2,5526.773
2025-08-08T08:00:00Z,116776.2,116887.4,116264.2,116859.9,5204.556
2025-08-08T12:00:00Z,116859.9,117239.4,115854.2,116157.0,12232.94
2025-08-08T16:00:00Z,116157.0,116850.0,115933.1,116367.0,9530.491
2025-08-08T20:00:00Z,116367.0,116933.6,116240.0,116625.1,4024.994
2025-08-09T00:00:00Z,116625.1,116700.0,116288.2,116322.3,2544.334
2025-08-09T04:00:00Z,116322.3,116939.0,116300.0,116703.4,6593.905
2025-08-09T08:00:00Z,116703.4,117900.0,116688.8,117058.2,14024.724
2025-08-09T12:00:00Z,117058.2,117181.9,116636.0,116827.6,7670.853
2025-08-09T16:00:00Z,116827.6,116883.7,116435.0,116496.9,4834.811
2025-08-09T20:00:00Z,116496.9,116957.2,116303.1,116406.2,5247.66
2025-08-10T00:00:00Z,116406.2,119433.6,116400.0,118488.9,21872.556
2025-08-10T04:00:00Z,118488.9,118728.5,117431.0,117784.9,12451.613
2025-08-10T08:00:00Z,117784.9,118491.0,117576.0,118324.0,7789.608
2025-08-10T12:00:00Z,118324.0,119111.9,118221.0,118776.2,10746.904
2025-08-10T16:00:00Z,118776.2,118922.4,118404.0,118634.5,3512.641
2025-08-10T20:00:00Z,118634.5,119288.0,118049.4,119271.8,12098.527
2025-08-11T00:00:00Z,119271.8,122421.0,118964.7,121709.4,31604.109
2025-08-11T04:00:00Z,121709.4,122350.2,121445.5,121530.2,14514.276
2025-08-11T08:00:00Z,121530.2,121819.1,120262.0,120540.3,16837.497
2025-08-11T12:00:00Z,120540.3,120650.0,119340.6,120274.6,24441.829
2025-08-11T16:00:00Z,120274.6,120768.0,118576.0,119052.9,22240.92
2025-08-11T20:00:00Z,119052.9,119175.3,117855.3,118679.2,12587.208
2025-08-12T00:00:00Z,118679.2,119277.0,118575.6,118844.7,5867.512
2025-08-12T04:00:00Z,118844.7,119144.4,118403.0,118948.0,6763.138
2025-08-12T08:00:00Z,118948.0,119017.9,118150.0,118457.9,9451.156
2025-08-12T12:00:00Z,118457.9,119912.1,118205.5,119888.2,32964.958
2025-08-12T16:00:00Z,119888.2,120143.0,119120.2,119610.6,12579.967
2025-08-12T20:00:00Z,119610.6,120280.0,119430.0,120090.5,11602.527
2025-08-13T00:00:00Z,120090.5,120165.8,118974.1,119460.7,13138.303
2025-08-13T04:00:00Z,119460.7,119822.3,118900.5,119555.9,9395.017
2025-08-13T08:00:00Z,119555.9,120747.0,119423.0,120572.2,12336.915
2025-08-13T12:00:00Z,120572.2,122239.3,120115.8,120920.7,40809.985
2025-08-13T16:00:00Z,120920.7,122856.0,120920.7,122748.9,18401.413
2025-08-13T20:00:00Z,122748.9,123742.2,122302.1,123348.0,19870.441
2025-08-14T00:00:00Z,123348.0,124571.2,123298.4,123400.2,16140.996
2025-08-14T04:00:00Z,123400.2,123500.0,121354.6,121772.0,20452.919
2025-08-14T08:00:00Z,121772.0,122067.4,120700.0,120974.4,14877.462
2025-08-14T12:00:00Z,120974.4,121173.0,117224.6,118199.4,64364.154
2025-08-14T16:00:00Z,118199.4,118496.4,117117.0,117915.4,17578.914
2025-08-14T20:00:00Z,117915.4,118486.1,117241.3,118250.1,9869.992
2025-08-15T00:00:00Z,118250.1,119050.0,117977.9,118933.2,5850.311
2025-08-15T04:00:00Z,118933.2,119208.0,118586.6,118942.3,7195.556
2025-08-15T08:00:00Z,118942.3,119150.0,118600.0,118973.8,5485.364
2025-08-15T12:00:00Z,118973.8,119100.0,116727.1,117224.6,27063.088
2025-08-15T16:00:00Z,117224.6,117827.0,116719.3,116875.5,12767.364
2025-08-15T20:00:00Z,116875.5,117725.8,116780.1,117280.8,7578.672
2025-08-16T00:00:00Z,117280.8,117857.2,117177.5,117390.2,4250.272
2025-08-16T04:00:00Z,117390.2,117841.3,117234.0,117547.6,3376.981
2025-08-16T08:00:00Z,117547.6,117658.4,117069.7,117340.0,4152.444
2025-08-16T12:00:00Z,117340.0,117779.4,117265.3,117627.7,3496.097
2025-08-16T16:00:00Z,117627.7,117770.5,117552.3,117603.0,1890.263
2025-08-16T20:00:00Z,117603.0,117662.8,117156.9,117327.7,2865.825
2025-08-17T00:00:00Z,117327.7,117708.0,117101.0,117628.3,2846.883
2025-08-17T04:00:00Z,117628.3,118212.1,117628.3,117944.9,4256.157
2025-08-17T08:00:00Z,117944.9,118431.5,117863.0,118258.1,3326.104
2025-08-17T12:00:00Z,118258.1,118585.7,117983.0,118199.6,5718.266
2025-08-17T16:00:00Z,118199.6,118274.8,117265.0,117545.1,6528.266
2025-08-17T20:00:00Z,117545.1,117957.0,117312.6,117355.6,3918.852
2025-08-18T00:00:00Z,117355.6,117509.6,114936.8,115268.6,23231.717
2025-08-18T04:00:00Z,115268.6,115672.0,114828.9,115155.6,10307.804
2025-08-18T08:00:00Z,115155.6,115362.8,114577.7,114893.0,8665.426
2025-08-18T12:00:00Z,114893.0,116120.0,114719.6,116082.5,14008.484
2025-08-18T16:00:00Z,116082.5,116761.4,115745.9,116263.9,12676.377
2025-08-18T20:00:00Z,116263.9,116945.3,115924.7,116168.0,6619.655
2025-08-19T00:00:00Z,116168.0,116681.9,114718.5,114750.6,12108.017
2025-08-19T04:00:00Z,114750.6,115432.4,114292.4,114921.2,11166.478
2025-08-19T08:00:00Z,114921.2,115599.0,114738.6,115462.4,5747.808
2025-08-19T12:00:00Z,115462.4,115838.9,113483.4,113728.0,26110.416
2025-08-19T16:00:00Z,113728.0,113830.0,112712.2,113078.1,16031.802
2025-08-19T20:00:00Z,113078.1,113543.6,112673.0,112825.7,7346.661
2025-08-20T00:00:00Z,112825.7,113609.8,112520.0,113483.2,7862.551
2025-08-20T04:00:00Z,113483.2,113817.5,113392.3,113453.9,4381.512
2025-08-20T08:00:00Z,113453.9,114019.7,113010.1,113641.9,9305.757
2025-08-20T12:00:00Z,113641.9,114287.0,112286.8,113314.5,23512.766
2025-08-20T16:00:00Z,113314.5,114416.0,113194.3,114231.5,15244.726
2025-08-20T20:00:00Z,114231.5,114567.0,113939.1,114217.4,5667.442
2025-08-21T00:00:00Z,114217.4,114783.7,113784.4,113917.6,6654.078
2025-08-21T04:00:00Z,113917.6,113991.1,113522.0,113854.5,5766.29
2025-08-21T08:00:00Z,113854.5,113957.1,112945.6,113104.6,6342.487
2025-08-21T12:00:00Z,113104.6,113945.7,112550.0,112745.8,14373.09
2025-08-21T16:00:00Z,112745.8,112938.6,111945.2,112146.2,14524.604
2025-08-21T20:00:00Z,112146.2,112835.1,112009.1,112462.7,8756.412
2025-08-22T00:00:00Z,112462.7,113499.9,112277.2,112903.7,9363.3
2025-08-22T04:00:00Z,112903.7,113364.4,112667.8,113050.8,5809.095
2025-08-22T08:00:00Z,113050.8,113280.0,112137.8,112280.0,7320.209
2025-08-22T12:00:00Z,112280.0,117276.2,111618.8,116313.7,62201.895
2025-08-22T16:00:00Z,116313.7,117374.5,116042.1,116604.4,19276.893
2025-08-22T20:00:00Z,116604.4,117144.6,116518.3,116899.8,6878.312
2025-08-23T00:00:00Z,116899.8,116998.0,115432.0,115530.1,10243.135
2025-08-23T04:00:00Z,115530.1,116000.0,115503.9,115788.4,4884.633
2025-08-23T08:00:00Z,115788.4,115861.5,115180.0,115270.0,4642.707
2025-08-23T12:00:00Z,115270.0,115457.9,114504.7,114792.4,13557.75
2025-08-23T16:00:00Z,114792.4,115206.5,114660.9,115136.8,5193.9
2025-08-23T20:00:00Z,115136.8,115413.0,114985.8,115404.8,2452.561
2025-08-24T00:00:00Z,115404.8,115656.7,114943.1,115042.5,5591.194
2025-08-24T04:00:00Z,115042.5,115284.5,114846.0,114880.7,3040.78
2025-08-24T08:00:00Z,114880.7,115078.1,114602.0,114745.2,4757.169
2025-08-24T12:00:00Z,114745.2,114887.8,114312.8,114420.1,8162.381
2025-08-24T16:00:00Z,114420.1,114950.0,110551.0,112595.1,39417.701
2025-08-24T20:00:00Z,112595.1,113677.4,111626.0,113474.8,16230.964
2025-08-25T00:00:00Z,113474.8,113649.9,112133.4,112890.0,11480.902
2025-08-25T04:00:00Z,112890.0,113040.0,111257.5,111466.7,18341.951
2025-08-25T08:00:00Z,111466.7,111828.8,110906.9,111199.9,16415.604
2025-08-25T12:00:00Z,111199.9,112576.5,110552.0,112172.3,20922.524
2025-08-25T16:00:00Z,112172.3,112945.4,110600.0,110664.1,16697.041
2025-08-25T20:00:00Z,110664.1,111083.0,109222.6,110069.7,31922.271
2025-08-26T00:00:00Z,110069.7,110069.7,108669.0,109846.0,17172.018
2025-08-26T04:00:00Z,109846.0,110499.9,109706.1,110259.1,8944.842
2025-08-26T08:00:00Z,110259.1,110415.4,109527.9,109853.0,8237.502
2025-08-26T12:00:00Z,109853.0,110793.1,109334.2,109623.0,21147.404
2025-08-26T16:00:00Z,109623.0,111120.5,109412.5,111086.2,11713.07
2025-08-26T20:00:00Z,111086.2,112342.4,110874.0,111723.1,10519.732
2025-08-27T00:00:00Z,111723.1,111801.0,110877.7,111387.5,7700.0
2025-08-27T04:00:00Z,111387.5,111699.6,110582.7,110686.0,6311.701
2025-08-27T08:00:00Z,110686.0,111330.6,110312.1,111265.0,6370.653
2025-08-27T12:00:00Z,111265.0,112589.9,110951.4,111961.2,16796.74
2025-08-27T16:00:00Z,111961.2,112588.0,111500.0,112037.4,9320.484
2025-08-27T20:00:00Z,112037.4,112444.2,110823.9,111184.3,16618.977
2025-08-28T00:00:00Z,111184.3,111990.2,110781.5,111945.9,5995.346
2025-08-28T04:00:00Z,111945.9,113345.4,111888.3,113077.0,11921.362
2025-08-28T08:00:00Z,113077.0,113310.0,112772.9,112880.2,5509.586
2025-08-28T12:00:00Z,112880.2,113433.0,112330.1,112620.5,13659.199
2025-08-28T16:00:00Z,112620.5,113150.0,111828.0,111842.6,10858.508
2025-08-28T20:00:00Z,111842.6,112538.3,111810.1,112511.4,6012.781
2025-08-29T00:00:00Z,112511.4,112616.4,111250.0,111642.0,9685.155
2025-08-29T04:00:00Z,111642.0,111800.0,109832.5,109946.7,14493.587
2025-08-29T08:00:00Z,109946.7,110220.0,109346.7,110039.5,12848.76
2025-08-29T12:00:00Z,110039.5,111490.7,108063.3,108336.7,35863.268
2025-08-29T16:00:00Z,108336.7,108788.0,107888.0,108180.8,11317.474
2025-08-29T20:00:00Z,108180.8,108530.4,107432.6,108355.3,11344.374
2025-08-30T00:00:00Z,108355.3,108398.0,107300.0,108393.9,7674.033
2025-08-30T04:00:00Z,108393.9,108637.8,108075.0,108466.8,5141.158
2025-08-30T08:00:00Z,108466.8,108739.5,108376.0,108652.3,3958.408
2025-08-30T12:00:00Z,108652.3,108902.3,108176.0,108834.7,6451.695
2025-08-30T16:00:00Z,108834.7,108900.0,108583.3,108814.5,3096.432
2025-08-30T20:00:00Z,108814.5,108821.0,108436.9,108780.7,2932.073
2025-08-31T00:00:00Z,108780.7,109444.0,108763.9,109179.3,6424.515
2025-08-31T04:00:00Z,109179.3,109191.1,108455.0,108640.4,4888.834
2025-08-31T08:00:00Z,108640.4,109065.4,108237.1,108335.0,7315.783
2025-08-31T12:00:00Z,108335.0,108814.7,108135.9,108750.0,5937.996
2025-08-31T16:00:00Z,108750.0,109197.5,108485.3,108887.9,4796.621
2025-08-31T20:00:00Z,108887.9,109199.1,108008.4,108200.0,7353.855
2025-09-01T00:00:00Z,108200.0,108447.3,107340.0,107607.5,13245.115
2025-09-01T04:00:00Z,107607.5,109394.5,107202.0,109390.0,14153.699
2025-09-01T08:00:00Z,109390.0,109872.8,108150.0,108741.7,17602.001
2025-09-01T12:00:00Z,108741.7,109491.4,108529.5,108749.1,11993.682
2025-09-01T16:00:00Z,108749.1,109300.0,108351.0,109188.4,6826.951
2025-09-01T20:00:00Z,109188.4,109423.4,107408.0,109191.8,16252.206
2025-09-02T00:00:00Z,109191.8,110595.0,108850.0,110302.8,12754.642
2025-09-02T04:00:00Z,110302.8,110590.0,109953.0,110200.0,6180.443
2025-09-02T08:00:00Z,110200.0,110767.0,109518.1,109700.0,9746.668
2025-09-02T12:00:00Z,109700.0,111730.0,108320.7,110793.9,40130.691
2025-09-02T16:00:00Z,110793.9,111102.5,110142.0,110746.8,10544.822
2025-09-02T20:00:00Z,110746.8,111534.0,110655.6,111217.7,8778.065
2025-09-03T00:00:00Z,111217.7,111771.6,110851.8,111001.4,7300.071
2025-09-03T04:00:00Z,111001.4,111138.6,110476.8,111050.2,4981.308
2025-09-03T08:00:00Z,111050.2,111680.0,110854.0,111400.9,7295.342
2025-09-03T12:00:00Z,111400.9,112500.0,110985.9,112189.0,24287.115
2025-09-03T16:00:00Z,112189.0,112557.0,111640.0,112146.0,9191.479
2025-09-03T20:00:00Z,112146.0,112219.9,111546.8,111661.8,3539.461
2025-09-04T00:00:00Z,111661.8,112138.3,111089.0,111110.0,8754.449
2025-09-04T04:00:00Z,111110.0,111285.9,110208.8,110413.7,13294.02
2025-09-04T08:00:00Z,110413.7,111107.6,110364.8,110760.6,6766.661
2025-09-04T12:00:00Z,110760.6,111081.4,109276.7,109450.1,19907.769
2025-09-04T16:00:00Z,109450.1,110161.6,109300.0,109747.1,10336.928
2025-09-04T20:00:00Z,109747.1,111753.6,109693.7,110685.5,10721.917
2025-09-05T00:00:00Z,110685.5,111450.0,110402.2,111276.1,8558.507
2025-09-05T04:00:00Z,111276.1,112985.7,111100.1,112913.0,14441.047
2025-09-05T08:00:00Z,112913.0,112959.0,112100.0,112300.1,9787.327
2025-09-05T12:00:00Z,112300.1,113369.4,110211.8,110659.7,55275.076
2025-09-05T16:00:00Z,110659.7,111569.2,110155.0,111550.2,12362.462
2025-09-05T20:00:00Z,111550.2,111660.7,110282.7,110623.1,12652.42
2025-09-06T00:00:00Z,110623.1,111258.0,110505.4,111048.0,3434.525
2025-09-06T04:00:00Z,111048.0,111048.1,110646.4,110771.0,2535.333
2025-09-06T08:00:00Z,110771.0,110903.0,110604.2,110725.5,2440.559
2025-09-06T12:00:00Z,110725.5,110932.6,110300.0,110339.4,3589.18
2025-09-06T16:00:00Z,110339.4,110363.0,109888.0,110000.0,8197.439
2025-09-06T20:00:00Z,110000.0,110234.4,109984.3,110131.5,2152.336
2025-09-07T00:00:00Z,110131.5,110723.9,110119.4,110595.6,4214.41
2025-09-07T04:00:00Z,110595.6,110873.7,110416.9,110715.8,3969.393
2025-09-07T08:00:00Z,110715.8,111317.7,110673.1,111248.3,6327.095
2025-09-07T12:00:00Z,111248.3,111365.0,110994.4,111290.0,3301.925
2025-09-07T16:00:00Z,111290.0,111336.8,110812.4,111220.1,4175.036
2025-09-07T20:00:00Z,111220.1,111558.0,110952.5,111086.7,4743.632
2025-09-08T00:00:00Z,111086.7,111346.4,110555.3,110999.6,10760.518
2025-09-08T04:00:00Z,110999.6,111555.0,110844.0,111229.9,5381.156
2025-09-08T08:00:00Z,111229.9,112147.7,111190.1,112020.1,12431.365
2025-09-08T12:00:00Z,112020.1,112871.4,111832.0,112587.3,14637.27
2025-09-08T16:00:00Z,112587.3,112630.0,111910.0,112036.8,8621.971
2025-09-08T20:00:00Z,112036.8,112470.1,111832.6,112011.3,4468.694
2025-09-09T00:00:00Z,112011.3,112056.9,111059.9,111641.8,13611.691
2025-09-09T04:00:00Z,111641.8,113238.1,111551.0,112958.4,15239.682
2025-09-09T08:00:00Z,112958.4,113137.7,112354.7,112388.7,6495.609
2025-09-09T12:00:00Z,112388.7,112900.0,110706.4,110821.8,25819.943
2025-09-09T16:00:00Z,110821.8,111346.1,110713.2,111232.9,7939.564
2025-09-09T20:00:00Z,111232.9,111698.0,111021.6,111500.0,6835.215
2025-09-10T00:00:00Z,111500.0,111550.0,110865.0,111506.3,7341.947
2025-09-10T04:00:00Z,111506.3,112542.7,111255.8,112486.6,10672.874
2025-09-10T08:00:00Z,112486.6,112812.3,112045.6,112267.2,10517.78
2025-09-10T12:00:00Z,112267.2,114250.0,112262.9,113811.9,32925.382
2025-09-10T16:00:00Z,113811.9,114035.0,113100.0,113514.1,11612.872
2025-09-10T20:00:00Z,113514.1,113969.0,113464.0,113890.0,7270.586
2025-09-11T00:00:00Z,113890.0,114394.7,113608.1,114340.9,6229.538
2025-09-11T04:00:00Z,114340.9,114414.6,113895.1,114039.0,7763.66
2025-09-11T08:00:00Z,114039.0,114152.1,113710.1,113965.1,7894.003
2025-09-11T12:00:00Z,113965.1,114709.0,113242.0,114117.6,34381.165
2025-09-11T16:00:00Z,114117.6,114572.5,114046.8,114369.0,6116.956
2025-09-11T20:00:00Z,114369.0,115446.1,114183.0,115440.1,11134.668
2025-09-12T00:00:00Z,115440.1,116249.9,115001.0,115138.7,17808.696
2025-09-12T04:00:00Z,115138.7,115620.2,115043.4,115056.6,7516.81
2025-09-12T08:00:00Z,115056.6,115240.0,114834.4,114885.7,7121.842
2025-09-12T12:00:00Z,114885.7,115441.9,114700.8,115061.8,10748.814
2025-09-12T16:00:00Z,115061.8,116600.0,114974.4,116560.0,14612.311
2025-09-12T20:00:00Z,116560.0,116560.1,115630.5,115972.0,9527.769
2025-09-13T00:00:00Z,115972.0,116222.0,115451.5,115907.8,7135.216
2025-09-13T04:00:00Z,115907.8,115907.9,115594.0,115713.7,3240.675
2025-09-13T08:00:00Z,115713.7,116147.1,115709.7,115923.7,4569.561
2025-09-13T12:00:00Z,115923.7,116012.1,115561.2,115729.5,5177.038
2025-09-13T16:00:00Z,115729.5,115775.6,114978.2,115733.2,10478.453
2025-09-13T20:00:00Z,115733.2,115972.2,115693.4,115849.6,4472.572
2025-09-14T00:00:00Z,115849.6,116057.7,115581.5,115617.2,5017.103
2025-09-14T04:00:00Z,115617.2,115889.8,115380.0,115737.0,5523.082
2025-09-14T08:00:00Z,115737.0,116117.8,115690.0,115750.0,4415.258
2025-09-14T12:00:00Z,115750.0,115820.7,115100.0,115167.0,8881.464
2025-09-14T16:00:00Z,115167.0,115617.6,115135.3,115593.0,3680.787
2025-09-14T20:00:00Z,115593.0,116049.9,115060.1,115214.4,7171.536
2025-09-15T00:00:00Z,115214.4,115530.0,114741.6,115381.9,8430.524
2025-09-15T04:00:00Z,115381.9,116761.3,115340.0,115770.0,18635.998
2025-09-15T08:00:00Z,115770.0,115775.6,114526.9,115006.0,16788.03
2025-09-15T12:00:00Z,115006.0,115049.2,114316.3,114801.3,14245.806
2025-09-15T16:00:00Z,114801.3,115551.2,114524.7,115259.9,10211.671
2025-09-15T20:00:00Z,115259.9,115570.2,115158.0,115315.6,3302.903
2025-09-16T00:00:00Z,115315.6,115481.7,114888.0,115268.4,4804.093
2025-09-16T04:00:00Z,115268.4,115982.1,114894.6,115796.4,8871.887
2025-09-16T08:00:00Z,115796.4,115949.0,115134.1,115225.1,6433.919
2025-09-16T12:00:00Z,115225.1,115870.0,114688.0,115869.9,15104.354
2025-09-16T16:00:00Z,115869.9,116883.6,115561.8,116753.3,17348.454
2025-09-16T20:00:00Z,116753.3,116947.3,116547.6,116748.9,6171.927
2025-09-17T00:00:00Z,116748.9,117050.0,116298.4,116300.3,6086.511
2025-09-17T04:00:00Z,116300.3,117239.5,116100.0,117118.2,11250.753
2025-09-17T08:00:00Z,117118.2,117146.8,116200.0,116203.2,8679.868
2025-09-17T12:00:00Z,116203.2,116489.0,115337.8,115822.7,16059.675
2025-09-17T16:00:00Z,115822.7,116266.0,114710.0,115610.1,37253.043
2025-09-17T20:00:00Z,115610.1,116950.0,115271.4,116400.2,11527.13
2025-09-18T00:00:00Z,116400.2,117864.0,115980.1,117560.1,16953.706
2025-09-18T04:00:00Z,117560.1,117735.8,116859.0,117031.2,8682.884
2025-09-18T08:00:00Z,117031.2,117400.0,116955.0,117026.5,5091.974
2025-09-18T12:00:00Z,117026.5,117800.0,116920.0,117536.4,13605.449
2025-09-18T16:00:00Z,117536.4,117884.0,117081.8,117404.7,9078.561
2025-09-18T20:00:00Z,117404.7,117620.1,116557.9,117023.5,9607.42
2025-09-19T00:00:00Z,117023.5,117417.6,116809.1,116923.8,5994.872
2025-09-19T04:00:00Z,116923.8,117061.6,116575.0,116856.1,6672.687
2025-09-19T08:00:00Z,116856.1,117058.9,116237.7,116332.2,7611.82
2025-09-19T12:00:00Z,116332.2,116493.4,115408.0,115816.0,15004.747
2025-09-19T16:00:00Z,115816.0,116100.0,115050.0,115069.5,8210.248
2025-09-19T20:00:00Z,115069.5,115614.6,115035.0,115572.9,3928.015
2025-09-20T00:00:00Z,115572.9,115692.8,115360.0,115406.2,2957.473
2025-09-20T04:00:00Z,115406.2,115942.0,115366.1,115928.6,3292.013
2025-09-20T08:00:00Z,115928.6,115931.2,115606.0,115843.7,3103.5
2025-09-20T12:00:00Z,115843.7,116093.6,115755.1,115958.3,2888.104
2025-09-20T16:00:00Z,115958.3,116050.0,115634.1,115634.1,2980.05
2025-09-20T20:00:00Z,115634.1,115896.2,115558.2,115628.9,1611.906
2025-09-21T00:00:00Z,115628.9,115680.6,115390.0,115625.0,2592.303
2025-09-21T04:00:00Z,115625.0,115775.0,115454.9,115775.0,2006.946
2025-09-21T08:00:00Z,115775.0,115779.6,115260.1,115564.4,3146.672
2025-09-21T12:00:00Z,115564.4,115717.8,115414.0,115466.4,2175.992
2025-09-21T16:00:00Z,115466.4,115623.8,115117.3,115430.0,6123.735
2025-09-21T20:00:00Z,115430.0,115507.4,115140.0,115173.4,3860.689
2025-09-22T00:00:00Z,115173.4,115340.2,114079.8,114609.7,18102.809
2025-09-22T04:00:00Z,114609.7,114618.1,111500.0,112458.5,37434.71
2025-09-22T08:00:00Z,112458.5,112914.6,112111.2,112810.9,11107.723
2025-09-22T12:00:00Z,112810.9,113380.1,112307.0,112764.2,14871.202
2025-09-22T16:00:00Z,112764.2,112833.4,111892.0,112058.8,8819.87
2025-09-22T20:00:00Z,112058.8,112936.6,111918.4,112600.7,5633.801
2025-09-23T00:00:00Z,112600.7,112782.6,111410.0,112283.5,10117.131
2025-09-23T04:00:00Z,112283.5,113076.8,111800.0,113025.0,9810.654
2025-09-23T08:00:00Z,113025.0,113200.0,112616.6,112924.9,7415.94
2025-09-23T12:00:00Z,112924.9,113247.1,112424.9,112819.7,11339.71
2025-09-23T16:00:00Z,112819.7,112900.0,111471.0,111590.0,13182.788
2025-09-23T20:00:00Z,111590.0,112179.6,111350.7,111937.5,6189.678
2025-09-24T00:00:00Z,111937.5,112444.0,111603.3,111627.3,9147.227
2025-09-24T04:00:00Z,111627.3,112739.5,110904.2,112537.6,14337.704
2025-09-24T08:00:00Z,112537.6,113122.4,112330.3,112977.4,7061.434
2025-09-24T12:00:00Z,112977.4,113850.0,112750.1,113300.0,16782.779
2025-09-24T16:00:00Z,113300.0,113900.0,113100.5,113370.0,7681.941
2025-09-24T20:00:00Z,113370.0,113595.0,113154.8,113255.5,3441.296
2025-09-25T00:00:00Z,113255.5,113457.3,112103.6,112476.1,13883.704
2025-09-25T04:00:00Z,112476.1,112566.7,111373.6,111719.9,13887.543
2025-09-25T08:00:00Z,111719.9,112199.0,111181.3,111289.1,9116.482
2025-09-25T12:00:00Z,111289.1,111683.8,110517.0,111537.1,27809.11
2025-09-25T16:00:00Z,111537.1,111625.5,108560.0,109332.3,31450.077
2025-09-25T20:00:00Z,109332.3,109637.0,108676.7,108931.3,10307.936
2025-09-26T00:00:00Z,108931.3,109764.0,108738.7,109524.6,8893.618
2025-09-26T04:00:00Z,109524.6,109593.5,108833.4,109254.9,9010.169
2025-09-26T08:00:00Z,109254.9,109651.7,108550.0,109080.7,10058.867
2025-09-26T12:00:00Z,109080.7,109758.0,108700.0,108972.0,15269.006
2025-09-26T16:00:00Z,108972.0,110255.6,108951.5,109111.5,13196.803
2025-09-26T20:00:00Z,109111.5,109640.0,109033.2,109592.1,4643.722
2025-09-27T00:00:00Z,109592.1,109710.9,109261.6,109501.3,4933.049
2025-09-27T04:00:00Z,109501.3,109689.2,109286.9,109359.2,2311.744
2025-09-27T08:00:00Z,109359.2,109442.5,108988.0,109276.1,4641.913
2025-09-27T12:00:00Z,109276.1,109434.0,109113.9,109342.4,3050.489
2025-09-27T16:00:00Z,109342.4,109400.6,109190.2,109380.0,2219.197
2025-09-27T20:00:00Z,109380.0,109665.5,109296.3,109585.6,2359.515
2025-09-28T00:00:00Z,109585.6,109747.0,109271.0,109395.1,4147.366
2025-09-28T04:00:00Z,109395.1,109509.4,109180.7,109469.8,1967.182
2025-09-28T08:00:00Z,109469.8,109549.0,109180.7,109325.7,5106.828
2025-09-28T12:00:00Z,109325.7,110000.0,109133.8,109990.9,6439.838
2025-09-28T16:00:00Z,109990.9,110355.0,109965.2,110302.9,5917.69
2025-09-28T20:00:00Z,110302.9,112345.9,110242.0,112133.5,15317.63
2025-09-29T00:00:00Z,112133.5,112282.3,111534.8,111825.9,8902.918
2025-09-29T04:00:00Z,111825.9,111855.6,111487.2,111820.2,5668.647
2025-09-29T08:00:00Z,111820.2,112415.9,111818.1,112065.9,7436.562
2025-09-29T12:00:00Z,112065.9,114199.5,111864.0,113762.5,25200.169
2025-09-29T16:00:00Z,113762.5,114350.0,113409.4,114208.6,9492.35
2025-09-29T20:00:00Z,114208.6,114377.1,113957.1,114251.4,4862.841
2025-09-30T00:00:00Z,114251.4,114825.7,113970.5,114311.2,9023.73
2025-09-30T04:00:00Z,114311.2,114311.3,113530.0,113661.6,8402.876
2025-09-30T08:00:00Z,113661.6,113699.4,112603.9,112992.0,13070.582
2025-09-30T12:00:00Z,112992.0,113630.0,112788.0,113063.4,12849.302
2025-09-30T16:00:00Z,113063.4,114522.0,112726.8,114314.7,11490.975
2025-09-30T20:00:00Z,114314.7,114751.4,113716.8,114013.8,10164.905
2025-10-01T00:00:00Z,114013.8,114523.9,113913.8,114134.1,8514.401
2025-10-01T04:00:00Z,114134.1,114700.0,114079.1,114493.4,7869.533
2025-10-01T08:00:00Z,114493.4,116759.9,114435.0,116730.0,30615.837
2025-10-01T12:00:00Z,116730.0,117605.4,116300.0,117367.5,16710.362
2025-10-01T16:00:00Z,117367.5,118150.0,116678.7,117369.3,15336.474
2025-10-01T20:00:00Z,117369.3,118644.0,117101.0,118555.4,11677.829
2025-10-02T00:00:00Z,118555.4,119416.0,118331.2,118688.5,16596.443
2025-10-02T04:00:00Z,118688.5,118902.8,118202.7,118443.6,8798.882
2025-10-02T08:00:00Z,118443.6,118920.8,118291.1,118703.9,5907.17
2025-10-02T12:00:00Z,118703.9,119872.3,118445.0,119865.8,28684.202
2025-10-02T16:00:00Z,119865.8,120994.2,119284.6,120776.6,24736.882
2025-10-02T20:00:00Z,120776.6,120861.9,120002.0,120484.0,8263.312
2025-10-03T00:00:00Z,120484.0,120506.0,119736.7,120168.9,7470.901
2025-10-03T04:00:00Z,120168.9,120276.8,119556.9,119584.8,7212.331
2025-10-03T08:00:00Z,119584.8,120468.7,119160.0,120287.0,9792.522
2025-10-03T12:00:00Z,120287.0,122333.0,119805.0,122222.9,23230.569
2025-10-03T16:00:00Z,122222.9,123858.6,121420.5,122590.0,48849.484
2025-10-03T20:00:00Z,122590.0,122669.0,121934.0,122180.2,5593.236
2025-10-04T00:00:00Z,122180.2,122330.7,121628.0,122182.8,6110.615
2025-10-04T04:00:00Z,122182.8,122767.7,122160.3,122258.6,6163.078
2025-10-04T08:00:00Z,122258.6,122495.6,121884.2,121914.5,4944.123
2025-10-04T12:00:00Z,121914.5,122490.4,121648.6,121754.7,7556.227
2025-10-04T16:00:00Z,121754.7,121922.0,121472.9,121921.9,5157.92
2025-10-04T20:00:00Z,121921.9,122380.0,121828.0,122359.3,3758.241
2025-10-05T00:00:00Z,122359.3,124384.4,122082.6,123730.2,19733.433
2025-10-05T04:00:00Z,123730.2,125849.7,123683.0,124682.8,29576.209
2025-10-05T08:00:00Z,124682.8,124815.7,122461.7,123414.4,26607.863
2025-10-05T12:00:00Z,123414.4,123414.5,122601.8,122753.1,8824.977
2025-10-05T16:00:00Z,122753.1,123483.0,122104.0,122543.9,12575.617
2025-10-05T20:00:00Z,122543.9,123577.6,122418.7,123447.9,5971.852
2025-10-06T00:00:00Z,123447.9,124331.0,122989.1,123783.1,19747.88
2025-10-06T04:00:00Z,123783.1,124140.7,123230.0,123344.1,9047.359
2025-10-06T08:00:00Z,123344.1,124535.7,123344.1,124165.7,9714.79
2025-10-06T12:00:00Z,124165.7,125396.8,124117.3,124944.7,19962.539
2025-10-06T16:00:00Z,124944.7,126150.0,124750.0,125329.4,21101.736
2025-10-06T20:00:00Z,125329.4,125482.5,124403.3,124606.1,9562.079
2025-10-07T00:00:00Z,124606.1,125029.2,124022.9,124246.9,9480.894
2025-10-07T04:00:00Z,124246.9,124625.0,123500.0,123614.0,11000.548
2025-10-07T08:00:00Z,123614.0,124460.6,123200.1,124389.6,10412.906
2025-10-07T12:00:00Z,124389.6,125114.2,121089.5,121817.0,43747.157
2025-10-07T16:00:00Z,121817.0,122120.0,120545.0,121609.6,27359.661
2025-10-07T20:00:00Z,121609.6,122270.0,121213.0,121299.4,9548.332
2025-10-08T00:00:00Z,121299.4,122200.0,121157.6,121335.4,9331.319
2025-10-08T04:00:00Z,121335.4,121869.2,121000.0,121564.1,7829.227
2025-10-08T08:00:00Z,121564.1,123184.3,121482.7,122842.1,12053.774
2025-10-08T12:00:00Z,122842.1,123349.0,121615.6,122129.3,25963.524
2025-10-08T16:00:00Z,122129.3,124162.5,122053.0,123385.8,19300.574
2025-10-08T20:00:00Z,123385.8,123667.0,122689.1,123245.3,6329.416
2025-10-09T00:00:00Z,123245.3,123291.3,121401.6,121992.2,13027.861
2025-10-09T04:00:00Z,121992.2,122222.8,121633.8,121847.6,5906.04
2025-10-09T08:00:00Z,121847.6,122787.0,121080.0,122677.0,12901.394
2025-10-09T12:00:00Z,122677.0,123733.9,120612.8,121083.4,37163.038
2025-10-09T16:00:00Z,121083.4,121428.3,119574.0,120901.1,26049.226
2025-10-09T20:00:00Z,120901.1,121747.3,120800.0,121603.0,6431.11
2025-10-10T00:00:00Z,121603.0,121849.7,120882.0,121001.7,7556.49
2025-10-10T04:00:00Z,121001.7,121740.0,120822.0,120903.7,7419.242
2025-10-10T08:00:00Z,120903.7,121744.9,120869.2,121496.2,5374.804
2025-10-10T12:00:00Z,121496.2,122490.0,118400.0,118962.9,42294.522
2025-10-10T16:00:00Z,118962.9,119400.3,115900.0,116606.5,43412.453
2025-10-10T20:00:00Z,116606.5,117336.0,101045.9,112732.5,163143.487
2025-10-11T00:00:00Z,112732.5,113279.8,110930.2,112266.0,29134.238
2025-10-11T04:00:00Z,112266.0,112930.8,110050.0,110359.6,17330.007
2025-10-11T08:00:00Z,110359.6,112331.7,110104.0,112238.0,13006.189
2025-10-11T12:00:00Z,112238.0,112496.7,111724.3,111740.0,7841.59
2025-10-11T16:00:00Z,111740.0,112156.4,110790.2,111125.5,9175.397
2025-10-11T20:00:00Z,111125.5,111300.8,109453.4,110599.9,11673.5
2025-10-12T00:00:00Z,110599.9,111352.3,109503.2,110637.8,14757.592
2025-10-12T04:00:00Z,110637.8,112122.4,110556.0,111466.7,9136.104
2025-10-12T08:00:00Z,111466.7,112086.3,111081.0,111786.1,5998.425
2025-10-12T12:00:00Z,111786.1,113749.2,111121.0,113166.2,28364.614
2025-10-12T16:00:00Z,113166.2,114700.0,113166.2,114298.3,22492.271
2025-10-12T20:00:00Z,114298.3,115749.0,114203.9,114908.5,17617.641
2025-10-13T00:00:00Z,114908.5,115950.6,114582.2,114792.2,10609.055
2025-10-13T04:00:00Z,114792.2,115539.8,114320.9,115349.9,9940.499
2025-10-13T08:00:00Z,115349.9,115404.4,113526.4,114139.1,12640.863
2025-10-13T12:00:00Z,114139.1,115517.9,113707.1,114267.5,26449.121
2025-10-13T16:00:00Z,114267.5,115855.3,114150.3,115750.0,14412.388
2025-10-13T20:00:00Z,115750.0,115838.8,114951.1,115116.7,6598.522
2025-10-14T00:00:00Z,115116.7,115370.5,113188.1,113430.4,13606.169
2025-10-14T04:00:00Z,113430.4,113641.2,111200.0,111659.1,31181.725
2025-10-14T08:00:00Z,111659.1,112091.8,109947.4,111245.8,24486.316
2025-10-14T12:00:00Z,111245.8,112885.0,109800.0,112862.2,33062.182
2025-10-14T16:00:00Z,112862.2,113499.9,111659.0,112544.7,28582.706
2025-10-14T20:00:00Z,112544.7,113550.0,112139.0,112972.1,9488.371
2025-10-15T00:00:00Z,112972.1,113590.0,111752.7,111967.7,10989.196
2025-10-15T04:00:00Z,111967.7,112635.0,111683.0,112524.2,8680.823
2025-10-15T08:00:00Z,112524.2,113470.0,111635.3,111839.9,13845.479
2025-10-15T12:00:00Z,111839.9,112200.0,110308.1,110748.0,23673.979
2025-10-15T16:00:00Z,110748.0,111525.3,110072.8,111210.1,11450.604
2025-10-15T20:00:00Z,111210.1,111512.8,110413.8,110705.3,9796.503
2025-10-16T00:00:00Z,110705.3,111832.0,110281.6,111288.3,7947.484
2025-10-16T04:00:00Z,111288.3,111733.1,110500.0,110516.3,9342.225
2025-10-16T08:00:00Z,110516.3,111686.4,109533.0,111359.7,18501.506
2025-10-16T12:00:00Z,111359.7,111962.3,108270.0,108463.5,34419.27
2025-10-16T16:00:00Z,108463.5,109255.8,107500.3,108151.5,30663.09
2025-10-16T20:00:00Z,108151.5,108468.8,107362.1,108137.8,10186.579
2025-10-17T00:00:00Z,108137.8,109199.3,107875.3,109127.4,8109.088
2025-10-17T04:00:00Z,109127.4,109186.3,105403.3,105561.6,25532.369
2025-10-17T08:00:00Z,105561.6,106573.9,103437.4,105628.3,42946.425
2025-10-17T12:00:00Z,105628.3,106790.9,104431.7,106729.6,28925.982
2025-10-17T16:00:00Z,106729.6,107584.5,106010.0,106403.5,18227.773
2025-10-17T20:00:00Z,106403.5,107400.6,106294.6,106364.6,7769.299
2025-10-18T00:00:00Z,106364.6,107252.0,106259.7,107017.9,6894.084
2025-10-18T04:00:00Z,107017.9,107476.5,106383.6,106653.5,8828.882
2025-10-18T08:00:00Z,106653.5,107194.2,106567.0,107162.5,4827.042
2025-10-18T12:00:00Z,107162.5,107273.0,106674.5,106894.6,4427.763
2025-10-18T16:00:00Z,106894.6,107070.5,106430.6,107025.8,3562.402
2025-10-18T20:00:00Z,107025.8,107314.4,106790.0,107122.2,2898.265
2025-10-19T00:00:00Z,107122.2,107335.8,106688.2,107224.7,3802.657
2025-10-19T04:00:00Z,107224.7,107246.8,106500.0,106737.6,3899.543
2025-10-19T08:00:00Z,106737.6,108200.0,106060.3,107749.3,21255.176
2025-10-19T12:00:00Z,107749.3,108593.3,107322.6,108448.1,9288.79
2025-10-19T16:00:00Z,108448.1,109434.5,108188.0,108852.3,9701.334
2025-10-19T20:00:00Z,108852.3,109360.0,108347.4,108597.3,6214.009
2025-10-20T00:00:00Z,108597.3,110423.0,107373.7,110098.3,18887.106
2025-10-20T04:00:00Z,110098.3,111380.9,109878.8,111148.6,15690.809
2025-10-20T08:00:00Z,111148.6,111644.2,110589.8,110986.2,11069.134
2025-10-20T12:00:00Z,110986.2,111692.3,110537.8,111105.5,13378.796
2025-10-20T16:00:00Z,111105.5,111303.8,109785.0,110755.0,19222.875
2025-10-20T20:00:00Z,110755.0,111238.6,110366.0,110490.0,4941.752
2025-10-21T00:00:00Z,110490.0,110508.0,109023.0,109023.1,11603.173
2025-10-21T04:00:00Z,109023.1,109023.1,107412.1,108022.4,22085.649
2025-10-21T08:00:00Z,108022.4,108780.0,107429.9,108522.0,11550.559
2025-10-21T12:00:00Z,108522.0,113546.0,107779.7,113400.0,49459.507
2025-10-21T16:00:00Z,113400.0,114000.0,111250.8,111736.4,27907.109
2025-10-21T20:00:00Z,111736.4,111759.6,107806.8,108240.1,29748.309
2025-10-22T00:00:00Z,108240.1,108646.6,107769.0,108163.1,11266.519
2025-10-22T04:00:00Z,108163.1,108600.0,107523.1,108280.0,10513.677
2025-10-22T08:00:00Z,108280.0,108328.7,106588.0,107484.7,18770.194
2025-10-22T12:00:00Z,107484.7,109273.7,107385.8,108364.9,39209.778
2025-10-22T16:00:00Z,108364.9,108780.1,107394.7,107824.1,15482.232
2025-10-22T20:00:00Z,107824.1,108035.8,106625.8,107522.8,15720.94
2025-10-23T00:00:00Z,107522.8,108685.4,107456.7,108341.3,9105.385
2025-10-23T04:00:00Z,108341.3,110281.7,108304.4,109232.8,16147.906
2025-10-23T08:00:00Z,109232.8,109871.0,108992.0,109208.6,8272.269
2025-10-23T12:00:00Z,109208.6,110079.6,108564.2,109866.2,19765.682
2025-10-23T16:00:00Z,109866.2,111272.4,109600.0,110139.0,19759.76
2025-10-23T20:00:00Z,110139.0,110150.0,109230.5,110015.0,10253.979
2025-10-24T00:00:00Z,110015.0,110813.0,109933.4,110411.4,6935.667
2025-10-24T04:00:00Z,110411.4,111512.8,110300.0,111034.4,11681.747
2025-10-24T08:00:00Z,111034.4,111476.5,110540.0,111035.2,9737.832
2025-10-24T12:00:00Z,111035.2,112162.2,109603.4,109994.8,32963.782
2025-10-24T16:00:00Z,109994.8,110914.5,109734.6,110565.4,7299.811
2025-10-24T20:00:00Z,110565.4,111088.9,110404.3,110964.7,4231.576
2025-10-25T00:00:00Z,110964.7,111217.1,110618.8,110973.5,2665.232
2025-10-25T04:00:00Z,110973.5,111796.4,110973.5,111463.9,6797.999
2025-10-25T08:00:00Z,111463.9,111848.8,111349.8,111542.1,4586.232
2025-10-25T12:00:00Z,111542.1,111935.8,111239.8,111348.1,4435.908
2025-10-25T16:00:00Z,111348.1,111704.0,111109.0,111586.9,3721.274
2025-10-25T20:00:00Z,111586.9,111655.5,111274.0,111587.5,2798.763
2025-10-26T00:00:00Z,111587.5,111891.8,111187.8,111214.5,3536.921
2025-10-26T04:00:00Z,111214.5,111687.1,111201.6,111681.7,2418.239
2025-10-26T08:00:00Z,111681.7,113446.0,111668.6,113255.5,13716.712
2025-10-26T12:00:00Z,113255.5,114050.0,113225.3,113654.4,12265.537
2025-10-26T16:00:00Z,113654.4,113758.8,113236.4,113559.8,4473.378
2025-10-26T20:00:00Z,113559.8,115583.0,112797.0,114498.3,15008.812
2025-10-27T00:00:00Z,114498.3,115421.4,114275.9,114942.5,9568.713
2025-10-27T04:00:00Z,114942.5,116373.3,114900.0,115517.8,13070.34
2025-10-27T08:00:00Z,115517.8,115578.9,114766.7,115302.1,9922.24
2025-10-27T12:00:00Z,115302.1,115393.4,114426.0,114915.5,12128.309
2025-10-27T16:00:00Z,114915.5,115756.6,114725.0,114895.8,8991.466
2025-10-27T20:00:00Z,114895.8,114895.8,113777.3,114061.3,11010.132
2025-10-28T00:00:00Z,114061.3,114501.8,113507.6,113859.3,8802.278
2025-10-28T04:00:00Z,113859.3,114343.2,113341.6,114135.7,7743.659
2025-10-28T08:00:00Z,114135.7,114650.6,114057.1,114296.8,5512.192
2025-10-28T12:00:00Z,114296.8,116060.5,114072.2,114592.3,27180.362
2025-10-28T16:00:00Z,114592.3,115571.8,113500.1,113620.0,16766.883
2025-10-28T20:00:00Z,113620.0,113650.8,112112.0,112836.0,24038.897
2025-10-29T00:00:00Z,112836.0,112925.4,112030.0,112451.6,8631.784
2025-10-29T04:00:00Z,112451.6,113543.0,112435.8,113514.9,7599.742
2025-10-29T08:00:00Z,113514.9,113582.2,112665.3,113086.9,7176.425
2025-10-29T12:00:00Z,113086.9,113598.0,111274.7,111453.8,20856.999
2025-10-29T16:00:00Z,111453.8,111976.8,109056.2,110600.4,48727.027
2025-10-29T20:00:00Z,110600.4,111773.0,109666.0,109948.8,15092.237
2025-10-30T00:00:00Z,109948.8,110966.7,109665.0,110693.4,9667.468
2025-10-30T04:00:00Z,110693.4,111571.9,107842.2,111324.8,36751.804
2025-10-30T08:00:00Z,111324.8,111399.0,109617.5,109658.1,13812.925
2025-10-30T12:00:00Z,109658.1,109742.5,107220.0,107661.1,30105.741
2025-10-30T16:00:00Z,107661.1,108172.4,106225.0,106481.5,25241.897
2025-10-30T20:00:00Z,106481.5,108312.0,106257.6,108261.7,12014.175
2025-10-31T00:00:00Z,108261.7,110014.6,108223.0,109187.5,16006.773
2025-10-31T04:00:00Z,109187.5,110301.6,109064.3,109398.3,11970.936
2025-10-31T08:00:00Z,109398.3,110537.3,109154.8,110374.8,11845.893
2025-10-31T12:00:00Z,110374.8,111147.0,109314.3,110132.6,17583.71
2025-10-31T16:00:00Z,110132.6,110258.2,108494.5,109797.9,18616.477
2025-10-31T20:00:00Z,109797.9,109797.9,109251.0,109546.7,3852.052
2025-11-01T00:00:00Z,109546.7,110240.0,109333.0,110183.3,4655.519
2025-11-01T04:00:00Z,110183.3,110537.2,109874.0,110026.3,5883.716
2025-11-01T08:00:00Z,110026.3,110232.0,109778.5,110105.2,2813.386
2025-11-01T12:00:00Z,110105.2,110327.3,109661.7,110254.1,4168.434
2025-11-01T16:00:00Z,110254.1,110495.1,110121.6,110240.8,2597.717
2025-11-01T20:00:00Z,110240.8,110465.0,109763.0,110046.0,3341.234
2025-11-02T00:00:00Z,110046.0,110215.7,109821.8,110000.0,1805.412
2025-11-02T04:00:00Z,110000.0,110989.5,109965.6,110847.1,4971.152
2025-11-02T08:00:00Z,110847.1,111180.0,110301.4,111146.2,5959.472
2025-11-02T12:00:00Z,111146.2,111200.0,110008.2,110046.1,7643.787
2025-11-02T16:00:00Z,110046.1,110283.5,109603.2,110120.1,4792.444
2025-11-02T20:00:00Z,110120.1,110699.8,109433.0,110493.5,4807.869
2025-11-03T00:00:00Z,110493.5,110721.3,107835.7,107876.6,13454.39
2025-11-03T04:00:00Z,107876.6,108039.3,106949.3,107413.1,15523.075
2025-11-03T08:00:00Z,107413.1,107877.7,106700.5,107743.9,13421.002
2025-11-03T12:00:00Z,107743.9,108292.0,105415.2,105701.0,27675.551
2025-11-03T16:00:00Z,105701.0,107734.6,105178.2,107040.2,20477.894
2025-11-03T20:00:00Z,107040.2,107133.8,105750.0,106536.4,9795.675
2025-11-04T00:00:00Z,106536.4,107266.7,105783.1,107093.0,10194.072
2025-11-04T04:00:00Z,107093.0,107254.7,104120.0,104431.3,19928.11
2025-11-04T08:00:00Z,104431.3,104657.2,103550.1,104531.4,13381.134
2025-11-04T12:00:00Z,104531.4,104813.5,102858.9,103152.6,23611.255
2025-11-04T16:00:00Z,103152.6,103465.1,99900.1,100490.3,43306.355
2025-11-04T20:00:00Z,100490.3,101867.0,98888.1,101441.9,32522.123
2025-11-05T00:00:00Z,101441.9,102234.7,98894.6,102093.6,24250.602
2025-11-05T04:00:00Z,102093.6,102312.3,101389.4,101944.7,8765.916
2025-11-05T08:00:00Z,101944.7,102178.1,101122.8,102024.4,9195.997
2025-11-05T12:00:00Z,102024.4,103750.0,101877.6,103676.1,20284.42
2025-11-05T16:00:00Z,103676.1,104495.4,102990.4,103949.6,12838.721
2025-11-05T20:00:00Z,103949.6,104500.0,103237.5,103835.2,8390.294
2025-11-06T00:00:00Z,103835.2,103923.6,102662.8,103603.3,10529.526
2025-11-06T04:00:00Z,103603.3,104167.0,102848.2,103127.2,8187.003
2025-11-06T08:00:00Z,103127.2,103400.0,102580.5,103200.0,6650.55
2025-11-06T12:00:00Z,103200.0,103616.4,101555.5,101964.3,24794.052
2025-11-06T16:00:00Z,101964.3,102353.0,100234.5,101326.1,23712.682
2025-11-06T20:00:00Z,101326.1,101607.0,100455.0,101296.2,9700.175
2025-11-07T00:00:00Z,101296.2,102331.7,100682.7,101858.5,10418.656
2025-11-07T04:00:00Z,101858.5,102494.8,101530.0,101971.4,7576.721
2025-11-07T08:00:00Z,101971.4,102019.1,99754.2,100339.5,16366.087
2025-11-07T12:00:00Z,100339.5,101223.7,99201.8,100755.8,23886.761
2025-11-07T16:00:00Z,100755.8,103368.9,100473.4,103367.0,20108.31
2025-11-07T20:00:00Z,103367.0,104047.6,102910.0,103300.5,9038.222
2025-11-08T00:00:00Z,103300.5,103378.7,102460.0,102520.4,7973.638
2025-11-08T04:00:00Z,102520.4,102797.0,101832.8,102292.2,6150.01
2025-11-08T08:00:00Z,102292.2,102633.4,101670.0,101803.3,5245.085
2025-11-08T12:00:00Z,101803.3,102138.9,101408.7,101670.0,6531.625
2025-11-08T16:00:00Z,101670.0,102174.1,101438.9,101940.0,4606.356
2025-11-08T20:00:00Z,101940.0,102440.0,101893.3,102268.6,2666.437
2025-11-09T00:00:00Z,102268.6,102300.0,101237.3,101608.3,5663.4
2025-11-09T04:00:00Z,101608.3,102111.4,101586.4,101915.4,5053.041
2025-11-09T08:00:00Z,101915.4,102310.5,101450.0,102208.5,6893.22
2025-11-09T12:00:00Z,102208.5,104158.1,102000.0,103714.7,14857.113
2025-11-09T16:00:00Z,103714.7,104788.0,103271.4,104776.3,11621.362
2025-11-09T20:00:00Z,104776.3,105442.9,104050.0,104665.0,12104.498
2025-11-10T00:00:00Z,104665.0,106634.8,104211.6,105982.0,15617.729
2025-11-10T04:00:00Z,105982.0,106500.0,105797.3,106431.9,7602.744
2025-11-10T08:00:00Z,106431.9,106573.9,105775.0,106132.5,7021.98
2025-11-10T12:00:00Z,106132.5,106585.7,104602.1,105025.8,18891.044
2025-11-10T16:00:00Z,105025.8,106033.8,104728.8,105765.8,9141.87
2025-11-10T20:00:00Z,105765.8,106299.9,105200.4,105969.5,7396.113
2025-11-11T00:00:00Z,105969.5,107481.0,105455.1,106411.8,14087.796
2025-11-11T04:00:00Z,106411.8,106500.0,104686.0,104730.1,10419.957
2025-11-11T08:00:00Z,104730.1,105458.7,104711.6,105258.1,6217.42
2025-11-11T12:00:00Z,105258.1,105491.6,103149.2,103420.1,21752.878
2025-11-11T16:00:00Z,103420.1,103709.8,102804.0,103082.4,12784.595
2025-11-11T20:00:00Z,103082.4,103200.0,102420.5,103009.7,8389.613
2025-11-12T00:00:00Z,103009.7,103417.2,102626.3,103272.7,6395.864
2025-11-12T04:00:00Z,103272.7,103627.1,102959.4,103074.1,4139.105
2025-11-12T08:00:00Z,103074.1,105189.2,103074.1,104998.5,14434.191
2025-11-12T12:00:00Z,104998.5,105316.9,101880.0,102110.2,25101.087
2025-11-12T16:00:00Z,102110.2,102233.4,100741.8,101240.3,24410.119
2025-11-12T20:00:00Z,101240.3,101961.8,101078.3,101595.6,7020.637
2025-11-13T00:00:00Z,101595.6,102584.7,100855.0,102080.0,12825.555
2025-11-13T04:00:00Z,102080.0,104031.9,101579.0,103428.0,17932.678
2025-11-13T08:00:00Z,103428.0,103767.1,102482.7,102888.6,10449.988
2025-11-13T12:00:00Z,102888.6,103442.0,101116.4,101314.0,24782.482
2025-11-13T16:00:00Z,101314.0,101484.0,98053.3,98619.8,39323.823
2025-11-13T20:00:00Z,98619.8,100453.0,97931.0,99629.0,17745.716
2025-11-14T00:00:00Z,99629.0,99901.5,98628.1,99096.3,13545.379
2025-11-14T04:00:00Z,99096.3,99126.9,95858.6,97096.5,33160.047
2025-11-14T08:00:00Z,97096.5,97514.7,95656.2,96123.2,14946.438
2025-11-14T12:00:00Z,96123.2,97272.3,94500.0,96754.8,36829.427
2025-11-14T16:00:00Z,96754.8,97383.4,94737.7,95740.3,20490.166
2025-11-14T20:00:00Z,95740.3,95930.3,93905.9,94533.3,18828.206
2025-11-15T00:00:00Z,94533.3,96777.0,94511.7,96381.1,11333.956
2025-11-15T04:00:00Z,96381.1,96542.6,95871.3,96287.3,6398.144
2025-11-15T08:00:00Z,96287.3,96311.8,95573.7,95660.9,6544.238
2025-11-15T12:00:00Z,95660.9,96439.6,95526.6,96219.7,5033.441
2025-11-15T16:00:00Z,96219.7,96362.9,95667.2,95961.9,5379.718
2025-11-15T20:00:00Z,95961.9,95983.0,95038.1,95559.1,7522.782
2025-11-16T00:00:00Z,95559.1,95949.8,94760.9,95774.7,6100.194
2025-11-16T04:00:00Z,95774.7,96170.1,95598.3,96060.8,3856.277
2025-11-16T08:00:00Z,96060.8,96594.9,95456.1,95582.5,7118.753
2025-11-16T12:00:00Z,95582.5,95860.0,94322.0,94535.7,10100.615
2025-11-16T16:00:00Z,94535.7,95533.8,93652.0,93990.0,19882.931
2025-11-16T20:00:00Z,93990.0,94706.2,92920.1,94215.9,18331.584
2025-11-17T00:00:00Z,94215.9,95522.5,93723.0,95464.7,12631.676
2025-11-17T04:00:00Z,95464.7,95847.5,94843.1,95608.9,7912.771
2025-11-17T08:00:00Z,95608.9,95989.0,95246.6,95530.9,7833.523
2025-11-17T12:00:00Z,95530.9,96046.2,93534.0,93912.4,30237.712
2025-11-17T16:00:00Z,93912.4,94394.3,91556.9,91650.0,29844.975
2025-11-17T20:00:00Z,91650.0,92370.0,91227.7,92171.4,18283.989
2025-11-18T00:00:00Z,92171.4,92332.8,89655.0,90800.8,28512.158
2025-11-18T04:00:00Z,90800.8,90830.8,89243.1,90455.1,22157.935
2025-11-18T08:00:00Z,90455.1,91576.2,90455.0,91483.2,14602.558
2025-11-18T12:00:00Z,91483.2,93000.0,90868.8,92864.8,30605.092
2025-11-18T16:00:00Z,92864.8,93800.0,92545.0,93139.0,19070.139
2025-11-18T20:00:00Z,93139.0,93400.0,92401.9,92925.0,10290.541
2025-11-19T00:00:00Z,92925.0,92950.0,91620.0,91838.3,11610.634
2025-11-19T04:00:00Z,91838.3,91975.2,89972.2,91812.2,21508.364
2025-11-19T08:00:00Z,91812.2,91918.9,91024.4,91362.8,11175.814
2025-11-19T12:00:00Z,91362.8,92346.4,89801.4,89887.9,25623.756
2025-11-19T16:00:00Z,89887.9,90176.4,88580.3,88850.1,28345.556
2025-11-19T20:00:00Z,88850.1,91549.6,88571.6,91509.0,19934.714
2025-11-20T00:00:00Z,91509.0,92783.0,91150.0,92421.6,13873.657
2025-11-20T04:00:00Z,92421.6,93150.0,91666.9,92295.5,13883.97
2025-11-20T08:00:00Z,92295.5,92380.0,91387.0,91879.1,9161.359
2025-11-20T12:00:00Z,91879.1,92500.0,89759.2,89809.3,29763.189
2025-11-20T16:00:00Z,89809.3,89878.0,86050.2,86877.7,56377.663
2025-11-20T20:00:00Z,86877.7,88211.0,86280.0,86583.0,19696.901
2025-11-21T00:00:00Z,86583.0,87460.0,85308.0,85780.0,22060.962
2025-11-21T04:00:00Z,85780.0,86300.0,81300.8,84000.1,46033.195
2025-11-21T08:00:00Z,84000.1,84669.7,81602.3,82284.7,39667.84
2025-11-21T12:00:00Z,82284.7,85469.2,80607.9,82896.8,62492.264
2025-11-21T16:00:00Z,82896.8,85535.7,82280.0,84164.6,35767.578
2025-11-21T20:00:00Z,84164.6,85373.0,83412.2,85097.1,16053.035
2025-11-22T00:00:00Z,85097.1,85592.2,84166.7,84400.6,8967.658
2025-11-22T04:00:00Z,84400.6,84767.1,83778.0,84544.0,7335.963
2025-11-22T08:00:00Z,84544.0,84544.0,83457.5,84061.2,9739.054
2025-11-22T12:00:00Z,84061.2,84725.6,83571.2,84253.0,10629.456
2025-11-22T16:00:00Z,84253.0,84888.0,84180.8,84572.0,4108.526
2025-11-22T20:00:00Z,84572.0,85242.0,84182.7,84701.5,5036.754
2025-11-23T00:00:00Z,84701.5,86300.0,84633.0,86267.2,10623.985
2025-11-23T04:00:00Z,86267.2,86850.0,85371.5,85732.4,11647.149
2025-11-23T08:00:00Z,85732.4,86440.5,85725.0,86297.3,7013.563
2025-11-23T12:00:00Z,86297.3,87203.9,86226.2,87029.6,11913.318
2025-11-23T16:00:00Z,87029.6,87635.9,86450.0,87279.9,13121.422
2025-11-23T20:00:00Z,87279.9,88082.9,86683.2,86802.8,14851.847
2025-11-24T00:00:00Z,86802.8,88026.3,85895.7,87406.4,20758.727
2025-11-24T04:00:00Z,87406.4,87798.1,86392.7,87010.8,13335.242
2025-11-24T08:00:00Z,87010.8,87010.8,85645.0,86228.9,14309.491
2025-11-24T12:00:00Z,86228.9,86739.9,85211.1,86576.3,28934.714
2025-11-24T16:00:00Z,86576.3,88767.1,86576.2,88278.8,25978.113
2025-11-24T20:00:00Z,88278.8,89172.2,88191.3,88240.1,10530.287
2025-11-25T00:00:00Z,88240.1,88247.1,87400.0,87759.7,10239.071
2025-11-25T04:00:00Z,87759.7,88496.0,87288.4,87359.7,9486.991
2025-11-25T08:00:00Z,87359.7,87577.0,86634.9,87306.8,11222.005
2025-11-25T12:00:00Z,87306.8,87737.3,86050.0,86949.0,24088.982
2025-11-25T16:00:00Z,86949.0,88126.5,86112.2,86837.3,19142.397
2025-11-25T20:00:00Z,86837.3,87856.4,86522.0,87315.5,11818.756
2025-11-26T00:00:00Z,87315.5,88200.0,87000.1,87069.2,10245.432
2025-11-26T04:00:00Z,87069.2,87943.5,86840.0,87900.0,8070.772
2025-11-26T08:00:00Z,87900.0,87911.4,86615.0,87047.2,9223.914
2025-11-26T12:00:00Z,87047.2,87668.9,86252.6,86937.3,16705.379
2025-11-26T16:00:00Z,86937.3,90385.6,86923.9,89926.7,26177.973
2025-11-26T20:00:00Z,89926.7,90649.9,89468.1,90427.0,9414.487
2025-11-27T00:00:00Z,90427.0,91848.8,90025.0,91037.0,15527.087
2025-11-27T04:00:00Z,91037.0,91499.0,90849.4,91362.0,6816.411
2025-11-27T08:00:00Z,91362.0,91902.7,91170.8,91334.7,8054.814
2025-11-27T12:00:00Z,91334.7,91416.0,90410.7,90908.0,12583.683
2025-11-27T16:00:00Z,90908.0,91800.0,90796.5,91484.4,9304.243
2025-11-27T20:00:00Z,91484.4,91566.5,91050.0,91284.2,4541.467
2025-11-28T00:00:00Z,91284.2,91378.8,90603.3,91161.7,6415.35
2025-11-28T04:00:00Z,91161.7,91683.6,90810.0,90851.9,7522.795
2025-11-28T08:00:00Z,90851.9,91977.6,90845.0,91371.6,11567.334
2025-11-28T12:00:00Z,91371.6,93081.0,91319.2,92315.7,23582.072
2025-11-28T16:00:00Z,92315.7,92345.0,90151.9,91100.8,20024.205
2025-11-28T20:00:00Z,91100.8,91179.0,90628.9,90845.7,5793.808
2025-11-29T00:00:00Z,90845.7,91071.3,90464.6,90626.4,3596.156
2025-11-29T04:00:00Z,90626.4,90895.5,90263.0,90516.6,4696.021
2025-11-29T08:00:00Z,90516.6,90691.0,90325.8,90630.0,3276.103
2025-11-29T12:00:00Z,90630.0,91089.0,90482.8,91033.6,4769.308
2025-11-29T16:00:00Z,91033.6,91128.9,90071.3,90603.3,8286.689
2025-11-29T20:00:00Z,90603.3,91033.8,90346.8,90766.9,4228.803
2025-11-30T00:00:00Z,90766.9,91031.8,90410.0,90881.6,3088.391
2025-11-30T04:00:00Z,90881.6,91000.0,90622.0,90922.3,2434.664
2025-11-30T08:00:00Z,90922.3,91590.0,90880.9,91002.7,7580.18
2025-11-30T12:00:00Z,91002.7,91963.7,90943.8,91398.4,7302.68
2025-11-30T16:00:00Z,91398.4,91818.8,91000.0,91412.7,4985.398
2025-11-30T20:00:00Z,91412.7,91609.1,90285.5,90308.6,8075.806
2025-12-01T00:00:00Z,90308.6,90374.4,86127.4,86322.2,37598.827
2025-12-01T04:00:00Z,86322.2,86517.8,85560.2,86491.9,14281.699
2025-12-01T08:00:00Z,86491.9,86888.0,86076.2,86087.8,9635.622
2025-12-01T12:00:00Z,86087.8,86639.6,83755.3,84641.3,40439.567
2025-12-01T16:00:00Z,84641.3,85540.5,83989.1,84975.9,22609.629
2025-12-01T20:00:00Z,84975.9,86834.2,84961.5,86244.1,17337.029
2025-12-02T00:00:00Z,86244.1,87325.1,86148.4,86938.9,13400.21
2025-12-02T04:00:00Z,86938.9,87237.6,86770.4,86963.1,5945.091
2025-12-02T08:00:00Z,86963.1,87662.4,86252.1,87325.4,14100.51
2025-12-02T12:00:00Z,87325.4,91176.5,87006.4,90780.8,36391.671
2025-12-02T16:00:00Z,90780.8,92298.9,90156.3,91855.2,24765.941
2025-12-02T20:00:00Z,91855.2,91960.0,90674.9,91241.7,13928.847
2025-12-03T00:00:00Z,91241.7,93040.2,90945.0,92582.8,14878.055
2025-12-03T04:00:00Z,92582.8,93931.1,92577.6,92979.9,19043.423
2025-12-03T08:00:00Z,92979.9,93348.7,92583.5,92960.6,9323.587
2025-12-03T12:00:00Z,92960.6,93685.3,91638.4,92337.8,30457.238
2025-12-03T16:00:00Z,92337.8,93512.0,91723.1,93000.6,17280.33
2025-12-03T20:00:00Z,93000.6,94189.4,92793.8,93390.1,12101.51
2025-12-04T00:00:00Z,93390.1,94058.1,92619.8,93500.1,11821.4
2025-12-04T04:00:00Z,93500.1,93550.0,92740.9,93356.1,6444.564
2025-12-04T08:00:00Z,93356.1,93595.9,92690.0,92893.5,6871.809
2025-12-04T12:00:00Z,92893.5,93240.2,91750.0,92920.5,17971.351
2025-12-04T16:00:00Z,92920.5,93149.9,90800.0,91934.3,20315.853
2025-12-04T20:00:00Z,91934.3,92681.2,91631.9,92031.8,11290.046
2025-12-05T00:00:00Z,92031.8,92658.3,91926.6,92106.0,5438.067
2025-12-05T04:00:00Z,92106.0,92457.6,91763.1,92224.4,6772.111
2025-12-05T08:00:00Z,92224.4,92225.4,90864.3,91304.7,11508.704
2025-12-05T12:00:00Z,91304.7,91470.4,89855.2,90405.6,26407.679
2025-12-05T16:00:00Z,90405.6,90462.2,88002.1,89596.4,34595.568
2025-12-05T20:00:00Z,89596.4,89706.2,88849.1,89273.7,8044.872
2025-12-06T00:00:00Z,89273.7,89749.0,88986.4,89633.0,4074.736
2025-12-06T04:00:00Z,89633.0,89717.7,89418.4,89549.0,3135.314
2025-12-06T08:00:00Z,89549.0,89688.8,89162.7,89583.2,4238.83
2025-12-06T12:00:00Z,89583.2,90234.6,89433.0,89717.6,7738.263
2025-12-06T16:00:00Z,89717.6,89937.5,89200.0,89363.7,5012.369
2025-12-06T20:00:00Z,89363.7,89572.8,88860.0,89185.4,4268.167
2025-12-07T00:00:00Z,89185.4,89717.7,89126.9,89679.4,2844.667
2025-12-07T04:00:00Z,89679.4,89750.0,89156.2,89331.6,3132.441
2025-12-07T08:00:00Z,89331.6,89496.2,89013.2,89099.9,4188.163
2025-12-07T12:00:00Z,89099.9,89675.0,87680.0,89510.2,20171.642
2025-12-07T16:00:00Z,89510.2,91726.2,89067.6,91392.9,19024.848
2025-12-07T20:00:00Z,91392.9,91477.0,88914.6,90335.4,17129.56
2025-12-08T00:00:00Z,90335.4,91666.2,89814.1,91035.6,10127.798
2025-12-08T04:00:00Z,91035.6,91845.6,90983.4,91526.0,5629.464
2025-12-08T08:00:00Z,91526.0,92261.9,91444.0,91930.0,6952.51
2025-12-08T12:00:00Z,91930.0,92090.0,89567.7,89907.4,24861.681
2025-12-08T16:00:00Z,89907.4,90473.0,89620.0,90075.8,12712.747
2025-12-08T20:00:00Z,90075.8,91333.0,90075.8,90598.0,8703.489
2025-12-09T00:00:00Z,90598.0,90807.6,89770.3,90369.8,6871.368
2025-12-09T04:00:00Z,90369.8,90499.6,89406.7,90459.5,9190.984
2025-12-09T08:00:00Z,90459.5,90581.5,89837.1,90340.8,6849.182
2025-12-09T12:00:00Z,90340.8,92859.3,89941.0,92670.4,21703.484
2025-12-09T16:00:00Z,92670.4,94550.0,92651.8,93761.7,29621.647
2025-12-09T20:00:00Z,93761.7,93815.1,92188.4,92636.1,13096.164
2025-12-10T00:00:00Z,92636.1,92745.7,91919.4,92363.0,7129.677
2025-12-10T04:00:00Z,92363.0,92771.3,92326.5,92747.5,4002.021
2025-12-10T08:00:00Z,92747.5,93292.1,91710.3,92084.0,10100.15
2025-12-10T12:00:00Z,92084.0,92209.6,91484.6,92020.3,9011.437
2025-12-10T16:00:00Z,92020.3,93233.2,91614.7,92921.2,25363.722
2025-12-10T20:00:00Z,92921.2,94457.8,91812.0,91971.7,21891.12
2025-12-11T00:00:00Z,91971.7,92057.2,89336.5,89829.1,18881.314
2025-12-11T04:00:00Z,89829.1,90440.0,89637.1,90232.8,7113.266
2025-12-11T08:00:00Z,90232.8,90519.0,89891.0,90197.8,5871.265
2025-12-11T12:00:00Z,90197.8,90638.0,89198.9,89827.5,19788.905
2025-12-11T16:00:00Z,89827.5,91510.2,89280.0,90791.1,18853.316
2025-12-11T20:00:00Z,90791.1,93544.9,90754.3,92483.7,21505.143
2025-12-12T00:00:00Z,92483.7,92730.0,91393.2,92236.4,9903.921
2025-12-12T04:00:00Z,92236.4,92688.0,92040.0,92386.3,5438.719
2025-12-12T08:00:00Z,92386.3,92600.0,92040.5,92374.3,4756.568
2025-12-12T12:00:00Z,92374.3,92630.4,89736.4,89879.9,24901.326
2025-12-12T16:00:00Z,89879.9,90631.8,89416.7,90153.5,20056.839
2025-12-12T20:00:00Z,90153.5,90381.8,89838.3,90230.9,4033.57
2025-12-13T00:00:00Z,90230.9,90428.5,90069.7,90300.0,2721.811
2025-12-13T04:00:00Z,90300.0,90372.9,90202.8,90289.6,1642.01
2025-12-13T08:00:00Z,90289.6,90589.8,90242.6,90305.5,3568.42
2025-12-13T12:00:00Z,90305.5,90460.9,89884.0,90050.9,5007.038
2025-12-13T16:00:00Z,90050.9,90239.5,89946.9,90150.0,2293.627
2025-12-13T20:00:00Z,90150.0,90236.2,89712.7,90186.4,3279.429
2025-12-14T00:00:00Z,90186.4,90440.7,90072.4,90218.0,2332.139
2025-12-14T04:00:00Z,90218.0,90296.3,90002.8,90204.2,2459.899
2025-12-14T08:00:00Z,90204.2,90246.5,88638.6,89305.1,12307.628
2025-12-14T12:00:00Z,89305.1,89618.4,88816.5,88977.0,8124.359
2025-12-14T16:00:00Z,88977.0,89359.6,88429.3,88597.5,7857.613
2025-12-14T20:00:00Z,88597.5,88777.0,87521.9,88116.0,11477.422
2025-12-15T00:00:00Z,88116.0,89986.0,88017.6,89241.4,11779.029
2025-12-15T04:00:00Z,89241.4,89888.9,89233.2,89709.8,6128.574
2025-12-15T08:00:00Z,89709.8,89950.0,89541.1,89619.9,5329.023
2025-12-15T12:00:00Z,89619.9,89845.0,86575.0,86989.4,34585.865
2025-12-15T16:00:00Z,86989.4,87186.9,85080.0,86108.4,30623.492
2025-12-15T20:00:00Z,86108.4,86428.5,85462.0,86391.7,11031.339
2025-12-16T00:00:00Z,86391.7,86480.0,85323.9,85835.9,8843.125
2025-12-16T04:00:00Z,85835.9,86585.7,85222.0,85959.1,9713.221
2025-12-16T08:00:00Z,85959.1,87300.0,85880.7,87220.9,9355.029
2025-12-16T12:00:00Z,87220.9,88149.6,86072.6,87933.5,32958.63
2025-12-16T16:00:00Z,87933.5,88025.2,87020.0,87535.5,14623.961
2025-12-16T20:00:00Z,87535.5,87896.2,87298.8,87821.3,4706.597
2025-12-17T00:00:00Z,87821.3,87930.5,87100.0,87173.9,6293.762
2025-12-17T04:00:00Z,87173.9,87348.3,86166.3,86999.9,12019.032
2025-12-17T08:00:00Z,86999.9,87100.0,86172.9,86946.9,8209.966
2025-12-17T12:00:00Z,86946.9,90341.0,86775.4,87185.2,47507.176
2025-12-17T16:00:00Z,87185.2,87739.4,85259.2,85976.9,31765.821
2025-12-17T20:00:00Z,85976.9,86425.5,85610.9,86197.3,8875.168
2025-12-18T00:00:00Z,86197.3,86846.5,85810.2,86594.5,9352.267
2025-12-18T04:00:00Z,86594.5,86880.9,86350.0,86794.0,5579.043
2025-12-18T08:00:00Z,86794.0,87424.1,86642.8,87255.8,6962.156
2025-12-18T12:00:00Z,87255.8,89483.5,87076.8,88484.3,38036.304
2025-12-18T16:00:00Z,88484.3,88519.4,84415.1,84433.1,41511.956
2025-12-18T20:00:00Z,84433.1,85816.1,84408.1,85470.1,17070.054
2025-12-19T00:00:00Z,85470.1,87536.5,85063.0,86853.2,15906.492
2025-12-19T04:00:00Z,86853.2,88362.4,86628.6,87913.9,13636.367
2025-12-19T08:00:00Z,87913.9,88355.3,87696.4,88168.4,8736.983
2025-12-19T12:00:00Z,88168.4,89381.0,87443.9,87906.4,27416.254
2025-12-19T16:00:00Z,87906.4,88855.6,86713.0,87800.5,20032.665
2025-12-19T20:00:00Z,87800.5,88441.2,87551.3,88101.1,7344.895
2025-12-20T00:00:00Z,88101.1,88299.6,87917.7,88167.2,2745.138
2025-12-20T04:00:00Z,88167.2,88539.9,88073.8,88238.1,3036.199
2025-12-20T08:00:00Z,88238.1,88396.2,88058.4,88232.5,2560.485
2025-12-20T12:00:00Z,88232.5,88307.3,87739.9,88133.9,4707.851
2025-12-20T16:00:00Z,88133.9,88391.2,88034.7,88180.1,1855.386
2025-12-20T20:00:00Z,88180.1,88417.3,88093.2,88314.8,2117.286
2025-12-21T00:00:00Z,88314.8,88394.0,87812.7,88039.5,3675.847
2025-12-21T04:00:00Z,88039.5,88160.0,87998.9,88130.6,1868.297
2025-12-21T08:00:00Z,88130.6,89046.3,88087.5,88567.2,7020.173
2025-12-21T12:00:00Z,88567.2,88888.3,87533.7,88024.9,13980.038
2025-12-21T16:00:00Z,88024.9,88598.9,87902.5,88450.7,5759.144
2025-12-21T20:00:00Z,88450.7,88783.1,88039.4,88629.0,3575.609
2025-12-22T00:00:00Z,88629.0,89606.8,87844.9,88739.2,14027.35
2025-12-22T04:00:00Z,88739.2,89170.0,88669.1,89132.5,4328.686
2025-12-22T08:00:00Z,89132.5,90110.9,89050.2,89900.9,13171.158
2025-12-22T12:00:00Z,89900.9,90588.8,89124.6,89687.7,20428.565
2025-12-22T16:00:00Z,89687.7,90091.3,87914.2,88002.1,14464.16
2025-12-22T20:00:00Z,88002.1,88784.3,87855.1,88578.3,8695.751
2025-12-23T00:00:00Z,88578.3,88896.0,87745.9,88127.2,8887.75
2025-12-23T04:00:00Z,88127.2,88401.1,86987.6,87522.7,11047.365
2025-12-23T08:00:00Z,87522.7,87847.2,87260.1,87810.1,5629.305
2025-12-23T12:00:00Z,87810.1,87930.0,86542.2,87410.2,18752.047
2025-12-23T16:00:00Z,87410.2,88250.0,87106.1,87708.6,18616.876
2025-12-23T20:00:00Z,87708.6,88345.8,87113.8,87444.0,9891.235
2025-12-24T00:00:00Z,87444.0,87800.0,86800.1,87299.8,7024.04
2025-12-24T04:00:00Z,87299.8,87428.2,86731.8,86864.0,5722.676
2025-12-24T08:00:00Z,86864.0,87328.8,86672.4,87159.1,4923.932
2025-12-24T12:00:00Z,87159.1,87444.0,86363.3,87011.9,14091.151
2025-12-24T16:00:00Z,87011.9,87662.5,86880.2,87530.0,8036.398
2025-12-24T20:00:00Z,87530.0,88032.9,87466.9,87636.3,4750.181
2025-12-25T00:00:00Z,87636.3,87943.6,87478.7,87806.8,2983.824
2025-12-25T04:00:00Z,87806.8,87832.0,87612.7,87799.9,1952.505
2025-12-25T08:00:00Z,87799.9,87864.0,87203.4,87484.8,5185.543
2025-12-25T12:00:00Z,87484.8,88565.5,87339.1,88339.1,8379.449
2025-12-25T16:00:00Z,88339.1,88458.6,87910.6,88114.1,5082.073
2025-12-25T20:00:00Z,88114.1,88137.8,86902.2,87178.1,9317.988
2025-12-26T00:00:00Z,87178.1,89404.9,86815.9,88796.4,18120.829
2025-12-26T04:00:00Z,88796.4,89539.0,88310.0,88440.0,9995.197
2025-12-26T08:00:00Z,88440.0,88890.0,88371.8,88500.9,5455.404
2025-12-26T12:00:00Z,88500.9,89069.0,86618.6,87101.2,23798.834
2025-12-26T16:00:00Z,87101.2,87546.0,86763.2,87453.0,8993.472
2025-12-26T20:00:00Z,87453.0,87749.0,87267.3,87328.8,3852.715
2025-12-27T00:00:00Z,87328.8,87491.2,87200.1,87471.0,1796.247
2025-12-27T04:00:00Z,87471.0,87670.0,87368.5,87492.1,1685.666
2025-12-27T08:00:00Z,87492.1,87635.2,87328.0,87434.0,2465.124
2025-12-27T12:00:00Z,87434.0,87558.0,87268.2,87518.4,1609.346
2025-12-27T16:00:00Z,87518.4,87550.6,87400.0,87526.6,1369.35
2025-12-27T20:00:00Z,87526.6,87958.0,87454.0,87835.6,3587.155
2025-12-28T00:00:00Z,87835.6,87935.0,87681.1,87700.0,2159.197
2025-12-28T04:00:00Z,87700.0,87807.6,87562.8,87711.1,2158.128
2025-12-28T08:00:00Z,87711.1,87982.6,87679.0,87850.0,2787.566
2025-12-28T12:00:00Z,87850.0,88064.0,87766.0,87798.9,2661.616
2025-12-28T16:00:00Z,87798.9,87901.0,87445.5,87487.9,3861.457
2025-12-28T20:00:00Z,87487.9,88041.1,87365.8,87909.9,3513.994
2025-12-29T00:00:00Z,87909.9,90150.0,87768.5,90100.1,17646.943
2025-12-29T04:00:00Z,90100.1,90422.0,89444.5,89582.8,11595.027
2025-12-29T08:00:00Z,89582.8,89788.0,87515.1,87525.5,17268.355
2025-12-29T12:00:00Z,87525.5,88148.8,86753.0,87641.3,22212.116
2025-12-29T16:00:00Z,87641.3,87962.2,87266.0,87323.5,6993.492
2025-12-29T20:00:00Z,87323.5,87567.3,87029.3,87184.6,4783.736
2025-12-30T00:00:00Z,87184.6,87379.4,86779.2,87328.7,6462.867
2025-12-30T04:00:00Z,87328.7,87564.5,87090.9,87441.5,3683.461
2025-12-30T08:00:00Z,87441.5,88200.0,87441.5,87867.1,10374.207
2025-12-30T12:00:00Z,87867.1,89127.0,87783.3,88969.2,19198.674
2025-12-30T16:00:00Z,88969.2,89373.0,87909.3,88190.1,15507.305
2025-12-30T20:00:00Z,88190.1,88553.2,87823.4,88458.0,5277.42
2025-12-31T00:00:00Z,88458.0,88849.3,88126.6,88425.0,5814.445
2025-12-31T04:00:00Z,88425.0,88613.4,88272.7,88575.4,2872.337
2025-12-31T08:00:00Z,88575.4,89059.8,88350.2,88976.2,5326.552
2025-12-31T12:00:00Z,88976.2,89194.3,87730.5,87911.8,14845.982
2025-12-31T16:00:00Z,87911.8,88012.8,87342.0,87500.0,11996.427
2025-12-31T20:00:00Z,87500.0,87842.0,87177.8,87594.9,4550.782
2026-01-01T00:00:00Z,87594.9,88054.0,87574.0,87822.0,3184.551
2026-01-01T04:00:00Z,87822.0,87829.4,87515.0,87586.5,2831.901
2026-01-01T08:00:00Z,87586.5,87991.4,87581.4,87980.5,3093.023
2026-01-01T12:00:00Z,87980.5,88098.6,87754.3,87992.1,3571.001
2026-01-01T16:00:00Z,87992.1,88499.0,87836.3,88356.3,5590.89
2026-01-01T20:00:00Z,88356.3,88891.9,88209.1,88810.1,5811.167
2026-01-02T00:00:00Z,88810.1,89100.0,88325.9,88919.8,7512.356
2026-01-02T04:00:00Z,88919.8,89061.8,88530.4,88838.9,4929.951
2026-01-02T08:00:00Z,88838.9,89946.0,88774.3,89468.5,12293.86
2026-01-02T12:00:00Z,89468.5,90100.0,88413.6,89361.0,24612.461
2026-01-02T16:00:00Z,89361.0,90958.5,89151.8,89857.0,25030.57
2026-01-02T20:00:00Z,89857.0,90370.6,89575.1,89953.8,5632.353
2026-01-03T00:00:00Z,89953.8,90360.0,89908.1,90284.2,2505.366
2026-01-03T04:00:00Z,90284.2,90447.8,89255.1,89525.0,6576.743
2026-01-03T08:00:00Z,89525.0,89946.1,89371.6,89706.6,4928.166
2026-01-03T12:00:00Z,89706.6,90200.0,89613.0,89934.3,4375.487
2026-01-03T16:00:00Z,89934.3,90187.8,89866.9,90093.0,2242.611
2026-01-03T20:00:00Z,90093.0,90706.4,89988.1,90599.9,4730.522
2026-01-04T00:00:00Z,90599.9,91586.4,90599.9,91184.2,9810.596
2026-01-04T04:00:00Z,91184.2,91775.6,91143.5,91493.7,6290.747
2026-01-04T08:00:00Z,91493.7,91583.6,91117.8,91258.7,4533.451
2026-01-04T12:00:00Z,91258.7,91379.5,90967.7,91283.8,4094.667
2026-01-04T16:00:00Z,91283.8,91403.4,90809.0,91086.5,5694.197
2026-01-04T20:00:00Z,91086.5,91550.6,91062.3,91490.7,3749.681
2026-01-05T00:00:00Z,91490.7,93396.0,91469.0,92841.5,20882.165
2026-01-05T04:00:00Z,92841.5,92926.3,92108.2,92487.0,7093.016
2026-01-05T08:00:00Z,92487.0,93129.9,92275.6,93103.6,7395.488
2026-01-05T12:00:00Z,93103.6,93996.4,92350.0,93905.0,20229.885
2026-01-05T16:00:00Z,93905.0,94482.4,93200.2,94246.2,17691.225
2026-01-05T20:00:00Z,94246.2,94749.9,93754.0,93825.5,10278.262
2026-01-06T00:00:00Z,93825.5,94116.4,93469.0,93715.8,7056.653
2026-01-06T04:00:00Z,93715.8,93961.0,93054.6,93207.7,6647.861
2026-01-06T08:00:00Z,93207.7,93862.9,93128.1,93814.7,5485.732
2026-01-06T12:00:00Z,93814.7,94405.0,93290.4,93597.9,16694.022
2026-01-06T16:00:00Z,93597.9,93727.0,91217.2,92077.3,28445.707
2026-01-06T20:00:00Z,92077.3,93841.0,92077.2,93714.6,17138.979
2026-01-07T00:00:00Z,93714.6,93714.6,92201.4,92779.9,10330.081
2026-01-07T04:00:00Z,92779.9,92889.0,92470.0,92845.2,4706.916
2026-01-07T08:00:00Z,92845.2,92935.4,91533.4,92051.0,12268.937
2026-01-07T12:00:00Z,92051.0,92259.1,90922.5,91309.4,22179.952
2026-01-07T16:00:00Z,91309.4,91772.0,90624.3,91156.6,17418.362
2026-01-07T20:00:00Z,91156.6,91450.0,90728.7,91332.0,7742.403
2026-01-08T00:00:00Z,91332.0,91641.4,90555.3,90760.1,8071.925
2026-01-08T04:00:00Z,90760.1,91147.9,89586.5,90489.9,15642.291
2026-01-08T08:00:00Z,90489.9,90720.1,89722.0,90189.0,10834.282
2026-01-08T12:00:00Z,90189.0,90794.7,89262.0,90737.8,20247.983
2026-01-08T16:00:00Z,90737.8,91433.0,90250.1,90895.5,14625.358
2026-01-08T20:00:00Z,90895.5,91471.4,90512.1,91061.9,6685.781
2026-01-09T00:00:00Z,91061.9,91597.3,90795.0,91197.0,6529.92
2026-01-09T04:00:00Z,91197.0,91212.2,90699.7,90708.8,4105.127
2026-01-09T08:00:00Z,90708.8,90821.9,89650.1,90413.9,13022.316
2026-01-09T12:00:00Z,90413.9,92001.6,89785.0,91146.1,25390.885
2026-01-09T16:00:00Z,91146.1,91747.8,90128.7,90280.0,14352.96
2026-01-09T20:00:00Z,90280.0,90695.0,90076.6,90608.4,5859.933
2026-01-10T00:00:00Z,90608.4,90758.0,90481.6,90592.1,2021.481
2026-01-10T04:00:00Z,90592.1,90650.0,90373.7,90643.7,1549.884
2026-01-10T08:00:00Z,90643.7,90812.1,90575.8,90691.5,2609.296
2026-01-10T12:00:00Z,90691.5,90754.9,90490.2,90623.0,2037.754
2026-01-10T16:00:00Z,90623.0,90734.7,90467.0,90590.6,1655.187
2026-01-10T20:00:00Z,90590.6,90618.5,90332.8,90479.6,1684.252
2026-01-11T00:00:00Z,90479.6,90709.6,90404.5,90701.3,1267.777
2026-01-11T04:00:00Z,90701.3,90838.5,90545.8,90677.7,1597.54
2026-01-11T08:00:00Z,90677.7,90780.9,90562.6,90715.6,1481.479
2026-01-11T12:00:00Z,90715.6,91174.1,90660.0,90835.4,4698.399
2026-01-11T16:00:00Z,90835.4,91254.5,90615.5,90642.8,3951.992
2026-01-11T20:00:00Z,90642.8,91000.0,90176.4,90962.6,7234.038
2026-01-12T00:00:00Z,90962.6,92500.0,90624.7,91773.0,15602.56
2026-01-12T04:00:00Z,91773.0,92250.0,91339.9,91363.1,6778.189
2026-01-12T08:00:00Z,91363.1,91592.7,90309.0,90572.2,12178.77
2026-01-12T12:00:00Z,90572.2,91650.0,90068.0,91634.2,17156.291
2026-01-12T16:00:00Z,91634.2,92300.0,90955.9,91820.9,19419.433
2026-01-12T20:00:00Z,91820.9,92018.3,90875.6,91248.7,6474.709
2026-01-13T00:00:00Z,91248.7,91517.8,91003.0,91380.8,5446.222
2026-01-13T04:00:00Z,91380.8,92248.0,91299.8,91920.0,9836.125
2026-01-13T08:00:00Z,91920.0,92660.0,91893.1,91964.5,9208.92
2026-01-13T12:00:00Z,91964.5,93415.0,91717.5,93414.9,24161.622
2026-01-13T16:00:00Z,93414.9,94210.0,93034.6,94180.0,18397.722
2026-01-13T20:00:00Z,94180.0,96654.0,94026.2,95389.5,29607.522
2026-01-14T00:00:00Z,95389.5,95680.0,95099.0,95675.6,7836.25
2026-01-14T04:00:00Z,95675.6,95774.6,94509.0,95189.0,10310.997
2026-01-14T08:00:00Z,95189.0,95317.5,94694.3,94760.3,5894.97
2026-01-14T12:00:00Z,94760.3,97090.1,94635.3,96708.6,24720.534
2026-01-14T16:00:00Z,96708.6,97750.2,96200.0,97216.4,25726.2
2026-01-14T20:00:00Z,97216.4,97963.2,96735.2,96900.0,11436.665
2026-01-15T00:00:00Z,96900.0,96948.3,95714.3,95933.0,9320.991
2026-01-15T04:00:00Z,95933.0,96714.2,95913.0,96597.1,6921.176
2026-01-15T08:00:00Z,96597.1,97174.5,96235.2,96530.9,7392.045
2026-01-15T12:00:00Z,96530.9,97113.1,95347.7,96694.8,20815.988
2026-01-15T16:00:00Z,96694.8,97034.9,95100.0,95458.6,16316.223
2026-01-15T20:00:00Z,95458.6,95835.0,95071.8,95559.9,6805.541
2026-01-16T00:00:00Z,95559.9,95818.2,95268.5,95296.6,4576.145
2026-01-16T04:00:00Z,95296.6,95800.0,95072.9,95621.6,5963.181
2026-01-16T08:00:00Z,95621.6,95819.0,95201.6,95377.5,4386.131
2026-01-16T12:00:00Z,95377.5,95767.4,94241.3,94544.4,17451.654
2026-01-16T16:00:00Z,94544.4,95206.5,94452.6,94967.4,8927.072
2026-01-16T20:00:00Z,94967.4,95557.6,94629.7,95504.9,5590.94
2026-01-17T00:00:00Z,95504.9,95553.6,95139.4,95319.1,2109.09
2026-01-17T04:00:00Z,95319.1,95341.3,94989.1,95053.4,1892.477
2026-01-17T08:00:00Z,95053.4,95269.0,94967.9,95269.0,1819.168
2026-01-17T12:00:00Z,95269.0,95653.3,95140.8,95530.0,3285.175
2026-01-17T16:00:00Z,95530.0,95530.0,95164.0,95247.2,2911.372
2026-01-17T20:00:00Z,95247.2,95378.9,94970.1,95103.0,2605.045
2026-01-18T00:00:00Z,95103.0,95198.6,94816.4,95154.6,3300.283
2026-01-18T04:00:00Z,95154.6,95220.0,94980.0,94988.0,1867.54
2026-01-18T08:00:00Z,94988.0,95269.0,94973.9,95137.8,2009.678
2026-01-18T12:00:00Z,95137.8,95339.9,94840.9,95060.0,3938.732
2026-01-18T16:00:00Z,95060.0,95480.0,95013.9,95328.2,2793.916
2026-01-18T20:00:00Z,95328.2,95490.5,93545.0,93624.6,12802.867
2026-01-19T00:00:00Z,93624.6,93624.6,91800.2,92636.7,25618.104
2026-01-19T04:00:00Z,92636.7,92814.5,92340.1,92780.1,4472.02
2026-01-19T08:00:00Z,92780.1,93314.0,92631.3,93144.7,7006.585
2026-01-19T12:00:00Z,93144.7,93190.1,92648.3,93010.1,6157.741
2026-01-19T16:00:00Z,93010.1,93377.0,92869.7,93050.7,5237.327
2026-01-19T20:00:00Z,93050.7,93299.9,92111.2,92584.3,7551.571
2026-01-20T00:00:00Z,92584.3,92847.1,92203.1,92396.4,5911.463
2026-01-20T04:00:00Z,92396.4,92435.6,90720.5,91124.9,20423.45
2026-01-20T08:00:00Z,91124.9,91415.9,90610.1,91177.3,8023.061
2026-01-20T12:00:00Z,91177.3,91339.0,89800.5,90635.2,23899.824
2026-01-20T16:00:00Z,90635.2,90920.0,89228.2,89680.8,17545.452
2026-01-20T20:00:00Z,89680.8,89826.0,87773.1,88379.9,18179.241
2026-01-21T00:00:00Z,88379.9,89560.0,88202.2,89382.6,7733.043
2026-01-21T04:00:00Z,89382.6,90099.6,89048.3,89175.0,7923.922
2026-01-21T08:00:00Z,89175.0,89452.7,88642.2,88750.9,6026.058
2026-01-21T12:00:00Z,88750.9,90542.2,88145.2,90235.2,26399.579
2026-01-21T16:00:00Z,90235.2,90440.3,87212.0,90329.5,38191.097
2026-01-21T20:00:00Z,90329.5,90361.5,89311.5,89410.1,12710.375
2026-01-22T00:00:00Z,89410.1,90337.9,89410.0,89849.5,7424.724
2026-01-22T04:00:00Z,89849.5,90174.1,89747.0,89772.6,4898.493
2026-01-22T08:00:00Z,89772.6,90100.0,89701.9,89895.0,3603.998
2026-01-22T12:00:00Z,89895.0,90296.8,88462.3,88945.4,21692.28
2026-01-22T16:00:00Z,88945.4,89883.9,88621.0,89730.9,12710.726
2026-01-22T20:00:00Z,89730.9,89909.2,89104.0,89511.7,5684.972
2026-01-23T00:00:00Z,89511.7,89946.0,89399.0,89896.0,3551.598
2026-01-23T04:00:00Z,89896.0,90062.7,89353.3,89483.2,4411.397
2026-01-23T08:00:00Z,89483.2,89582.2,88806.8,89168.3,6821.036
2026-01-23T12:00:00Z,89168.3,89822.8,88500.0,89707.1,13520.938
2026-01-23T16:00:00Z,89707.1,91180.0,89432.5,89936.6,22907.129
2026-01-23T20:00:00Z,89936.6,90113.7,89162.0,89551.7,5968.224
2026-01-24T00:00:00Z,89551.7,89883.4,89375.0,89724.4,1795.046
2026-01-24T04:00:00Z,89724.4,89810.1,89513.8,89570.1,1547.667
2026-01-24T08:00:00Z,89570.1,89650.0,89532.7,89545.3,1235.304
2026-01-24T12:00:00Z,89545.3,89550.0,89105.7,89236.1,3718.504
2026-01-24T16:00:00Z,89236.1,89432.9,89113.2,89281.7,2766.852
2026-01-24T20:00:00Z,89281.7,89455.7,89156.3,89177.1,1459.971
2026-01-25T00:00:00Z,89177.1,89271.8,88800.1,88915.5,2414.783
2026-01-25T04:00:00Z,88915.5,89074.5,88586.3,88620.0,3443.851
2026-01-25T08:00:00Z,88620.0,88726.9,88100.0,88522.8,5901.263
2026-01-25T12:00:00Z,88522.8,88937.4,88314.0,88407.9,5828.242
2026-01-25T16:00:00Z,88407.9,88417.3,86142.3,86453.1,26284.739
2026-01-25T20:00:00Z,86453.1,86997.7,86031.4,86625.6,14957.738
2026-01-26T00:00:00Z,86625.6,87929.7,86446.8,87241.2,10994.609
2026-01-26T04:00:00Z,87241.2,88043.4,87188.0,87964.3,5748.555
2026-01-26T08:00:00Z,87964.3,88355.0,87555.0,87816.0,6003.533
2026-01-26T12:00:00Z,87816.0,88843.9,87268.8,87598.9,17844.582
2026-01-26T16:00:00Z,87598.9,88524.2,86923.3,87969.1,13302.022
2026-01-26T20:00:00Z,87969.1,88631.2,87489.5,88305.1,6433.805
2026-01-27T00:00:00Z,88305.1,88893.3,88150.0,88740.0,5056.89
2026-01-27T04:00:00Z,88740.0,88977.7,88225.6,88282.8,4204.682
2026-01-27T08:00:00Z,88282.8,88364.6,87688.1,87937.0,6011.5
2026-01-27T12:00:00Z,87937.0,88400.0,87502.0,87990.6,10739.991
2026-01-27T16:00:00Z,87990.6,88786.4,87234.0,88373.1,18680.715
2026-01-27T20:00:00Z,88373.1,89499.8,88331.3,89202.3,14738.718
2026-01-28T00:00:00Z,89202.3,89460.4,88923.8,89080.0,4093.481
2026-01-28T04:00:00Z,89080.0,89366.3,88800.0,89105.0,4505.054
2026-01-28T08:00:00Z,89105.0,90132.0,88815.6,90039.7,10705.47
2026-01-28T12:00:00Z,90039.7,90455.7,88836.3,89439.8,18749.289
2026-01-28T16:00:00Z,89439.8,90597.0,88951.1,89350.5,20856.487
2026-01-28T20:00:00Z,89350.5,89864.1,88813.0,89261.7,8871.082
2026-01-29T00:00:00Z,89261.7,89312.7,87650.0,88012.2,12492.162
2026-01-29T04:00:00Z,88012.2,88389.8,87857.8,88314.5,4337.338
2026-01-29T08:00:00Z,88314.5,88458.8,87690.6,87786.0,8196.602
2026-01-29T12:00:00Z,87786.0,88142.7,84300.3,84891.6,34311.313
2026-01-29T16:00:00Z,84891.6,85595.7,83311.0,83967.6,36259.13
2026-01-29T20:00:00Z,83967.6,84703.2,83773.2,84599.8,7641.599
2026-01-30T00:00:00Z,84599.8,84692.3,81000.0,82628.9,34358.744
2026-01-30T04:00:00Z,82628.9,83297.9,82009.8,82755.3,13488.892
2026-01-30T08:00:00Z,82755.3,83263.5,82081.7,83103.7,10454.08
2026-01-30T12:00:00Z,83103.7,83771.2,82316.3,82838.7,19263.357
2026-01-30T16:00:00Z,82838.7,84635.7,81832.0,84210.7,27689.711
2026-01-30T20:00:00Z,84210.7,84481.5,83505.0,84222.5,11864.773
2026-01-31T00:00:00Z,84222.5,84254.3,83778.4,83990.6,3782.639
2026-01-31T04:00:00Z,83990.6,84116.4,83360.3,83506.1,4662.884
2026-01-31T08:00:00Z,83506.1,83599.1,82530.0,82978.6,7455.554
2026-01-31T12:00:00Z,82978.6,83113.3,80750.0,81255.2,22609.668
2026-01-31T16:00:00Z,81255.2,82264.5,75689.6,77719.1,79818.317
2026-01-31T20:00:00Z,77719.1,79239.7,77033.2,78704.4,22255.099
2026-02-01T00:00:00Z,78704.4,79388.5,78252.0,78829.7,8372.237
2026-02-01T04:00:00Z,78829.7,79074.3,77836.9,78315.5,8722.597
2026-02-01T08:00:00Z,78315.5,79187.0,78116.0,78715.1,7831.337
2026-02-01T12:00:00Z,78715.1,78734.5,76725.4,77564.3,20752.1
2026-02-01T16:00:00Z,77564.3,78409.1,76950.6,77143.8,13882.563
2026-02-01T20:00:00Z,77143.8,77770.7,75663.2,76938.5,26342.734
2026-02-02T00:00:00Z,76938.5,78177.9,74567.3,76268.9,30900.03
2026-02-02T04:00:00Z,76268.9,76932.9,74849.3,76606.1,22348.159
2026-02-02T08:00:00Z,76606.1,77939.0,76576.2,77727.2,13282.113
2026-02-02T12:00:00Z,77727.2,79388.0,77492.3,78794.9,26702.763
2026-02-02T16:00:00Z,78794.9,79245.4,78228.6,78290.1,12181.861
2026-02-02T20:00:00Z,78290.1,78951.1,77850.9,78693.9,7041.38
2026-02-03T00:00:00Z,78693.9,79177.7,77600.1,78709.6,9711.448
2026-02-03T04:00:00Z,78709.6,78967.5,77909.8,78755.2,6935.861
2026-02-03T08:00:00Z,78755.2,79040.0,77870.9,78034.7,9000.846
2026-02-03T12:00:00Z,78034.7,78417.2,77004.1,78097.1,20818.088
2026-02-03T16:00:00Z,78097.1,78106.3,72889.7,74889.3,64436.783
2026-02-03T20:00:00Z,74889.3,76913.8,74543.8,75723.2,25034.126
2026-02-04T00:00:00Z,75723.2,76991.2,75414.0,76673.0,12667.291
2026-02-04T04:00:00Z,76673.0,76812.2,76076.0,76484.2,5560.912
2026-02-04T08:00:00Z,76484.2,76578.8,75635.2,75998.9,10609.33
2026-02-04T12:00:00Z,75998.9,76244.9,73728.3,74094.8,31464.292
2026-02-04T16:00:00Z,74094.8,74213.5,72090.4,73894.6,46951.433
2026-02-04T20:00:00Z,73894.6,74136.0,71805.2,73130.3,21669.487
2026-02-05T00:00:00Z,73130.3,73312.1,71120.2,71189.1,25536.05
2026-02-05T04:00:00Z,71189.1,71600.0,70085.7,70716.4,27890.061
2026-02-05T08:00:00Z,70716.4,71936.3,69865.8,70287.8,24088.783
2026-02-05T12:00:00Z,70287.8,70866.3,66655.2,67450.8,69995.024
2026-02-05T16:00:00Z,67450.8,68668.8,65148.5,65232.2,57174.174
2026-02-05T20:00:00Z,65232.2,65675.0,62250.0,62872.7,81321.923
2026-02-06T00:00:00Z,62872.7,65972.8,59888.0,64138.7,79026.033
2026-02-06T04:00:00Z,64138.7,66799.9,63926.9,64813.6,32061.862
2026-02-06T08:00:00Z,64813.6,66730.0,64434.1,66588.8,19094.238
2026-02-06T12:00:00Z,66588.8,69151.4,66080.0,68578.9,37859.374
2026-02-06T16:00:00Z,68578.9,71479.8,68373.7,70689.8,45584.805
2026-02-06T20:00:00Z,70689.8,71719.9,69788.2,70532.3,17473.911
2026-02-07T00:00:00Z,70532.3,70880.0,69676.2,70879.1,10975.146
2026-02-07T04:00:00Z,70879.1,71653.2,67307.3,68066.4,33330.07
2026-02-07T08:00:00Z,68066.4,68783.7,67577.3,67946.2,14476.74
2026-02-07T12:00:00Z,67946.2,69972.1,67880.3,69116.4,25380.554
2026-02-07T16:00:00Z,69116.4,69950.0,68489.4,69338.2,22270.748
2026-02-07T20:00:00Z,69338.2,69691.0,68742.0,69248.2,5175.133
2026-02-08T00:00:00Z,69248.2,69675.1,68839.0,69062.5,4661.991
2026-02-08T04:00:00Z,69062.5,69691.3,68926.5,69663.7,4338.08
2026-02-08T08:00:00Z,69663.7,71184.0,69467.9,70953.3,17192.879
2026-02-08T12:00:00Z,70953.3,71524.7,70656.6,71153.0,11902.273
2026-02-08T16:00:00Z,71153.0,71494.9,70195.5,71387.8,9010.446
2026-02-08T20:00:00Z,71387.8,72254.1,69945.0,70289.8,16607.251
2026-02-09T00:00:00Z,70289.8,71418.4,70018.0,71265.3,10550.497
2026-02-09T04:00:00Z,71265.3,71314.3,70271.3,70387.1,7127.859
2026-02-09T08:00:00Z,70387.1,70581.8,68384.0,68900.0,20197.991
2026-02-09T12:00:00Z,68900.0,69843.6,68207.2,69533.0,19789.88
2026-02-09T16:00:00Z,69533.0,71065.5,69051.9,70933.4,19260.335
2026-02-09T20:00:00Z,70933.4,71119.9,69780.7,70110.8,9715.88
2026-02-10T00:00:00Z,70110.8,70508.8,69149.3,69470.5,10046.123
2026-02-10T04:00:00Z,69470.5,69874.9,68603.7,68885.9,10707.295
2026-02-10T08:00:00Z,68885.9,69385.2,68365.0,68486.5,8639.737
2026-02-10T12:00:00Z,68486.5,69552.7,67869.0,69251.0,25388.941
2026-02-10T16:00:00Z,69251.0,69982.2,68565.0,69028.3,14444.649
2026-02-10T20:00:00Z,69028.3,69100.0,68315.0,68804.3,6343.053
2026-02-11T00:00:00Z,68804.3,69265.8,67956.1,68151.3,9263.292
2026-02-11T04:00:00Z,68151.3,68290.0,66501.5,67000.1,21502.977
2026-02-11T08:00:00Z,67000.1,67089.9,66306.8,67023.7,11412.603
2026-02-11T12:00:00Z,67023.7,68812.6,65705.0,66485.2,46528.234
2026-02-11T16:00:00Z,66485.2,67837.7,65840.0,67552.4,21620.132
2026-02-11T20:00:00Z,67552.4,68329.0,66755.3,67044.5,11267.219
2026-02-12T00:00:00Z,67044.5,68019.9,67017.0,67554.5,9636.044
2026-02-12T04:00:00Z,67554.5,67668.4,66626.7,67183.3,7618.706
2026-02-12T08:00:00Z,67183.3,68271.4,66858.1,68049.0,10541.587
2026-02-12T12:00:00Z,68049.0,68396.0,66955.7,67100.9,21594.171
2026-02-12T16:00:00Z,67100.9,67205.6,65065.0,65759.9,38098.642
2026-02-12T20:00:00Z,65759.9,66459.2,65183.2,66244.8,10517.379
2026-02-13T00:00:00Z,66244.8,66793.4,65824.7,66532.4,9062.22
2026-02-13T04:00:00Z,66532.4,66650.9,65972.5,66185.1,7917.688
2026-02-13T08:00:00Z,66185.1,67199.9,66151.7,67136.0,8951.418
2026-02-13T12:00:00Z,67136.0,69292.2,66818.3,68653.0,35881.304
2026-02-13T16:00:00Z,68653.0,69450.0,68504.1,68898.8,16571.046
2026-02-13T20:00:00Z,68898.8,69053.5,68632.4,68819.2,6045.38
2026-02-14T00:00:00Z,68819.2,69118.0,68731.7,68938.7,3204.763
2026-02-14T04:00:00Z,68938.7,69316.0,68691.1,69185.0,3475.457
2026-02-14T08:00:00Z,69185.0,70550.0,69180.0,70470.4,12747.13
2026-02-14T12:00:00Z,70470.4,70507.0,69190.0,69756.4,15588.967
2026-02-14T16:00:00Z,69756.4,69900.0,69253.7,69847.8,4476.538
2026-02-14T20:00:00Z,69847.8,70240.0,69625.4,69790.1,5660.968
2026-02-15T00:00:00Z,69790.1,69976.9,69200.0,69926.9,6904.364
2026-02-15T04:00:00Z,69926.9,70899.5,69925.2,70786.6,9226.26
2026-02-15T08:00:00Z,70786.6,70937.0,70144.8,70265.9,6267.524
2026-02-15T12:00:00Z,70265.9,70388.4,68735.6,69060.9,16397.741
2026-02-15T16:00:00Z,69060.9,69080.0,68051.7,68263.0,15078.603
2026-02-15T20:00:00Z,68263.0,69055.0,68100.0,68800.0,6673.632
2026-02-16T00:00:00Z,68800.0,69040.0,68108.8,68389.3,5054.513
2026-02-16T04:00:00Z,68389.3,68875.0,68202.0,68554.6,5554.101
2026-02-16T08:00:00Z,68554.6,69029.2,68300.0,68777.0,6524.611
2026-02-16T12:00:00Z,68777.0,70099.1,67243.6,67505.6,30514.832
2026-02-16T16:00:00Z,67505.6,68211.3,67468.5,67878.2,8592.801
2026-02-16T20:00:00Z,67878.2,68968.8,67787.7,68863.8,7089.149
2026-02-17T00:00:00Z,68863.8,69228.5,68321.6,68440.9,7059.095
2026-02-17T04:00:00Z,68440.9,68677.7,67852.4,68350.0,6054.005
2026-02-17T08:00:00Z,68350.0,68447.7,67650.0,67822.8,6350.726
2026-02-17T12:00:00Z,67822.8,68340.2,66556.6,67361.0,24416.125
2026-02-17T16:00:00Z,67361.0,68217.9,66826.2,67768.4,23991.411
2026-02-17T20:00:00Z,67768.4,67930.8,67341.3,67474.9,5496.059
2026-02-18T00:00:00Z,67474.9,67677.4,66843.5,67591.4,5763.001
2026-02-18T04:00:00Z,67591.4,68200.0,67461.5,68080.3,5844.866
2026-02-18T08:00:00Z,68080.3,68440.0,67028.5,67330.2,11348.97
2026-02-18T12:00:00Z,67330.2,68326.7,66668.2,67666.7,19279.34
2026-02-18T16:00:00Z,67666.7,67679.7,65814.6,66138.1,20557.769
2026-02-18T20:00:00Z,66138.1,66514.1,66032.3,66426.0,6554.297
2026-02-19T00:00:00Z,66426.0,66982.5,66304.0,66952.6,5492.059
2026-02-19T04:00:00Z,66952.6,67307.9,66650.0,67179.4,6161.901
2026-02-19T08:00:00Z,67179.4,67179.4,66436.0,66462.4,7503.265
2026-02-19T12:00:00Z,66462.4,66722.7,65573.5,66378.2,23718.511
2026-02-19T16:00:00Z,66378.2,67187.1,65844.7,67028.6,16775.988
2026-02-19T20:00:00Z,67028.6,67167.6,66622.0,66982.1,5290.097
2026-02-20T00:00:00Z,66982.1,67494.7,66923.1,67332.0,6814.954
2026-02-20T04:00:00Z,67332.0,68000.0,67079.7,67802.9,9495.72
2026-02-20T08:00:00Z,67802.9,68299.9,67255.0,67299.9,11241.358
2026-02-20T12:00:00Z,67299.9,68079.9,66427.5,67553.4,35361.444
2026-02-20T16:00:00Z,67553.4,68017.7,66926.8,67623.3,23989.596
2026-02-20T20:00:00Z,67623.3,68211.0,67486.3,67989.2,5592.792
2026-02-21T00:00:00Z,67989.2,68075.7,67511.0,67647.1,3754.859
2026-02-21T04:00:00Z,67647.1,67900.0,67561.4,67822.9,2119.292
2026-02-21T08:00:00Z,67822.9,68293.1,67779.5,68070.0,4941.179
2026-02-21T12:00:00Z,68070.0,68687.1,67867.5,68570.5,7729.912
2026-02-21T16:00:00Z,68570.5,68646.7,68074.6,68521.8,7004.606
2026-02-21T20:00:00Z,68521.8,68579.0,67846.5,67934.5,6755.304
2026-02-22T00:00:00Z,67934.5,68186.4,67751.5,68010.0,4770.783
2026-02-22T04:00:00Z,68010.0,68149.5,67834.2,67974.0,3270.274
2026-02-22T08:00:00Z,67974.0,68224.4,67865.6,68184.9,2887.584
2026-02-22T12:00:00Z,68184.9,68200.0,67262.2,67656.0,11880.698
2026-02-22T16:00:00Z,67656.0,67690.0,67143.5,67386.0,4863.134
2026-02-22T20:00:00Z,67386.0,67722.0,67291.5,67610.5,3551.877
2026-02-23T00:00:00Z,67610.5,67652.2,64220.0,64895.1,35845.294
2026-02-23T04:00:00Z,64895.1,65979.5,64636.3,65916.7,11598.024
2026-02-23T08:00:00Z,65916.7,66574.8,65528.0,66166.4,12201.403
2026-02-23T12:00:00Z,66166.4,66497.9,65488.0,65620.5,17868.806
2026-02-23T16:00:00Z,65620.5,65691.0,64015.9,64262.9,29262.526
2026-02-23T20:00:00Z,64262.9,64985.2,63833.0,64615.3,12958.699
2026-02-24T00:00:00Z,64615.3,64979.7,63248.8,63557.3,27286.44
2026-02-24T04:00:00Z,63557.3,63598.6,62649.2,63152.8,18176.449
2026-02-24T08:00:00Z,63152.8,63401.6,62888.0,63191.1,8645.338
2026-02-24T12:00:00Z,63191.1,63999.0,62422.3,63944.3,25585.86
2026-02-24T16:00:00Z,63944.3,64710.8,63666.0,64402.0,19810.196
2026-02-24T20:00:00Z,64402.0,64564.0,63795.8,64032.5,7692.936
2026-02-25T00:00:00Z,64032.5,66298.1,63869.5,65371.1,26589.14
2026-02-25T04:00:00Z,65371.1,65668.7,64730.5,65010.5,14113.732
2026-02-25T08:00:00Z,65010.5,65668.6,64935.8,65399.8,8590.119
2026-02-25T12:00:00Z,65399.8,67550.0,65280.3,67367.2,32287.67
2026-02-25T16:00:00Z,67367.2,69545.1,67366.8,69008.6,40404.391
2026-02-25T20:00:00Z,69008.6,69989.8,67563.6,67958.3,26574.156
2026-02-26T00:00:00Z,67958.3,68697.3,67688.0,68192.9,13719.06
2026-02-26T04:00:00Z,68192.9,68841.7,67781.9,67805.5,9535.921
2026-02-26T08:00:00Z,67805.5,68710.0,67751.5,68016.2,9613.897
2026-02-26T12:00:00Z,68016.2,68270.4,66725.0,67357.5,24590.127
2026-02-26T16:00:00Z,67357.5,67888.0,66451.1,67555.0,24737.632
2026-02-26T20:00:00Z,67555.0,67800.0,67111.0,67447.5,8095.737
2026-02-27T00:00:00Z,67447.5,67679.4,66850.0,67569.9,8485.576
2026-02-27T04:00:00Z,67569.9,68185.6,67411.7,67642.9,9378.863
2026-02-27T08:00:00Z,67642.9,68126.9,65920.0,66082.6,19560.019
2026-02-27T12:00:00Z,66082.6,66309.0,65616.8,66070.0,19500.105
2026-02-27T16:00:00Z,66070.0,66096.6,65079.0,65364.6,16906.346
2026-02-27T20:00:00Z,65364.6,65926.8,64888.0,65833.4,9165.138
2026-02-28T00:00:00Z,65833.4,65993.4,65680.0,65757.5,4559.06
2026-02-28T04:00:00Z,65757.5,65790.2,62972.3,63787.6,33625.511
2026-02-28T08:00:00Z,63787.6,64289.9,63324.5,63814.2,17142.679
2026-02-28T12:00:00Z,63814.2,65330.0,63796.0,64802.0,24284.274
2026-02-28T16:00:00Z,64802.0,66638.0,64640.0,66316.4,20081.223
2026-02-28T20:00:00Z,66316.4,67739.5,66150.0,66939.6,19932.006
2026-03-01T00:00:00Z,66939.6,68183.2,65973.2,67477.7,20087.385
2026-03-01T04:00:00Z,67477.7,67588.6,66756.6,67121.5,8968.834
2026-03-01T08:00:00Z,67121.5,67276.9,66177.6,66443.5,9830.342
2026-03-01T12:00:00Z,66443.5,67336.7,66069.2,66813.9,14174.888
2026-03-01T16:00:00Z,66813.9,67100.0,65680.0,65925.6,18067.862
2026-03-01T20:00:00Z,65925.6,66464.6,65001.0,65746.9,19099.63
2026-03-02T00:00:00Z,65746.9,67078.9,65719.3,66796.1,13599.541
2026-03-02T04:00:00Z,66796.1,66974.0,65510.0,65977.6,10897.537
2026-03-02T08:00:00Z,65977.6,66711.9,65614.7,66333.0,11137.365
2026-03-02T12:00:00Z,66333.0,69570.0,65238.5,69096.9,43155.103
2026-03-02T16:00:00Z,69096.9,70066.0,68526.5,68930.7,26576.157
2026-03-02T20:00:00Z,68930.7,69500.0,68533.8,68799.9,11206.697
2026-03-03T00:00:00Z,68799.9,69222.0,68183.6,68353.5,8716.012
2026-03-03T04:00:00Z,68353.5,68537.5,67766.4,68141.9,10729.684
2026-03-03T08:00:00Z,68141.9,68281.0,66304.0,66999.3,22565.207
2026-03-03T12:00:00Z,66999.3,67950.0,66054.3,67703.4,29049.821
2026-03-03T16:00:00Z,67703.4,68967.8,67432.2,68405.9,30546.84
2026-03-03T20:00:00Z,68405.9,68849.2,67780.0,68299.5,11031.837
2026-03-04T00:00:00Z,68299.5,68880.0,67348.4,67697.1,12945.095
2026-03-04T04:00:00Z,67697.1,69624.2,67424.0,69460.2,16293.006
2026-03-04T08:00:00Z,69460.2,71872.3,69110.0,71080.1,36558.924
2026-03-04T12:00:00Z,71080.1,73450.1,70546.7,73351.1,39811.912
2026-03-04T16:00:00Z,73351.1,74021.8,72495.6,73576.4,24618.483
2026-03-04T20:00:00Z,73576.4,73672.9,72280.0,72640.4,13328.842
2026-03-05T00:00:00Z,72640.4,73250.0,72268.0,72460.1,11369.18
2026-03-05T04:00:00Z,72460.1,73068.9,71733.1,72025.6,15246.647
2026-03-05T08:00:00Z,72025.6,73537.9,71709.1,72878.8,16157.234
2026-03-05T12:00:00Z,72878.8,73035.0,71111.1,71622.8,29339.88
2026-03-05T16:00:00Z,71622.8,71628.7,70610.0,70883.5,22299.326
2026-03-05T20:00:00Z,70883.5,71536.6,70696.2,70847.6,9595.495
2026-03-06T00:00:00Z,70847.6,71384.5,70336.2,71038.7,9404.552
2026-03-06T04:00:00Z,71038.7,71158.2,70100.1,71035.1,13512.776
2026-03-06T08:00:00Z,71035.1,71044.0,70150.1,70183.7,8870.189
2026-03-06T12:00:00Z,70183.7,70299.0,68130.1,68461.0,40207.106
2026-03-06T16:00:00Z,68461.0,68766.2,67720.0,68091.2,17616.145
2026-03-06T20:00:00Z,68091.2,68405.3,67729.1,68075.5,8130.826
2026-03-07T00:00:00Z,68075.5,68536.8,68012.0,68058.2,4967.128
2026-03-07T04:00:00Z,68058.2,68119.3,67400.7,67804.8,8537.399
2026-03-07T08:00:00Z,67804.8,68212.7,67676.7,67972.3,5790.147
2026-03-07T12:00:00Z,67972.3,68071.4,67565.2,67841.4,6272.672
2026-03-07T16:00:00Z,67841.4,67917.9,66885.4,67044.1,8741.558
2026-03-07T20:00:00Z,67044.1,67449.3,67031.1,67227.1,5054.3
2026-03-08T00:00:00Z,67227.1,67449.4,66772.4,66972.2,6420.019
2026-03-08T04:00:00Z,66972.2,67432.9,66480.0,67274.9,8222.825
2026-03-08T08:00:00Z,67274.9,68167.7,67118.4,67479.2,11741.535
2026-03-08T12:00:00Z,67479.2,67629.4,66777.7,67176.7,11384.392
2026-03-08T16:00:00Z,67176.7,67435.0,66710.5,67297.6,8272.798
2026-03-08T20:00:00Z,67297.6,67487.7,65580.0,65943.8,21669.163
2026-03-09T00:00:00Z,65943.8,67672.3,65782.7,67171.4,17212.521
2026-03-09T04:00:00Z,67171.4,68038.7,66830.7,67506.5,16026.573
2026-03-09T08:00:00Z,67506.5,68431.5,67280.5,67724.0,14520.589
2026-03-09T12:00:00Z,67724.0,69444.4,67713.9,68820.0,27113.06
2026-03-09T16:00:00Z,68820.0,69500.0,68200.0,68944.8,17735.029
2026-03-09T20:00:00Z,68944.8,69118.8,68331.6,68390.7,7490.495
2026-03-10T00:00:00Z,68390.7,70600.0,68355.0,69392.6,20124.011
2026-03-10T04:00:00Z,69392.6,70539.9,69392.6,70385.8,12358.732
2026-03-10T08:00:00Z,70385.8,71300.0,70330.2,70560.3,18892.376
2026-03-10T12:00:00Z,70560.3,71762.8,69227.3,71311.0,39626.331
2026-03-10T16:00:00Z,71311.0,71687.0,69650.5,70003.3,21981.654
2026-03-10T20:00:00Z,70003.3,70374.0,69405.1,69907.5,10693.732
2026-03-11T00:00:00Z,69907.5,70162.3,69448.6,69515.7,7474.97
2026-03-11T04:00:00Z,69515.7,70239.0,69318.6,69621.6,11321.305
2026-03-11T08:00:00Z,69621.6,69765.0,69121.4,69136.1,8064.936
2026-03-11T12:00:00Z,69136.1,71067.5,68921.8,70200.0,41886.182
2026-03-11T16:00:00Z,70200.0,71300.0,70120.0,70606.6,18214.128
2026-03-11T20:00:00Z,70606.6,70900.0,70080.0,70150.8,6599.552
2026-03-12T00:00:00Z,70150.8,70319.1,69172.5,69395.7,10252.255
2026-03-12T04:00:00Z,69395.7,69829.8,69150.0,69786.6,7288.735
2026-03-12T08:00:00Z,69786.6,70772.4,69540.0,70389.3,15197.854
2026-03-12T12:00:00Z,70389.3,70638.9,69300.0,70287.7,26743.272
2026-03-12T16:00:00Z,70287.7,70533.9,69728.8,70394.3,14721.824
2026-03-12T20:00:00Z,70394.3,70737.8,69964.5,70482.0,9415.163
2026-03-13T00:00:00Z,70482.0,71996.9,70345.6,71370.5,20785.879
2026-03-13T04:00:00Z,71370.5,71647.7,71145.0,71591.3,7718.645
2026-03-13T08:00:00Z,71591.3,72551.8,71350.0,72194.4,17897.639
2026-03-13T12:00:00Z,72194.4,73869.8,71689.8,71788.3,41743.544
2026-03-13T16:00:00Z,71788.3,72217.8,70777.0,71133.2,25323.492
2026-03-13T20:00:00Z,71133.2,71468.0,70517.2,70884.0,11970.48
2026-03-14T00:00:00Z,70884.0,71133.0,70421.2,71037.8,6913.776
2026-03-14T04:00:00Z,71037.8,71263.8,70262.0,70558.5,7424.644
2026-03-14T08:00:00Z,70558.5,70754.8,70332.3,70699.4,4733.009
2026-03-14T12:00:00Z,70699.4,70900.0,70444.3,70545.6,5750.138
2026-03-14T16:00:00Z,70545.6,70704.3,70449.9,70663.1,2535.095
2026-03-14T20:00:00Z,70663.1,71226.9,70602.3,71178.0,4120.257
2026-03-15T00:00:00Z,71178.0,71600.0,70811.9,71319.6,6938.442
2026-03-15T04:00:00Z,71319.6,71820.0,71290.9,71427.0,6336.317
2026-03-15T08:00:00Z,71427.0,71912.3,71427.0,71806.1,5487.589
2026-03-15T12:00:00Z,71806.1,71806.2,71230.6,71447.5,7545.018
2026-03-15T16:00:00Z,71447.5,71963.6,71231.8,71514.6,7317.571
2026-03-15T20:00:00Z,71514.6,73217.2,71383.3,72777.5,21220.978
2026-03-16T00:00:00Z,72777.5,74297.5,72226.3,73548.3,19075.712
2026-03-16T04:00:00Z,73548.3,74488.2,73352.1,73426.9,16002.996
2026-03-16T08:00:00Z,73426.9,73826.2,72805.6,73515.0,12427.447
2026-03-16T12:00:00Z,73515.0,74499.8,72945.1,73232.9,25346.058
2026-03-16T16:00:00Z,73232.9,74398.3,73124.0,73931.9,14349.875
2026-03-16T20:00:00Z,73931.9,74900.0,73824.1,74854.7,15972.654
2026-03-17T00:00:00Z,74854.7,76053.9,74229.7,74434.7,24522.117
2026-03-17T04:00:00Z,74434.7,74657.5,73742.8,74219.9,13528.685
2026-03-17T08:00:00Z,74219.9,74436.6,73493.0,73996.1,12095.9
2026-03-17T12:00:00Z,73996.1,74876.6,73323.9,73877.5,21946.522
2026-03-17T16:00:00Z,73877.5,74780.9,73822.1,74469.5,10490.151
2026-03-17T20:00:00Z,74469.5,74777.9,73820.7,73861.6,8226.326
2026-03-18T00:00:00Z,73861.6,74640.2,73463.5,74417.6,7996.367
2026-03-18T04:00:00Z,74417.6,74457.9,73658.0,73845.0,6554.642
2026-03-18T08:00:00Z,73845.0,74249.9,72720.0,72902.3,14642.763
2026-03-18T12:00:00Z,72902.3,72938.1,70807.9,71440.4,39766.836
2026-03-18T16:00:00Z,71440.4,71967.6,70821.0,71027.0,18487.356
2026-03-18T20:00:00Z,71027.0,71396.9,70452.0,71213.7,11814.66
2026-03-19T00:00:00Z,71213.7,71588.2,70847.9,71174.1,6963.234
2026-03-19T04:00:00Z,71174.1,71174.1,69432.9,70155.6,17688.323
2026-03-19T08:00:00Z,70155.6,70525.6,69855.6,69921.2,9949.862
2026-03-19T12:00:00Z,69921.2,70136.0,68750.0,69376.9,33138.31
2026-03-19T16:00:00Z,69376.9,70591.0,69086.4,70241.2,16809.229
2026-03-19T20:00:00Z,70241.2,70707.2,69679.4,69881.8,10601.602
2026-03-20T00:00:00Z,69881.8,70793.2,69800.0,70697.8,7711.763
2026-03-20T04:00:00Z,70697.8,70933.0,70164.1,70815.2,10270.307
2026-03-20T08:00:00Z,70815.2,71343.9,70170.6,70443.9,16269.68
2026-03-20T12:00:00Z,70443.9,70648.0,69431.7,69833.4,24908.082
2026-03-20T16:00:00Z,69833.4,70163.2,69338.0,70152.2,14444.792
2026-03-20T20:00:00Z,70152.2,70892.8,69718.0,70476.1,10406.446
2026-03-21T00:00:00Z,70476.1,70800.0,70408.2,70640.2,3866.124
2026-03-21T04:00:00Z,70640.2,70850.0,70580.9,70684.3,3974.38
2026-03-21T08:00:00Z,70684.3,70724.8,70452.5,70610.3,3363.552
2026-03-21T12:00:00Z,70610.3,71068.0,70415.9,70591.5,6260.844
2026-03-21T16:00:00Z,70591.5,70623.8,70154.8,70358.6,6427.446
2026-03-21T20:00:00Z,70358.6,70477.0,68500.0,68870.5,11423.179
2026-03-22T00:00:00Z,68870.5,69557.3,68166.8,69304.1,14896.124
2026-03-22T04:00:00Z,69304.1,69487.3,68851.0,68884.0,5197.226
2026-03-22T08:00:00Z,68884.0,68954.5,68060.0,68181.5,9726.463
2026-03-22T12:00:00Z,68181.5,69042.4,68158.2,68817.5,10012.387
2026-03-22T16:00:00Z,68817.5,68859.6,68089.3,68160.5,6826.88
2026-03-22T20:00:00Z,68160.5,68478.1,67300.1,67828.1,16497.262
2026-03-23T00:00:00Z,67828.1,68570.0,67412.7,68050.0,11005.846
2026-03-23T04:00:00Z,68050.0,68885.3,67470.7,68304.0,14344.218
2026-03-23T08:00:00Z,68304.0,71487.0,67880.0,70094.5,46062.914
2026-03-23T12:00:00Z,70094.5,71788.0,69640.5,70092.1,37715.063
2026-03-23T16:00:00Z,70092.1,71224.1,70092.0,70639.5,17947.82
2026-03-23T20:00:00Z,70639.5,70991.6,70352.6,70865.0,6963.248
2026-03-24T00:00:00Z,70865.0,71072.4,70224.2,70505.2,7405.5
2026-03-24T04:00:00Z,70505.2,71393.8,70081.0,71269.9,12701.789
2026-03-24T08:00:00Z,71269.9,71349.9,70799.8,71122.8,9835.679
2026-03-24T12:00:00Z,71122.8,71156.9,69460.0,69830.1,27287.96
2026-03-24T16:00:00Z,69830.1,69986.3,68849.2,69336.6,20351.867
2026-03-24T20:00:00Z,69336.6,70823.1,69250.0,70518.3,20750.218
2026-03-25T00:00:00Z,70518.3,71021.6,70379.2,70688.9,8426.229
2026-03-25T04:00:00Z,70688.9,71323.5,70670.4,70904.3,10383.718
2026-03-25T08:00:00Z,70904.3,71984.8,70763.4,71644.6,15592.377
2026-03-25T12:00:00Z,71644.6,71930.0,70515.5,70788.4,25203.251
2026-03-25T16:00:00Z,70788.4,71731.0,70633.1,70850.0,14684.846
2026-03-25T20:00:00Z,70850.0,71630.4,70600.0,71304.3,6896.369
2026-03-26T00:00:00Z,71304.3,71420.9,70646.2,70876.8,5938.608
2026-03-26T04:00:00Z,70876.8,70884.9,69750.0,70052.7,13377.175
2026-03-26T08:00:00Z,70052.7,70117.0,69151.3,69237.0,14516.94
2026-03-26T12:00:00Z,69237.0,69846.2,68590.0,69056.0,21021.423
2026-03-26T16:00:00Z,69056.0,69136.0,68100.6,68505.8,14297.279
2026-03-26T20:00:00Z,68505.8,69506.0,68383.9,68793.4,15506.381
2026-03-27T00:00:00Z,68793.4,69150.0,68482.8,68738.9,6813.322
2026-03-27T04:00:00Z,68738.9,68935.3,68255.2,68500.8,10775.1
2026-03-27T08:00:00Z,68500.8,68594.0,66174.6,66667.9,29176.351
2026-03-27T12:00:00Z,66667.9,66745.8,65688.3,66086.0,26303.882
2026-03-27T16:00:00Z,66086.0,66300.3,65504.7,66015.6,18914.344
2026-03-27T20:00:00Z,66015.6,66396.7,65786.2,66374.7,6580.727
2026-03-28T00:00:00Z,66374.7,66493.6,65880.7,66197.4,6639.55
2026-03-28T04:00:00Z,66197.4,66541.4,66071.2,66529.4,3584.683
2026-03-28T08:00:00Z,66529.4,66534.8,66068.2,66288.1,4855.29
2026-03-28T12:00:00Z,66288.1,67287.8,66190.8,66983.9,12499.013
2026-03-28T16:00:00Z,66983.9,67072.0,66636.5,66879.9,5351.235
2026-03-28T20:00:00Z,66879.9,66979.2,66239.1,66345.4,6225.808
2026-03-29T00:00:00Z,66345.4,67113.3,66250.0,66879.3,5335.975
2026-03-29T04:00:00Z,66879.3,66909.7,66511.3,66625.7,3926.596
2026-03-29T08:00:00Z,66625.7,66979.9,66369.6,66774.2,5532.734
2026-03-29T12:00:00Z,66774.2,66845.0,66276.6,66499.3,7268.965
2026-03-29T16:00:00Z,66499.3,66639.4,66111.2,66320.5,5006.784
2026-03-29T20:00:00Z,66320.5,66765.9,64935.7,65990.7,20807.797
2026-03-30T00:00:00Z,65990.7,67442.5,65747.8,67143.6,20126.934
2026-03-30T04:00:00Z,67143.6,67802.3,67129.2,67595.0,10282.443
2026-03-30T08:00:00Z,67595.0,68000.0,67324.1,67649.5,10516.137
2026-03-30T12:00:00Z,67649.5,68199.9,67050.1,67602.7,20997.534
2026-03-30T16:00:00Z,67602.7,67626.2,66184.2,66512.2,16434.796
2026-03-30T20:00:00Z,66512.2,66961.0,66374.3,66767.3,6545.7
2026-03-31T00:00:00Z,66767.3,68397.1,66504.5,67677.8,16150.087
2026-03-31T04:00:00Z,67677.8,67865.6,67067.9,67344.9,9458.951
2026-03-31T08:00:00Z,67344.9,67475.7,65950.0,66649.7,21026.165
2026-03-31T12:00:00Z,66649.7,67744.7,66403.4,66710.0,26240.726
2026-03-31T16:00:00Z,66710.0,68599.9,66699.0,67802.9,23281.852
2026-03-31T20:00:00Z,67802.9,68400.0,67790.6,68244.6,8614.551
2026-04-01T00:00:00Z,68244.6,68333.0,67543.8,68134.9,10156.825
2026-04-01T04:00:00Z,68134.9,69301.0,67973.7,68662.3,18823.272
2026-04-01T08:00:00Z,68662.3,68858.8,68342.7,68674.7,9127.077
2026-04-01T12:00:00Z,68674.7,68933.0,67831.7,68879.5,18613.399
2026-04-01T16:00:00Z,68879.5,69164.4,67900.0,68140.7,13660.638
2026-04-01T20:00:00Z,68140.7,68498.3,67922.0,68086.0,5052.183
2026-04-02T00:00:00Z,68086.0,68645.7,66444.0,66540.0,24962.009
2026-04-02T04:00:00Z,66540.0,66900.0,66171.1,66889.0,10640.417
2026-04-02T08:00:00Z,66889.0,66889.1,66106.0,66176.4,9318.005
2026-04-02T12:00:00Z,66176.4,67081.1,65666.0,66814.9,23555.024
2026-04-02T16:00:00Z,66814.9,67403.9,66568.2,66946.3,14790.286
2026-04-02T20:00:00Z,66946.3,67089.8,66680.0,66870.9,4435.378
2026-04-03T00:00:00Z,66870.9,66976.3,66240.0,66544.4,7729.41
2026-04-03T04:00:00Z,66544.4,67230.0,66373.0,67011.9,8336.798
2026-04-03T08:00:00Z,67011.9,67273.3,66647.2,66987.7,7502.803
2026-04-03T12:00:00Z,66987.7,67344.9,66468.9,66809.1,12331.326
2026-04-03T16:00:00Z,66809.1,67046.2,66726.0,66859.2,4090.226
2026-04-03T20:00:00Z,66859.2,66946.0,66785.2,66932.7,2300.773
2026-04-04T00:00:00Z,66932.7,66945.5,66778.7,66799.6,1772.79
2026-04-04T04:00:00Z,66799.6,67022.1,66737.0,66980.5,2539.542
2026-04-04T08:00:00Z,66980.5,67199.9,66857.0,67136.5,3981.84
2026-04-04T12:00:00Z,67136.5,67543.0,66983.3,67352.4,6243.349
2026-04-04T16:00:00Z,67352.4,67526.0,67215.3,67262.2,4133.352
2026-04-04T20:00:00Z,67262.2,67445.9,67125.1,67266.7,2685.45
2026-04-05T00:00:00Z,67266.7,67274.4,66905.1,67110.0,3179.49
2026-04-05T04:00:00Z,67110.0,67159.0,66567.0,66780.5,5556.071
2026-04-05T08:00:00Z,66780.5,67115.9,66774.6,66972.7,3271.901
2026-04-05T12:00:00Z,66972.7,67828.6,66638.0,67268.6,12945.949
2026-04-05T16:00:00Z,67268.6,67551.9,67142.7,67331.8,4653.402
2026-04-05T20:00:00Z,67331.8,69115.9,67298.4,69002.4,18542.304
2026-04-06T00:00:00Z,69002.4,69564.0,68733.6,69099.7,13577.66
2026-04-06T04:00:00Z,69099.7,69322.9,68769.3,69085.1,6333.582
2026-04-06T08:00:00Z,69085.1,70250.0,69043.7,69584.3,13805.275
2026-04-06T12:00:00Z,69584.3,69939.5,69120.0,69925.8,15930.849
2026-04-06T16:00:00Z,69925.8,70351.7,69226.3,69700.5,16609.209
2026-04-06T20:00:00Z,69700.5,69950.0,68272.0,68807.5,14241.561
2026-04-07T00:00:00Z,68807.5,69087.5,68224.7,68741.3,8944.256
2026-04-07T04:00:00Z,68741.3,68944.0,68404.0,68582.5,5513.145
2026-04-07T08:00:00Z,68582.5,69224.3,68015.1,68299.9,15708.839
2026-04-07T12:00:00Z,68299.9,68641.4,67679.0,68132.6,17738.872
2026-04-07T16:00:00Z,68132.6,69089.5,68037.0,68976.5,15645.266
2026-04-07T20:00:00Z,68976.5,72766.4,68976.5,71894.6,53389.02
2026-04-08T00:00:00Z,71894.6,72107.0,71201.1,71255.1,13161.012
2026-04-08T04:00:00Z,71255.1,71928.3,71244.1,71612.6,7701.189
2026-04-08T08:00:00Z,71612.6,71953.2,71341.3,71650.0,7180.388
2026-04-08T12:00:00Z,71650.0,72850.0,70666.4,71270.6,34729.535
2026-04-08T16:00:00Z,71270.6,71966.5,70976.8,71283.5,18657.16
2026-04-08T20:00:00Z,71283.5,71733.9,70870.0,71033.2,8724.588
2026-04-09T00:00:00Z,71033.2,71163.6,70417.2,70958.9,11701.764
2026-04-09T04:00:00Z,70958.9,71080.0,70662.5,70950.9,6905.711
2026-04-09T08:00:00Z,70950.9,71582.7,70829.1,71120.0,11391.464
2026-04-09T12:00:00Z,71120.0,72338.4,70478.4,72118.3,27726.583
2026-04-09T16:00:00Z,72118.3,72541.1,71695.5,72053.4,22473.581
2026-04-09T20:00:00Z,72053.4,73141.6,71560.0,71755.0,22815.51
2026-04-10T00:00:00Z,71755.0,72366.5,71550.2,71841.4,9011.374
2026-04-10T04:00:00Z,71841.4,72250.0,71377.6,71459.3,7194.428
2026-04-10T08:00:00Z,71459.3,72236.4,71394.5,72097.2,7064.473
2026-04-10T12:00:00Z,72097.2,73268.0,71877.0,72429.7,24746.061
2026-04-10T16:00:00Z,72429.7,73238.8,72352.2,73203.7,12496.303
2026-04-10T20:00:00Z,73203.7,73454.9,72664.1,72920.0,10785.548
2026-04-11T00:00:00Z,72920.0,73063.0,72623.9,72831.6,4011.072
2026-04-11T04:00:00Z,72831.6,72923.0,72571.4,72715.8,4194.301
2026-04-11T08:00:00Z,72715.8,72887.1,72580.9,72871.5,3560.012
2026-04-11T12:00:00Z,72871.5,72957.5,72481.3,72823.2,5550.234
2026-04-11T16:00:00Z,72823.2,73800.0,72780.0,73658.9,11916.377
2026-04-11T20:00:00Z,73658.9,73671.3,72859.6,73011.6,7573.017
2026-04-12T00:00:00Z,73011.6,73104.0,71267.8,71561.6,19217.477
2026-04-12T04:00:00Z,71561.6,71749.9,71380.1,71635.0,5001.208
2026-04-12T08:00:00Z,71635.0,71740.0,71309.4,71426.7,4397.365
2026-04-12T12:00:00Z,71426.7,71466.6,70567.0,70848.5,16040.716
2026-04-12T16:00:00Z,70848.5,71200.0,70777.0,71049.3,5344.796
2026-04-12T20:00:00Z,71049.3,71418.5,70450.0,70715.0,12234.28
2026-04-13T00:00:00Z,70715.0,71247.8,70580.6,70947.1,5498.093
2026-04-13T04:00:00Z,70947.1,71128.5,70628.0,70776.0,5343.015
2026-04-13T08:00:00Z,70776.0,70954.2,70523.4,70889.0,6454.623
2026-04-13T12:00:00Z,70889.0,72421.6,70724.3,71826.1,28145.342
2026-04-13T16:00:00Z,71826.1,73447.3,71626.8,73275.6,25576.684
2026-04-13T20:00:00Z,73275.6,74868.2,72967.5,74383.7,23450.093
2026-04-14T00:00:00Z,74383.7,74565.0,73932.0,74413.4,8037.636
2026-04-14T04:00:00Z,74413.4,74932.4,74128.6,74527.2,7927.221
2026-04-14T08:00:00Z,74527.2,74900.0,74270.6,74342.2,7512.764
2026-04-14T12:00:00Z,74342.2,76010.3,74226.9,75272.3,32624.012
2026-04-14T16:00:00Z,75272.3,75649.0,73783.7,74170.3,20955.724
2026-04-14T20:00:00Z,74170.3,74395.0,73754.5,74092.2,9330.256
2026-04-15T00:00:00Z,74092.2,74765.6,74070.8,74299.9,8342.986
2026-04-15T04:00:00Z,74299.9,74398.4,73455.5,73701.9,9548.071
2026-04-15T08:00:00Z,73701.9,74222.0,73630.1,74158.0,9054.195
2026-04-15T12:00:00Z,74158.0,74474.6,73519.0,73798.3,18675.511
2026-04-15T16:00:00Z,73798.3,75246.7,73714.4,74960.3,13662.405
2026-04-15T20:00:00Z,74960.3,75396.0,74456.9,74778.3,10313.134
2026-04-16T00:00:00Z,74778.3,75225.0,74381.1,74847.0,7547.73
2026-04-16T04:00:00Z,74847.0,75136.2,74578.0,74668.9,5384.691
2026-04-16T08:00:00Z,74668.9,74865.0,74229.0,74524.9,10510.587
2026-04-16T12:00:00Z,74524.9,74976.9,73235.8,74657.0,27700.107
2026-04-16T16:00:00Z,74657.0,75388.0,73837.6,75317.4,19301.882
2026-04-16T20:00:00Z,75317.4,75506.2,74755.1,75105.6,7420.321
2026-04-17T00:00:00Z,75105.6,75116.8,74480.2,74569.1,7163.782
2026-04-17T04:00:00Z,74569.1,75066.2,74491.6,75047.1,7185.14
2026-04-17T08:00:00Z,75047.1,76333.0,74952.0,75553.4,20621.872
2026-04-17T12:00:00Z,75553.4,78043.4,75486.2,77736.7,43270.941
2026-04-17T16:00:00Z,77736.7,78332.6,76900.0,77350.2,17102.038
2026-04-17T20:00:00Z,77350.2,77570.9,76837.8,77018.5,6128.785
2026-04-18T00:00:00Z,77018.5,77379.9,76904.4,76964.3,5829.13
2026-04-18T04:00:00Z,76964.3,77232.8,76825.0,76955.9,3584.3
2026-04-18T08:00:00Z,76955.9,77011.0,75702.1,75993.2,14172.253
2026-04-18T12:00:00Z,75993.2,76384.4,75728.1,76120.7,7903.497
2026-04-18T16:00:00Z,76120.7,76174.4,75380.0,75605.0,8675.903
2026-04-18T20:00:00Z,75605.0,75868.1,75547.5,75650.0,3372.012
2026-04-19T00:00:00Z,75650.0,75809.7,75302.8,75477.4,4132.467
2026-04-19T04:00:00Z,75477.4,75748.7,74810.3,75209.0,8327.205
2026-04-19T08:00:00Z,75209.0,75619.0,74881.2,75564.6,7431.655
2026-04-19T12:00:00Z,75564.6,76211.8,75338.6,75813.4,11547.329
2026-04-19T16:00:00Z,75813.4,75822.0,74550.0,74919.0,12035.724
2026-04-19T20:00:00Z,74919.0,74921.4,73700.1,73765.8,13915.545
2026-04-20T00:00:00Z,73765.8,74700.0,73653.6,74598.8,9157.009
2026-04-20T04:00:00Z,74598.8,75544.5,74057.3,74785.8,13634.676
2026-04-20T08:00:00Z,74785.8,75371.4,74564.6,75153.2,8347.259
2026-04-20T12:00:00Z,75153.2,75759.0,74655.0,75667.3,21127.744
2026-04-20T16:00:00Z,75667.3,76444.8,75241.9,76246.5,13363.215
2026-04-20T20:00:00Z,76246.5,76528.2,75562.9,75789.1,6914.074
2026-04-21T00:00:00Z,75789.1,76234.5,75440.0,75667.4,8168.478
2026-04-21T04:00:00Z,75667.4,76283.3,75556.1,76056.0,5906.823
2026-04-21T08:00:00Z,76056.0,76934.1,76024.4,76415.4,11321.845
2026-04-21T12:00:00Z,76415.4,76559.6,75359.7,75791.0,19869.514
2026-04-21T16:00:00Z,75791.0,76147.4,74769.6,74984.9,17143.725
2026-04-21T20:00:00Z,74984.9,76396.8,74940.0,76294.8,10570.567
2026-04-22T00:00:00Z,76294.8,77700.0,76100.0,77492.0,18956.597
2026-04-22T04:00:00Z,77492.0,78432.0,77320.0,77976.0,15594.06
2026-04-22T08:00:00Z,77976.0,78406.5,77886.7,78264.6,8737.398
2026-04-22T12:00:00Z,78264.6,79387.8,78056.4,79224.1,23447.535
2026-04-22T16:00:00Z,79224.1,79423.5,78577.7,78794.2,10837.235
2026-04-22T20:00:00Z,78794.2,78877.6,78110.0,78139.5,7001.451
2026-04-23T00:00:00Z,78139.5,78548.1,77407.9,77699.4,14990.485
2026-04-23T04:00:00Z,77699.4,78310.0,77625.5,78018.0,9459.013
2026-04-23T08:00:00Z,78018.0,78144.6,77114.5,77650.2,12303.656
2026-04-23T12:00:00Z,77650.2,78633.0,77347.8,78339.3,17553.502
2026-04-23T16:00:00Z,78339.3,78479.0,76900.0,77671.8,27371.226
2026-04-23T20:00:00Z,77671.8,78297.0,77603.6,78214.3,6164.314
2026-04-24T00:00:00Z,78214.3,78537.0,77508.3,77700.1,8412.76
2026-04-24T04:00:00Z,77700.1,78017.7,77416.0,77627.1,7278.924
2026-04-24T08:00:00Z,77627.1,78357.5,77358.9,78200.0,12503.454
2026-04-24T12:00:00Z,78200.0,78430.2,77495.0,78004.2,20352.919
2026-04-24T16:00:00Z,78004.2,78022.8,77311.9,77589.4,9777.81
2026-04-24T20:00:00Z,77589.4,77729.1,77200.0,77404.9,4480.576
2026-04-25T00:00:00Z,77404.9,77668.1,77234.3,77630.1,2341.342
2026-04-25T04:00:00Z,77630.1,77655.5,77402.2,77457.4,2214.098
2026-04-25T08:00:00Z,77457.4,77847.6,77447.1,77647.5,3390.825
2026-04-25T12:00:00Z,77647.5,77717.9,77256.6,77287.0,3351.906
2026-04-25T16:00:00Z,77287.0,77415.7,77090.2,77278.8,4605.655
2026-04-25T20:00:00Z,77278.8,77634.2,77263.3,77591.4,3173.292
2026-04-26T00:00:00Z,77591.4,77610.5,77284.7,77356.1,2146.692
2026-04-26T04:00:00Z,77356.1,78179.9,77336.7,78069.3,7179.675
2026-04-26T08:00:00Z,78069.3,78176.0,77880.6,78052.4,3288.293
2026-04-26T12:00:00Z,78052.4,78150.0,77689.8,78010.6,6345.169
2026-04-26T16:00:00Z,78010.6,78483.4,77794.3,78182.9,6630.18
2026-04-26T20:00:00Z,78182.9,78942.3,77777.2,78622.1,18877.358
2026-04-27T00:00:00Z,78622.1,79457.4,78338.7,79069.9,14191.678
2026-04-27T04:00:00Z,79069.9,79152.5,77424.0,77558.2,17698.134
2026-04-27T08:00:00Z,77558.2,77950.0,77503.6,77794.8,5993.868
2026-04-27T12:00:00Z,77794.8,78244.4,76512.0,76755.6,23515.352
2026-04-27T16:00:00Z,76755.6,76900.0,76415.8,76849.2,9162.489
2026-04-27T20:00:00Z,76849.2,77415.6,76720.0,77328.7,5175.255
2026-04-28T00:00:00Z,77328.7,77448.2,76597.0,76765.5,8659.5
2026-04-28T04:00:00Z,76765.5,77118.8,76323.0,76826.7,8275.734
2026-04-28T08:00:00Z,76826.7,76955.6,76071.3,76193.3,7626.333
2026-04-28T12:00:00Z,76193.3,76395.4,75620.9,76024.0,14143.817
2026-04-28T16:00:00Z,76024.0,76347.4,75838.0,76285.9,6829.078
2026-04-28T20:00:00Z,76285.9,76442.1,76136.1,76300.0,3962.13
2026-04-29T00:00:00Z,76300.0,77093.9,76140.2,76954.7,7195.381
2026-04-29T04:00:00Z,76954.7,77420.0,76844.7,77001.9,9149.151
2026-04-29T08:00:00Z,77001.9,77860.0,76911.1,77544.0,12411.549
2026-04-29T12:00:00Z,77544.0,77551.5,75661.7,75888.3,20313.313
2026-04-29T16:00:00Z,75888.3,76248.6,74900.0,75517.0,22091.026
2026-04-29T20:00:00Z,75517.0,76060.7,75445.4,75750.0,6383.604
2026-04-30T00:00:00Z,75750.0,76429.1,75431.7,75882.6,9767.697
2026-04-30T04:00:00Z,75882.6,76146.0,75272.9,76128.4,7170.374
2026-04-30T08:00:00Z,76128.4,76323.5,75805.3,76032.0,7018.085
2026-04-30T12:00:00Z,76032.0,76644.3,76003.7,76422.1,11414.04
2026-04-30T16:00:00Z,76422.1,76480.0,76065.0,76360.4,5295.253
2026-04-30T20:00:00Z,76360.4,76547.3,76141.1,76301.0,3904.778
2026-05-01T00:00:00Z,76301.0,77429.4,76269.5,77078.9,9179.024
2026-05-01T04:00:00Z,77078.9,77169.7,76835.3,77102.0,5337.53
2026-05-01T08:00:00Z,77102.0,77580.0,77005.8,77420.1,7988.033
2026-05-01T12:00:00Z,77420.1,78900.0,77355.6,78399.2,25667.99
2026-05-01T16:00:00Z,78399.2,78649.0,78080.0,78311.1,7577.327
2026-05-01T20:00:00Z,78311.1,78382.3,77703.0,78189.3,5900.416
2026-05-02T00:00:00Z,78189.3,78493.9,78110.4,78371.6,2992.667
2026-05-02T04:00:00Z,78371.6,78439.1,77992.6,78187.1,3911.031
2026-05-02T08:00:00Z,78187.1,78363.7,78050.0,78105.9,2665.032
2026-05-02T12:00:00Z,78105.9,78450.0,78065.1,78450.0,2790.05
2026-05-02T16:00:00Z,78450.0,78569.0,78265.3,78445.8,2324.61
2026-05-02T20:00:00Z,78445.8,79182.5,78367.0,78655.1,6686.433
2026-05-03T00:00:00Z,78655.1,78728.3,78060.7,78156.9,4761.623
2026-05-03T04:00:00Z,78156.9,78433.1,78025.0,78320.1,3733.779
2026-05-03T08:00:00Z,78320.1,78820.3,78307.6,78631.2,5001.7
2026-05-03T12:00:00Z,78631.2,78861.6,78550.2,78631.5,4406.936
2026-05-03T16:00:00Z,78631.5,78820.0,78522.6,78733.5,2746.633
2026-05-03T20:00:00Z,78733.5,79421.0,78444.0,78529.9,13518.478
2026-05-04T00:00:00Z,78529.9,80433.0,78220.0,80279.5,27049.875
2026-05-04T04:00:00Z,80279.5,80600.9,79455.0,79662.5,11153.646
2026-05-04T08:00:00Z,79662.5,79886.9,78170.4,78753.7,22762.754
2026-05-04T12:00:00Z,78753.7,80507.0,78430.5,79983.5,25767.175
2026-05-04T16:00:00Z,79983.5,80742.2,79567.9,80007.2,13775.701
2026-05-04T20:00:00Z,80007.2,80360.0,79705.7,79818.9,4427.571
2026-05-05T00:00:00Z,79818.9,81064.0,79752.5,80839.0,10204.926
2026-05-05T04:00:00Z,80839.0,81300.0,80675.0,80821.9,9534.294
2026-05-05T08:00:00Z,80821.9,81084.6,80474.4,80972.9,7224.643
2026-05-05T12:00:00Z,80972.9,81694.6,80876.8,81490.6,18056.108
2026-05-05T16:00:00Z,81490.6,81643.3,81005.0,81553.0,7401.48
2026-05-05T20:00:00Z,81553.0,81787.0,80711.3,80851.6,12720.316
2026-05-06T00:00:00Z,80851.6,81750.0,80638.0,81543.4,10814.782
2026-05-06T04:00:00Z,81543.4,81600.0,81013.4,81332.1,6154.698
2026-05-06T08:00:00Z,81332.1,82811.0,81276.4,82486.4,18211.762
2026-05-06T12:00:00Z,82486.4,82514.7,81086.7,81662.2,18663.121
2026-05-06T16:00:00Z,81662.2,81880.0,81133.4,81411.8,7496.166
2026-05-06T20:00:00Z,81411.8,81664.1,80929.1,81394.2,5887.064
2026-05-07T00:00:00Z,81394.2,81442.7,80788.0,80807.2,7069.301
2026-05-07T04:00:00Z,80807.2,81671.0,80675.9,81481.3,8010.627
2026-05-07T08:00:00Z,81481.3,81564.0,80532.2,80835.0,9507.745
2026-05-07T12:00:00Z,80835.0,81148.0,79635.0,79864.0,18470.918
2026-05-07T16:00:00Z,79864.0,80247.1,79461.7,80112.0,11237.962
2026-05-07T20:00:00Z,80112.0,80348.5,79539.0,79975.4,5458.426
2026-05-08T00:00:00Z,79975.4,80105.5,79120.0,79533.0,7619.391
2026-05-08T04:00:00Z,79533.0,79740.9,79204.0,79642.6,5343.315
2026-05-08T08:00:00Z,79642.6,80300.0,79630.0,80185.2,8354.331
2026-05-08T12:00:00Z,80185.2,80477.6,79505.0,80120.6,15783.105
2026-05-08T16:00:00Z,80120.6,80274.8,79689.7,80143.2,7380.904
2026-05-08T20:00:00Z,80143.2,80385.6,80046.2,80158.1,2842.03
2026-05-09T00:00:00Z,80158.1,80537.3,80083.0,80345.6,3446.78
2026-05-09T04:00:00Z,80345.6,80641.4,80084.0,80189.3,4068.565
2026-05-09T08:00:00Z,80189.3,80400.0,80116.5,80307.8,2907.415
2026-05-09T12:00:00Z,80307.8,80567.5,80182.7,80493.0,3273.091
2026-05-09T16:00:00Z,80493.0,81049.9,80446.2,80893.9,6071.341
2026-05-09T20:00:00Z,80893.9,80898.5,80570.0,80628.0,1662.832
2026-05-10T00:00:00Z,80628.0,80850.0,80523.8,80733.4,3799.274
2026-05-10T04:00:00Z,80733.4,80808.0,80603.9,80698.8,2219.541
2026-05-10T08:00:00Z,80698.8,80947.5,80643.6,80783.4,3677.915
2026-05-10T12:00:00Z,80783.4,81400.0,80744.2,81376.4,6226.316
2026-05-10T16:00:00Z,81376.4,81552.7,81100.1,81396.1,5590.865
2026-05-10T20:00:00Z,81396.1,82450.0,80206.3,82181.9,23153.447
2026-05-11T00:00:00Z,82181.9,82350.0,80482.1,80695.7,13560.334
2026-05-11T04:00:00Z,80695.7,81017.0,80598.8,80705.0,4508.525
2026-05-11T08:00:00Z,80705.0,81168.9,80580.2,81161.4,4750.899
2026-05-11T12:00:00Z,81161.4,81425.0,80410.0,81403.8,12040.07
2026-05-11T16:00:00Z,81403.8,82107.6,81304.3,81920.3,12344.221
2026-05-11T20:00:00Z,81920.3,82039.1,81551.0,81699.8,3599.872
2026-05-12T00:00:00Z,81699.8,81768.1,80660.1,81015.5,8873.674
2026-05-12T04:00:00Z,81015.5,81278.6,80760.0,80816.1,6066.799
2026-05-12T08:00:00Z,80816.1,80939.8,80460.0,80738.0,7058.83
2026-05-12T12:00:00Z,80738.0,81000.0,80115.0,80292.0,16691.14
2026-05-12T16:00:00Z,80292.0,80830.0,79800.1,80791.6,10894.841
2026-05-12T20:00:00Z,80791.6,80840.0,80382.9,80459.8,3502.578
2026-05-13T00:00:00Z,80459.8,81274.4,80362.9,81214.2,6444.005
2026-05-13T04:00:00Z,81214.2,81245.8,80850.0,80981.1,3652.604
2026-05-13T08:00:00Z,80981.1,81305.9,80456.1,80460.1,6950.475
2026-05-13T12:00:00Z,80460.1,80560.0,78754.2,78792.5,25089.417
2026-05-13T16:00:00Z,78792.5,79769.7,78724.9,79608.6,10885.386
2026-05-13T20:00:00Z,79608.6,79743.2,79185.7,79285.8,5089.814
2026-05-14T00:00:00Z,79285.8,79663.9,78863.2,79003.0,7833.053
2026-05-14T04:00:00Z,79003.0,79974.3,78930.1,79711.0,7271.016
2026-05-14T08:00:00Z,79711.0,79900.0,79191.0,79215.0,6678.882
2026-05-14T12:00:00Z,79215.0,81295.5,79190.5,81244.0,21908.564
2026-05-14T16:00:00Z,81244.0,81999.0,81018.8,81374.5,22616.803
2026-05-14T20:00:00Z,81374.5,81542.9,81018.0,81052.6,5116.52
2026-05-15T00:00:00Z,81052.6,81639.1,80700.0,81019.0,9981.726
2026-05-15T04:00:00Z,81019.0,81065.8,80258.0,80788.9,12941.285
2026-05-15T08:00:00Z,80788.9,80800.8,80312.0,80578.5,9495.419
2026-05-15T12:00:00Z,80578.5,80604.3,78610.0,79120.2,29535.674
2026-05-15T16:00:00Z,79120.2,79525.1,79003.3,79092.9,6222.284
2026-05-15T20:00:00Z,79092.9,79183.4,78846.1,79069.5,3758.202
2026-05-16T00:00:00Z,79069.5,79192.8,78964.8,79030.0,2164.45
2026-05-16T04:00:00Z,79030.0,79088.3,78010.0,78329.8,10657.301
2026-05-16T08:00:00Z,78329.8,78500.0,77601.0,78041.1,10548.107
2026-05-16T12:00:00Z,78041.1,78318.0,77795.4,78189.9,4798.603
2026-05-16T16:00:00Z,78189.9,78337.4,78072.9,78226.9,3796.34
2026-05-16T20:00:00Z,78226.9,78288.4,78084.1,78106.5,2030.159
2026-05-17T00:00:00Z,78106.5,78207.1,77675.0,77984.9,4950.271
2026-05-17T04:00:00Z,77984.9,78284.4,77956.4,78142.9,3503.699
2026-05-17T08:00:00Z,78142.9,78569.9,77995.2,78382.9,4855.205
2026-05-17T12:00:00Z,78382.9,78528.7,77792.2,78002.8,5649.032
2026-05-17T16:00:00Z,78002.8,78444.4,77781.6,78370.0,4303.77
2026-05-17T20:00:00Z,78370.0,78457.1,76671.5,77416.4,16965.81
2026-05-18T00:00:00Z,77416.4,77443.8,76659.1,76900.4,12073.837
2026-05-18T04:00:00Z,76900.4,77061.5,76540.0,77043.1,10064.973
2026-05-18T08:00:00Z,77043.1,77378.1,76616.2,77262.0,7785.576
2026-05-18T12:00:00Z,77262.0,77766.4,75999.9,76381.2,30448.904
2026-05-18T16:00:00Z,76381.2,76972.9,76105.3,76903.8,14706.6
2026-05-18T20:00:00Z,76903.8,77193.3,76753.8,76963.9,7420.613
2026-05-19T00:00:00Z,76963.9,77377.6,76433.4,76755.2,7227.057
2026-05-19T04:00:00Z,76755.2,77256.7,76600.1,77196.8,4560.874
2026-05-19T08:00:00Z,77196.8,77298.1,76588.3,76671.0,6531.351
2026-05-19T12:00:00Z,76671.0,77024.9,76105.0,76497.0,12212.394
2026-05-19T16:00:00Z,76497.0,77054.0,76379.4,76789.5,7000.624
2026-05-19T20:00:00Z,76789.5,77014.9,76613.0,76806.1,3532.482
2026-05-20T00:00:00Z,76806.1,76898.0,76465.9,76688.7,4332.574
2026-05-20T04:00:00Z,76688.7,77445.0,76643.6,77253.9,6396.299
2026-05-20T08:00:00Z,77253.9,77635.0,77163.6,77350.1,5498.826
2026-05-20T12:00:00Z,77350.1,77838.9,76850.0,77421.9,16123.801
2026-05-20T16:00:00Z,77421.9,77691.9,76977.7,77638.1,7810.597
2026-05-20T20:00:00Z,77638.1,77738.6,77176.9,77518.9,4493.565
2026-05-21T00:00:00Z,77518.9,78142.8,77476.0,78050.0,6686.704
2026-05-21T04:00:00Z,78050.0,78153.6,77479.5,77840.1,5981.924
2026-05-21T08:00:00Z,77840.1,78173.0,77073.4,77159.5,10654.58
2026-05-21T12:00:00Z,77159.5,77375.0,76680.1,77225.5,12397.704
2026-05-21T16:00:00Z,77225.5,78070.1,76970.0,77666.6,15822.028
2026-05-21T20:00:00Z,77666.6,77782.8,77498.7,77588.4,3284.373
2026-05-22T00:00:00Z,77588.4,77771.7,77280.1,77738.7,4443.079
2026-05-22T04:00:00Z,77738.7,77865.0,77227.6,77366.9,6514.694
2026-05-22T08:00:00Z,77366.9,77504.0,77155.0,77394.9,4818.766
2026-05-22T12:00:00Z,77394.9,77550.0,76530.0,76755.9,14284.266
2026-05-22T16:00:00Z,76755.9,77070.0,75611.7,75831.3,20701.842
2026-05-22T20:00:00Z,75831.3,76065.7,75311.0,75509.6,8508.134
2026-05-23T00:00:00Z,75509.6,75626.4,75185.1,75592.4,6129.865
2026-05-23T04:00:00Z,75592.4,75614.1,74221.4,74568.3,11902.226
2026-05-23T08:00:00Z,74568.3,74844.7,74302.7,74757.8,8039.45
2026-05-23T12:00:00Z,74757.8,75674.2,74607.9,75487.4,11371.284
2026-05-23T16:00:00Z,75487.4,75992.3,75327.8,75949.8,8266.35
2026-05-23T20:00:00Z,75949.8,77371.9,75906.2,76709.0,21527.454
2026-05-24T00:00:00Z,76709.0,76980.0,76591.1,76704.8,3135.308
2026-05-24T04:00:00Z,76704.8,77056.9,76613.7,76778.5,4976.403
2026-05-24T08:00:00Z,76778.5,77490.0,76701.6,77280.6,6990.166
2026-05-24T12:00:00Z,77280.6,77290.0,76144.1,76329.9,12188.793
2026-05-24T16:00:00Z,76329.9,76760.0,76329.9,76734.9,4650.13
2026-05-24T20:00:00Z,76734.9,77200.0,76062.2,77032.5,10752.706
2026-05-25T00:00:00Z,77032.5,77449.9,76859.9,76994.4,5682.144
2026-05-25T04:00:00Z,76994.4,77641.0,76952.4,77381.7,9533.514
2026-05-25T08:00:00Z,77381.7,77682.0,77244.8,77327.7,4624.021
2026-05-25T12:00:00Z,77327.7,77885.0,77247.9,77597.9,6728.183
2026-05-25T16:00:00Z,77597.9,77788.0,77310.0,77402.7,4401.508
2026-05-25T20:00:00Z,77402.7,77472.0,76974.1,77280.5,5809.692
2026-05-26T00:00:00Z,77280.5,77316.3,76436.0,76625.3,9486.55
2026-05-26T04:00:00Z,76625.3,77023.1,76559.9,76687.1,5582.963
2026-05-26T08:00:00Z,76687.1,77589.1,76536.2,77159.9,10935.522
2026-05-26T12:00:00Z,77159.9,78049.0,76216.4,76464.2,29601.642
2026-05-26T16:00:00Z,76464.2,76689.1,75733.0,76019.8,17944.579
2026-05-26T20:00:00Z,76019.8,76143.1,75627.9,75897.4,5846.857
2026-05-27T00:00:00Z,75897.4,76077.9,75550.0,75621.3,5407.481
2026-05-27T04:00:00Z,75621.3,75929.1,75235.7,75920.0,9423.104
2026-05-27T08:00:00Z,75920.0,76028.5,75655.0,75729.6,6171.893
2026-05-27T12:00:00Z,75729.6,76136.8,74707.5,75297.1,22927.312
2026-05-27T16:00:00Z,75297.1,75379.0,74626.9,75034.6,12126.591
2026-05-27T20:00:00Z,75034.6,75379.0,74201.2,74412.4,14018.103
2026-05-28T00:00:00Z,74412.4,74557.7,73020.0,73231.8,18679.827
2026-05-28T04:00:00Z,73231.8,73479.6,72687.4,73460.3,14676.538
2026-05-28T08:00:00Z,73460.3,73588.9,73171.7,73474.1,6591.577
2026-05-28T12:00:00Z,73474.1,73561.4,72552.0,72896.6,26425.484
2026-05-28T16:00:00Z,72896.6,73729.0,72696.2,73397.4,12208.694
2026-05-28T20:00:00Z,73397.4,73920.0,73195.7,73597.6,7960.729
2026-05-29T00:00:00Z,73597.6,73853.8,73140.5,73264.0,8742.019
2026-05-29T04:00:00Z,73264.0,73911.1,73169.5,73480.0,8254.993
2026-05-29T08:00:00Z,73480.0,73877.5,73311.2,73449.9,5103.658
2026-05-29T12:00:00Z,73449.9,74187.8,72460.7,73774.1,31899.405
2026-05-29T16:00:00Z,73774.1,74310.0,73123.9,73491.1,19140.793
2026-05-29T20:00:00Z,73491.1,73819.7,73276.2,73437.3,5223.571
2026-05-30T00:00:00Z,73437.3,73756.4,73372.7,73495.8,2889.108
2026-05-30T04:00:00Z,73495.8,73694.2,73160.3,73515.7,5332.696
2026-05-30T08:00:00Z,73515.7,73646.0,73464.9,73569.4,1616.334
2026-05-30T12:00:00Z,73569.4,74076.8,73556.0,73889.3,4920.815
2026-05-30T16:00:00Z,73889.3,74117.7,73780.4,73978.8,3493.421
2026-05-30T20:00:00Z,73978.8,74025.3,73740.4,73854.1,2967.04
2026-05-31T00:00:00Z,73854.1,74246.1,73817.6,74109.9,5153.625
2026-05-31T04:00:00Z,74109.9,74197.4,73800.0,73842.4,2721.069
2026-05-31T08:00:00Z,73842.4,74003.4,73687.6,73911.0,3239.131
2026-05-31T12:00:00Z,73911.0,74007.2,73467.8,73617.0,7304.031
2026-05-31T16:00:00Z,73617.0,73699.5,73351.0,73520.6,4344.459
2026-05-31T20:00:00Z,73520.6,74173.8,73452.3,73649.6,7216.921
2026-06-01T00:00:00Z,73649.6,74057.6,73176.0,73726.2,7136.325
2026-06-01T04:00:00Z,73726.2,73806.0,72654.8,72770.2,10887.089
2026-06-01T08:00:00Z,72770.2,73064.9,72160.5,72449.7,15435.863
2026-06-01T12:00:00Z,72449.7,72590.0,71040.0,71103.9,37862.932
2026-06-01T16:00:00Z,71103.9,71800.0,70650.4,71576.1,17637.372
2026-06-01T20:00:00Z,71576.1,71683.1,70805.0,71391.3,9769.841
2026-06-02T00:00:00Z,71391.3,71398.4,70063.9,70933.9,17499.682
2026-06-02T04:00:00Z,70933.9,71039.2,69705.1,70080.8,17567.917
2026-06-02T08:00:00Z,70080.8,70150.7,69290.0,69434.2,14398.827
2026-06-02T12:00:00Z,69434.2,69519.0,67030.4,67269.4,50275.328
2026-06-02T16:00:00Z,67269.4,68112.1,66356.0,67287.9,30787.235
2026-06-02T20:00:00Z,67287.9,67891.4,66160.0,66725.2,27803.105
2026-06-03T00:00:00Z,66725.2,67174.6,65400.0,65818.7,20923.698
2026-06-03T04:00:00Z,65818.7,67497.5,65797.2,67188.5,21332.5
2026-06-03T08:00:00Z,67188.5,67450.0,66627.5,67044.9,11483.074
2026-06-03T12:00:00Z,67044.9,67220.0,66041.3,66046.9,18439.66
2026-06-03T16:00:00Z,66046.9,66346.9,65201.2,65428.4,25141.954
2026-06-03T20:00:00Z,65428.4,65827.8,64035.3,64115.2,29630.292
2026-06-04T00:00:00Z,64115.2,64500.0,61333.0,64335.8,52983.519
2026-06-04T04:00:00Z,64335.8,64734.4,63376.4,63562.6,19393.792
2026-06-04T08:00:00Z,63562.6,63881.6,62133.0,62519.2,28932.98
2026-06-04T12:00:00Z,62519.2,64473.6,62355.7,63866.9,32598.853
2026-06-04T16:00:00Z,63866.9,64121.5,62904.7,63597.3,18085.713
2026-06-04T20:00:00Z,63597.3,63893.6,63072.4,63849.1,11470.29
2026-06-05T00:00:00Z,63849.1,63954.5,62297.6,62695.3,12291.045
2026-06-05T04:00:00Z,62695.3,63684.4,61076.6,63080.1,39999.908
2026-06-05T08:00:00Z,63080.1,63268.5,61925.2,61925.2,18734.737
2026-06-05T12:00:00Z,61925.2,62430.0,60013.0,60400.7,50811.779
2026-06-05T16:00:00Z,60400.7,61529.7,59081.4,60269.6,52174.865
2026-06-05T20:00:00Z,60269.6,61992.8,59902.9,61026.6,34604.321
2026-06-06T00:00:00Z,61026.6,61496.4,60488.7,60661.7,10694.646
2026-06-06T04:00:00Z,60661.7,61268.3,59428.7,60975.3,30673.283
2026-06-06T08:00:00Z,60975.3,61473.0,60073.8,60771.6,15275.559
2026-06-06T12:00:00Z,60771.6,61168.3,60350.6,60754.3,12002.597
2026-06-06T16:00:00Z,60754.3,60950.0,60365.4,60557.8,8515.826
2026-06-06T20:00:00Z,60557.8,60967.8,60394.0,60855.6,6989.383
2026-06-07T00:00:00Z,60855.6,61747.0,60711.1,61668.6,13884.131
2026-06-07T04:00:00Z,61668.6,62381.8,61443.2,62368.6,12838.989
2026-06-07T08:00:00Z,62368.6,62950.0,62220.1,62598.2,15093.296
2026-06-07T12:00:00Z,62598.2,62617.3,61524.5,62070.7,21651.172
2026-06-07T16:00:00Z,62070.7,62313.4,61138.5,61299.8,12755.656
2026-06-07T20:00:00Z,61299.8,64250.0,61178.7,63306.5,32071.236
2026-06-08T00:00:00Z,63306.5,63842.9,62678.8,63095.9,11187.174
2026-06-08T04:00:00Z,63095.9,63331.4,62374.0,63263.5,10258.675
2026-06-08T08:00:00Z,63263.5,63888.6,62951.3,63451.4,12877.922
2026-06-08T12:00:00Z,63451.4,64220.9,62672.7,63745.6,28619.965
2026-06-08T16:00:00Z,63745.6,64025.9,63226.3,63342.1,10703.509
2026-06-08T20:00:00Z,63342.1,63840.7,62939.0,63056.4,10615.317
2026-06-09T00:00:00Z,63056.4,63155.2,62386.1,62844.7,12161.418
2026-06-09T04:00:00Z,62844.7,63501.0,62718.5,63170.6,11365.111
2026-06-09T08:00:00Z,63170.6,63182.3,62462.9,62676.2,11488.195
2026-06-09T12:00:00Z,62676.2,62878.0,61000.3,61104.9,31522.904
2026-06-09T16:00:00Z,61104.9,62087.1,60705.0,62071.5,25430.709
2026-06-09T20:00:00Z,62071.5,62250.1,61520.0,61699.9,10705.522
2026-06-10T00:00:00Z,61699.9,61948.5,61206.0,61517.2,9099.38
2026-06-10T04:00:00Z,61517.2,61766.4,61039.8,61655.2,8913.019
2026-06-10T08:00:00Z,61655.2,61702.6,60614.5,60998.0,14222.891
2026-06-10T12:00:00Z,60998.0,62846.8,60917.1,62606.5,29654.997
2026-06-10T16:00:00Z,62606.5,62620.0,61550.4,61916.4,15852.486
2026-06-10T20:00:00Z,61916.4,61922.3,61069.5,61476.4,13173.493
2026-06-11T00:00:00Z,61476.4,63023.2,61476.4,62671.5,16871.743
2026-06-11T04:00:00Z,62671.5,63037.9,62518.2,62692.6,8078.345
2026-06-11T08:00:00Z,62692.6,63235.9,62692.1,63075.2,7695.799
2026-06-11T12:00:00Z,63075.2,63216.6,62468.2,62726.3,18008.615
2026-06-11T16:00:00Z,62726.3,63900.0,62315.0,63580.1,23915.799
2026-06-11T20:00:00Z,63580.1,63699.9,63239.8,63600.0,6048.007
2026-06-12T00:00:00Z,63600.0,63780.0,63258.0,63494.7,6033.242
2026-06-12T04:00:00Z,63494.7,63849.6,62810.0,63063.2,10555.615
2026-06-12T08:00:00Z,63063.2,63934.9,63061.0,63730.5,10225.513
2026-06-12T12:00:00Z,63730.5,64371.8,63010.1,63565.7,23415.782
2026-06-12T16:00:00Z,63565.7,64080.8,63477.3,63549.1,8559.483
2026-06-12T20:00:00Z,63549.1,63666.9,63358.7,63547.1,4404.738
2026-06-13T00:00:00Z,63547.1,63816.6,63372.8,63493.9,4551.259
2026-06-13T04:00:00Z,63493.9,63867.3,63445.8,63821.6,4924.359
2026-06-13T08:00:00Z,63821.6,63947.9,63694.6,63936.3,4005.667
2026-06-13T12:00:00Z,63936.3,64316.4,63884.7,64263.6,6859.668
2026-06-13T16:00:00Z,64263.6,64310.9,63876.1,64267.0,7936.646
2026-06-13T20:00:00Z,64267.0,64746.9,64185.1,64416.6,6491.441
2026-06-14T00:00:00Z,64416.6,64685.9,64337.8,64508.8,3144.667
2026-06-14T04:00:00Z,64508.8,64528.3,64176.6,64401.5,4034.431
2026-06-14T08:00:00Z,64401.5,64641.8,64288.2,64516.1,4149.914
2026-06-14T12:00:00Z,64516.1,64533.1,63831.0,63991.6,7847.072
2026-06-14T16:00:00Z,63991.6,64211.1,63643.7,63775.1,5742.524
2026-06-14T20:00:00Z,63775.1,65770.0,63760.9,65710.0,27550.769
2026-06-15T00:00:00Z,65710.0,65983.0,65317.0,65895.4,8522.913
2026-06-15T04:00:00Z,65895.4,65997.9,65564.4,65644.0,6728.265
2026-06-15T08:00:00Z,65644.0,66372.8,65468.6,66202.4,12393.678
2026-06-15T12:00:00Z,66202.4,67276.0,66067.3,67256.4,23227.693
2026-06-15T16:00:00Z,67256.4,67265.8,66275.2,66580.1,11812.7
2026-06-15T20:00:00Z,66580.1,66656.3,66060.1,66287.2,6334.733
2026-06-16T00:00:00Z,66287.2,66434.7,65605.5,66121.5,11432.238
2026-06-16T04:00:00Z,66121.5,66566.9,65763.1,66338.4,8565.146
2026-06-16T08:00:00Z,66338.4,66970.0,66304.8,66460.3,11157.042
2026-06-16T12:00:00Z,66460.3,66795.3,65327.4,65835.3,17953.331
2026-06-16T16:00:00Z,65835.3,66263.6,65525.0,65656.3,7472.173
2026-06-16T20:00:00Z,65656.3,65918.4,65558.8,65640.0,3573.587
2026-06-17T00:00:00Z,65640.0,66108.3,65421.3,65828.4,6125.871
2026-06-17T04:00:00Z,65828.4,66020.9,65159.5,65505.9,7000.013
2026-06-17T08:00:00Z,65505.9,65545.3,64529.6,64773.7,12223.378
2026-06-17T12:00:00Z,64773.7,65838.6,64552.6,65712.8,17691.176
2026-06-17T16:00:00Z,65712.8,66444.7,64001.8,64267.2,37346.105
2026-06-17T20:00:00Z,64267.2,64502.8,63869.6,64476.6,8882.461
2026-06-18T00:00:00Z,64476.6,64781.8,64220.0,64255.4,6089.267
2026-06-18T04:00:00Z,64255.4,64478.2,63656.3,64467.1,11689.092
2026-06-18T08:00:00Z,64467.1,64619.4,63851.1,63943.0,10457.649
2026-06-18T12:00:00Z,63943.0,64409.8,62216.9,62326.1,35852.596
2026-06-18T16:00:00Z,62326.1,62971.6,62216.4,62915.9,18737.507
2026-06-18T20:00:00Z,62915.9,63238.3,62703.9,62920.1,6595.602
2026-06-19T00:00:00Z,62920.1,63076.6,62345.3,62742.7,8735.303
2026-06-19T04:00:00Z,62742.7,62888.6,62365.1,62589.8,9553.785
2026-06-19T08:00:00Z,62589.8,62755.5,62271.6,62596.7,7947.769
2026-06-19T12:00:00Z,62596.7,63397.3,62309.7,63187.0,15134.311
2026-06-19T16:00:00Z,63187.0,63363.5,62827.2,62999.9,6740.316
2026-06-19T20:00:00Z,62999.9,63641.1,62926.9,63508.9,5091.751
2026-06-20T00:00:00Z,63508.9,63767.2,63286.0,63443.1,5145.801
2026-06-20T04:00:00Z,63443.1,63945.7,63365.0,63624.3,6719.291
2026-06-20T08:00:00Z,63624.3,63790.4,63360.0,63652.9,5849.785
2026-06-20T12:00:00Z,63652.9,64356.6,63154.5,64135.6,16480.558
2026-06-20T16:00:00Z,64135.6,64140.6,63700.8,63908.6,4825.41
2026-06-20T20:00:00Z,63908.6,64339.3,63822.7,64265.4,3212.342
2026-06-21T00:00:00Z,64265.4,64449.0,64169.2,64394.1,3455.762
2026-06-21T04:00:00Z,64394.1,64589.1,64137.0,64158.5,4109.954
2026-06-21T08:00:00Z,64158.5,64452.2,63867.9,64140.0,7402.647
2026-06-21T12:00:00Z,64140.0,64327.1,63915.6,64194.3,5330.595
2026-06-21T16:00:00Z,64194.3,64267.5,63909.8,64169.9,3132.229
2026-06-21T20:00:00Z,64169.9,64239.7,63209.3,63283.4,12677.968
2026-06-22T00:00:00Z,63283.4,64827.6,63279.8,63931.6,18718.692
2026-06-22T04:00:00Z,63931.6,64387.6,63835.0,64184.1,7724.638
2026-06-22T08:00:00Z,64184.1,64757.2,64008.7,64630.4,8588.75
2026-06-22T12:00:00Z,64630.4,65596.0,64558.4,64801.0,26485.407
2026-06-22T16:00:00Z,64801.0,64828.5,64203.5,64445.2,14059.99
2026-06-22T20:00:00Z,64445.2,64635.0,63771.0,63989.3,8939.96
2026-06-23T00:00:00Z,63989.3,64252.8,63796.9,64035.1,7662.718
2026-06-23T04:00:00Z,64035.1,64063.7,62530.0,62853.8,19053.074
2026-06-23T08:00:00Z,62853.8,62916.5,61878.4,62470.1,19725.452
2026-06-23T12:00:00Z,62470.1,62822.5,61921.9,62459.2,20503.943
2026-06-23T16:00:00Z,62459.2,62804.4,62068.0,62358.3,9279.755
2026-06-23T20:00:00Z,62358.3,62772.3,62337.5,62693.7,4738.551
2026-06-24T00:00:00Z,62693.7,63113.4,62427.0,62707.1,8151.31
2026-06-24T04:00:00Z,62707.1,63060.4,62501.0,62629.9,5530.139
2026-06-24T08:00:00Z,62629.9,63232.7,62277.0,62887.9,8227.191
2026-06-24T12:00:00Z,62887.9,62950.0,60220.0,60238.3,42611.441
2026-06-24T16:00:00Z,60238.3,60637.1,59065.8,59923.7,36828.429
2026-06-24T20:00:00Z,59923.7,61239.6,59814.4,61054.7,21940.215
2026-06-25T00:00:00Z,61054.7,61146.0,60650.0,60853.3,7225.68
2026-06-25T04:00:00Z,60853.3,61942.3,60755.1,61881.2,13692.632
2026-06-25T08:00:00Z,61881.2,61894.7,61031.2,61252.3,11553.729
2026-06-25T12:00:00Z,61252.3,61765.8,58042.6,59531.7,74394.561
2026-06-25T16:00:00Z,59531.7,60037.7,59103.7,59295.3,20683.521
2026-06-25T20:00:00Z,59295.3,60236.8,59290.8,59767.3,13717.98
2026-06-26T00:00:00Z,59767.3,60101.7,58289.5,60003.6,27868.746
2026-06-26T04:00:00Z,60003.6,60731.3,59672.2,60487.0,15600.283
2026-06-26T08:00:00Z,60487.0,60539.3,59214.1,59389.2,15378.916
2026-06-26T12:00:00Z,59389.2,60475.3,58450.0,60291.9,44181.139
2026-06-26T16:00:00Z,60291.9,60585.0,59505.0,59735.5,11744.51
2026-06-26T20:00:00Z,59735.5,60090.0,59541.5,60073.4,6384.556
2026-06-27T00:00:00Z,60073.4,60392.0,59839.4,60277.2,4895.864
2026-06-27T04:00:00Z,60277.2,60557.7,60082.3,60525.6,5560.405
2026-06-27T08:00:00Z,60525.6,60525.6,60170.0,60335.4,3637.346
2026-06-27T12:00:00Z,60335.4,60918.3,60209.5,60812.8,8030.188
2026-06-27T16:00:00Z,60812.8,60823.3,60025.0,60141.3,8692.875
2026-06-27T20:00:00Z,60141.3,60450.0,59807.5,59995.3,6526.404
2026-06-28T00:00:00Z,59995.3,60308.4,59943.5,60169.7,3322.545
2026-06-28T04:00:00Z,60169.7,60236.4,59715.9,60188.8,5876.903
2026-06-28T08:00:00Z,60188.8,60522.5,60032.7,60320.4,4896.018
2026-06-28T12:00:00Z,60320.4,60443.5,59784.9,59862.2,6292.134
2026-06-28T16:00:00Z,59862.2,59919.6,59225.4,59450.6,10912.982
2026-06-28T20:00:00Z,59450.6,59882.3,58860.0,59550.4,13806.231
2026-06-29T00:00:00Z,59550.4,60223.4,58850.6,60017.7,17764.42
2026-06-29T04:00:00Z,60017.7,60321.7,59340.0,59988.7,11491.637
2026-06-29T08:00:00Z,59988.7,60307.7,59704.2,59933.1,13225.024
2026-06-29T12:00:00Z,59933.1,60775.0,58973.4,59793.1,44363.841
2026-06-29T16:00:00Z,59793.1,60666.0,59555.6,60401.7,15737.004
2026-06-29T20:00:00Z,60401.7,60578.9,60169.5,60224.0,4241.09
2026-06-30T00:00:00Z,60224.0,60249.0,59566.0,59587.3,9848.546
2026-06-30T04:00:00Z,59587.3,59690.3,59324.3,59495.9,8180.559
2026-06-30T08:00:00Z,59495.9,59528.3,59090.0,59160.1,9741.401
2026-06-30T12:00:00Z,59160.1,59247.3,58156.7,58358.8,40491.737
2026-06-30T16:00:00Z,58358.8,58823.4,58233.4,58793.5,10081.897
2026-06-30T20:00:00Z,58793.5,58860.0,58472.2,58603.5,4345.542
