timestamp,open,high,low,close,volume
2025-07-01T00:00:00Z,107081.2,107394.9,106957.7,107319.3,1679.596
2025-07-01T01:00:00Z,107319.3,107484.8,107110.4,107166.2,1203.538
2025-07-01T02:00:00Z,107166.2,107365.0,107038.0,107046.2,987.698
2025-07-01T03:00:00Z,107046.2,107171.6,107016.6,107150.5,723.797
2025-07-01T04:00:00Z,107150.5,107158.3,106802.0,106826.2,1924.271
2025-07-01T05:00:00Z,106826.2,106908.2,106669.5,106883.0,3085.28
2025-07-01T06:00:00Z,106883.0,106883.1,106690.7,106835.7,1376.343
2025-07-01T07:00:00Z,106835.7,107126.0,106546.0,107119.9,3472.461
2025-07-01T08:00:00Z,107119.9,107119.9,106613.7,106656.9,2091.939
2025-07-01T09:00:00Z,106656.9,106730.8,106436.7,106491.1,2086.795
2025-07-01T10:00:00Z,106491.1,106577.8,106244.0,106434.9,3341.894
2025-07-01T11:00:00Z,106434.9,106574.8,106233.7,106553.8,2024.449
2025-07-01T12:00:00Z,106553.8,106662.2,106299.4,106363.0,1813.605
2025-07-01T13:00:00Z,106363.0,106846.4,106245.0,106766.9,5006.622
2025-07-01T14:00:00Z,106766.9,107139.9,105666.7,105872.2,12476.734
2025-07-01T15:00:00Z,105872.2,106150.0,105550.0,105909.6,5416.753
2025-07-01T16:00:00Z,105909.6,106239.1,105779.2,106033.4,2942.189
2025-07-01T17:00:00Z,106033.4,106250.0,105840.4,106200.0,2195.721
2025-07-01T18:00:00Z,106200.0,106221.2,105620.0,105688.8,2710.483
2025-07-01T19:00:00Z,105688.8,105750.0,105335.0,105342.3,5307.832
2025-07-01T20:00:00Z,105342.3,105960.0,105180.3,105865.7,3359.463
2025-07-01T21:00:00Z,105865.7,106065.0,105690.3,105749.9,1485.749
2025-07-01T22:00:00Z,105749.9,105863.3,105559.6,105584.6,1458.508
2025-07-01T23:00:00Z,105584.6,105656.0,105310.4,105634.8,1562.476
2025-07-02T00:00:00Z,105634.8,105737.3,105319.0,105340.0,1052.98
2025-07-02T01:00:00Z,105340.0,105750.0,105058.6,105668.5,3778.983
2025-07-02T02:00:00Z,105668.5,105880.0,105483.4,105857.4,1323.313
2025-07-02T03:00:00Z,105857.4,106178.6,105822.3,106148.6,2063.764
2025-07-02T04:00:00Z,106148.6,106338.1,106082.2,106338.0,1924.194
2025-07-02T05:00:00Z,106338.0,106625.0,106249.8,106590.8,2774.054
2025-07-02T06:00:00Z,106590.8,106966.0,106583.2,106965.9,3516.549
2025-07-02T07:00:00Z,106965.9,107145.0,106791.3,107040.9,3905.08
2025-07-02T08:00:00Z,107040.9,107720.6,107040.9,107688.1,6236.186
2025-07-02T09:00:00Z,107688.1,107756.7,107471.4,107594.0,2473.467
2025-07-02T10:00:00Z,107594.0,107795.0,107556.6,107786.1,1658.728
2025-07-02T11:00:00Z,107786.1,107786.1,107273.4,107436.2,2910.75
2025-07-02T12:00:00Z,107436.2,107444.7,107134.7,107336.3,2538.182
2025-07-02T13:00:00Z,107336.3,107998.0,107226.5,107718.0,7231.79
2025-07-02T14:00:00Z,107718.0,108163.6,107598.1,108100.0,6587.351
2025-07-02T15:00:00Z,108100.0,108740.0,108077.6,108712.4,8640.278
2025-07-02T16:00:00Z,108712.4,109640.8,108620.8,109385.4,15478.424
2025-07-02T17:00:00Z,109385.4,109740.9,108809.1,109104.5,6103.681
2025-07-02T18:00:00Z,109104.5,109493.1,108959.9,109493.0,2156.028
2025-07-02T19:00:00Z,109493.0,109646.3,109207.0,109631.3,2682.405
2025-07-02T20:00:00Z,109631.3,109631.3,109069.5,109089.9,2597.298
2025-07-02T21:00:00Z,109089.9,109498.6,109083.8,109395.0,1415.97
2025-07-02T22:00:00Z,109395.0,109466.3,109058.2,109099.9,1432.482
2025-07-02T23:00:00Z,109099.9,109136.8,108669.0,108803.0,2625.806
2025-07-03T00:00:00Z,108803.0,109081.5,108658.6,108891.0,1909.292
2025-07-03T01:00:00Z,108891.0,109073.0,108760.4,108940.2,1289.11
2025-07-03T02:00:00Z,108940.2,108940.3,108455.1,108671.5,2191.016
2025-07-03T03:00:00Z,108671.5,108772.7,108577.0,108592.6,1097.389
2025-07-03T04:00:00Z,108592.6,108950.2,108510.0,108739.9,1599.677
2025-07-03T05:00:00Z,108739.9,109317.9,108739.9,109294.2,3080.511
2025-07-03T06:00:00Z,109294.2,109512.0,109201.8,109426.2,2125.015
2025-07-03T07:00:00Z,109426.2,109426.2,109088.0,109242.1,1604.232
2025-07-03T08:00:00Z,109242.1,109550.0,109242.1,109332.2,1395.023
2025-07-03T09:00:00Z,109332.2,110256.4,109332.2,109895.6,7541.946
2025-07-03T10:00:00Z,109895.6,109967.0,109600.0,109792.6,2743.603
2025-07-03T11:00:00Z,109792.6,109796.6,109540.1,109551.1,1574.589
2025-07-03T12:00:00Z,109551.1,109902.8,108704.4,109112.6,9525.743
2025-07-03T13:00:00Z,109112.6,110485.7,109075.7,110223.2,10143.704
2025-07-03T14:00:00Z,110223.2,110459.7,109504.7,109674.9,8479.63
2025-07-03T15:00:00Z,109674.9,109791.3,109007.1,109063.1,5832.362
2025-07-03T16:00:00Z,109063.1,109622.0,108955.0,109233.6,4475.034
2025-07-03T17:00:00Z,109233.6,109618.0,109211.8,109500.1,1292.392
2025-07-03T18:00:00Z,109500.1,109672.8,109275.0,109637.7,1593.991
2025-07-03T19:00:00Z,109637.7,109868.5,109582.2,109744.1,1698.453
2025-07-03T20:00:00Z,109744.1,109917.4,109711.4,109916.2,1320.336
2025-07-03T21:00:00Z,109916.2,109978.3,109633.8,109740.6,1944.546
2025-07-03T22:00:00Z,109740.6,109830.0,109588.7,109657.9,890.596
2025-07-03T23:00:00Z,109657.9,109775.2,109483.4,109540.0,946.062
2025-07-04T00:00:00Z,109540.0,109656.2,109312.8,109415.6,1241.795
2025-07-04T01:00:00Z,109415.6,109725.3,109394.7,109450.7,904.965
2025-07-04T02:00:00Z,109450.7,109450.7,109058.1,109134.7,1980.542
2025-07-04T03:00:00Z,109134.7,109328.2,109058.0,109186.9,1233.202
2025-07-04T04:00:00Z,109186.9,109285.6,108910.0,108941.4,1800.193
2025-07-04T05:00:00Z,108941.4,109169.2,108884.0,108962.0,1573.22
2025-07-04T06:00:00Z,108962.0,108977.8,108732.9,108963.9,2004.277
2025-07-04T07:00:00Z,108963.9,109089.0,108650.0,108650.0,2348.985
2025-07-04T08:00:00Z,108650.0,108834.2,108456.0,108701.4,3172.417
2025-07-04T09:00:00Z,108701.4,109011.5,108701.4,108932.6,2054.122
2025-07-04T10:00:00Z,108932.6,109008.6,108788.7,108839.3,918.715
2025-07-04T11:00:00Z,108839.3,109042.0,108780.8,108826.0,1329.2
2025-07-04T12:00:00Z,108826.0,108914.5,108550.0,108674.2,1485.613
2025-07-04T13:00:00Z,108674.2,108790.0,107892.0,107916.4,7875.937
2025-07-04T14:00:00Z,107916.4,108069.9,107452.3,107779.1,11239.371
2025-07-04T15:00:00Z,107779.1,107933.4,107550.0,107552.9,4205.922
2025-07-04T16:00:00Z,107552.9,107720.4,107300.0,107592.7,5057.696
2025-07-04T17:00:00Z,107592.7,107898.5,107587.0,107844.7,2147.649
2025-07-04T18:00:00Z,107844.7,107849.3,107458.6,107460.6,1587.048
2025-07-04T19:00:00Z,107460.6,107620.6,107220.3,107453.9,2817.831
2025-07-04T20:00:00Z,107453.9,107788.5,107408.8,107656.3,2038.791
2025-07-04T21:00:00Z,107656.3,107919.5,107655.3,107880.0,1102.285
2025-07-04T22:00:00Z,107880.0,108223.9,107845.1,108192.3,2680.757
2025-07-04T23:00:00Z,108192.3,108192.3,107904.1,107947.4,835.439
2025-07-05T00:00:00Z,107947.4,108178.2,107908.3,108141.6,859.973
2025-07-05T01:00:00Z,108141.6,108141.7,107839.2,107946.7,858.291
2025-07-05T02:00:00Z,107946.7,108050.0,107685.9,108018.0,1102.342
2025-07-05T03:00:00Z,108018.0,108229.9,108018.0,108107.1,1325.034
2025-07-05T04:00:00Z,108107.1,108429.2,107989.9,108080.0,1689.143
2025-07-05T05:00:00Z,108080.0,108148.0,107944.9,108094.4,1020.947
2025-07-05T06:00:00Z,108094.4,108252.1,108030.0,108226.0,777.057
2025-07-05T07:00:00Z,108226.0,108226.1,107934.8,108008.7,862.462
2025-07-05T08:00:00Z,108008.7,108083.5,107872.5,107970.0,789.939
2025-07-05T09:00:00Z,107970.0,108084.5,107809.9,108033.3,1139.332
2025-07-05T10:00:00Z,108033.3,108161.2,108006.1,108022.0,594.193
2025-07-05T11:00:00Z,108022.0,108172.9,108021.9,108055.9,335.576
2025-07-05T12:00:00Z,108055.9,108099.9,107911.0,108099.9,607.662
2025-07-05T13:00:00Z,108099.9,108191.6,108062.1,108080.2,520.877
2025-07-05T14:00:00Z,108080.2,108182.6,108050.8,108160.1,386.746
2025-07-05T15:00:00Z,108160.1,108160.2,108000.0,108017.2,479.036
2025-07-05T16:00:00Z,108017.2,108063.9,107820.8,108050.0,1060.913
2025-07-05T17:00:00Z,108050.0,108112.4,107883.2,108035.3,619.964
2025-07-05T18:00:00Z,108035.3,108044.2,107909.0,107935.8,481.772
2025-07-05T19:00:00Z,107935.8,108120.0,107897.9,108096.4,699.328
2025-07-05T20:00:00Z,108096.4,108118.7,107939.7,108040.8,327.126
2025-07-05T21:00:00Z,108040.8,108093.1,107997.0,108033.4,502.354
2025-07-05T22:00:00Z,108033.4,108173.6,108003.0,108138.4,408.312
2025-07-05T23:00:00Z,108138.4,108179.0,108111.9,108144.4,337.837
2025-07-06T00:00:00Z,108144.4,108199.9,108067.0,108167.9,664.639
2025-07-06T01:00:00Z,108167.9,108167.9,108016.1,108151.3,331.667
2025-07-06T02:00:00Z,108151.3,108200.0,107982.9,107989.9,593.716
2025-07-06T03:00:00Z,107989.9,108051.9,107961.7,107999.7,397.261
2025-07-06T04:00:00Z,107999.7,108054.8,107888.0,107932.0,750.35
2025-07-06T05:00:00Z,107932.0,107967.5,107908.4,107943.2,220.508
2025-07-06T06:00:00Z,107943.2,108168.0,107912.8,108060.8,791.05
2025-07-06T07:00:00Z,108060.8,108131.0,107988.8,107988.8,525.136
2025-07-06T08:00:00Z,107988.8,108018.0,107903.7,107952.0,615.845
2025-07-06T09:00:00Z,107952.0,108017.4,107762.6,107810.3,1021.836
2025-07-06T10:00:00Z,107810.3,108080.0,107767.1,107935.2,991.806
2025-07-06T11:00:00Z,107935.2,108062.0,107902.0,108028.8,575.983
2025-07-06T12:00:00Z,108028.8,108197.2,108000.0,108197.2,985.178
2025-07-06T13:00:00Z,108197.2,109088.6,108148.6,108731.5,7336.893
2025-07-06T14:00:00Z,108731.5,109000.0,108560.1,108879.5,3323.043
2025-07-06T15:00:00Z,108879.5,108931.4,108621.1,108860.0,1401.76
2025-07-06T16:00:00Z,108860.0,108907.9,108654.9,108810.1,861.371
2025-07-06T17:00:00Z,108810.1,108920.0,108682.0,108875.9,765.215
2025-07-06T18:00:00Z,108875.9,108891.8,108225.7,108432.8,3150.327
2025-07-06T19:00:00Z,108432.8,108605.8,108248.9,108498.1,1754.873
2025-07-06T20:00:00Z,108498.1,108820.7,108484.7,108617.8,1914.732
2025-07-06T21:00:00Z,108617.8,109685.0,108617.7,109165.9,6224.043
2025-07-06T22:00:00Z,109165.9,109491.3,109158.6,109189.7,2178.187
2025-07-06T23:00:00Z,109189.7,109246.0,108902.9,109160.5,2096.872
2025-07-07T00:00:00Z,109160.5,109250.0,108750.0,108784.9,2202.517
2025-07-07T01:00:00Z,108784.9,109056.2,108612.0,108977.0,2146.05
2025-07-07T02:00:00Z,108977.0,109478.3,108977.0,109322.8,2513.124
2025-07-07T03:00:00Z,109322.8,109681.4,109322.1,109355.1,1968.752
2025-07-07T04:00:00Z,109355.1,109423.6,109080.6,109080.7,1216.533
2025-07-07T05:00:00Z,109080.7,109162.4,108970.7,109029.7,934.153
2025-07-07T06:00:00Z,109029.7,109122.0,108719.5,108730.1,1537.155
2025-07-07T07:00:00Z,108730.1,109020.3,108573.5,109015.1,2280.422
2025-07-07T08:00:00Z,109015.1,109048.4,108798.1,108971.4,1492.558
2025-07-07T09:00:00Z,108971.4,108971.4,108704.4,108807.7,1243.74
2025-07-07T10:00:00Z,108807.7,108862.2,108629.0,108637.4,1196.12
2025-07-07T11:00:00Z,108637.4,108781.0,108525.0,108593.9,1415.527
2025-07-07T12:00:00Z,108593.9,108594.0,108255.2,108302.0,2677.271
2025-07-07T13:00:00Z,108302.0,108534.9,107896.8,108474.9,6602.424
2025-07-07T14:00:00Z,108474.9,108625.5,107908.0,108162.5,4719.457
2025-07-07T15:00:00Z,108162.5,108578.1,108155.7,108244.4,3075.606
2025-07-07T16:00:00Z,108244.4,108455.9,107824.5,107920.9,3994.213
2025-07-07T17:00:00Z,107920.9,108316.7,107730.6,107892.0,3037.541
2025-07-07T18:00:00Z,107892.0,108053.7,107449.6,107974.2,3815.089
2025-07-07T19:00:00Z,107974.2,108271.3,107946.9,107990.0,1901.403
2025-07-07T20:00:00Z,107990.0,108097.4,107784.8,107800.1,1460.214
2025-07-07T21:00:00Z,107800.1,108150.0,107714.2,108104.9,1675.746
2025-07-07T22:00:00Z,108104.9,108123.6,107902.8,107950.0,831.905
2025-07-07T23:00:00Z,107950.0,108249.4,107950.0,108200.0,1047.957
2025-07-08T00:00:00Z,108200.0,108482.3,108106.5,108237.7,3593.442
2025-07-08T01:00:00Z,108237.7,108237.7,107616.6,107630.9,2230.508
2025-07-08T02:00:00Z,107630.9,107898.6,107369.7,107722.4,3767.277
2025-07-08T03:00:00Z,107722.4,107960.0,107629.6,107850.1,1372.093
2025-07-08T04:00:00Z,107850.1,107988.0,107691.5,107988.0,1203.277
2025-07-08T05:00:00Z,107988.0,108184.3,107925.4,108160.0,1279.986
2025-07-08T06:00:00Z,108160.0,108333.4,108078.7,108240.1,1219.298
2025-07-08T07:00:00Z,108240.1,108443.8,108167.0,108427.9,1538.52
2025-07-08T08:00:00Z,108427.9,108477.4,108220.0,108220.0,1771.617
2025-07-08T09:00:00Z,108220.0,108453.0,108181.0,108411.1,1000.29
2025-07-08T10:00:00Z,108411.1,108887.2,108357.2,108790.0,3777.338
2025-07-08T11:00:00Z,108790.0,108977.6,108708.9,108718.1,2219.602
2025-07-08T12:00:00Z,108718.1,108913.3,108636.0,108913.2,1412.801
2025-07-08T13:00:00Z,108913.2,109188.0,108566.8,108972.6,5287.931
2025-07-08T14:00:00Z,108972.6,109023.8,108183.1,108333.6,8379.68
2025-07-08T15:00:00Z,108333.6,108488.8,108140.2,108202.7,3139.607
2025-07-08T16:00:00Z,108202.7,108491.6,108029.9,108383.5,2673.363
2025-07-08T17:00:00Z,108383.5,109056.1,108383.4,108949.2,5081.746
2025-07-08T18:00:00Z,108949.2,109126.2,108846.5,109116.6,2473.526
2025-07-08T19:00:00Z,109116.6,109116.7,108677.7,108728.6,1717.649
2025-07-08T20:00:00Z,108728.6,108904.2,108582.1,108583.2,860.715
2025-07-08T21:00:00Z,108583.2,108931.4,108567.0,108848.0,1143.557
2025-07-08T22:00:00Z,108848.0,108931.5,108760.0,108853.1,619.277
2025-07-08T23:00:00Z,108853.1,108929.9,108762.5,108881.9,779.706
2025-07-09T00:00:00Z,108881.9,108906.3,108737.0,108896.7,750.866
2025-07-09T01:00:00Z,108896.7,109093.0,108666.0,108732.3,1717.139
2025-07-09T02:00:00Z,108732.3,108805.5,108540.5,108573.6,796.487
2025-07-09T03:00:00Z,108573.6,108624.0,108284.8,108312.6,1457.151
2025-07-09T04:00:00Z,108312.6,108524.0,108263.4,108503.5,1123.524
2025-07-09T05:00:00Z,108503.5,108900.0,108434.1,108729.4,2629.222
2025-07-09T06:00:00Z,108729.4,108819.4,108621.3,108793.0,842.546
2025-07-09T07:00:00Z,108793.0,108842.6,108625.1,108671.7,666.765
2025-07-09T08:00:00Z,108671.7,108812.3,108598.7,108624.2,961.976
2025-07-09T09:00:00Z,108624.2,108749.9,108527.3,108707.3,838.649
2025-07-09T10:00:00Z,108707.3,108869.3,108657.0,108869.3,762.732
2025-07-09T11:00:00Z,108869.3,109090.0,108869.2,109018.9,2008.288
2025-07-09T12:00:00Z,109018.9,109496.6,108935.3,109298.6,5061.503
2025-07-09T13:00:00Z,109298.6,109746.0,109080.1,109144.4,5999.292
2025-07-09T14:00:00Z,109144.4,109437.0,108447.8,108838.1,7547.564
2025-07-09T15:00:00Z,108838.1,109175.0,108731.4,109009.9,3195.328
2025-07-09T16:00:00Z,109009.9,109437.6,108970.8,109350.0,2777.874
2025-07-09T17:00:00Z,109350.0,109400.0,108968.8,109106.1,1914.583
2025-07-09T18:00:00Z,109106.1,109539.9,109073.1,109490.8,3014.137
2025-07-09T19:00:00Z,109490.8,111999.0,109442.0,111702.6,20489.729
2025-07-09T20:00:00Z,111702.6,111914.2,110530.0,110671.9,9481.88
2025-07-09T21:00:00Z,110671.9,111248.1,110630.0,110788.1,3651.74
2025-07-09T22:00:00Z,110788.1,111384.0,110785.0,111332.1,3127.917
2025-07-09T23:00:00Z,111332.1,111485.0,111181.4,111209.7,1883.841
2025-07-10T00:00:00Z,111209.7,111300.0,110865.0,110865.0,1884.541
2025-07-10T01:00:00Z,110865.0,111322.1,110832.8,111155.8,1374.795
2025-07-10T02:00:00Z,111155.8,111524.7,111088.6,111172.1,1536.296
2025-07-10T03:00:00Z,111172.1,111172.2,110931.7,111025.8,1238.344
2025-07-10T04:00:00Z,111025.8,111146.3,110909.8,111108.0,1370.832
2025-07-10T05:00:00Z,111108.0,111134.4,110863.1,111043.6,1353.769
2025-07-10T06:00:00Z,111043.6,111274.2,111041.0,111177.2,2347.053
2025-07-10T07:00:00Z,111177.2,111421.2,111092.0,111190.8,1707.438
2025-07-10T08:00:00Z,111190.8,111366.0,111077.9,111195.3,1120.739
2025-07-10T09:00:00Z,111195.3,111222.0,110956.0,110993.7,986.197
2025-07-10T10:00:00Z,110993.7,111082.3,110825.0,111033.8,1426.527
2025-07-10T11:00:00Z,111033.8,111136.1,110922.5,110979.5,927.275
2025-07-10T12:00:00Z,110979.5,110979.5,110710.8,110827.0,2015.227
2025-07-10T13:00:00Z,110827.0,110996.6,110450.9,110761.9,3913.12
2025-07-10T14:00:00Z,110761.9,111282.2,110592.3,111193.3,4080.936
2025-07-10T15:00:00Z,111193.3,111379.2,110923.1,111359.2,2707.216
2025-07-10T16:00:00Z,111359.2,112696.4,111293.8,112605.0,12712.305
2025-07-10T17:00:00Z,112605.0,113789.3,112449.3,113692.8,14385.299
2025-07-10T18:00:00Z,113692.8,113715.8,112960.0,113380.8,5291.585
2025-07-10T19:00:00Z,113380.8,113642.9,113058.6,113247.4,4086.029
2025-07-10T20:00:00Z,113247.4,113557.3,113220.0,113435.8,2628.721
2025-07-10T21:00:00Z,113435.8,117896.7,113340.0,116458.2,32285.786
2025-07-10T22:00:00Z,116458.2,116485.5,115747.3,115991.5,6322.355
2025-07-10T23:00:00Z,115991.5,116091.5,115617.4,115990.1,2464.674
2025-07-11T00:00:00Z,115990.1,116065.7,115200.0,115555.4,3681.282
2025-07-11T01:00:00Z,115555.4,116071.6,115474.2,115952.7,1732.623
2025-07-11T02:00:00Z,115952.7,116772.6,115685.3,116634.9,3916.557
2025-07-11T03:00:00Z,116634.9,116941.4,116353.0,116853.2,2636.07
2025-07-11T04:00:00Z,116853.2,116917.3,116461.1,116883.2,3010.461
2025-07-11T05:00:00Z,116883.2,118387.0,116882.4,117832.0,12906.849
2025-07-11T06:00:00Z,117832.0,118386.4,117587.9,117639.2,5675.028
2025-07-11T07:00:00Z,117639.2,118091.4,117436.6,117554.6,4251.883
2025-07-11T08:00:00Z,117554.6,118144.6,117554.5,117964.0,2545.919
2025-07-11T09:00:00Z,117964.0,118849.9,117864.9,118448.7,5800.833
2025-07-11T10:00:00Z,118448.7,118448.7,117929.6,117970.6,3855.11
2025-07-11T11:00:00Z,117970.6,118100.9,117594.8,117801.6,2904.258
2025-07-11T12:00:00Z,117801.6,118224.9,117702.0,117856.2,2443.502
2025-07-11T13:00:00Z,117856.2,118176.7,117253.8,117977.9,6275.123
2025-07-11T14:00:00Z,117977.9,118166.7,117362.3,117849.9,3818.393
2025-07-11T15:00:00Z,117849.9,117969.9,116727.4,116908.7,6647.736
2025-07-11T16:00:00Z,116908.7,117464.4,116600.8,117402.7,5132.093
2025-07-11T17:00:00Z,117402.7,117758.9,117240.9,117623.6,2811.235
2025-07-11T18:00:00Z,117623.6,117733.6,117290.0,117691.0,1576.881
2025-07-11T19:00:00Z,117691.0,118117.7,117411.7,118079.2,3936.563
2025-07-11T20:00:00Z,118079.2,118079.3,117608.5,117624.5,2029.445
2025-07-11T21:00:00Z,117624.5,117864.6,117415.8,117590.0,1933.889
2025-07-11T22:00:00Z,117590.0,117643.6,117114.1,117590.5,2539.295
2025-07-11T23:00:00Z,117590.5,117643.8,117410.7,117508.8,827.841
2025-07-12T00:00:00Z,117508.8,117633.0,117101.9,117379.3,1665.771
2025-07-12T01:00:00Z,117379.3,117669.6,117379.3,117618.0,1086.569
2025-07-12T02:00:00Z,117618.0,117779.7,117531.4,117572.9,742.01
2025-07-12T03:00:00Z,117572.9,117820.0,117572.8,117752.5,777.313
2025-07-12T04:00:00Z,117752.5,117843.8,117547.0,117619.2,719.601
2025-07-12T05:00:00Z,117619.2,117674.5,117456.2,117641.0,633.697
2025-07-12T06:00:00Z,117641.0,117954.2,117613.0,117800.1,973.485
2025-07-12T07:00:00Z,117800.1,118035.2,117562.0,117683.9,1415.1
2025-07-12T08:00:00Z,117683.9,117902.9,117663.0,117864.6,1022.915
2025-07-12T09:00:00Z,117864.6,118195.1,117818.0,118123.9,2422.412
2025-07-12T10:00:00Z,118123.9,118123.9,117837.4,118034.3,1492.912
2025-07-12T11:00:00Z,118034.3,118075.0,117580.0,117772.2,2838.44
2025-07-12T12:00:00Z,117772.2,117825.8,117250.1,117493.9,3270.29
2025-07-12T13:00:00Z,117493.9,117523.5,117190.0,117472.1,2600.274
2025-07-12T14:00:00Z,117472.1,117701.7,117263.1,117341.9,2013.296
2025-07-12T15:00:00Z,117341.9,117420.0,116868.1,117066.3,4189.523
2025-07-12T16:00:00Z,117066.3,117350.0,117007.3,117152.6,1586.371
2025-07-12T17:00:00Z,117152.6,117520.7,117130.4,117436.8,971.702
2025-07-12T18:00:00Z,117436.8,117482.2,117327.9,117464.9,672.767
2025-07-12T19:00:00Z,117464.9,117601.4,117395.3,117511.2,849.549
2025-07-12T20:00:00Z,117511.2,117511.2,116963.3,116963.3,952.439
2025-07-12T21:00:00Z,116963.3,117515.0,116940.0,117445.1,1270.86
2025-07-12T22:00:00Z,117445.1,117518.9,117254.0,117338.0,434.845
2025-07-12T23:00:00Z,117338.0,117427.7,117154.3,117369.9,653.888
2025-07-13T00:00:00Z,117369.9,117412.5,117192.0,117258.7,716.265
2025-07-13T01:00:00Z,117258.7,117623.6,117173.3,117510.4,1466.796
2025-07-13T02:00:00Z,117510.4,117787.9,117352.3,117556.9,974.163
2025-07-13T03:00:00Z,117556.9,117769.6,117527.8,117706.6,752.814
2025-07-13T04:00:00Z,117706.6,117852.0,117627.1,117834.9,617.191
2025-07-13T05:00:00Z,117834.9,117861.4,117638.7,117717.0,634.134
2025-07-13T06:00:00Z,117717.0,117950.0,117689.8,117836.5,722.116
2025-07-13T07:00:00Z,117836.5,118023.0,117800.0,117950.8,1168.016
2025-07-13T08:00:00Z,117950.8,117963.2,117703.9,117857.8,975.38
2025-07-13T09:00:00Z,117857.8,117863.3,117653.1,117695.5,666.153
2025-07-13T10:00:00Z,117695.5,117810.0,117687.0,117715.3,379.671
2025-07-13T11:00:00Z,117715.3,118054.5,117715.2,118029.9,1198.27
2025-07-13T12:00:00Z,118029.9,118602.8,117929.6,118365.9,4749.209
2025-07-13T13:00:00Z,118365.9,118749.7,118073.3,118556.2,4287.368
2025-07-13T14:00:00Z,118556.2,119390.4,118293.3,118700.0,9810.433
2025-07-13T15:00:00Z,118700.0,119099.6,118475.0,118623.0,2873.454
2025-07-13T16:00:00Z,118623.0,118941.6,118441.2,118461.6,2186.713
2025-07-13T17:00:00Z,118461.6,118790.1,118320.0,118631.9,1434.469
2025-07-13T18:00:00Z,118631.9,119015.0,118520.0,118939.4,1363.202
2025-07-13T19:00:00Z,118939.4,119474.9,118857.2,118918.6,3198.313
2025-07-13T20:00:00Z,118918.6,119347.8,118778.9,119018.3,1460.002
2025-07-13T21:00:00Z,119018.3,119018.3,118430.0,118599.0,2015.828
2025-07-13T22:00:00Z,118599.0,118734.7,118168.2,118464.7,1933.235
2025-07-13T23:00:00Z,118464.7,119175.6,118335.1,119050.2,1988.872
2025-07-14T00:00:00Z,119050.2,119442.3,118877.8,119033.9,2537.379
2025-07-14T01:00:00Z,119033.9,119206.5,118859.2,119054.9,1662.04
2025-07-14T02:00:00Z,119054.9,120000.0,118926.1,119615.0,6081.689
2025-07-14T03:00:00Z,119615.0,121600.0,119553.9,120725.0,14624.86
2025-07-14T04:00:00Z,120725.0,121439.9,120509.2,121385.5,6491.662
2025-07-14T05:00:00Z,121385.5,122685.1,121112.7,122446.2,13094.534
2025-07-14T06:00:00Z,122446.2,122458.4,122018.1,122120.0,3591.347
2025-07-14T07:00:00Z,122120.0,123250.0,122074.2,122741.2,7132.437
2025-07-14T08:00:00Z,122741.2,122758.0,122275.0,122556.8,3448.561
2025-07-14T09:00:00Z,122556.8,122573.6,121850.0,121990.2,4078.62
2025-07-14T10:00:00Z,121990.2,122169.3,121659.2,121911.6,3425.034
2025-07-14T11:00:00Z,121911.6,121911.6,121350.0,121480.1,3273.717
2025-07-14T12:00:00Z,121480.1,121922.9,121401.3,121895.3,2379.837
2025-07-14T13:00:00Z,121895.3,122100.0,121160.0,121680.1,5445.915
2025-07-14T14:00:00Z,121680.1,121958.6,120636.3,121174.4,8588.953
2025-07-14T15:00:00Z,121174.4,121182.0,119609.8,119889.3,9864.246
2025-07-14T16:00:00Z,119889.3,120318.0,119232.4,120287.7,8183.447
2025-07-14T17:00:00Z,120287.7,120535.9,119791.0,119921.8,4206.678
2025-07-14T18:00:00Z,119921.8,120200.5,119620.0,119639.9,1904.96
2025-07-14T19:00:00Z,119639.9,120113.7,119601.0,119950.0,2234.88
2025-07-14T20:00:00Z,119950.0,120458.8,119501.6,120136.3,2942.103
2025-07-14T21:00:00Z,120136.3,120246.0,119811.0,120018.1,1667.884
2025-07-14T22:00:00Z,120018.1,120312.1,119916.7,120041.2,993.622
2025-07-14T23:00:00Z,120041.2,120053.1,119765.3,119841.6,1111.382
2025-07-15T00:00:00Z,119841.6,119946.6,119050.7,119479.9,3299.217
2025-07-15T01:00:00Z,119479.9,119519.0,118329.9,118477.4,7281.795
2025-07-15T02:00:00Z,118477.4,118870.0,117816.6,118270.3,9644.802
2025-07-15T03:00:00Z,118270.3,118270.3,116880.0,117210.2,10916.453
2025-07-15T04:00:00Z,117210.2,117568.5,116302.4,117534.3,9477.317
2025-07-15T05:00:00Z,117534.3,117800.0,117010.1,117351.9,3666.733
2025-07-15T06:00:00Z,117351.9,117351.9,116768.8,117100.0,4692.21
2025-07-15T07:00:00Z,117100.0,117348.9,116404.1,116822.5,4513.398
2025-07-15T08:00:00Z,116822.5,116901.4,116114.6,116805.4,4407.103
2025-07-15T09:00:00Z,116805.4,117246.2,116713.5,116799.9,2969.995
2025-07-15T10:00:00Z,116799.9,117242.5,116760.0,117076.5,2721.765
2025-07-15T11:00:00Z,117076.5,117200.0,116340.4,117150.4,4254.294
2025-07-15T12:00:00Z,117150.4,117495.4,116395.0,117209.8,9852.097
2025-07-15T13:00:00Z,117209.8,118510.5,117153.2,118108.4,11163.199
2025-07-15T14:00:00Z,118108.4,118484.0,115750.0,116021.8,15101.495
2025-07-15T15:00:00Z,116021.8,116788.0,115800.0,116430.6,7876.161
2025-07-15T16:00:00Z,116430.6,117758.1,116395.2,117221.9,8476.017
2025-07-15T17:00:00Z,117221.9,117599.9,117150.0,117420.7,2962.254
2025-07-15T18:00:00Z,117420.7,117444.0,116047.2,116738.6,6353.316
2025-07-15T19:00:00Z,116738.6,117236.2,116289.9,116430.2,3163.817
2025-07-15T20:00:00Z,116430.2,116721.4,116161.3,116400.0,2606.286
2025-07-15T21:00:00Z,116400.0,117600.0,116350.0,117573.8,3362.037
2025-07-15T22:00:00Z,117573.8,117865.6,117244.7,117827.0,2971.767
2025-07-15T23:00:00Z,117827.0,117999.8,117500.0,117745.7,2582.533
2025-07-16T00:00:00Z,117745.7,118196.2,117412.0,118126.5,2476.163
2025-07-16T01:00:00Z,118126.5,118250.0,117599.3,117746.2,1586.306
2025-07-16T02:00:00Z,117746.2,117785.9,117031.0,117345.1,2381.418
2025-07-16T03:00:00Z,117345.1,117548.7,117233.1,117500.0,1017.636
2025-07-16T04:00:00Z,117500.0,117733.5,117264.3,117614.8,1353.168
2025-07-16T05:00:00Z,117614.8,118053.9,117614.8,117871.6,2735.482
2025-07-16T06:00:00Z,117871.6,118307.7,117750.0,118271.5,1480.617
2025-07-16T07:00:00Z,118271.5,118299.1,118046.9,118200.0,1343.621
2025-07-16T08:00:00Z,118200.0,118809.0,118130.0,118709.8,3034.019
2025-07-16T09:00:00Z,118709.8,119231.7,118709.7,119207.2,4453.163
2025-07-16T10:00:00Z,119207.2,119327.4,118739.3,118750.0,2506.859
2025-07-16T11:00:00Z,118750.0,118925.7,118641.5,118776.1,1644.555
2025-07-16T12:00:00Z,118776.1,119121.3,118544.2,118608.1,3885.61
2025-07-16T13:00:00Z,118608.1,118918.5,118127.9,118672.9,7622.127
2025-07-16T14:00:00Z,118672.9,119267.3,118200.6,119037.6,6777.125
2025-07-16T15:00:00Z,119037.6,119778.5,118298.8,119067.4,12623.567
2025-07-16T16:00:00Z,119067.4,119316.7,118432.2,119259.9,4529.249
2025-07-16T17:00:00Z,119259.9,119683.8,118950.0,119064.1,4456.288
2025-07-16T18:00:00Z,119064.1,119928.6,118860.6,119504.4,4879.174
2025-07-16T19:00:00Z,119504.4,119635.0,118816.3,119230.0,3809.164
2025-07-16T20:00:00Z,119230.0,119968.0,118934.0,119920.9,3533.472
2025-07-16T21:00:00Z,119920.9,120114.6,119205.6,119292.0,3276.126
2025-07-16T22:00:00Z,119292.0,119492.8,118571.0,118653.8,3088.355
2025-07-16T23:00:00Z,118653.8,118833.6,118409.1,118626.3,1785.675
2025-07-17T00:00:00Z,118626.3,119173.2,118612.0,118884.1,1459.673
2025-07-17T01:00:00Z,118884.1,119074.5,117662.2,118130.1,5503.716
2025-07-17T02:00:00Z,118130.1,118510.0,117970.4,118308.4,2431.786
2025-07-17T03:00:00Z,118308.4,118332.0,117716.1,118089.6,2461.794
2025-07-17T04:00:00Z,118089.6,118479.2,117931.6,118479.1,2206.711
2025-07-17T05:00:00Z,118479.1,118637.4,118207.8,118576.3,1610.764
2025-07-17T06:00:00Z,118576.3,118781.7,118335.6,118434.6,2515.476
2025-07-17T07:00:00Z,118434.6,118548.7,117809.9,118319.9,3298.133
2025-07-17T08:00:00Z,118319.9,118432.0,118086.6,118338.3,2095.68
2025-07-17T09:00:00Z,118338.3,119246.4,118254.3,118802.2,4943.89
2025-07-17T10:00:00Z,118802.2,118916.0,118238.0,118369.2,2778.105
2025-07-17T11:00:00Z,118369.2,118424.6,117982.1,118001.0,2512.396
2025-07-17T12:00:00Z,118001.0,118213.2,117449.9,117881.2,6069.325
2025-07-17T13:00:00Z,117881.2,118475.0,117514.2,118299.8,5047.906
2025-07-17T14:00:00Z,118299.8,118863.6,118167.5,118796.3,4958.408
2025-07-17T15:00:00Z,118796.3,119145.3,118364.3,118911.2,3859.481
2025-07-17T16:00:00Z,118911.2,118999.2,118364.0,118595.5,2486.825
2025-07-17T17:00:00Z,118595.5,119424.6,118524.5,119313.0,3214.921
2025-07-17T18:00:00Z,119313.0,119850.0,119260.2,119639.2,3263.899
2025-07-17T19:00:00Z,119639.2,119944.5,118854.8,119000.0,3230.819
2025-07-17T20:00:00Z,119000.0,119480.9,118423.5,119480.9,4842.178
2025-07-17T21:00:00Z,119480.9,121044.0,119472.0,120318.0,14413.955
2025-07-17T22:00:00Z,120318.0,120764.0,119520.8,119804.9,5767.508
2025-07-17T23:00:00Z,119804.9,119922.2,119180.0,119218.7,3498.311
2025-07-18T00:00:00Z,119218.7,119856.5,119028.2,119782.9,3795.897
2025-07-18T01:00:00Z,119782.9,120844.7,119676.7,120400.6,4984.104
2025-07-18T02:00:00Z,120400.6,120457.4,119913.2,120140.7,3050.426
2025-07-18T03:00:00Z,120140.7,120537.6,120000.0,120257.9,1528.284
2025-07-18T04:00:00Z,120257.9,120545.8,119782.5,120460.5,2722.616
2025-07-18T05:00:00Z,120460.5,120694.0,120252.0,120640.6,2630.611
2025-07-18T06:00:00Z,120640.6,120896.9,120119.1,120293.9,2162.843
2025-07-18T07:00:00Z,120293.9,120436.4,119355.0,119420.0,4343.468
2025-07-18T08:00:00Z,119420.0,119534.5,118444.0,118686.0,6324.376
2025-07-18T09:00:00Z,118686.0,119040.0,118500.1,118935.7,2994.693
2025-07-18T10:00:00Z,118935.7,119310.0,118560.9,119286.7,2311.254
2025-07-18T11:00:00Z,119286.7,119336.4,118822.9,119222.7,2223.074
2025-07-18T12:00:00Z,119222.7,119574.4,119181.6,119485.8,1927.678
2025-07-18T13:00:00Z,119485.8,119494.0,118526.6,118828.2,7099.872
2025-07-18T14:00:00Z,118828.2,119322.9,117311.7,118148.8,14910.896
2025-07-18T15:00:00Z,118148.8,118294.5,117442.4,117866.2,5690.995
2025-07-18T16:00:00Z,117866.2,118078.0,117480.9,117575.2,2872.798
2025-07-18T17:00:00Z,117575.2,118019.9,117351.8,117612.1,2476.208
2025-07-18T18:00:00Z,117612.1,117744.0,117213.5,117323.6,2089.62
2025-07-18T19:00:00Z,117323.6,117899.0,117133.0,117380.8,3997.436
2025-07-18T20:00:00Z,117380.8,117557.0,116822.1,117400.1,5972.03
2025-07-18T21:00:00Z,117400.1,117891.3,117356.1,117691.3,1558.29
2025-07-18T22:00:00Z,117691.3,118000.0,117410.6,117695.9,1790.901
2025-07-18T23:00:00Z,117695.9,118017.3,117471.2,117930.1,1344.806
2025-07-19T00:00:00Z,117930.1,118033.4,117724.2,117753.5,1313.366
2025-07-19T01:00:00Z,117753.5,118133.1,117630.8,118056.2,1419.113
2025-07-19T02:00:00Z,118056.2,118323.4,117952.0,118224.0,1218.258
2025-07-19T03:00:00Z,118224.0,118398.5,118146.9,118349.6,945.219
2025-07-19T04:00:00Z,118349.6,118379.0,118107.3,118159.8,748.461
2025-07-19T05:00:00Z,118159.8,118299.5,118030.8,118220.5,917.628
2025-07-19T06:00:00Z,118220.5,118299.0,118076.6,118189.7,496.138
2025-07-19T07:00:00Z,118189.7,118339.3,118160.0,118175.8,881.852
2025-07-19T08:00:00Z,118175.8,118289.6,117935.6,118100.1,1291.864
2025-07-19T09:00:00Z,118100.1,118338.9,118073.2,118241.0,899.261
2025-07-19T10:00:00Z,118241.0,118523.7,118176.1,118448.5,1036.391
2025-07-19T11:00:00Z,118448.5,118494.9,118180.0,118330.4,1391.801
2025-07-19T12:00:00Z,118330.4,118345.7,118100.1,118244.1,1371.839
2025-07-19T13:00:00Z,118244.1,118329.9,118071.3,118200.0,896.917
2025-07-19T14:00:00Z,118200.0,118230.8,117612.0,117683.9,3281.267
2025-07-19T15:00:00Z,117683.9,118256.1,117664.0,118058.2,1727.888
2025-07-19T16:00:00Z,118058.2,118186.3,117850.0,117985.6,1748.092
2025-07-19T17:00:00Z,117985.6,117994.0,117737.7,117807.5,648.108
2025-07-19T18:00:00Z,117807.5,118026.8,117754.0,117857.6,367.215
2025-07-19T19:00:00Z,117857.6,118164.8,117580.8,118005.8,1537.586
2025-07-19T20:00:00Z,118005.8,118176.4,117700.1,117722.0,1186.591
2025-07-19T21:00:00Z,117722.0,117848.4,117237.7,117699.0,2950.66
2025-07-19T22:00:00Z,117699.0,117854.3,117519.6,117788.0,1211.729
2025-07-19T23:00:00Z,117788.0,118022.6,117739.2,117842.1,891.824
2025-07-20T00:00:00Z,117842.1,118016.6,117659.3,117953.4,766.2
2025-07-20T01:00:00Z,117953.4,118142.9,117897.1,117941.0,1053.272
2025-07-20T02:00:00Z,117941.0,118036.1,117781.1,118000.0,894.739
2025-07-20T03:00:00Z,118000.0,118186.8,117751.6,117975.4,1374.317
2025-07-20T04:00:00Z,117975.4,118149.8,117906.5,117967.6,638.331
2025-07-20T05:00:00Z,117967.6,117996.9,117814.6,117866.5,464.681
2025-07-20T06:00:00Z,117866.5,117911.9,117772.4,117840.3,347.418
2025-07-20T07:00:00Z,117840.3,118254.4,117840.2,118052.4,1229.264
2025-07-20T08:00:00Z,118052.4,118312.1,118052.4,118198.0,1698.162
2025-07-20T09:00:00Z,118198.0,118328.1,117938.4,117953.4,909.194
2025-07-20T10:00:00Z,117953.4,118043.2,117903.6,117926.0,783.028
2025-07-20T11:00:00Z,117926.0,118137.6,117860.2,117925.4,1297.957
2025-07-20T12:00:00Z,117925.4,118254.2,117745.4,118118.2,1698.012
2025-07-20T13:00:00Z,118118.2,118440.0,118099.5,118423.3,2070.188
2025-07-20T14:00:00Z,118423.3,118916.0,118303.1,118482.7,4753.875
2025-07-20T15:00:00Z,118482.7,118800.0,118348.7,118722.6,2281.849
2025-07-20T16:00:00Z,118722.6,118931.0,118500.0,118599.3,2288.96
2025-07-20T17:00:00Z,118599.3,118599.3,118000.0,118058.1,3518.829
2025-07-20T18:00:00Z,118058.1,118487.5,118058.1,118405.5,1143.786
2025-07-20T19:00:00Z,118405.5,118632.5,118196.9,118197.0,804.775
2025-07-20T20:00:00Z,118197.0,118301.9,117890.1,118118.0,2043.755
2025-07-20T21:00:00Z,118118.0,118189.5,117868.1,118036.7,1225.137
2025-07-20T22:00:00Z,118036.7,118077.8,116455.6,117514.7,10704.764
2025-07-20T23:00:00Z,117514.7,117592.2,116978.3,117290.4,2155.782
2025-07-21T00:00:00Z,117290.4,117396.0,116550.0,117387.0,3524.502
2025-07-21T01:00:00Z,117387.0,117483.3,116801.3,117329.6,2630.49
2025-07-21T02:00:00Z,117329.6,118202.1,117329.5,118202.1,2854.951
2025-07-21T03:00:00Z,118202.1,118649.8,118151.1,118429.2,3926.633
2025-07-21T04:00:00Z,118429.2,118704.5,118311.0,118367.4,1394.986
2025-07-21T05:00:00Z,118367.4,118460.7,118200.0,118451.5,856.128
2025-07-21T06:00:00Z,118451.5,119295.0,118300.1,119213.0,4740.208
2025-07-21T07:00:00Z,119213.0,119750.0,119200.0,119420.0,3878.977
2025-07-21T08:00:00Z,119420.0,119548.0,118910.8,119059.6,2916.099
2025-07-21T09:00:00Z,119059.6,119142.7,118593.1,118742.4,2232.393
2025-07-21T10:00:00Z,118742.4,118862.8,118384.0,118616.1,1588.868
2025-07-21T11:00:00Z,118616.1,118860.1,118108.9,118118.7,2813.518
2025-07-21T12:00:00Z,118118.7,118646.2,117809.4,118225.7,4093.123
2025-07-21T13:00:00Z,118225.7,119176.9,117926.0,118894.2,4910.562
2025-07-21T14:00:00Z,118894.2,119300.0,118478.0,118875.8,4325.687
2025-07-21T15:00:00Z,118875.8,119180.0,118250.0,118377.8,3790.838
2025-07-21T16:00:00Z,118377.8,118459.4,117543.2,117800.0,7390.435
2025-07-21T17:00:00Z,117800.0,118150.0,117380.0,117899.6,4316.315
2025-07-21T18:00:00Z,117899.6,118239.3,117121.0,117189.1,5660.195
2025-07-21T19:00:00Z,117189.1,117561.9,116677.4,116796.9,5318.148
2025-07-21T20:00:00Z,116796.9,117280.0,116652.0,116949.7,3098.32
2025-07-21T21:00:00Z,116949.7,117393.6,116876.7,117232.3,1435.776
2025-07-21T22:00:00Z,117232.3,117669.6,117134.4,117373.9,1294.51
2025-07-21T23:00:00Z,117373.9,117537.2,117135.5,117393.0,1490.967
2025-07-22T00:00:00Z,117393.0,117571.7,117055.0,117138.4,1596.25
2025-07-22T01:00:00Z,117138.4,117988.0,116123.0,117777.0,9309.183
2025-07-22T02:00:00Z,117777.0,117849.4,116978.5,117055.9,3338.915
2025-07-22T03:00:00Z,117055.9,117285.8,116714.3,117235.1,2521.221
2025-07-22T04:00:00Z,117235.1,117384.7,116562.6,116564.4,2532.406
2025-07-22T05:00:00Z,116564.4,117383.8,116563.5,117370.1,3561.93
2025-07-22T06:00:00Z,117370.1,117858.0,117291.8,117857.9,2874.675
2025-07-22T07:00:00Z,117857.9,118620.1,117791.4,118027.4,5572.034
2025-07-22T08:00:00Z,118027.4,118383.1,117517.7,118330.0,3836.748
2025-07-22T09:00:00Z,118330.0,118703.0,117892.6,118408.6,2572.684
2025-07-22T10:00:00Z,118408.6,119019.0,118323.2,119004.0,3127.82
2025-07-22T11:00:00Z,119004.0,119250.0,118821.6,119199.1,2860.784
2025-07-22T12:00:00Z,119199.1,119479.4,119090.0,119344.9,3605.194
2025-07-22T13:00:00Z,119344.9,119649.9,118093.0,118200.1,7788.156
2025-07-22T14:00:00Z,118200.1,119186.8,117601.2,119111.9,7582.936
2025-07-22T15:00:00Z,119111.9,119237.5,118755.2,118962.1,3479.85
2025-07-22T16:00:00Z,118962.1,119439.7,118674.9,118746.1,3475.245
2025-07-22T17:00:00Z,118746.1,119288.0,118451.8,119260.1,3067.532
2025-07-22T18:00:00Z,119260.1,120297.1,119115.4,119816.5,6438.358
2025-07-22T19:00:00Z,119816.5,119991.0,119150.0,119333.3,3068.748
2025-07-22T20:00:00Z,119333.3,119996.2,119255.0,119761.5,2978.108
2025-07-22T21:00:00Z,119761.5,119836.8,119465.2,119465.2,1018.153
2025-07-22T22:00:00Z,119465.2,120100.0,119465.2,119916.0,1592.124
2025-07-22T23:00:00Z,119916.0,120321.0,119898.4,120043.6,2129.548
2025-07-23T00:00:00Z,120043.6,120194.7,119600.0,119659.7,2150.392
2025-07-23T01:00:00Z,119659.7,119776.8,119485.7,119578.8,1477.535
2025-07-23T02:00:00Z,119578.8,119623.7,119055.9,119154.8,2771.164
2025-07-23T03:00:00Z,119154.8,119178.9,118582.4,118675.1,2739.167
2025-07-23T04:00:00Z,118675.1,119027.0,118623.0,119026.9,2264.836
2025-07-23T05:00:00Z,119026.9,119055.7,118658.0,118682.0,1474.746
2025-07-23T06:00:00Z,118682.0,118769.3,118363.2,118474.1,2105.547
2025-07-23T07:00:00Z,118474.1,118647.0,118311.9,118398.9,1700.819
2025-07-23T08:00:00Z,118398.9,118601.5,118255.6,118458.6,2053.865
2025-07-23T09:00:00Z,118458.6,118517.6,117930.2,118065.1,3647.736
2025-07-23T10:00:00Z,118065.1,118418.9,117850.0,118400.1,3659.004
2025-07-23T11:00:00Z,118400.1,118661.6,118172.9,118558.0,2975.042
2025-07-23T12:00:00Z,118558.0,118675.0,117828.4,118011.1,4483.307
2025-07-23T13:00:00Z,118011.1,118236.9,117322.0,117366.8,7990.04
2025-07-23T14:00:00Z,117366.8,118220.8,117300.0,118218.8,5138.088
2025-07-23T15:00:00Z,118218.8,118748.6,117808.2,118589.2,3553.837
2025-07-23T16:00:00Z,118589.2,118589.2,117560.3,117721.1,4591.185
2025-07-23T17:00:00Z,117721.1,118134.8,117309.4,118134.6,4614.149
2025-07-23T18:00:00Z,118134.6,118408.5,117986.6,118404.2,1932.233
2025-07-23T19:00:00Z,118404.2,118480.7,118212.0,118397.8,1694.498
2025-07-23T20:00:00Z,118397.8,118500.0,117550.0,117898.7,4595.456
2025-07-23T21:00:00Z,117898.7,118187.0,117357.7,118187.0,2666.894
2025-07-23T22:00:00Z,118187.0,118644.7,117927.0,118560.0,2313.627
2025-07-23T23:00:00Z,118560.0,118771.5,118424.0,118743.4,1687.841
2025-07-24T00:00:00Z,118743.4,119144.2,118554.0,119055.0,2794.114
2025-07-24T01:00:00Z,119055.0,119118.0,118777.4,119096.4,1506.132
2025-07-24T02:00:00Z,119096.4,119096.5,118811.6,118963.1,1207.861
2025-07-24T03:00:00Z,118963.1,119279.7,118479.5,118513.1,3177.501
2025-07-24T04:00:00Z,118513.1,118571.3,117813.3,117935.3,3450.549
2025-07-24T05:00:00Z,117935.3,117976.4,117453.2,117582.2,4089.538
2025-07-24T06:00:00Z,117582.2,117843.1,117341.8,117435.3,2995.567
2025-07-24T07:00:00Z,117435.3,118484.3,117050.1,118398.0,6578.473
2025-07-24T08:00:00Z,118398.0,118800.3,118208.8,118773.0,3163.388
2025-07-24T09:00:00Z,118773.0,118821.0,118294.6,118494.9,2394.835
2025-07-24T10:00:00Z,118494.9,118652.1,117944.8,118389.3,3711.376
2025-07-24T11:00:00Z,118389.3,118750.0,118321.0,118613.5,2946.962
2025-07-24T12:00:00Z,118613.5,118745.0,118276.6,118519.1,2295.632
2025-07-24T13:00:00Z,118519.1,118716.1,118200.0,118204.6,2385.024
2025-07-24T14:00:00Z,118204.6,119154.1,117815.8,119050.1,5335.189
2025-07-24T15:00:00Z,119050.1,119492.9,118616.8,119121.2,6254.884
2025-07-24T16:00:00Z,119121.2,119222.0,118360.0,118544.5,3734.108
2025-07-24T17:00:00Z,118544.5,119333.0,118489.0,119140.0,1924.579
2025-07-24T18:00:00Z,119140.0,119427.2,118967.5,119052.6,1973.178
2025-07-24T19:00:00Z,119052.6,119364.2,118880.1,118953.7,1734.591
2025-07-24T20:00:00Z,118953.7,119004.3,118708.8,118719.9,1688.323
2025-07-24T21:00:00Z,118719.9,118788.3,118487.0,118530.0,922.286
2025-07-24T22:00:00Z,118530.0,118632.9,118169.9,118271.2,1294.883
2025-07-24T23:00:00Z,118271.2,118449.9,118150.4,118328.0,1387.097
2025-07-25T00:00:00Z,118328.0,118440.3,117633.3,117648.5,4205.143
2025-07-25T01:00:00Z,117648.5,117775.4,117176.7,117337.5,4705.593
2025-07-25T02:00:00Z,117337.5,117369.9,116300.1,116314.0,7470.778
2025-07-25T03:00:00Z,116314.0,116398.0,115297.7,115400.1,14369.158
2025-07-25T04:00:00Z,115400.1,116107.2,115090.0,116055.5,9808.143
2025-07-25T05:00:00Z,116055.5,116055.6,115170.8,115514.0,5387.864
2025-07-25T06:00:00Z,115514.0,115515.0,115173.5,115287.5,2666.69
2025-07-25T07:00:00Z,115287.5,115989.8,114710.0,115329.5,9597.272
2025-07-25T08:00:00Z,115329.5,116000.0,115057.4,115232.9,6029.777
2025-07-25T09:00:00Z,115232.9,116067.7,115045.6,116062.0,4503.845
2025-07-25T10:00:00Z,116062.0,116537.6,116004.9,116311.6,4870.708
2025-07-25T11:00:00Z,116311.6,116793.1,116311.6,116544.9,3448.672
2025-07-25T12:00:00Z,116544.9,116675.8,115947.5,116102.3,5326.89
2025-07-25T13:00:00Z,116102.3,116615.3,115572.0,116247.9,5501.685
2025-07-25T14:00:00Z,116247.9,116323.6,114905.0,114978.3,7328.877
2025-07-25T15:00:00Z,114978.3,115866.1,114914.1,115734.4,3965.048
2025-07-25T16:00:00Z,115734.4,116222.0,115455.5,116187.0,3227.644
2025-07-25T17:00:00Z,116187.0,116368.3,115854.6,116029.1,2344.863
2025-07-25T18:00:00Z,116029.1,116594.2,116029.0,116493.9,2457.797
2025-07-25T19:00:00Z,116493.9,117014.7,116410.0,116679.5,3975.317
2025-07-25T20:00:00Z,116679.5,117326.7,116572.8,117067.5,4405.92
2025-07-25T21:00:00Z,117067.5,117391.0,116959.7,117226.6,2259.769
2025-07-25T22:00:00Z,117226.6,117374.9,117119.5,117289.7,1266.413
2025-07-25T23:00:00Z,117289.7,117642.8,117192.3,117616.3,2088.899
2025-07-26T00:00:00Z,117616.3,117623.2,117326.8,117500.0,1218.248
2025-07-26T01:00:00Z,117500.0,117564.8,117150.0,117156.0,1240.342
2025-07-26T02:00:00Z,117156.0,117750.0,117155.9,117466.7,1874.903
2025-07-26T03:00:00Z,117466.7,117610.6,117444.8,117469.2,623.458
2025-07-26T04:00:00Z,117469.2,117541.1,117376.9,117487.2,625.945
2025-07-26T05:00:00Z,117487.2,117542.7,117400.8,117435.4,557.635
2025-07-26T06:00:00Z,117435.4,117454.6,117307.9,117323.5,905.434
2025-07-26T07:00:00Z,117323.5,117375.8,117308.2,117322.8,639.842
2025-07-26T08:00:00Z,117322.8,117613.2,117322.8,117547.9,848.46
2025-07-26T09:00:00Z,117547.9,117618.4,117435.6,117571.0,548.324
2025-07-26T10:00:00Z,117571.0,118252.1,117507.7,117966.4,3691.318
2025-07-26T11:00:00Z,117966.4,118060.0,117746.1,117755.6,1535.855
2025-07-26T12:00:00Z,117755.6,118000.0,117745.0,117892.8,1175.29
2025-07-26T13:00:00Z,117892.8,118226.2,117828.9,118121.0,2301.664
2025-07-26T14:00:00Z,118121.0,118209.8,117950.0,118060.0,1035.909
2025-07-26T15:00:00Z,118060.0,118165.2,117823.7,118141.5,1116.108
2025-07-26T16:00:00Z,118141.5,118244.4,117998.7,118085.4,1324.552
2025-07-26T17:00:00Z,118085.4,118104.0,117986.4,118024.6,390.202
2025-07-26T18:00:00Z,118024.6,118119.5,117940.3,118090.3,553.972
2025-07-26T19:00:00Z,118090.3,118333.4,118046.9,118235.2,846.323
2025-07-26T20:00:00Z,118235.2,118235.3,117883.0,117935.1,902.142
2025-07-26T21:00:00Z,117935.1,118067.4,117873.6,118020.9,552.232
2025-07-26T22:00:00Z,118020.9,118281.5,117957.7,117985.5,1076.4
2025-07-26T23:00:00Z,117985.5,118033.3,117857.5,117898.8,646.452
2025-07-27T00:00:00Z,117898.8,117950.0,117807.6,117938.9,579.389
2025-07-27T01:00:00Z,117938.9,118188.0,117888.1,118076.0,847.01
2025-07-27T02:00:00Z,118076.0,118425.6,117995.2,118322.0,1803.047
2025-07-27T03:00:00Z,118322.0,118327.8,118084.2,118174.7,928.066
2025-07-27T04:00:00Z,118174.7,118268.7,118130.4,118220.7,475.727
2025-07-27T05:00:00Z,118220.7,118303.7,118154.1,118289.3,551.769
2025-07-27T06:00:00Z,118289.3,118443.7,118191.6,118261.2,943.397
2025-07-27T07:00:00Z,118261.2,118261.3,118055.3,118117.0,919.419
2025-07-27T08:00:00Z,118117.0,118142.4,117956.1,117956.1,753.361
2025-07-27T09:00:00Z,117956.1,118018.0,117850.1,117939.9,879.352
2025-07-27T10:00:00Z,117939.9,118297.7,117939.9,118184.1,1339.606
2025-07-27T11:00:00Z,118184.1,118261.2,118034.5,118070.3,826.491
2025-07-27T12:00:00Z,118070.3,118115.6,117876.8,118089.2,898.743
2025-07-27T13:00:00Z,118089.2,118219.9,118077.0,118205.9,708.84
2025-07-27T14:00:00Z,118205.9,118498.0,118140.8,118416.9,2051.986
2025-07-27T15:00:00Z,118416.9,118640.3,118218.1,118586.8,2249.747
2025-07-27T16:00:00Z,118586.8,119600.0,118586.7,119099.1,7617.538
2025-07-27T17:00:00Z,119099.1,119347.3,118848.0,119208.9,2289.451
2025-07-27T18:00:00Z,119208.9,119401.0,118950.0,119025.9,1136.093
2025-07-27T19:00:00Z,119025.9,119098.0,118895.9,118978.8,798.386
2025-07-27T20:00:00Z,118978.8,119197.9,118730.8,118752.0,1097.325
2025-07-27T21:00:00Z,118752.0,119294.9,118733.8,119287.8,1046.537
2025-07-27T22:00:00Z,119287.8,119784.0,119234.4,119504.2,3270.014
2025-07-27T23:00:00Z,119504.2,119556.0,119144.6,119429.9,1548.245
2025-07-28T00:00:00Z,119429.9,119718.6,119115.4,119250.1,1445.116
2025-07-28T01:00:00Z,119250.1,119500.0,118950.0,119044.1,1654.586
2025-07-28T02:00:00Z,119044.1,119844.9,119017.9,119448.1,2177.799
2025-07-28T03:00:00Z,119448.1,119542.3,119226.0,119287.6,1037.969
2025-07-28T04:00:00Z,119287.6,119413.2,119121.5,119215.8,766.926
2025-07-28T05:00:00Z,119215.8,119699.1,119139.5,119528.5,1277.576
2025-07-28T06:00:00Z,119528.5,119610.0,119427.5,119455.7,898.999
2025-07-28T07:00:00Z,119455.7,119455.8,118753.0,118885.8,3231.51
2025-07-28T08:00:00Z,118885.8,119104.4,118767.8,119058.0,1411.3
2025-07-28T09:00:00Z,119058.0,119058.1,118706.8,118921.4,1447.529
2025-07-28T10:00:00Z,118921.4,118965.3,118576.5,118767.6,1496.904
2025-07-28T11:00:00Z,118767.6,118871.7,118435.7,118810.6,1994.404
2025-07-28T12:00:00Z,118810.6,119092.0,118777.3,118836.6,2085.108
2025-07-28T13:00:00Z,118836.6,119084.7,118227.1,118429.5,5967.009
2025-07-28T14:00:00Z,118429.5,118691.8,117874.0,117980.0,6681.711
2025-07-28T15:00:00Z,117980.0,118513.7,117888.0,118160.0,3117.777
2025-07-28T16:00:00Z,118160.0,118376.8,117987.0,118004.0,1488.86
2025-07-28T17:00:00Z,118004.0,118116.1,117623.4,117666.0,3763.355
2025-07-28T18:00:00Z,117666.0,117860.0,117401.5,117779.8,3628.347
2025-07-28T19:00:00Z,117779.8,118255.9,117536.7,118070.0,3448.967
2025-07-28T20:00:00Z,118070.0,118164.2,117480.0,118045.5,2276.463
2025-07-28T21:00:00Z,118045.5,118346.7,117942.7,118121.8,1421.487
2025-07-28T22:00:00Z,118121.8,118278.5,117745.6,117864.1,1506.904
2025-07-28T23:00:00Z,117864.1,118178.9,117815.2,118068.9,1010.414
2025-07-29T00:00:00Z,118068.9,118467.8,117521.1,117976.5,3515.839
2025-07-29T01:00:00Z,117976.5,118236.1,117761.9,117767.1,1025.589
2025-07-29T02:00:00Z,117767.1,118095.8,117434.0,118092.4,2247.208
2025-07-29T03:00:00Z,118092.4,118820.7,118092.4,118761.9,2812.536
2025-07-29T04:00:00Z,118761.9,118831.7,118406.2,118521.5,1692.267
2025-07-29T05:00:00Z,118521.5,118849.9,118520.0,118802.4,1005.654
2025-07-29T06:00:00Z,118802.4,119063.1,118722.0,118750.1,1832.311
2025-07-29T07:00:00Z,118750.1,119300.0,118744.8,118889.8,2359.576
2025-07-29T08:00:00Z,118889.8,119083.9,118757.8,118934.7,1616.448
2025-07-29T09:00:00Z,118934.7,119022.8,118760.0,118778.9,955.576
2025-07-29T10:00:00Z,118778.9,118833.0,118303.5,118329.5,2116.884
2025-07-29T11:00:00Z,118329.5,118604.9,118117.9,118602.1,1984.622
2025-07-29T12:00:00Z,118602.1,119127.5,118452.3,118900.0,3002.575
2025-07-29T13:00:00Z,118900.0,119023.0,118522.0,118620.0,2585.709
2025-07-29T14:00:00Z,118620.0,118640.0,117685.0,117813.0,5328.272
2025-07-29T15:00:00Z,117813.0,117958.2,117240.0,117372.2,5979.39
2025-07-29T16:00:00Z,117372.2,117730.0,116912.6,117727.2,6341.788
2025-07-29T17:00:00Z,117727.2,118045.8,117611.0,117766.0,2464.707
2025-07-29T18:00:00Z,117766.0,117824.2,117461.5,117609.2,1437.666
2025-07-29T19:00:00Z,117609.2,118012.8,117387.0,117523.6,2066.998
2025-07-29T20:00:00Z,117523.6,117891.2,117055.6,117498.8,5405.682
2025-07-29T21:00:00Z,117498.8,117688.0,117148.5,117589.3,1730.675
2025-07-29T22:00:00Z,117589.3,117850.0,117424.8,117824.0,1181.22
2025-07-29T23:00:00Z,117824.0,117982.7,117700.1,117923.3,893.341
2025-07-30T00:00:00Z,117923.3,117979.9,117506.1,117720.9,1322.767
2025-07-30T01:00:00Z,117720.9,118008.6,117371.4,117832.0,1262.75
2025-07-30T02:00:00Z,117832.0,118098.0,117757.7,117999.4,1148.601
2025-07-30T03:00:00Z,117999.4,118234.0,117868.9,118130.0,1006.567
2025-07-30T04:00:00Z,118130.0,118254.4,117946.9,117980.7,1063.201
2025-07-30T05:00:00Z,117980.7,118064.9,117643.1,117973.2,1364.215
2025-07-30T06:00:00Z,117973.2,118310.0,117973.1,118259.0,1343.616
2025-07-30T07:00:00Z,118259.0,118389.2,118077.5,118103.2,1122.021
2025-07-30T08:00:00Z,118103.2,118465.8,117912.3,118350.0,1958.957
2025-07-30T09:00:00Z,118350.0,118404.6,117960.9,118122.0,1661.502
2025-07-30T10:00:00Z,118122.0,118390.0,117808.3,117990.0,1755.457
2025-07-30T11:00:00Z,117990.0,118150.0,117266.4,117542.3,3919.854
2025-07-30T12:00:00Z,117542.3,117894.6,117310.9,117689.5,3496.045
2025-07-30T13:00:00Z,117689.5,117852.0,117338.6,117640.2,3518.489
2025-07-30T14:00:00Z,117640.2,118739.3,117580.7,118683.3,4396.319
2025-07-30T15:00:00Z,118683.3,118769.0,117810.0,117991.7,3059.935
2025-07-30T16:00:00Z,117991.7,118033.4,117600.8,117716.5,2014.479
2025-07-30T17:00:00Z,117716.5,117925.0,117609.2,117756.3,1053.229
2025-07-30T18:00:00Z,117756.3,118029.0,116450.0,116471.7,8523.977
2025-07-30T19:00:00Z,116471.7,117100.0,115738.1,116873.2,14932.769
2025-07-30T20:00:00Z,116873.2,117296.8,116828.6,117159.9,3485.463
2025-07-30T21:00:00Z,117159.9,117312.7,116928.0,117300.2,1295.81
2025-07-30T22:00:00Z,117300.2,117492.7,117204.1,117448.6,1540.999
2025-07-30T23:00:00Z,117448.6,117921.1,117411.9,117781.6,2077.808
2025-07-31T00:00:00Z,117781.6,118512.2,117740.6,118381.2,3674.204
2025-07-31T01:00:00Z,118381.2,118447.6,117942.8,118024.6,1911.404
2025-07-31T02:00:00Z,118024.6,118455.0,117930.4,118399.9,1376.003
2025-07-31T03:00:00Z,118399.9,118580.0,118333.3,118444.4,1572.503
2025-07-31T04:00:00Z,118444.4,118531.9,118320.2,118480.8,954.627
2025-07-31T05:00:00Z,118480.8,118518.2,118298.0,118327.8,800.225
2025-07-31T06:00:00Z,118327.8,118713.0,118257.6,118675.6,1353.891
2025-07-31T07:00:00Z,118675.6,118900.0,118574.8,118646.6,2258.392
2025-07-31T08:00:00Z,118646.6,118739.2,118530.8,118563.2,1060.756
2025-07-31T09:00:00Z,118563.2,118600.0,118450.0,118582.5,1183.08
2025-07-31T10:00:00Z,118582.5,118707.0,118409.4,118499.9,1380.998
2025-07-31T11:00:00Z,118499.9,118553.0,118275.5,118346.9,1064.918
2025-07-31T12:00:00Z,118346.9,118629.2,118264.2,118601.2,1751.168
2025-07-31T13:00:00Z,118601.2,118663.3,117773.9,118537.2,6015.782
2025-07-31T14:00:00Z,118537.2,118627.8,117852.8,117880.0,3517.815
2025-07-31T15:00:00Z,117880.0,118324.8,117842.7,118273.2,2468.545
2025-07-31T16:00:00Z,118273.2,118860.0,118200.6,118508.2,3921.548
2025-07-31T17:00:00Z,118508.2,118537.5,117666.9,117710.0,4359.533
2025-07-31T18:00:00Z,117710.0,117957.8,117350.0,117615.1,4934.624
2025-07-31T19:00:00Z,117615.1,117730.6,116685.5,116709.3,6115.9
2025-07-31T20:00:00Z,116709.3,116940.0,116353.6,116449.1,5372.134
2025-07-31T21:00:00Z,116449.1,116830.0,116172.5,116472.0,3235.166
2025-07-31T22:00:00Z,116472.0,116472.0,115941.1,115941.2,3827.78
2025-07-31T23:00:00Z,115941.2,116294.1,115368.6,115680.1,7258.065
2025-08-01T00:00:00Z,115680.1,115884.2,114240.0,115350.5,12338.752
2025-08-01T01:00:00Z,115350.5,115582.8,114514.6,115257.3,5337.463
2025-08-01T02:00:00Z,115257.3,115955.0,115158.2,115909.9,2842.069
2025-08-01T03:00:00Z,115909.9,115999.9,115550.0,115590.1,1662.931
2025-08-01T04:00:00Z,115590.1,115628.1,115200.1,115623.2,2525.142
2025-08-01T05:00:00Z,115623.2,115857.2,115307.3,115503.0,1865.91
2025-08-01T06:00:00Z,115503.0,115591.7,115001.0,115099.2,2629.077
2025-08-01T07:00:00Z,115099.2,115237.6,114542.0,115012.4,4710.623
2025-08-01T08:00:00Z,115012.4,115012.4,114013.0,114558.3,5793.39
2025-08-01T09:00:00Z,114558.3,115295.2,114492.0,114886.7,4570.821
2025-08-01T10:00:00Z,114886.7,115140.0,114650.0,114699.3,2343.822
2025-08-01T11:00:00Z,114699.3,115316.1,114537.7,115239.2,2065.92
2025-08-01T12:00:00Z,115239.2,115841.6,115062.2,115673.2,5333.861
2025-08-01T13:00:00Z,115673.2,115950.0,114116.6,114284.5,7898.807
2025-08-01T14:00:00Z,114284.5,115777.2,113849.5,115560.6,10995.066
2025-08-01T15:00:00Z,115560.6,115590.1,114608.4,115288.0,5599.791
2025-08-01T16:00:00Z,115288.0,115659.3,114758.4,114954.5,4339.127
2025-08-01T17:00:00Z,114954.5,115050.0,114300.0,114387.0,4565.703
2025-08-01T18:00:00Z,114387.0,114463.9,113626.2,113786.4,9010.245
2025-08-01T19:00:00Z,113786.4,113886.1,113153.9,113283.6,8411.402
2025-08-01T20:00:00Z,113283.6,113950.1,113140.0,113908.8,4081.757
2025-08-01T21:00:00Z,113908.8,114055.5,113556.3,113838.3,2629.873
2025-08-01T22:00:00Z,113838.3,113970.8,112692.8,113084.3,9008.351
2025-08-01T23:00:00Z,113084.3,113521.5,112862.1,113248.9,2321.205
2025-08-02T00:00:00Z,113248.9,113801.9,113150.0,113778.6,2123.973
2025-08-02T01:00:00Z,113778.6,113884.0,113373.0,113612.0,1509.196
2025-08-02T02:00:00Z,113612.0,113713.8,113469.0,113661.3,815.925
2025-08-02T03:00:00Z,113661.3,113921.5,113657.2,113863.1,1223.427
2025-08-02T04:00:00Z,113863.1,114011.4,113800.0,113988.3,1686.72
2025-08-02T05:00:00Z,113988.3,114011.4,113830.6,113939.2,1018.144
2025-08-02T06:00:00Z,113939.2,113955.3,113438.3,113667.8,2357.687
2025-08-02T07:00:00Z,113667.8,113977.5,113517.0,113934.6,1189.041
2025-08-02T08:00:00Z,113934.6,113998.0,113639.0,113644.1,1333.83
2025-08-02T09:00:00Z,113644.1,113824.1,113533.4,113658.6,964.307
2025-08-02T10:00:00Z,113658.6,113675.0,113359.1,113530.1,1676.738
2025-08-02T11:00:00Z,113530.1,113886.6,113419.9,113755.2,1161.93
2025-08-02T12:00:00Z,113755.2,113756.2,113543.9,113593.9,636.345
2025-08-02T13:00:00Z,113593.9,113618.9,113204.5,113438.1,1735.804
2025-08-02T14:00:00Z,113438.1,113514.0,112904.3,113076.1,3288.19
2025-08-02T15:00:00Z,113076.1,113400.0,112780.0,112816.3,2248.758
2025-08-02T16:00:00Z,112816.3,113239.7,112700.0,113184.7,2473.593
2025-08-02T17:00:00Z,113184.7,113395.3,112535.8,112694.2,3172.942
2025-08-02T18:00:00Z,112694.2,112872.2,112001.0,112285.5,7715.273
2025-08-02T19:00:00Z,112285.5,112920.3,111950.0,112194.0,5304.519
2025-08-02T20:00:00Z,112194.0,112755.0,112038.0,112755.0,3004.663
2025-08-02T21:00:00Z,112755.0,113025.4,112510.3,112813.5,2071.718
2025-08-02T22:00:00Z,112813.5,112996.3,112457.8,112822.5,1734.237
2025-08-02T23:00:00Z,112822.5,112841.9,112240.0,112518.0,2649.193
2025-08-03T00:00:00Z,112518.0,112965.0,111870.0,112919.2,3996.243
2025-08-03T01:00:00Z,112919.2,113233.0,112800.0,113067.9,2681.137
2025-08-03T02:00:00Z,113067.9,113478.0,113054.7,113477.9,1609.568
2025-08-03T03:00:00Z,113477.9,113706.0,113384.7,113562.3,1417.557
2025-08-03T04:00:00Z,113562.3,113562.4,113313.3,113442.8,1107.689
2025-08-03T05:00:00Z,113442.8,113624.2,113376.4,113578.3,744.392
2025-08-03T06:00:00Z,113578.3,113593.8,113416.6,113528.3,639.022
2025-08-03T07:00:00Z,113528.3,113680.6,113528.3,113662.8,793.727
2025-08-03T08:00:00Z,113662.8,113760.0,113509.7,113658.3,1307.254
2025-08-03T09:00:00Z,113658.3,113687.9,113580.7,113615.5,584.047
2025-08-03T10:00:00Z,113615.5,113850.0,113615.4,113850.0,1243.658
2025-08-03T11:00:00Z,113850.0,114217.0,113798.3,113812.6,3206.172
2025-08-03T12:00:00Z,113812.6,114059.9,113605.8,113963.6,1925.365
2025-08-03T13:00:00Z,113963.6,114050.0,113750.0,113899.9,987.669
2025-08-03T14:00:00Z,113899.9,114022.7,113531.5,113724.7,1988.355
2025-08-03T15:00:00Z,113724.7,113917.3,113612.0,113892.7,889.238
2025-08-03T16:00:00Z,113892.7,113981.3,113706.0,113952.1,616.766
2025-08-03T17:00:00Z,113952.1,114182.9,113894.9,114063.7,1179.513
2025-08-03T18:00:00Z,114063.7,114408.1,114000.0,114323.2,1833.567
2025-08-03T19:00:00Z,114323.2,114792.7,114192.3,114253.1,2975.9
2025-08-03T20:00:00Z,114253.1,114421.9,114108.2,114375.4,1181.095
2025-08-03T21:00:00Z,114375.4,114490.9,114300.1,114366.2,865.707
2025-08-03T22:00:00Z,114366.2,114564.3,114000.5,114266.3,1595.91
2025-08-03T23:00:00Z,114266.3,114462.0,114112.9,114147.1,831.694
2025-08-04T00:00:00Z,114147.1,114877.7,114064.3,114859.9,2547.622
2025-08-04T01:00:00Z,114859.9,114975.3,114567.7,114635.3,1833.836
2025-08-04T02:00:00Z,114635.3,114840.0,114375.0,114772.2,1253.094
2025-08-04T03:00:00Z,114772.2,114772.3,114434.2,114522.0,933.632
2025-08-04T04:00:00Z,114522.0,114604.1,114277.7,114338.4,953.342
2025-08-04T05:00:00Z,114338.4,114375.0,114130.0,114334.7,1372.921
2025-08-04T06:00:00Z,114334.7,114442.8,114101.2,114375.6,1019.519
2025-08-04T07:00:00Z,114375.6,114746.7,114346.0,114615.1,1168.461
2025-08-04T08:00:00Z,114615.1,114728.2,114300.3,114497.2,1895.494
2025-08-04T09:00:00Z,114497.2,114713.6,114243.0,114280.6,1166.208
2025-08-04T10:00:00Z,114280.6,114462.0,114158.5,114200.1,1093.355
2025-08-04T11:00:00Z,114200.1,114473.1,114142.5,114445.0,1312.382
2025-08-04T12:00:00Z,114445.0,114504.0,114258.2,114396.7,1612.97
2025-08-04T13:00:00Z,114396.7,114883.0,114061.7,114878.7,5820.587
2025-08-04T14:00:00Z,114878.7,115443.5,114576.2,114680.0,10880.883
2025-08-04T15:00:00Z,114680.0,114963.2,114475.2,114746.0,2984.894
2025-08-04T16:00:00Z,114746.0,115373.3,114745.9,115239.9,3103.883
2025-08-04T17:00:00Z,115239.9,115682.8,115072.2,115126.1,4213.81
2025-08-04T18:00:00Z,115126.1,115255.1,114834.9,114887.9,1536.136
2025-08-04T19:00:00Z,114887.9,115076.3,114653.1,114716.0,1648.626
2025-08-04T20:00:00Z,114716.0,115069.0,114551.4,114750.1,2411.968
2025-08-04T21:00:00Z,114750.1,115233.6,114750.1,115070.7,1566.087
2025-08-04T22:00:00Z,115070.7,115295.2,115034.4,115295.2,1695.479
2025-08-04T23:00:00Z,115295.2,115326.7,115001.6,115006.0,976.498
2025-08-05T00:00:00Z,115006.0,115084.2,114765.9,114848.8,1989.142
2025-08-05T01:00:00Z,114848.8,115016.4,114650.0,114672.7,1418.876
2025-08-05T02:00:00Z,114672.7,114795.0,114574.0,114683.6,830.585
2025-08-05T03:00:00Z,114683.6,114700.2,114202.0,114212.3,2681.669
2025-08-05T04:00:00Z,114212.3,114382.0,114117.7,114286.0,1240.405
2025-08-05T05:00:00Z,114286.0,114479.7,114146.7,114380.3,2022.618
2025-08-05T06:00:00Z,114380.3,114480.0,114020.0,114138.1,1792.753
2025-08-05T07:00:00Z,114138.1,114376.9,113628.2,113925.4,4330.36
2025-08-05T08:00:00Z,113925.4,114498.9,113880.0,114243.5,2147.005
2025-08-05T09:00:00Z,114243.5,114776.8,114243.4,114656.8,2183.872
2025-08-05T10:00:00Z,114656.8,115046.8,114541.0,114799.8,2859.641
2025-08-05T11:00:00Z,114799.8,114956.1,114700.0,114782.3,1444.473
2025-08-05T12:00:00Z,114782.3,114860.0,113424.2,113889.9,5969.227
2025-08-05T13:00:00Z,113889.9,114535.7,113797.7,114321.1,3021.098
2025-08-05T14:00:00Z,114321.1,114342.2,112577.7,112972.8,12022.599
2025-08-05T15:00:00Z,112972.8,113200.0,112606.0,112882.1,4649.417
2025-08-05T16:00:00Z,112882.1,113321.0,112760.0,113132.3,2995.27
2025-08-05T17:00:00Z,113132.3,113650.0,113041.5,113590.2,3074.099
2025-08-05T18:00:00Z,113590.2,113623.4,113208.0,113610.0,1448.265
2025-08-05T19:00:00Z,113610.0,113742.4,113355.2,113582.1,2023.435
2025-08-05T20:00:00Z,113582.1,113954.5,113440.0,113662.2,2321.04
2025-08-05T21:00:00Z,113662.2,113829.6,113514.9,113550.0,792.32
2025-08-05T22:00:00Z,113550.0,113960.4,113207.5,113931.0,2205.799
2025-08-05T23:00:00Z,113931.0,114222.6,113876.5,114079.6,1470.415
2025-08-06T00:00:00Z,114079.6,114104.7,113704.6,113847.1,1210.781
2025-08-06T01:00:00Z,113847.1,113913.4,113486.5,113782.3,1858.435
2025-08-06T02:00:00Z,113782.3,113800.0,113452.8,113591.7,839.361
2025-08-06T03:00:00Z,113591.7,113633.3,113355.8,113469.3,742.89
2025-08-06T04:00:00Z,113469.3,113554.8,113300.2,113383.0,802.148
2025-08-06T05:00:00Z,113383.0,114398.6,113338.2,114122.7,3439.048
2025-08-06T06:00:00Z,114122.7,114171.0,113880.0,114049.9,1282.174
2025-08-06T07:00:00Z,114049.9,114300.0,113967.2,114180.6,1059.693
2025-08-06T08:00:00Z,114180.6,114227.4,113671.5,113888.4,1885.002
2025-08-06T09:00:00Z,113888.4,114343.4,113854.0,114042.5,1973.111
2025-08-06T10:00:00Z,114042.5,114188.3,113831.9,114011.1,1326.237
2025-08-06T11:00:00Z,114011.1,114389.9,113940.0,114185.6,1291.153
2025-08-06T12:00:00Z,114185.6,114290.0,113740.0,113876.0,2143.634
2025-08-06T13:00:00Z,113876.0,114345.0,113522.0,114218.6,5730.655
2025-08-06T14:00:00Z,114218.6,115150.1,113808.0,115132.8,6789.929
2025-08-06T15:00:00Z,115132.8,115502.6,114770.0,115360.7,6431.439
2025-08-06T16:00:00Z,115360.7,115439.6,114895.7,115104.3,3062.558
2025-08-06T17:00:00Z,115104.3,115484.9,114976.2,115473.0,1607.905
2025-08-06T18:00:00Z,115473.0,115666.3,115231.9,115369.9,2842.447
2025-08-06T19:00:00Z,115369.9,115477.2,115065.0,115198.5,1169.897
2025-08-06T20:00:00Z,115198.5,115213.8,114916.2,114983.4,1172.998
2025-08-06T21:00:00Z,114983.4,115188.5,114747.5,115002.9,1285.19
2025-08-06T22:00:00Z,115002.9,115175.0,114990.3,115040.6,1051.378
2025-08-06T23:00:00Z,115040.6,115077.2,114925.0,114943.0,555.07
2025-08-07T00:00:00Z,114943.0,114981.8,114810.2,114847.3,705.237
2025-08-07T01:00:00Z,114847.3,115154.4,114515.2,114700.0,2052.257
2025-08-07T02:00:00Z,114700.0,114822.0,114350.0,114516.8,2372.346
2025-08-07T03:00:00Z,114516.8,114581.2,114350.5,114498.4,894.67
2025-08-07T04:00:00Z,114498.4,114617.6,114218.0,114308.6,1235.713
2025-08-07T05:00:00Z,114308.6,114525.0,114231.4,114525.0,1388.131
2025-08-07T06:00:00Z,114525.0,114748.6,114407.8,114603.5,1728.664
2025-08-07T07:00:00Z,114603.5,114837.8,114587.9,114747.6,962.796
2025-08-07T08:00:00Z,114747.6,115137.8,114742.8,114909.2,1892.719
2025-08-07T09:00:00Z,114909.2,115030.0,114747.8,115015.2,1548.556
2025-08-07T10:00:00Z,115015.2,116401.7,114982.0,116280.0,10328.658
2025-08-07T11:00:00Z,116280.0,116763.6,116280.0,116446.2,6230.183
2025-08-07T12:00:00Z,116446.2,116531.3,115955.9,116316.8,3982.705
2025-08-07T13:00:00Z,116316.8,116716.2,116138.3,116587.9,3751.187
2025-08-07T14:00:00Z,116587.9,116624.9,116129.4,116311.6,2985.978
2025-08-07T15:00:00Z,116311.6,116747.8,116177.8,116629.3,2773.495
2025-08-07T16:00:00Z,116629.3,116711.7,115555.1,116197.3,5376.53
2025-08-07T17:00:00Z,116197.3,116513.0,116055.0,116463.0,2666.45
2025-08-07T18:00:00Z,116463.0,116540.9,116090.0,116518.0,1281.744
2025-08-07T19:00:00Z,116518.0,117450.0,116434.8,117380.6,6780.283
2025-08-07T20:00:00Z,117380.6,117434.4,117034.8,117113.3,2561.758
2025-08-07T21:00:00Z,117113.3,117302.7,116931.9,117025.8,1975.17
2025-08-07T22:00:00Z,117025.8,117560.0,117011.1,117486.8,2836.266
2025-08-07T23:00:00Z,117486.8,117510.0,117212.9,117399.9,1143.564
2025-08-08T00:00:00Z,117399.9,117569.1,116800.2,117205.1,3155.654
2025-08-08T01:00:00Z,117205.1,117205.1,116726.0,116830.6,2058.846
2025-08-08T02:00:00Z,116830.6,116865.0,116642.2,116659.2,1092.177
2025-08-08T03:00:00Z,116659.2,116932.5,116632.6,116686.8,1346.989
2025-08-08T04:00:00Z,116686.8,116828.6,116615.0,116694.9,823.631
2025-08-08T05:00:00Z,116694.9,116711.3,116435.9,116479.1,962.128
2025-08-08T06:00:00Z,116479.1,116710.5,116334.8,116692.4,1909.702
2025-08-08T07:00:00Z,116692.4,116929.8,116499.0,116776.2,1831.312
2025-08-08T08:00:00Z,116776.2,116885.3,116355.5,116580.1,1779.701
2025-08-08T09:00:00Z,116580.1,116686.0,116443.0,116633.7,692.822
2025-08-08T10:00:00Z,116633.7,116679.2,116264.2,116498.5,1439.088
2025-08-08T11:00:00Z,116498.5,116887.4,116498.5,116859.9,1292.945
2025-08-08T12:00:00Z,116859.9,116859.9,116437.1,116449.0,1332.407
2025-08-08T13:00:00Z,116449.0,116899.5,116448.9,116869.7,2102.19
2025-08-08T14:00:00Z,116869.7,117239.4,116311.4,116440.4,4460.739
2025-08-08T15:00:00Z,116440.4,116511.0,115854.2,116157.0,4337.604
2025-08-08T16:00:00Z,116157.0,116319.9,115933.1,116147.2,1585.863
2025-08-08T17:00:00Z,116147.2,116665.4,116100.7,116649.7,2048.762
2025-08-08T18:00:00Z,116649.7,116850.0,116254.3,116449.5,4294.387
2025-08-08T19:00:00Z,116449.5,116648.9,116268.4,116367.0,1601.479
2025-08-08T20:00:00Z,116367.0,116862.0,116240.0,116843.2,2001.613
2025-08-08T21:00:00Z,116843.2,116919.3,116680.0,116877.4,770.987
2025-08-08T22:00:00Z,116877.4,116933.6,116679.9,116824.7,718.97
2025-08-08T23:00:00Z,116824.7,116861.4,116581.5,116625.1,533.424
2025-08-09T00:00:00Z,116625.1,116700.0,116508.4,116535.5,647.692
2025-08-09T01:00:00Z,116535.5,116607.4,116465.0,116511.1,669.495
2025-08-09T02:00:00Z,116511.1,116511.1,116333.0,116340.1,582.96
2025-08-09T03:00:00Z,116340.1,116434.1,116288.2,116322.3,644.187
2025-08-09T04:00:00Z,116322.3,116637.0,116300.0,116385.9,1489.286
2025-08-09T05:00:00Z,116385.9,116939.0,116361.6,116691.7,2768.034
2025-08-09T06:00:00Z,116691.7,116707.0,116473.4,116610.5,1306.32
2025-08-09T07:00:00Z,116610.5,116868.9,116572.4,116703.4,1030.265
2025-08-09T08:00:00Z,116703.4,117146.0,116688.8,117062.8,2457.216
2025-08-09T09:00:00Z,117062.8,117459.9,117000.0,117459.9,2946.12
2025-08-09T10:00:00Z,117459.9,117900.0,117286.3,117366.1,6404.936
2025-08-09T11:00:00Z,117366.1,117413.8,117020.0,117058.2,2216.452
2025-08-09T12:00:00Z,117058.2,117181.9,116945.9,117040.2,1715.696
2025-08-09T13:00:00Z,117040.2,117094.9,116802.2,116899.2,1742.314
2025-08-09T14:00:00Z,116899.2,116936.6,116700.1,116896.1,2229.034
2025-08-09T15:00:00Z,116896.1,117077.5,116636.0,116827.6,1983.809
2025-08-09T16:00:00Z,116827.6,116883.7,116555.0,116576.3,1677.15
2025-08-09T17:00:00Z,116576.3,116723.2,116555.0,116611.5,1054.759
2025-08-09T18:00:00Z,116611.5,116660.7,116475.0,116556.8,983.073
2025-08-09T19:00:00Z,116556.8,116680.4,116435.0,116496.9,1119.829
2025-08-09T20:00:00Z,116496.9,116957.2,116438.4,116705.5,2376.305
2025-08-09T21:00:00Z,116705.5,116745.3,116303.1,116453.9,1580.974
2025-08-09T22:00:00Z,116453.9,116683.0,116427.8,116496.4,790.436
2025-08-09T23:00:00Z,116496.4,116551.9,116381.0,116406.2,499.945
2025-08-10T00:00:00Z,116406.2,116708.6,116400.0,116704.1,1175.081
2025-08-10T01:00:00Z,116704.1,116736.8,116483.7,116524.4,907.684
2025-08-10T02:00:00Z,116524.4,117274.5,116524.4,117269.4,2399.488
2025-08-10T03:00:00Z,117269.4,119433.6,117190.7,118488.9,17390.303
2025-08-10T04:00:00Z,118488.9,118728.5,118383.6,118483.6,3463.141
2025-08-10T05:00:00Z,118483.6,118503.0,117884.0,118036.2,3086.682
2025-08-10T06:00:00Z,118036.2,118156.0,117713.1,118043.9,2072.388
2025-08-10T07:00:00Z,118043.9,118245.5,117431.0,117784.9,3829.402
2025-08-10T08:00:00Z,117784.9,118384.7,117576.0,118290.8,2920.551
2025-08-10T09:00:00Z,118290.8,118424.3,118093.3,118266.7,1367.252
2025-08-10T10:00:00Z,118266.7,118281.3,117963.0,117988.0,1378.276
2025-08-10T11:00:00Z,117988.0,118491.0,117910.0,118324.0,2123.529
2025-08-10T12:00:00Z,118324.0,118739.4,118221.0,118500.1,2840.909
2025-08-10T13:00:00Z,118500.1,118682.6,118340.0,118425.0,1871.645
2025-08-10T14:00:00Z,118425.0,118845.3,118295.5,118765.6,2368.01
2025-08-10T15:00:00Z,118765.6,119111.9,118533.8,118776.2,3666.34
2025-08-10T16:00:00Z,118776.2,118922.4,118590.6,118637.8,1433.052
2025-08-10T17:00:00Z,118637.8,118673.2,118416.7,118500.1,833.736
2025-08-10T18:00:00Z,118500.1,118590.0,118404.0,118515.1,622.705
2025-08-10T19:00:00Z,118515.1,118698.4,118426.5,118634.5,623.148
2025-08-10T20:00:00Z,118634.5,118746.0,118049.4,118282.4,4836.076
2025-08-10T21:00:00Z,118282.4,118685.8,118051.4,118685.7,2538.236
2025-08-10T22:00:00Z,118685.7,119055.6,118577.2,119055.6,2263.039
2025-08-10T23:00:00Z,119055.6,119288.0,118809.9,119271.8,2461.176
2025-08-11T00:00:00Z,119271.8,119532.1,119072.9,119104.0,3344.944
2025-08-11T01:00:00Z,119104.0,119989.8,118964.7,119989.7,5403.219
2025-08-11T02:00:00Z,119989.7,122421.0,119902.8,121840.1,17634.3
2025-08-11T03:00:00Z,121840.1,122151.1,121540.0,121709.4,5221.646
2025-08-11T04:00:00Z,121709.4,122186.4,121607.1,122064.8,4937.276
2025-08-11T05:00:00Z,122064.8,122350.2,121809.7,122054.5,3579.114
2025-08-11T06:00:00Z,122054.5,122335.5,121940.0,122296.2,2423.674
2025-08-11T07:00:00Z,122296.2,122300.0,121445.5,121530.2,3574.212
2025-08-11T08:00:00Z,121530.2,121819.1,121177.8,121667.0,3708.604
2025-08-11T09:00:00Z,121667.0,121710.5,121104.0,121432.7,2765.056
2025-08-11T10:00:00Z,121432.7,121458.6,120957.8,121169.9,2872.401
2025-08-11T11:00:00Z,121169.9,121278.7,120262.0,120540.3,7491.436
2025-08-11T12:00:00Z,120540.3,120650.0,119506.1,119638.0,8447.682
2025-08-11T13:00:00Z,119638.0,120298.2,119340.6,119992.0,8426.742
2025-08-11T14:00:00Z,119992.0,120565.3,119771.5,120211.4,4706.752
2025-08-11T15:00:00Z,120211.4,120390.6,119813.0,120274.6,2860.653
2025-08-11T16:00:00Z,120274.6,120768.0,119851.1,119908.1,5012.348
2025-08-11T17:00:00Z,119908.1,120120.0,119427.3,119470.7,4655.705
2025-08-11T18:00:00Z,119470.7,119857.2,119219.8,119753.9,5665.762
2025-08-11T19:00:00Z,119753.9,119763.8,118576.0,119052.9,6907.105
2025-08-11T20:00:00Z,119052.9,119075.3,118570.0,118816.6,2897.082
2025-08-11T21:00:00Z,118816.6,119175.3,117855.3,118700.0,5762.15
2025-08-11T22:00:00Z,118700.0,118915.3,118258.9,118878.0,2613.163
2025-08-11T23:00:00Z,118878.0,118894.5,118560.1,118679.2,1314.813
2025-08-12T00:00:00Z,118679.2,119024.4,118575.6,118940.3,2120.912
2025-08-12T01:00:00Z,118940.3,119110.8,118745.6,118944.1,1489.231
2025-08-12T02:00:00Z,118944.1,119277.0,118809.0,119034.1,1212.191
2025-08-12T03:00:00Z,119034.1,119117.1,118724.5,118844.7,1045.178
2025-08-12T04:00:00Z,118844.7,119144.4,118781.0,119029.9,1212.329
2025-08-12T05:00:00Z,119029.9,119029.9,118403.0,118797.2,2787.45
2025-08-12T06:00:00Z,118797.2,119000.0,118565.7,118811.3,1405.899
2025-08-12T07:00:00Z,118811.3,119100.0,118811.3,118948.0,1357.46
2025-08-12T08:00:00Z,118948.0,119017.9,118709.4,118773.3,1159.905
2025-08-12T09:00:00Z,118773.3,118860.0,118357.9,118377.0,1976.032
2025-08-12T10:00:00Z,118377.0,118617.3,118150.0,118408.9,3394.043
2025-08-12T11:00:00Z,118408.9,118605.0,118152.3,118457.9,2921.176
2025-08-12T12:00:00Z,118457.9,119200.0,118205.5,119199.9,11121.02
2025-08-12T13:00:00Z,119199.9,119647.0,118533.0,118800.0,11418.135
2025-08-12T14:00:00Z,118800.0,119390.0,118709.4,119390.0,4921.951
2025-08-12T15:00:00Z,119390.0,119912.1,119251.3,119888.2,5503.852
2025-08-12T16:00:00Z,119888.2,120143.0,119465.4,119620.4,3689.953
2025-08-12T17:00:00Z,119620.4,119836.0,119120.2,119236.8,3842.776
2025-08-12T18:00:00Z,119236.8,120054.2,119188.8,119294.2,3437.289
2025-08-12T19:00:00Z,119294.2,119919.0,119250.0,119610.6,1609.949
2025-08-12T20:00:00Z,119610.6,120280.0,119430.0,120153.8,4509.301
2025-08-12T21:00:00Z,120153.8,120174.7,119756.6,119875.4,2411.242
2025-08-12T22:00:00Z,119875.4,120067.7,119599.9,120065.9,2682.323
2025-08-12T23:00:00Z,120065.9,120270.0,119872.6,120090.5,1999.661
2025-08-13T00:00:00Z,120090.5,120165.8,119614.6,119677.4,2268.94
2025-08-13T01:00:00Z,119677.4,119690.0,119212.6,119441.3,3828.17
2025-08-13T02:00:00Z,119441.3,119708.9,118974.1,119521.3,4599.699
2025-08-13T03:00:00Z,119521.3,119616.9,119277.0,119460.7,2441.494
2025-08-13T04:00:00Z,119460.7,119822.3,119301.7,119318.3,3000.462
2025-08-13T05:00:00Z,119318.3,119675.2,118900.5,119050.1,3002.871
2025-08-13T06:00:00Z,119050.1,119416.7,118924.4,119406.9,1592.342
2025-08-13T07:00:00Z,119406.9,119617.9,119262.3,119555.9,1799.342
2025-08-13T08:00:00Z,119555.9,120050.1,119423.0,120050.0,3022.429
2025-08-13T09:00:00Z,120050.0,120177.9,119786.0,120132.5,2833.493
2025-08-13T10:00:00Z,120132.5,120500.0,120050.0,120496.9,3653.12
2025-08-13T11:00:00Z,120496.9,120747.0,120433.3,120572.2,2827.873
2025-08-13T12:00:00Z,120572.2,120700.0,120165.9,120294.0,4089.792
2025-08-13T13:00:00Z,120294.0,122090.0,120115.8,121786.0,13835.042
2025-08-13T14:00:00Z,121786.0,122239.3,120760.0,120880.1,15291.311
2025-08-13T15:00:00Z,120880.1,121355.0,120318.1,120920.7,7593.84
2025-08-13T16:00:00Z,120920.7,121751.1,120920.7,121433.1,4658.364
2025-08-13T17:00:00Z,121433.1,121850.0,121406.3,121791.7,2846.912
2025-08-13T18:00:00Z,121791.7,121964.4,121401.3,121602.7,3268.939
2025-08-13T19:00:00Z,121602.7,122856.0,121472.2,122748.9,7627.198
2025-08-13T20:00:00Z,122748.9,122998.1,122460.0,122924.1,4260.293
2025-08-13T21:00:00Z,122924.1,123128.7,122302.1,122574.5,4444.224
2025-08-13T22:00:00Z,122574.5,123659.2,122556.6,122971.0,7297.196
2025-08-13T23:00:00Z,122971.0,123742.2,122930.0,123348.0,3868.728
2025-08-14T00:00:00Z,123348.0,124571.2,123298.4,123889.2,8907.966
2025-08-14T01:00:00Z,123889.2,123984.4,123375.0,123383.6,2585.948
2025-08-14T02:00:00Z,123383.6,123768.5,123307.7,123719.0,2501.818
2025-08-14T03:00:00Z,123719.0,123930.0,123343.3,123400.2,2145.264
2025-08-14T04:00:00Z,123400.2,123500.0,123045.3,123068.3,2847.055
2025-08-14T05:00:00Z,123068.3,123206.4,122116.9,122203.8,5368.987
2025-08-14T06:00:00Z,122203.8,122203.9,121354.6,121826.2,8507.438
2025-08-14T07:00:00Z,121826.2,122144.8,121572.4,121772.0,3729.439
2025-08-14T08:00:00Z,121772.0,122067.4,121566.3,121658.2,2146.602
2025-08-14T09:00:00Z,121658.2,121942.0,121513.5,121651.7,2448.51
2025-08-14T10:00:00Z,121651.7,121799.5,120750.0,120957.2,6129.353
2025-08-14T11:00:00Z,120957.2,121057.2,120700.0,120974.4,4152.997
2025-08-14T12:00:00Z,120974.4,121173.0,117224.6,118863.2,34155.223
2025-08-14T13:00:00Z,118863.2,119280.6,117712.1,118408.5,15636.245
2025-08-14T14:00:00Z,118408.5,119350.0,117976.3,118783.7,7092.333
2025-08-14T15:00:00Z,118783.7,118877.9,117822.6,118199.4,7480.353
2025-08-14T16:00:00Z,118199.4,118212.9,117325.2,117816.9,7415.643
2025-08-14T17:00:00Z,117816.9,118113.0,117450.0,117876.8,2804.962
2025-08-14T18:00:00Z,117876.8,118209.4,117117.0,118056.9,4005.375
2025-08-14T19:00:00Z,118056.9,118496.4,117856.0,117915.4,3352.934
2025-08-14T20:00:00Z,117915.4,118101.3,117660.7,117806.3,2745.079
2025-08-14T21:00:00Z,117806.3,118158.6,117241.3,117844.8,3814.911
2025-08-14T22:00:00Z,117844.8,118315.2,117570.2,118226.2,1678.622
2025-08-14T23:00:00Z,118226.2,118486.1,118180.0,118250.1,1631.38
2025-08-15T00:00:00Z,118250.1,118458.8,117993.1,118142.5,1848.377
2025-08-15T01:00:00Z,118142.5,118701.7,117977.9,118630.3,1519.824
2025-08-15T02:00:00Z,118630.3,118873.6,118540.1,118663.1,1296.08
2025-08-15T03:00:00Z,118663.1,119050.0,118557.2,118933.2,1186.03
2025-08-15T04:00:00Z,118933.2,119166.7,118738.3,118803.0,1643.478
2025-08-15T05:00:00Z,118803.0,118979.0,118586.6,118942.6,1744.888
2025-08-15T06:00:00Z,118942.6,119208.0,118831.6,119064.7,2347.985
2025-08-15T07:00:00Z,119064.7,119089.5,118730.4,118942.3,1459.205
2025-08-15T08:00:00Z,118942.3,119150.0,118850.4,118859.4,965.652
2025-08-15T09:00:00Z,118859.4,119040.1,118600.0,118693.4,2327.396
2025-08-15T10:00:00Z,118693.4,119013.9,118693.4,118850.0,919.796
2025-08-15T11:00:00Z,118850.0,119074.4,118850.0,118973.8,1272.52
2025-08-15T12:00:00Z,118973.8,119100.0,118431.5,118611.4,4675.358
2025-08-15T13:00:00Z,118611.4,118706.2,117660.9,117724.0,6618.552
2025-08-15T14:00:00Z,117724.0,118240.0,117200.0,117359.9,6768.982
2025-08-15T15:00:00Z,117359.9,117541.1,116727.1,117224.6,9000.196
2025-08-15T16:00:00Z,117224.6,117353.0,116719.3,117295.6,4136.163
2025-08-15T17:00:00Z,117295.6,117827.0,116922.5,117530.3,3447.923
2025-08-15T18:00:00Z,117530.3,117602.7,116966.9,117105.7,2065.743
2025-08-15T19:00:00Z,117105.7,117369.7,116785.6,116875.5,3117.535
2025-08-15T20:00:00Z,116875.5,117279.3,116780.1,117210.0,1331.309
2025-08-15T21:00:00Z,117210.0,117314.1,116881.8,117266.5,1753.194
2025-08-15T22:00:00Z,117266.5,117715.7,117226.7,117652.0,2412.201
2025-08-15T23:00:00Z,117652.0,117725.8,116972.8,117280.8,2081.968
2025-08-16T00:00:00Z,117280.8,117744.0,117177.5,117695.3,1295.211
2025-08-16T01:00:00Z,117695.3,117857.2,117565.3,117777.4,1191.151
2025-08-16T02:00:00Z,117777.4,117777.5,117385.1,117450.0,998.316
2025-08-16T03:00:00Z,117450.0,117621.7,117335.3,117390.2,765.594
2025-08-16T04:00:00Z,117390.2,117841.3,117360.7,117781.6,709.693
2025-08-16T05:00:00Z,117781.6,117814.8,117428.1,117555.0,872.616
2025-08-16T06:00:00Z,117555.0,117599.0,117234.0,117335.7,1136.375
2025-08-16T07:00:00Z,117335.7,117636.6,117285.5,117547.6,658.297
2025-08-16T08:00:00Z,117547.6,117629.8,117433.1,117566.6,551.739
2025-08-16T09:00:00Z,117566.6,117658.4,117236.9,117253.4,886.734
2025-08-16T10:00:00Z,117253.4,117398.0,117069.7,117334.4,1952.786
2025-08-16T11:00:00Z,117334.4,117487.0,117301.0,117340.0,761.185
2025-08-16T12:00:00Z,117340.0,117698.8,117265.3,117689.5,1352.197
2025-08-16T13:00:00Z,117689.5,117755.0,117534.1,117583.5,986.773
2025-08-16T14:00:00Z,117583.5,117734.8,117486.8,117717.1,611.608
2025-08-16T15:00:00Z,117717.1,117779.4,117550.3,117627.7,545.519
2025-08-16T16:00:00Z,117627.7,117770.5,117627.7,117698.8,463.926
2025-08-16T17:00:00Z,117698.8,117706.1,117578.1,117639.3,403.614
2025-08-16T18:00:00Z,117639.3,117712.5,117552.3,117640.3,296.052
2025-08-16T19:00:00Z,117640.3,117729.1,117554.0,117603.0,726.671
2025-08-16T20:00:00Z,117603.0,117662.8,117428.1,117604.6,452.376
2025-08-16T21:00:00Z,117604.6,117604.6,117350.0,117380.0,687.477
2025-08-16T22:00:00Z,117380.0,117495.6,117156.9,117400.1,1041.856
2025-08-16T23:00:00Z,117400.1,117414.9,117214.8,117327.7,684.116
2025-08-17T00:00:00Z,117327.7,117372.0,117168.0,117186.2,752.313
2025-08-17T01:00:00Z,117186.2,117435.3,117101.0,117380.0,772.272
2025-08-17T02:00:00Z,117380.0,117575.0,117320.6,117543.3,635.534
2025-08-17T03:00:00Z,117543.3,117708.0,117451.5,117628.3,686.764
2025-08-17T04:00:00Z,117628.3,118149.9,117628.3,118033.8,1735.578
2025-08-17T05:00:00Z,118033.8,118212.1,117950.0,117956.2,1096.364
2025-08-17T06:00:00Z,117956.2,118063.6,117860.0,117882.2,702.283
2025-08-17T07:00:00Z,117882.2,117996.6,117795.6,117944.9,721.932
2025-08-17T08:00:00Z,117944.9,118340.0,117863.0,118321.1,1039.772
2025-08-17T09:00:00Z,118321.1,118431.5,118175.1,118283.0,1421.977
2025-08-17T10:00:00Z,118283.0,118338.5,118126.3,118338.4,498.953
2025-08-17T11:00:00Z,118338.4,118339.6,118197.6,118258.1,365.402
2025-08-17T12:00:00Z,118258.1,118311.7,118083.4,118116.8,756.423
2025-08-17T13:00:00Z,118116.8,118585.7,117983.0,118394.0,2610.164
2025-08-17T14:00:00Z,118394.0,118430.0,118042.0,118113.8,1790.228
2025-08-17T15:00:00Z,118113.8,118225.9,118076.2,118199.6,561.451
2025-08-17T16:00:00Z,118199.6,118274.8,117647.7,117786.1,2219.351
2025-08-17T17:00:00Z,117786.1,117912.2,117541.9,117860.1,1552.696
2025-08-17T18:00:00Z,117860.1,117940.0,117265.0,117511.0,1913.45
2025-08-17T19:00:00Z,117511.0,117718.8,117415.0,117545.1,842.769
2025-08-17T20:00:00Z,117545.1,117718.3,117473.3,117547.9,585.426
2025-08-17T21:00:00Z,117547.9,117754.9,117547.9,117666.8,572.202
2025-08-17T22:00:00Z,117666.8,117957.0,117630.6,117904.4,1500.848
2025-08-17T23:00:00Z,117904.4,117936.7,117312.6,117355.6,1260.376
2025-08-18T00:00:00Z,117355.6,117509.6,116966.0,117249.9,2139.664
2025-08-18T01:00:00Z,117249.9,117374.9,116147.3,116230.0,7155.367
2025-08-18T02:00:00Z,116230.0,116296.0,115234.4,115400.1,9438.176
2025-08-18T03:00:00Z,115400.1,115591.1,114936.8,115268.6,4498.51
2025-08-18T04:00:00Z,115268.6,115495.4,115032.5,115432.9,1908.316
2025-08-18T05:00:00Z,115432.9,115655.0,114909.1,115650.0,2641.653
2025-08-18T06:00:00Z,115650.0,115672.0,114828.9,115210.9,4056.288
2025-08-18T07:00:00Z,115210.9,115440.2,115132.7,115155.6,1701.547
2025-08-18T08:00:00Z,115155.6,115362.8,115022.0,115090.1,1296.083
2025-08-18T09:00:00Z,115090.1,115100.0,114577.7,114986.6,5084.909
2025-08-18T10:00:00Z,114986.6,115228.5,114926.5,115008.5,1192.737
2025-08-18T11:00:00Z,115008.5,115091.0,114804.6,114893.0,1091.697
2025-08-18T12:00:00Z,114893.0,115488.6,114843.8,115469.7,2184.116
2025-08-18T13:00:00Z,115469.7,115697.8,114719.6,114785.3,4613.513
2025-08-18T14:00:00Z,114785.3,115590.0,114778.6,115590.0,3747.159
2025-08-18T15:00:00Z,115590.0,116120.0,115350.0,116082.5,3463.696
2025-08-18T16:00:00Z,116082.5,116299.8,115745.9,115902.6,3928.656
2025-08-18T17:00:00Z,115902.6,116761.4,115902.6,116365.6,4840.679
2025-08-18T18:00:00Z,116365.6,116554.7,116144.7,116439.9,1779.203
2025-08-18T19:00:00Z,116439.9,116619.7,116134.6,116263.9,2127.839
2025-08-18T20:00:00Z,116263.9,116498.6,115924.7,116348.6,1600.09
2025-08-18T21:00:00Z,116348.6,116642.7,116341.4,116605.0,1055.52
2025-08-18T22:00:00Z,116605.0,116945.3,116319.5,116349.9,2642.638
2025-08-18T23:00:00Z,116349.9,116502.2,116030.2,116168.0,1321.407
2025-08-19T00:00:00Z,116168.0,116519.3,115410.7,116506.1,4233.868
2025-08-19T01:00:00Z,116506.1,116681.9,115660.4,115749.9,2142.583
2025-08-19T02:00:00Z,115749.9,116000.0,115582.9,115703.8,1363.179
2025-08-19T03:00:00Z,115703.8,115725.0,114718.5,114750.6,4368.387
2025-08-19T04:00:00Z,114750.6,115307.9,114292.4,115242.0,5096.915
2025-08-19T05:00:00Z,115242.0,115432.4,114801.6,114900.2,2631.364
2025-08-19T06:00:00Z,114900.2,115166.7,114819.4,114953.0,1434.519
2025-08-19T07:00:00Z,114953.0,114999.0,114551.5,114921.2,2003.68
2025-08-19T08:00:00Z,114921.2,115257.6,114738.6,115140.6,1764.354
2025-08-19T09:00:00Z,115140.6,115449.0,115129.5,115280.1,1674.975
2025-08-19T10:00:00Z,115280.1,115538.9,115252.2,115359.1,1134.884
2025-08-19T11:00:00Z,115359.1,115599.0,115359.1,115462.4,1173.595
2025-08-19T12:00:00Z,115462.4,115571.8,115212.8,115556.0,1259.419
2025-08-19T13:00:00Z,115556.0,115838.9,114825.8,115148.3,5402.793
2025-08-19T14:00:00Z,115148.3,115334.7,113683.7,113820.1,12518.296
2025-08-19T15:00:00Z,113820.1,114145.0,113483.4,113728.0,6929.908
2025-08-19T16:00:00Z,113728.0,113830.0,113278.1,113335.8,4342.695
2025-08-19T17:00:00Z,113335.8,113545.6,113031.0,113460.9,4220.617
2025-08-19T18:00:00Z,113460.9,113470.2,112778.0,113000.1,2987.186
2025-08-19T19:00:00Z,113000.1,113500.0,112712.2,113078.1,4481.304
2025-08-19T20:00:00Z,113078.1,113537.6,112851.7,113532.8,2780.823
2025-08-19T21:00:00Z,113532.8,113543.6,113363.2,113374.6,916.818
2025-08-19T22:00:00Z,113374.6,113406.1,113020.0,113119.5,1019.199
2025-08-19T23:00:00Z,113119.5,113149.0,112673.0,112825.7,2629.821
2025-08-20T00:00:00Z,112825.7,113288.0,112794.4,113169.6,2227.62
2025-08-20T01:00:00Z,113169.6,113363.9,112520.0,112975.2,2630.991
2025-08-20T02:00:00Z,112975.2,113464.4,112907.0,113409.9,1287.815
2025-08-20T03:00:00Z,113409.9,113609.8,113273.0,113483.2,1716.125
2025-08-20T04:00:00Z,113483.2,113667.6,113411.4,113606.7,1634.076
2025-08-20T05:00:00Z,113606.7,113739.8,113426.2,113687.3,799.175
2025-08-20T06:00:00Z,113687.3,113716.4,113462.8,113631.4,929.49
2025-08-20T07:00:00Z,113631.4,113817.5,113392.3,113453.9,1018.771
2025-08-20T08:00:00Z,113453.9,114019.7,113356.2,113983.0,2298.133
2025-08-20T09:00:00Z,113983.0,113983.1,113616.7,113684.0,1538.706
2025-08-20T10:00:00Z,113684.0,113862.4,113562.0,113774.3,770.843
2025-08-20T11:00:00Z,113774.3,113848.0,113010.1,113641.9,4698.075
2025-08-20T12:00:00Z,113641.9,113925.3,113464.5,113620.7,2548.554
2025-08-20T13:00:00Z,113620.7,113620.7,112530.6,112626.1,5959.265
2025-08-20T14:00:00Z,112626.1,113809.9,112286.8,113407.4,9028.793
2025-08-20T15:00:00Z,113407.4,114287.0,113174.0,113314.5,5976.154
2025-08-20T16:00:00Z,113314.5,114300.0,113223.9,113809.3,4343.859
2025-08-20T17:00:00Z,113809.3,114416.0,113734.0,114162.9,2205.888
2025-08-20T18:00:00Z,114162.9,114242.9,113194.3,113456.8,4611.585
2025-08-20T19:00:00Z,113456.8,114294.3,113425.2,114231.5,4083.394
2025-08-20T20:00:00Z,114231.5,114340.0,113947.4,114337.5,1129.697
2025-08-20T21:00:00Z,114337.5,114449.7,113939.1,114296.0,2510.531
2025-08-20T22:00:00Z,114296.0,114567.0,114156.0,114536.6,1216.348
2025-08-20T23:00:00Z,114536.6,114565.0,114151.7,114217.4,810.866
2025-08-21T00:00:00Z,114217.4,114452.5,113957.0,114249.8,1303.917
2025-08-21T01:00:00Z,114249.8,114706.4,113904.0,114682.0,1355.954
2025-08-21T02:00:00Z,114682.0,114783.7,113784.4,113992.2,2500.616
2025-08-21T03:00:00Z,113992.2,114489.5,113906.5,113917.6,1493.591
2025-08-21T04:00:00Z,113917.6,113991.1,113738.4,113759.2,1036.077
2025-08-21T05:00:00Z,113759.2,113983.9,113560.1,113954.2,2154.465
2025-08-21T06:00:00Z,113954.2,113954.3,113578.7,113765.0,1564.958
2025-08-21T07:00:00Z,113765.0,113893.7,113522.0,113854.5,1010.79
2025-08-21T08:00:00Z,113854.5,113957.1,113550.0,113550.1,1568.497
2025-08-21T09:00:00Z,113550.1,113582.8,113257.7,113350.0,1673.58
2025-08-21T10:00:00Z,113350.0,113440.0,113177.1,113301.6,1146.266
2025-08-21T11:00:00Z,113301.6,113513.6,112945.6,113104.6,1954.144
2025-08-21T12:00:00Z,113104.6,113398.3,112902.1,113051.4,2419.534
2025-08-21T13:00:00Z,113051.4,113680.0,113004.0,113431.0,3246.951
2025-08-21T14:00:00Z,113431.0,113945.7,112855.7,113243.5,4569.795
2025-08-21T15:00:00Z,113243.5,113350.0,112550.0,112745.8,4136.81
2025-08-21T16:00:00Z,112745.8,112938.6,112258.7,112334.6,3566.525
2025-08-21T17:00:00Z,112334.6,112550.0,112112.0,112378.1,4180.274
2025-08-21T18:00:00Z,112378.1,112644.2,112171.5,112556.0,2654.121
2025-08-21T19:00:00Z,112556.0,112693.5,111945.2,112146.2,4123.684
2025-08-21T20:00:00Z,112146.2,112835.1,112009.1,112403.7,3095.696
2025-08-21T21:00:00Z,112403.7,112702.3,112039.2,112587.9,4116.885
2025-08-21T22:00:00Z,112587.9,112666.2,112355.0,112457.2,704.61
2025-08-21T23:00:00Z,112457.2,112472.8,112220.3,112462.7,839.221
2025-08-22T00:00:00Z,112462.7,112818.9,112430.2,112594.7,1597.055
2025-08-22T01:00:00Z,112594.7,112892.2,112277.2,112801.3,1384.249
2025-08-22T02:00:00Z,112801.3,113499.9,112736.8,113123.1,4634.732
2025-08-22T03:00:00Z,113123.1,113416.3,112851.7,112903.7,1747.264
2025-08-22T04:00:00Z,112903.7,113231.7,112667.8,112814.5,1813.618
2025-08-22T05:00:00Z,112814.5,113260.5,112805.1,113210.1,1042.238
2025-08-22T06:00:00Z,113210.1,113364.4,112792.4,112955.3,1565.504
2025-08-22T07:00:00Z,112955.3,113226.6,112905.2,113050.8,1387.735
2025-08-22T08:00:00Z,113050.8,113280.0,112905.4,112949.0,1907.589
2025-08-22T09:00:00Z,112949.0,113106.7,112767.3,113035.3,1663.51
2025-08-22T10:00:00Z,113035.3,113049.6,112485.0,112511.5,1540.634
2025-08-22T11:00:00Z,112511.5,112607.4,112137.8,112280.0,2208.476
2025-08-22T12:00:00Z,112280.0,112683.7,111618.8,112302.5,9004.835
2025-08-22T13:00:00Z,112302.5,112621.6,111864.9,112430.5,5367.486
2025-08-22T14:00:00Z,112430.5,116064.0,112417.9,115746.0,34072.954
2025-08-22T15:00:00Z,115746.0,117276.2,115741.7,116313.7,13756.62
2025-08-22T16:00:00Z,116313.7,116771.8,116042.1,116088.6,6959.146
2025-08-22T17:00:00Z,116088.6,116966.3,116088.6,116941.2,6306.085
2025-08-22T18:00:00Z,116941.2,117374.5,116682.1,116752.2,4126.807
2025-08-22T19:00:00Z,116752.2,116868.8,116433.1,116604.4,1884.855
2025-08-22T20:00:00Z,116604.4,117066.9,116518.3,117022.1,2589.371
2025-08-22T21:00:00Z,117022.1,117144.6,116769.6,116991.5,1789.534
2025-08-22T22:00:00Z,116991.5,117010.4,116521.5,116729.9,1813.299
2025-08-22T23:00:00Z,116729.9,116900.0,116635.6,116899.8,686.108
2025-08-23T00:00:00Z,116899.8,116998.0,116670.8,116830.2,1057.615
2025-08-23T01:00:00Z,116830.2,116844.4,116265.0,116417.3,1737.405
2025-08-23T02:00:00Z,116417.3,116514.5,115452.0,115895.5,5358.656
2025-08-23T03:00:00Z,115895.5,116026.3,115432.0,115530.1,2089.459
2025-08-23T04:00:00Z,115530.1,115941.4,115503.9,115880.7,1693.307
2025-08-23T05:00:00Z,115880.7,116000.0,115759.0,115920.7,995.492
2025-08-23T06:00:00Z,115920.7,115999.6,115661.8,115750.6,1257.359
2025-08-23T07:00:00Z,115750.6,115908.9,115636.4,115788.4,938.475
2025-08-23T08:00:00Z,115788.4,115861.5,115581.6,115720.6,795.142
2025-08-23T09:00:00Z,115720.6,115772.8,115580.6,115746.1,749.529
2025-08-23T10:00:00Z,115746.1,115756.8,115550.0,115550.0,785.498
2025-08-23T11:00:00Z,115550.0,115609.0,115180.0,115270.0,2312.538
2025-08-23T12:00:00Z,115270.0,115457.9,115135.2,115191.9,1889.41
2025-08-23T13:00:00Z,115191.9,115191.9,114713.7,114833.9,5232.322
2025-08-23T14:00:00Z,114833.9,115066.8,114531.2,114602.3,3538.884
2025-08-23T15:00:00Z,114602.3,114936.3,114504.7,114792.4,2897.134
2025-08-23T16:00:00Z,114792.4,115092.8,114660.9,114996.7,1541.112
2025-08-23T17:00:00Z,114996.7,115183.2,114892.6,115099.5,2197.323
2025-08-23T18:00:00Z,115099.5,115206.5,115035.6,115140.0,875.246
2025-08-23T19:00:00Z,115140.0,115170.5,115024.1,115136.8,580.219
2025-08-23T20:00:00Z,115136.8,115328.4,115089.9,115328.4,740.051
2025-08-23T21:00:00Z,115328.4,115328.4,114985.8,115022.2,758.611
2025-08-23T22:00:00Z,115022.2,115299.6,115022.2,115294.0,409.424
2025-08-23T23:00:00Z,115294.0,115413.0,115224.4,115404.8,544.475
2025-08-24T00:00:00Z,115404.8,115580.0,115290.6,115363.7,1411.874
2025-08-24T01:00:00Z,115363.7,115571.0,115172.0,115459.6,1333.632
2025-08-24T02:00:00Z,115459.6,115656.7,115000.0,115003.2,1683.756
2025-08-24T03:00:00Z,115003.2,115166.1,114943.1,115042.5,1161.932
2025-08-24T04:00:00Z,115042.5,115284.5,115042.5,115179.2,724.238
2025-08-24T05:00:00Z,115179.2,115217.9,114934.8,115002.4,813.725
2025-08-24T06:00:00Z,115002.4,115078.2,114846.0,114860.1,893.194
2025-08-24T07:00:00Z,114860.1,115120.5,114854.7,114880.7,609.623
2025-08-24T08:00:00Z,114880.7,114987.9,114760.0,114856.0,957.584
2025-08-24T09:00:00Z,114856.0,115078.1,114688.2,114858.5,1007.301
2025-08-24T10:00:00Z,114858.5,114966.7,114602.0,114786.0,1542.005
2025-08-24T11:00:00Z,114786.0,114908.2,114630.0,114745.2,1250.279
2025-08-24T12:00:00Z,114745.2,114840.6,114603.5,114691.5,845.833
2025-08-24T13:00:00Z,114691.5,114887.8,114572.0,114577.3,1869.808
2025-08-24T14:00:00Z,114577.3,114675.0,114312.8,114530.1,2799.955
2025-08-24T15:00:00Z,114530.1,114865.4,114420.0,114420.1,2646.785
2025-08-24T16:00:00Z,114420.1,114576.7,114250.1,114290.0,1724.463
2025-08-24T17:00:00Z,114290.0,114608.0,114254.0,114442.3,1882.093
2025-08-24T18:00:00Z,114442.3,114950.0,114329.1,114656.9,3526.329
2025-08-24T19:00:00Z,114656.9,114820.2,110551.0,112595.1,32284.816
2025-08-24T20:00:00Z,112595.1,112999.0,111626.0,112782.7,8051.986
2025-08-24T21:00:00Z,112782.7,113404.4,112353.8,112989.6,3011.068
2025-08-24T22:00:00Z,112989.6,113490.0,112601.2,113437.0,3059.572
2025-08-24T23:00:00Z,113437.0,113677.4,113335.5,113474.8,2108.338
2025-08-25T00:00:00Z,113474.8,113517.9,112133.4,112628.4,5346.0
2025-08-25T01:00:00Z,112628.4,113125.0,112588.0,113049.9,2512.252
2025-08-25T02:00:00Z,113049.9,113623.6,113041.6,113390.2,1826.626
2025-08-25T03:00:00Z,113390.2,113649.9,112863.0,112890.0,1796.024
2025-08-25T04:00:00Z,112890.0,113040.0,112561.8,112735.8,3267.253
2025-08-25T05:00:00Z,112735.8,112827.6,112300.0,112300.1,1629.073
2025-08-25T06:00:00Z,112300.1,112445.3,111734.6,111899.5,5198.791
2025-08-25T07:00:00Z,111899.5,112143.1,111257.5,111466.7,8246.834
2025-08-25T08:00:00Z,111466.7,111800.3,110937.3,111376.6,5473.816
2025-08-25T09:00:00Z,111376.6,111828.8,111199.2,111764.9,3944.442
2025-08-25T10:00:00Z,111764.9,111788.2,110912.1,110970.1,4233.309
2025-08-25T11:00:00Z,110970.1,111273.0,110906.9,111199.9,2764.037
2025-08-25T12:00:00Z,111199.9,111675.7,111036.4,111564.1,2813.135
2025-08-25T13:00:00Z,111564.1,111737.7,110552.0,111479.9,7971.79
2025-08-25T14:00:00Z,111479.9,112313.2,111300.0,112239.5,6485.145
2025-08-25T15:00:00Z,112239.5,112576.5,111802.0,112172.3,3652.454
2025-08-25T16:00:00Z,112172.3,112945.4,111989.5,112476.6,4029.57
2025-08-25T17:00:00Z,112476.6,112788.5,112132.8,112419.3,3968.544
2025-08-25T18:00:00Z,112419.3,112600.0,112216.7,112368.3,1913.049
2025-08-25T19:00:00Z,112368.3,112408.7,110600.0,110664.1,6785.878
2025-08-25T20:00:00Z,110664.1,111083.0,109304.1,109520.7,21295.048
2025-08-25T21:00:00Z,109520.7,110240.0,109222.6,109850.4,6075.807
2025-08-25T22:00:00Z,109850.4,110567.6,109850.3,110093.4,2622.043
2025-08-25T23:00:00Z,110093.4,110244.6,109735.6,110069.7,1929.373
2025-08-26T00:00:00Z,110069.7,110069.7,108891.4,109071.5,9038.339
2025-08-26T01:00:00Z,109071.5,109887.4,108669.0,109860.1,4899.226
2025-08-26T02:00:00Z,109860.1,109994.0,109471.6,109692.3,1915.592
2025-08-26T03:00:00Z,109692.3,109910.0,109400.0,109846.0,1318.861
2025-08-26T04:00:00Z,109846.0,110210.9,109846.0,110057.7,1782.129
2025-08-26T05:00:00Z,110057.7,110346.0,110026.7,110164.4,1480.53
2025-08-26T06:00:00Z,110164.4,110312.0,109839.4,109953.7,2209.407
2025-08-26T07:00:00Z,109953.7,110499.9,109706.1,110259.1,3472.776
2025-08-26T08:00:00Z,110259.1,110415.4,109953.0,110047.0,2226.493
2025-08-26T09:00:00Z,110047.0,110384.0,109975.7,110113.6,1886.825
2025-08-26T10:00:00Z,110113.6,110385.6,109997.9,110176.7,1198.497
2025-08-26T11:00:00Z,110176.7,110193.5,109527.9,109853.0,2925.687
2025-08-26T12:00:00Z,109853.0,110793.1,109576.0,110173.7,6228.116
2025-08-26T13:00:00Z,110173.7,110230.1,109334.2,110049.9,5297.159
2025-08-26T14:00:00Z,110049.9,110522.4,109750.0,110350.1,5112.275
2025-08-26T15:00:00Z,110350.1,110544.0,109505.9,109623.0,4509.854
2025-08-26T16:00:00Z,109623.0,110166.8,109412.5,110154.8,2758.001
2025-08-26T17:00:00Z,110154.8,110198.0,109547.8,109964.8,1801.284
2025-08-26T18:00:00Z,109964.8,110973.0,109937.3,110685.0,3836.998
2025-08-26T19:00:00Z,110685.0,111120.5,110483.2,111086.2,3316.787
2025-08-26T20:00:00Z,111086.2,111354.8,110874.0,111298.4,2137.51
2025-08-26T21:00:00Z,111298.4,111571.0,111074.5,111558.4,1508.555
2025-08-26T22:00:00Z,111558.4,111901.4,111510.3,111865.6,3482.356
2025-08-26T23:00:00Z,111865.6,112342.4,111686.8,111723.1,3391.311
2025-08-27T00:00:00Z,111723.1,111801.0,111305.0,111329.7,1871.923
2025-08-27T01:00:00Z,111329.7,111450.5,111058.5,111270.0,1733.876
2025-08-27T02:00:00Z,111270.0,111437.0,111066.6,111095.5,1568.445
2025-08-27T03:00:00Z,111095.5,111700.0,110877.7,111387.5,2525.756
2025-08-27T04:00:00Z,111387.5,111699.6,111369.4,111525.8,1561.511
2025-08-27T05:00:00Z,111525.8,111641.4,111269.9,111318.6,1164.834
2025-08-27T06:00:00Z,111318.6,111340.9,110979.9,111003.4,1288.39
2025-08-27T07:00:00Z,111003.4,111092.9,110582.7,110686.0,2296.966
2025-08-27T08:00:00Z,110686.0,110810.8,110312.1,110702.7,2444.426
2025-08-27T09:00:00Z,110702.7,111088.3,110659.2,110768.2,1742.14
2025-08-27T10:00:00Z,110768.2,111216.0,110764.2,110928.1,1216.498
2025-08-27T11:00:00Z,110928.1,111330.6,110928.1,111265.0,967.589
2025-08-27T12:00:00Z,111265.0,111346.4,110971.2,111289.9,1658.103
2025-08-27T13:00:00Z,111289.9,111850.0,110951.4,111439.9,4660.797
2025-08-27T14:00:00Z,111439.9,112589.9,111222.3,111756.8,7284.608
2025-08-27T15:00:00Z,111756.8,112038.6,111432.1,111961.2,3193.232
2025-08-27T16:00:00Z,111961.2,112222.0,111500.0,112072.7,2495.984
2025-08-27T17:00:00Z,112072.7,112420.5,111852.0,112304.5,1456.916
2025-08-27T18:00:00Z,112304.5,112588.0,111875.7,111913.5,2434.989
2025-08-27T19:00:00Z,111913.5,112190.8,111537.1,112037.4,2932.595
2025-08-27T20:00:00Z,112037.4,112393.1,110823.9,112387.7,9182.06
2025-08-27T21:00:00Z,112387.7,112444.2,111293.1,111472.5,3538.095
2025-08-27T22:00:00Z,111472.5,111540.0,110937.0,111354.4,2967.25
2025-08-27T23:00:00Z,111354.4,111475.6,111031.3,111184.3,931.572
2025-08-28T00:00:00Z,111184.3,111483.4,110781.5,111290.5,1947.489
2025-08-28T01:00:00Z,111290.5,111663.6,111274.8,111591.0,1289.042
2025-08-28T02:00:00Z,111591.0,111715.4,111380.7,111438.0,1087.013
2025-08-28T03:00:00Z,111438.0,111990.2,111336.3,111945.9,1671.802
2025-08-28T04:00:00Z,111945.9,113040.0,111888.3,112923.6,4371.431
2025-08-28T05:00:00Z,112923.6,113123.3,112666.8,112811.4,2860.677
2025-08-28T06:00:00Z,112811.4,113261.9,112672.9,113168.5,2037.446
2025-08-28T07:00:00Z,113168.5,113345.4,112952.4,113077.0,2651.808
2025-08-28T08:00:00Z,113077.0,113310.0,112917.9,113082.9,2538.319
2025-08-28T09:00:00Z,113082.9,113098.6,112803.8,112824.9,1117.083
2025-08-28T10:00:00Z,112824.9,113076.7,112772.9,113076.6,994.563
2025-08-28T11:00:00Z,113076.6,113110.8,112800.1,112880.2,859.621
2025-08-28T12:00:00Z,112880.2,113287.7,112723.6,113190.2,2278.405
2025-08-28T13:00:00Z,113190.2,113433.0,112501.1,112780.5,4175.056
2025-08-28T14:00:00Z,112780.5,113276.4,112451.7,113110.3,3862.403
2025-08-28T15:00:00Z,113110.3,113218.8,112330.1,112620.5,3343.335
2025-08-28T16:00:00Z,112620.5,113150.0,112272.6,112272.6,2688.987
2025-08-28T17:00:00Z,112272.6,112582.5,112138.9,112350.5,3430.074
2025-08-28T18:00:00Z,112350.5,112670.1,112180.1,112322.2,1580.853
2025-08-28T19:00:00Z,112322.2,112548.0,111828.0,111842.6,3158.594
2025-08-28T20:00:00Z,111842.6,112063.3,111810.1,111837.0,1661.751
2025-08-28T21:00:00Z,111837.0,112092.4,111836.9,111962.2,1152.263
2025-08-28T22:00:00Z,111962.2,112498.2,111962.2,112310.8,2035.12
2025-08-28T23:00:00Z,112310.8,112538.3,112254.7,112511.4,1163.647
2025-08-29T00:00:00Z,112511.4,112616.4,112080.0,112170.2,1355.836
2025-08-29T01:00:00Z,112170.2,112233.0,111360.5,111432.3,5222.548
2025-08-29T02:00:00Z,111432.3,111761.9,111312.2,111370.8,1741.399
2025-08-29T03:00:00Z,111370.8,111786.7,111250.0,111642.0,1365.372
2025-08-29T04:00:00Z,111642.0,111800.0,111375.2,111450.4,1131.06
2025-08-29T05:00:00Z,111450.4,111540.0,111075.1,111253.9,1840.459
2025-08-29T06:00:00Z,111253.9,111361.3,110918.0,111230.0,3772.563
2025-08-29T07:00:00Z,111230.0,111235.7,109832.5,109946.7,7749.505
2025-08-29T08:00:00Z,109946.7,110220.0,109537.2,109577.4,5119.314
2025-08-29T09:00:00Z,109577.4,109866.1,109346.7,109707.5,3881.165
2025-08-29T10:00:00Z,109707.5,109970.0,109684.0,109942.5,1800.798
2025-08-29T11:00:00Z,109942.5,110100.0,109757.7,110039.5,2047.483
2025-08-29T12:00:00Z,110039.5,111490.7,110012.9,110664.0,9566.419
2025-08-29T13:00:00Z,110664.0,110732.0,108817.7,109063.3,9233.842
2025-08-29T14:00:00Z,109063.3,109484.6,108063.3,108174.1,11988.065
2025-08-29T15:00:00Z,108174.1,108673.3,108139.2,108336.7,5074.942
2025-08-29T16:00:00Z,108336.7,108788.0,108084.8,108654.7,2646.236
2025-08-29T17:00:00Z,108654.7,108688.7,108107.0,108414.8,2033.631
2025-08-29T18:00:00Z,108414.8,108463.2,108040.3,108100.1,2148.293
2025-08-29T19:00:00Z,108100.1,108705.0,107888.0,108180.8,4489.314
2025-08-29T20:00:00Z,108180.8,108234.9,107500.0,107758.1,5597.125
2025-08-29T21:00:00Z,107758.1,108442.8,107432.6,108410.1,3663.387
2025-08-29T22:00:00Z,108410.1,108450.0,108168.5,108365.9,969.412
2025-08-29T23:00:00Z,108365.9,108530.4,108305.2,108355.3,1114.45
2025-08-30T00:00:00Z,108355.3,108397.4,108103.6,108272.1,1160.985
2025-08-30T01:00:00Z,108272.1,108330.3,107300.0,107413.5,2574.133
2025-08-30T02:00:00Z,107413.5,107919.8,107348.9,107750.1,1770.484
2025-08-30T03:00:00Z,107750.1,108398.0,107744.0,108393.9,2168.431
2025-08-30T04:00:00Z,108393.9,108637.8,108330.6,108396.1,1531.464
2025-08-30T05:00:00Z,108396.1,108435.6,108100.0,108314.9,1625.283
2025-08-30T06:00:00Z,108314.9,108524.4,108171.0,108288.2,1043.878
2025-08-30T07:00:00Z,108288.2,108470.1,108075.0,108466.8,940.533
2025-08-30T08:00:00Z,108466.8,108739.5,108440.0,108548.1,1401.975
2025-08-30T09:00:00Z,108548.1,108586.0,108438.6,108491.1,840.902
2025-08-30T10:00:00Z,108491.1,108685.9,108376.0,108404.7,948.858
2025-08-30T11:00:00Z,108404.7,108707.6,108400.0,108652.3,766.673
2025-08-30T12:00:00Z,108652.3,108662.1,108307.9,108589.3,1167.631
2025-08-30T13:00:00Z,108589.3,108589.4,108176.0,108510.2,1497.625
2025-08-30T14:00:00Z,108510.2,108705.0,108352.6,108643.7,1628.228
2025-08-30T15:00:00Z,108643.7,108902.3,108525.0,108834.7,2158.211
2025-08-30T16:00:00Z,108834.7,108856.5,108641.3,108787.8,1143.72
2025-08-30T17:00:00Z,108787.8,108878.3,108583.3,108762.1,702.594
2025-08-30T18:00:00Z,108762.1,108826.0,108592.6,108723.8,620.163
2025-08-30T19:00:00Z,108723.8,108900.0,108625.0,108814.5,629.955
2025-08-30T20:00:00Z,108814.5,108821.0,108550.1,108621.7,928.006
2025-08-30T21:00:00Z,108621.7,108654.1,108481.8,108552.2,1130.999
2025-08-30T22:00:00Z,108552.2,108560.0,108436.9,108501.7,469.201
2025-08-30T23:00:00Z,108501.7,108787.4,108496.4,108780.7,403.867
2025-08-31T00:00:00Z,108780.7,109360.0,108763.9,109357.5,3044.667
2025-08-31T01:00:00Z,109357.5,109444.0,109086.3,109380.1,1908.586
2025-08-31T02:00:00Z,109380.1,109402.7,109123.8,109175.8,734.511
2025-08-31T03:00:00Z,109175.8,109327.3,109102.7,109179.3,736.751
2025-08-31T04:00:00Z,109179.3,109191.1,108622.3,108773.5,1855.032
2025-08-31T05:00:00Z,108773.5,108773.6,108500.3,108708.7,1293.705
2025-08-31T06:00:00Z,108708.7,108719.0,108455.0,108654.9,1088.03
2025-08-31T07:00:00Z,108654.9,108776.5,108603.2,108640.4,652.067
2025-08-31T08:00:00Z,108640.4,108973.5,108640.4,108951.9,990.309
2025-08-31T09:00:00Z,108951.9,109065.4,108389.5,108469.8,2749.488
2025-08-31T10:00:00Z,108469.8,108588.9,108237.1,108512.2,2388.504
2025-08-31T11:00:00Z,108512.2,108552.5,108268.0,108335.0,1187.482
2025-08-31T12:00:00Z,108335.0,108441.0,108261.0,108266.2,972.779
2025-08-31T13:00:00Z,108266.2,108400.0,108135.9,108370.8,1662.557
2025-08-31T14:00:00Z,108370.8,108458.6,108200.0,108413.3,1188.744
2025-08-31T15:00:00Z,108413.3,108814.7,108400.1,108750.0,2113.916
2025-08-31T16:00:00Z,108750.0,108923.2,108485.3,108871.0,1968.333
2025-08-31T17:00:00Z,108871.0,108950.0,108784.1,108945.0,986.237
2025-08-31T18:00:00Z,108945.0,109197.5,108863.7,109086.3,1064.553
2025-08-31T19:00:00Z,109086.3,109125.6,108861.0,108887.9,777.498
2025-08-31T20:00:00Z,108887.9,109079.4,108825.2,109074.9,880.27
2025-08-31T21:00:00Z,109074.9,109074.9,108900.5,108987.6,433.871
2025-08-31T22:00:00Z,108987.6,109199.1,108702.4,108846.5,2030.822
2025-08-31T23:00:00Z,108846.5,108870.4,108008.4,108200.0,4008.892
2025-09-01T00:00:00Z,108200.0,108363.0,107564.7,108170.0,5513.149
2025-09-01T01:00:00Z,108170.0,108447.3,107920.0,108096.1,2287.682
2025-09-01T02:00:00Z,108096.1,108150.6,107375.9,107582.7,3383.703
2025-09-01T03:00:00Z,107582.7,107722.9,107340.0,107607.5,2060.581
2025-09-01T04:00:00Z,107607.5,107719.8,107215.6,107366.7,2549.494
2025-09-01T05:00:00Z,107366.7,107944.0,107202.0,107817.6,2753.939
2025-09-01T06:00:00Z,107817.6,108090.9,107547.4,108023.0,1593.257
2025-09-01T07:00:00Z,108023.0,109394.5,107945.3,109390.0,7257.009
2025-09-01T08:00:00Z,109390.0,109780.0,109383.1,109568.0,5405.31
2025-09-01T09:00:00Z,109568.0,109872.8,109456.2,109487.9,3239.035
2025-09-01T10:00:00Z,109487.9,109511.7,108150.0,108533.2,6091.815
2025-09-01T11:00:00Z,108533.2,108826.5,108415.5,108741.7,2865.841
2025-09-01T12:00:00Z,108741.7,109129.7,108594.3,109070.2,2275.935
2025-09-01T13:00:00Z,109070.2,109491.4,108891.4,108984.0,4528.1
2025-09-01T14:00:00Z,108984.0,109298.2,108778.8,109122.2,2535.955
2025-09-01T15:00:00Z,109122.2,109353.4,108529.5,108749.1,2653.692
2025-09-01T16:00:00Z,108749.1,109066.0,108600.4,108750.0,1704.728
2025-09-01T17:00:00Z,108750.0,108923.0,108351.0,108879.6,2644.256
2025-09-01T18:00:00Z,108879.6,109248.0,108869.8,109194.6,1563.836
2025-09-01T19:00:00Z,109194.6,109300.0,109126.8,109188.4,914.131
2025-09-01T20:00:00Z,109188.4,109198.8,108237.1,108840.0,4774.158
2025-09-01T21:00:00Z,108840.0,108901.4,107408.0,107750.0,5302.527
2025-09-01T22:00:00Z,107750.0,108462.5,107536.3,108380.9,3053.14
2025-09-01T23:00:00Z,108380.9,109423.4,108365.4,109191.8,3122.381
2025-09-02T00:00:00Z,109191.8,109296.0,108850.0,109000.0,2199.514
2025-09-02T01:00:00Z,109000.0,109580.0,108952.9,109280.2,2365.73
2025-09-02T02:00:00Z,109280.2,110240.0,109142.3,110211.5,3301.893
2025-09-02T03:00:00Z,110211.5,110595.0,110013.3,110302.8,4887.505
2025-09-02T04:00:00Z,110302.8,110399.8,110114.2,110280.6,1317.173
2025-09-02T05:00:00Z,110280.6,110305.4,110013.3,110170.1,1243.122
2025-09-02T06:00:00Z,110170.1,110590.0,110129.8,110333.5,1563.942
2025-09-02T07:00:00Z,110333.5,110369.0,109953.0,110200.0,2056.206
2025-09-02T08:00:00Z,110200.0,110767.0,110020.0,110332.8,2921.255
2025-09-02T09:00:00Z,110332.8,110669.6,110227.0,110426.9,2168.347
2025-09-02T10:00:00Z,110426.9,110458.7,110071.0,110220.4,1709.501
2025-09-02T11:00:00Z,110220.4,110226.3,109518.1,109700.0,2947.565
2025-09-02T12:00:00Z,109700.0,109812.0,108320.7,108740.1,9521.804
2025-09-02T13:00:00Z,108740.1,111240.0,108677.5,111122.9,14763.316
2025-09-02T14:00:00Z,111122.9,111730.0,110750.0,111320.7,9960.086
2025-09-02T15:00:00Z,111320.7,111496.1,110570.0,110793.9,5885.485
2025-09-02T16:00:00Z,110793.9,111102.5,110423.6,110748.9,3642.89
2025-09-02T17:00:00Z,110748.9,111039.7,110570.3,110861.1,2017.512
2025-09-02T18:00:00Z,110861.1,110900.0,110142.0,110594.4,3364.861
2025-09-02T19:00:00Z,110594.4,110800.0,110393.1,110746.8,1519.559
2025-09-02T20:00:00Z,110746.8,111412.5,110655.6,111380.4,3773.453
2025-09-02T21:00:00Z,111380.4,111534.0,111100.0,111100.0,1887.135
2025-09-02T22:00:00Z,111100.0,111249.3,110835.8,111247.6,2088.345
2025-09-02T23:00:00Z,111247.6,111249.3,110984.5,111217.7,1029.132
2025-09-03T00:00:00Z,111217.7,111771.6,111200.0,111296.2,2799.448
2025-09-03T01:00:00Z,111296.2,111372.4,110862.4,111139.1,1738.873
2025-09-03T02:00:00Z,111139.1,111465.5,110990.0,111346.7,1374.723
2025-09-03T03:00:00Z,111346.7,111377.7,110851.8,111001.4,1387.027
2025-09-03T04:00:00Z,111001.4,111138.6,110786.0,110974.6,989.264
2025-09-03T05:00:00Z,110974.6,111032.0,110608.8,110652.7,1091.811
2025-09-03T06:00:00Z,110652.7,110853.6,110521.2,110681.5,1172.62
2025-09-03T07:00:00Z,110681.5,111075.0,110476.8,111050.2,1727.613
2025-09-03T08:00:00Z,111050.2,111250.0,110939.3,110992.4,1594.898
2025-09-03T09:00:00Z,110992.4,111289.0,110854.0,111266.1,1726.294
2025-09-03T10:00:00Z,111266.1,111459.6,111120.1,111415.8,1677.135
2025-09-03T11:00:00Z,111415.8,111680.0,111349.9,111400.9,2297.015
2025-09-03T12:00:00Z,111400.9,111840.0,110985.9,111065.6,3701.9
2025-09-03T13:00:00Z,111065.6,111888.0,111019.9,111428.6,6040.436
2025-09-03T14:00:00Z,111428.6,112500.0,111080.0,112239.6,11089.435
2025-09-03T15:00:00Z,112239.6,112349.6,111877.0,112189.0,3455.344
2025-09-03T16:00:00Z,112189.0,112320.7,111640.0,111820.6,2630.296
2025-09-03T17:00:00Z,111820.6,112557.0,111810.0,112279.4,2718.364
2025-09-03T18:00:00Z,112279.4,112498.0,111756.1,111965.0,2395.404
2025-09-03T19:00:00Z,111965.0,112197.7,111716.1,112146.0,1447.415
2025-09-03T20:00:00Z,112146.0,112219.9,111991.0,112169.9,864.235
2025-09-03T21:00:00Z,112169.9,112200.0,111704.3,111923.5,1054.153
2025-09-03T22:00:00Z,111923.5,112101.6,111770.2,111908.8,632.852
2025-09-03T23:00:00Z,111908.8,111940.4,111546.8,111661.8,988.221
2025-09-04T00:00:00Z,111661.8,112138.3,111557.0,112019.3,1577.556
2025-09-04T01:00:00Z,112019.3,112033.0,111580.5,111900.0,1253.5
2025-09-04T02:00:00Z,111900.0,111942.1,111333.0,111410.7,3463.058
2025-09-04T03:00:00Z,111410.7,111683.1,111089.0,111110.0,2460.335
2025-09-04T04:00:00Z,111110.0,111285.9,110855.6,110872.1,2129.018
2025-09-04T05:00:00Z,110872.1,110880.0,110500.1,110614.2,5641.221
2025-09-04T06:00:00Z,110614.2,110673.9,110208.8,110345.7,2937.425
2025-09-04T07:00:00Z,110345.7,110622.3,110292.0,110413.7,2586.356
2025-09-04T08:00:00Z,110413.7,110809.3,110364.8,110597.4,2092.209
2025-09-04T09:00:00Z,110597.4,110817.9,110597.4,110781.5,911.948
2025-09-04T10:00:00Z,110781.5,111107.6,110581.0,110581.1,2151.018
2025-09-04T11:00:00Z,110581.1,111000.5,110480.3,110760.6,1611.486
2025-09-04T12:00:00Z,110760.6,111081.4,110451.0,110882.7,2701.923
2025-09-04T13:00:00Z,110882.7,110930.0,110147.4,110427.5,3953.207
2025-09-04T14:00:00Z,110427.5,110484.0,109647.0,109800.0,7937.597
2025-09-04T15:00:00Z,109800.0,109821.8,109276.7,109450.1,5315.042
2025-09-04T16:00:00Z,109450.1,109640.0,109300.0,109371.3,2525.517
2025-09-04T17:00:00Z,109371.3,109892.4,109359.7,109730.1,3320.35
2025-09-04T18:00:00Z,109730.1,110161.6,109641.9,109922.0,3363.173
2025-09-04T19:00:00Z,109922.0,110072.9,109665.1,109747.1,1127.888
2025-09-04T20:00:00Z,109747.1,110373.0,109693.7,110363.0,2278.281
2025-09-04T21:00:00Z,110363.0,110522.4,110270.0,110440.1,1249.123
2025-09-04T22:00:00Z,110440.1,111555.0,110431.8,111450.4,3647.006
2025-09-04T23:00:00Z,111450.4,111753.6,110555.5,110685.5,3547.507
2025-09-05T00:00:00Z,110685.5,110907.0,110402.2,110429.1,2980.386
2025-09-05T01:00:00Z,110429.1,111106.0,110414.6,111080.0,1614.559
2025-09-05T02:00:00Z,111080.0,111450.0,110999.7,111300.2,2633.168
2025-09-05T03:00:00Z,111300.2,111302.4,111051.6,111276.1,1330.394
2025-09-05T04:00:00Z,111276.1,111439.9,111100.1,111392.4,1018.195
2025-09-05T05:00:00Z,111392.4,111680.0,111360.0,111529.7,1717.399
2025-09-05T06:00:00Z,111529.7,111875.9,111463.4,111860.4,2249.269
2025-09-05T07:00:00Z,111860.4,112985.7,111841.6,112913.0,9456.184
2025-09-05T08:00:00Z,112913.0,112959.0,112565.7,112592.5,3232.669
2025-09-05T09:00:00Z,112592.5,112598.3,112102.5,112270.1,3144.76
2025-09-05T10:00:00Z,112270.1,112551.0,112153.4,112211.2,2046.985
2025-09-05T11:00:00Z,112211.2,112398.5,112100.0,112300.1,1362.913
2025-09-05T12:00:00Z,112300.1,113369.4,111967.0,113175.0,18812.09
2025-09-05T13:00:00Z,113175.0,113280.2,112668.6,113043.1,7510.351
2025-09-05T14:00:00Z,113043.1,113043.1,110423.1,110520.0,22276.008
2025-09-05T15:00:00Z,110520.0,110959.7,110211.8,110659.7,6676.627
2025-09-05T16:00:00Z,110659.7,110897.7,110477.7,110763.0,2378.304
2025-09-05T17:00:00Z,110763.0,110774.4,110155.0,110559.6,2944.025
2025-09-05T18:00:00Z,110559.6,111256.8,110514.6,111156.0,4555.642
2025-09-05T19:00:00Z,111156.0,111569.2,111068.2,111550.2,2484.491
2025-09-05T20:00:00Z,111550.2,111605.6,111243.3,111603.9,1710.677
2025-09-05T21:00:00Z,111603.9,111660.7,110282.7,110555.0,8912.632
2025-09-05T22:00:00Z,110555.0,110892.4,110450.1,110750.0,1307.164
2025-09-05T23:00:00Z,110750.0,110830.0,110543.7,110623.1,721.947
2025-09-06T00:00:00Z,110623.1,110793.8,110505.4,110734.6,783.065
2025-09-06T01:00:00Z,110734.6,110886.9,110691.1,110818.3,652.21
2025-09-06T02:00:00Z,110818.3,111169.7,110675.0,111161.8,1007.991
2025-09-06T03:00:00Z,111161.8,111258.0,110946.1,111048.0,991.259
2025-09-06T04:00:00Z,111048.0,111048.1,110736.9,110829.2,971.386
2025-09-06T05:00:00Z,110829.2,110833.2,110646.4,110674.8,742.977
2025-09-06T06:00:00Z,110674.8,110770.8,110652.8,110697.2,438.292
2025-09-06T07:00:00Z,110697.2,110771.0,110691.0,110771.0,382.678
2025-09-06T08:00:00Z,110771.0,110903.0,110710.7,110883.5,655.868
2025-09-06T09:00:00Z,110883.5,110883.5,110630.0,110651.0,692.833
2025-09-06T10:00:00Z,110651.0,110755.8,110613.9,110730.2,470.148
2025-09-06T11:00:00Z,110730.2,110830.5,110604.2,110725.5,621.71
2025-09-06T12:00:00Z,110725.5,110850.1,110691.0,110775.2,503.491
2025-09-06T13:00:00Z,110775.2,110896.5,110757.0,110880.2,617.097
2025-09-06T14:00:00Z,110880.2,110932.6,110713.4,110749.5,602.7
2025-09-06T15:00:00Z,110749.5,110794.5,110300.0,110339.4,1865.892
2025-09-06T16:00:00Z,110339.4,110363.0,109888.0,110201.6,5211.916
2025-09-06T17:00:00Z,110201.6,110224.9,109931.4,110090.6,1029.419
2025-09-06T18:00:00Z,110090.6,110243.1,110000.0,110181.1,1278.78
2025-09-06T19:00:00Z,110181.1,110210.8,109947.2,110000.0,677.324
2025-09-06T20:00:00Z,110000.0,110130.0,109984.3,110130.0,759.953
2025-09-06T21:00:00Z,110130.0,110176.0,110028.6,110158.7,571.529
2025-09-06T22:00:00Z,110158.7,110195.2,110024.3,110124.7,443.244
2025-09-06T23:00:00Z,110124.7,110234.4,110053.2,110131.5,377.61
2025-09-07T00:00:00Z,110131.5,110335.7,110119.4,110301.9,828.22
2025-09-07T01:00:00Z,110301.9,110552.8,110274.4,110507.4,1313.343
2025-09-07T02:00:00Z,110507.4,110666.4,110393.4,110610.7,1253.018
2025-09-07T03:00:00Z,110610.7,110723.9,110545.1,110595.6,819.829
2025-09-07T04:00:00Z,110595.6,110598.1,110454.9,110534.7,696.766
2025-09-07T05:00:00Z,110534.7,110666.0,110534.7,110624.0,551.77
2025-09-07T06:00:00Z,110624.0,110633.3,110427.2,110469.7,724.574
2025-09-07T07:00:00Z,110469.7,110873.7,110416.9,110715.8,1996.283
2025-09-07T08:00:00Z,110715.8,111317.7,110673.1,111021.7,3569.042
2025-09-07T09:00:00Z,111021.7,111200.0,110833.8,111065.7,1408.723
2025-09-07T10:00:00Z,111065.7,111186.4,110985.0,111162.8,588.431
2025-09-07T11:00:00Z,111162.8,111248.3,111128.0,111248.3,760.899
2025-09-07T12:00:00Z,111248.3,111250.0,111020.8,111076.7,935.537
2025-09-07T13:00:00Z,111076.7,111197.0,110994.4,111174.7,469.854
2025-09-07T14:00:00Z,111174.7,111365.0,111012.5,111093.8,1141.864
2025-09-07T15:00:00Z,111093.8,111335.7,111056.6,111290.0,754.67
2025-09-07T16:00:00Z,111290.0,111336.8,111118.5,111160.0,608.802
2025-09-07T17:00:00Z,111160.0,111206.5,110835.0,110929.5,1814.222
2025-09-07T18:00:00Z,110929.5,111030.8,110812.4,111009.9,571.482
2025-09-07T19:00:00Z,111009.9,111260.9,110992.3,111220.1,1180.53
2025-09-07T20:00:00Z,111220.1,111333.0,111099.1,111282.0,1078.909
2025-09-07T21:00:00Z,111282.0,111293.8,111001.9,111001.9,557.984
2025-09-07T22:00:00Z,111001.9,111310.0,110952.5,111206.0,1048.037
2025-09-07T23:00:00Z,111206.0,111558.0,111012.3,111086.7,2058.702
2025-09-08T00:00:00Z,111086.7,111246.5,110575.6,110767.7,4332.417
2025-09-08T01:00:00Z,110767.7,110960.0,110648.8,110847.0,3282.668
2025-09-08T02:00:00Z,110847.0,111346.4,110555.3,111190.0,1684.762
2025-09-08T03:00:00Z,111190.0,111300.0,110961.3,110999.6,1460.671
2025-09-08T04:00:00Z,110999.6,111171.3,110863.5,110936.7,1141.854
2025-09-08T05:00:00Z,110936.7,111025.3,110844.0,110980.7,547.721
2025-09-08T06:00:00Z,110980.7,111160.8,110855.5,111060.2,729.819
2025-09-08T07:00:00Z,111060.2,111555.0,111050.1,111229.9,2961.762
2025-09-08T08:00:00Z,111229.9,111883.5,111190.1,111630.5,3744.298
2025-09-08T09:00:00Z,111630.5,112064.5,111525.0,112045.0,3661.971
2025-09-08T10:00:00Z,112045.0,112147.7,111850.3,111998.3,2592.716
2025-09-08T11:00:00Z,111998.3,112086.8,111720.4,112020.1,2432.38
2025-09-08T12:00:00Z,112020.1,112120.3,111881.5,111997.7,1180.782
2025-09-08T13:00:00Z,111997.7,112349.3,111836.7,111865.9,5366.505
2025-09-08T14:00:00Z,111865.9,112733.0,111832.0,112592.9,5013.482
2025-09-08T15:00:00Z,112592.9,112871.4,112480.0,112587.3,3076.501
2025-09-08T16:00:00Z,112587.3,112630.0,112223.8,112348.8,3389.148
2025-09-08T17:00:00Z,112348.8,112488.0,112016.7,112154.5,1880.105
2025-09-08T18:00:00Z,112154.5,112468.1,112122.5,112412.7,1375.443
2025-09-08T19:00:00Z,112412.7,112412.7,111910.0,112036.8,1977.275
2025-09-08T20:00:00Z,112036.8,112092.7,111832.6,111906.0,1406.021
2025-09-08T21:00:00Z,111906.0,112304.1,111856.1,112289.6,1152.87
2025-09-08T22:00:00Z,112289.6,112470.1,112154.0,112196.3,1143.878
2025-09-08T23:00:00Z,112196.3,112258.3,111931.0,112011.3,765.925
2025-09-09T00:00:00Z,112011.3,112056.9,111375.1,111598.0,5689.798
2025-09-09T01:00:00Z,111598.0,111705.0,111201.1,111311.0,3807.315
2025-09-09T02:00:00Z,111311.0,111398.2,111059.9,111271.5,2206.549
2025-09-09T03:00:00Z,111271.5,111676.7,111179.9,111641.8,1908.029
2025-09-09T04:00:00Z,111641.8,112049.6,111551.0,111954.5,2976.611
2025-09-09T05:00:00Z,111954.5,112174.5,111775.2,112125.2,1712.92
2025-09-09T06:00:00Z,112125.2,113119.5,112087.7,112975.5,5882.71
2025-09-09T07:00:00Z,112975.5,113238.1,112692.2,112958.4,4667.441
2025-09-09T08:00:00Z,112958.4,113137.7,112840.0,112957.9,1709.635
2025-09-09T09:00:00Z,112957.9,113019.9,112860.0,112923.4,966.307
2025-09-09T10:00:00Z,112923.4,113004.6,112570.0,112670.1,2529.393
2025-09-09T11:00:00Z,112670.1,112751.5,112354.7,112388.7,1290.274
2025-09-09T12:00:00Z,112388.7,112776.2,112333.7,112615.3,1932.272
2025-09-09T13:00:00Z,112615.3,112893.6,112414.7,112700.0,2614.775
2025-09-09T14:00:00Z,112700.0,112900.0,111452.7,111697.0,11847.803
2025-09-09T15:00:00Z,111697.0,111793.3,110706.4,110821.8,9425.093
2025-09-09T16:00:00Z,110821.8,111087.0,110713.2,110900.1,2793.88
2025-09-09T17:00:00Z,110900.1,111147.1,110817.6,110976.6,1675.086
2025-09-09T18:00:00Z,110976.6,111262.0,110862.5,111088.4,2142.265
2025-09-09T19:00:00Z,111088.4,111346.1,111061.1,111232.9,1328.333
2025-09-09T20:00:00Z,111232.9,111498.6,111021.6,111495.5,2701.615
2025-09-09T21:00:00Z,111495.5,111698.0,111211.0,111254.5,1764.078
2025-09-09T22:00:00Z,111254.5,111601.0,111200.0,111509.7,1595.124
2025-09-09T23:00:00Z,111509.7,111540.0,111303.5,111500.0,774.398
2025-09-10T00:00:00Z,111500.0,111526.8,110878.1,110967.6,2585.898
2025-09-10T01:00:00Z,110967.6,111173.1,110865.0,110965.1,1449.192
2025-09-10T02:00:00Z,110965.1,111526.0,110965.0,111377.3,2245.83
2025-09-10T03:00:00Z,111377.3,111550.0,111337.4,111506.3,1061.027
2025-09-10T04:00:00Z,111506.3,111611.9,111350.3,111486.1,897.41
2025-09-10T05:00:00Z,111486.1,111714.3,111255.8,111536.3,3272.119
2025-09-10T06:00:00Z,111536.3,111927.7,111351.7,111750.1,2251.692
2025-09-10T07:00:00Z,111750.1,112542.7,111710.0,112486.6,4251.653
2025-09-10T08:00:00Z,112486.6,112812.3,112282.0,112335.8,5450.223
2025-09-10T09:00:00Z,112335.8,112386.0,112045.6,112220.9,2391.862
2025-09-10T10:00:00Z,112220.9,112395.6,112153.1,112222.2,1414.517
2025-09-10T11:00:00Z,112222.2,112366.7,112084.0,112267.2,1261.178
2025-09-10T12:00:00Z,112267.2,113510.0,112262.9,113380.3,13675.572
2025-09-10T13:00:00Z,113380.3,114250.0,113343.5,113889.1,11856.659
2025-09-10T14:00:00Z,113889.1,114217.4,113740.0,113854.9,4749.954
2025-09-10T15:00:00Z,113854.9,114060.1,113667.3,113811.9,2643.197
2025-09-10T16:00:00Z,113811.9,113894.0,113510.0,113712.4,3076.795
2025-09-10T17:00:00Z,113712.4,114035.0,113361.3,113671.7,2464.513
2025-09-10T18:00:00Z,113671.7,113841.9,113283.5,113545.1,3657.456
2025-09-10T19:00:00Z,113545.1,113582.7,113100.0,113514.1,2414.108
2025-09-10T20:00:00Z,113514.1,113958.7,113485.3,113515.8,2791.611
2025-09-10T21:00:00Z,113515.8,113780.0,113464.0,113765.9,1645.954
2025-09-10T22:00:00Z,113765.9,113934.0,113650.8,113830.0,1335.081
2025-09-10T23:00:00Z,113830.0,113969.0,113725.3,113890.0,1497.94
2025-09-11T00:00:00Z,113890.0,113943.5,113608.1,113820.5,923.641
2025-09-11T01:00:00Z,113820.5,114126.2,113765.4,113840.8,1527.02
2025-09-11T02:00:00Z,113840.8,113926.8,113659.7,113765.4,1117.425
2025-09-11T03:00:00Z,113765.4,114394.7,113762.5,114340.9,2661.452
2025-09-11T04:00:00Z,114340.9,114361.3,114013.6,114114.8,1776.955
2025-09-11T05:00:00Z,114114.8,114283.0,113902.5,114207.2,2290.196
2025-09-11T06:00:00Z,114207.2,114414.6,114003.2,114277.5,1316.068
2025-09-11T07:00:00Z,114277.5,114282.5,113895.1,114039.0,2380.441
2025-09-11T08:00:00Z,114039.0,114152.1,113913.0,113995.6,1505.005
2025-09-11T09:00:00Z,113995.6,114019.9,113710.1,113848.4,3597.143
2025-09-11T10:00:00Z,113848.4,114059.2,113828.8,113995.0,1484.801
2025-09-11T11:00:00Z,113995.0,114050.0,113850.7,113965.1,1307.054
2025-09-11T12:00:00Z,113965.1,114499.5,113242.0,113941.3,14370.928
2025-09-11T13:00:00Z,113941.3,114709.0,113381.6,114600.5,10572.488
2025-09-11T14:00:00Z,114600.5,114650.0,113889.6,114419.3,5703.564
2025-09-11T15:00:00Z,114419.3,114670.0,113939.4,114117.6,3734.185
2025-09-11T16:00:00Z,114117.6,114538.6,114117.5,114433.4,2008.47
2025-09-11T17:00:00Z,114433.4,114559.2,114248.3,114539.7,1458.957
2025-09-11T18:00:00Z,114539.7,114572.5,114046.8,114260.1,1563.899
2025-09-11T19:00:00Z,114260.1,114470.6,114122.4,114369.0,1085.63
2025-09-11T20:00:00Z,114369.0,114440.3,114183.0,114358.1,1310.305
2025-09-11T21:00:00Z,114358.1,114485.0,114337.6,114437.1,588.169
2025-09-11T22:00:00Z,114437.1,115224.9,114384.2,115036.3,6217.46
2025-09-11T23:00:00Z,115036.3,115446.1,115036.3,115440.1,3018.734
2025-09-12T00:00:00Z,115440.1,116249.9,115352.1,115768.1,8203.936
2025-09-12T01:00:00Z,115768.1,115953.6,115301.9,115322.6,4656.718
2025-09-12T02:00:00Z,115322.6,115597.0,115206.1,115331.5,2242.952
2025-09-12T03:00:00Z,115331.5,115380.4,115001.0,115138.7,2705.09
2025-09-12T04:00:00Z,115138.7,115478.9,115043.4,115316.5,2394.072
2025-09-12T05:00:00Z,115316.5,115620.2,115271.2,115559.4,2149.294
2025-09-12T06:00:00Z,115559.4,115559.4,115210.0,115249.9,1646.476
2025-09-12T07:00:00Z,115249.9,115367.1,115050.0,115056.6,1326.968
2025-09-12T08:00:00Z,115056.6,115240.0,114911.9,115017.0,2702.888
2025-09-12T09:00:00Z,115017.0,115100.0,114834.4,115002.0,1564.269
2025-09-12T10:00:00Z,115002.0,115039.0,114878.4,114926.0,959.825
2025-09-12T11:00:00Z,114926.0,115139.0,114837.6,114885.7,1894.86
2025-09-12T12:00:00Z,114885.7,115138.0,114700.8,115045.9,2408.739
2025-09-12T13:00:00Z,115045.9,115175.1,114775.3,115107.0,2142.301
2025-09-12T14:00:00Z,115107.0,115441.9,114816.9,115219.0,4177.13
2025-09-12T15:00:00Z,115219.0,115248.0,114869.0,115061.8,2020.644
2025-09-12T16:00:00Z,115061.8,115478.8,114974.4,115434.7,2196.312
2025-09-12T17:00:00Z,115434.7,115895.7,115330.0,115756.0,4370.804
2025-09-12T18:00:00Z,115756.0,116456.0,115702.0,116434.1,4648.011
2025-09-12T19:00:00Z,116434.1,116600.0,116185.0,116560.0,3397.184
2025-09-12T20:00:00Z,116560.0,116560.1,115888.5,116078.6,3736.594
2025-09-12T21:00:00Z,116078.6,116086.6,115630.5,115773.9,2353.405
2025-09-12T22:00:00Z,115773.9,116289.9,115773.9,115953.5,2034.761
2025-09-12T23:00:00Z,115953.5,116129.6,115854.5,115972.0,1403.009
2025-09-13T00:00:00Z,115972.0,116222.0,115883.8,116138.4,1397.538
2025-09-13T01:00:00Z,116138.4,116221.9,115451.5,115693.5,3066.48
2025-09-13T02:00:00Z,115693.5,115966.3,115609.8,115833.3,2032.873
2025-09-13T03:00:00Z,115833.3,115972.2,115809.2,115907.8,638.325
2025-09-13T04:00:00Z,115907.8,115907.9,115628.0,115646.2,754.584
2025-09-13T05:00:00Z,115646.2,115802.8,115594.0,115665.8,1049.802
2025-09-13T06:00:00Z,115665.8,115760.1,115600.0,115690.4,754.052
2025-09-13T07:00:00Z,115690.4,115801.0,115634.6,115713.7,682.237
2025-09-13T08:00:00Z,115713.7,116010.0,115709.7,115915.9,1098.758
2025-09-13T09:00:00Z,115915.9,115997.0,115804.8,115970.1,1214.062
2025-09-13T10:00:00Z,115970.1,116147.1,115850.3,115890.6,1628.349
2025-09-13T11:00:00Z,115890.6,115961.1,115827.2,115923.7,628.392
2025-09-13T12:00:00Z,115923.7,116012.1,115807.7,115943.6,725.225
2025-09-13T13:00:00Z,115943.6,115950.7,115561.6,115714.7,1637.161
2025-09-13T14:00:00Z,115714.7,115909.1,115561.2,115750.1,1779.813
2025-09-13T15:00:00Z,115750.1,115886.0,115576.5,115729.5,1034.839
2025-09-13T16:00:00Z,115729.5,115775.6,114978.2,115274.9,5579.231
2025-09-13T17:00:00Z,115274.9,115536.4,115109.5,115495.7,2373.999
2025-09-13T18:00:00Z,115495.7,115600.0,115348.5,115568.1,962.326
2025-09-13T19:00:00Z,115568.1,115739.9,115505.0,115733.2,1562.897
2025-09-13T20:00:00Z,115733.2,115972.2,115733.1,115835.5,2372.526
2025-09-13T21:00:00Z,115835.5,115936.9,115781.3,115854.2,537.315
2025-09-13T22:00:00Z,115854.2,115891.2,115693.4,115817.8,846.627
2025-09-13T23:00:00Z,115817.8,115941.5,115779.3,115849.6,716.104
2025-09-14T00:00:00Z,115849.6,115955.2,115750.2,115872.7,686.052
2025-09-14T01:00:00Z,115872.7,115935.8,115663.6,115897.1,668.789
2025-09-14T02:00:00Z,115897.1,116057.7,115666.2,115799.8,2577.533
2025-09-14T03:00:00Z,115799.8,115813.2,115581.5,115617.2,1084.729
2025-09-14T04:00:00Z,115617.2,115723.2,115380.0,115683.3,2343.217
2025-09-14T05:00:00Z,115683.3,115882.7,115667.5,115801.3,961.022
2025-09-14T06:00:00Z,115801.3,115889.8,115624.8,115677.3,1551.612
2025-09-14T07:00:00Z,115677.3,115786.3,115655.7,115737.0,667.231
2025-09-14T08:00:00Z,115737.0,115950.6,115691.0,115889.0,918.087
2025-09-14T09:00:00Z,115889.0,116117.8,115843.3,115991.4,1312.536
2025-09-14T10:00:00Z,115991.4,116081.3,115894.0,115984.8,677.609
2025-09-14T11:00:00Z,115984.8,116064.0,115690.0,115750.0,1507.026
2025-09-14T12:00:00Z,115750.0,115820.7,115598.4,115719.5,864.414
2025-09-14T13:00:00Z,115719.5,115737.6,115150.1,115286.3,3393.23
2025-09-14T14:00:00Z,115286.3,115666.7,115100.0,115350.4,3244.774
2025-09-14T15:00:00Z,115350.4,115382.0,115142.5,115167.0,1379.046
2025-09-14T16:00:00Z,115167.0,115492.4,115135.3,115431.3,1351.896
2025-09-14T17:00:00Z,115431.3,115617.6,115353.5,115510.5,898.752
2025-09-14T18:00:00Z,115510.5,115510.6,115302.1,115337.3,697.357
2025-09-14T19:00:00Z,115337.3,115593.0,115260.1,115593.0,732.782
2025-09-14T20:00:00Z,115593.0,115800.0,115568.9,115753.3,880.424
2025-09-14T21:00:00Z,115753.3,116049.9,115552.3,116018.7,1602.136
2025-09-14T22:00:00Z,116018.7,116036.6,115761.2,115962.4,1150.299
2025-09-14T23:00:00Z,115962.4,115962.5,115060.1,115214.4,3538.677
2025-09-15T00:00:00Z,115214.4,115228.1,114905.7,115025.1,2864.765
2025-09-15T01:00:00Z,115025.1,115233.9,114741.6,115168.3,3643.507
2025-09-15T02:00:00Z,115168.3,115401.6,115150.5,115320.0,1265.65
2025-09-15T03:00:00Z,115320.0,115530.0,115294.3,115381.9,656.602
2025-09-15T04:00:00Z,115381.9,116150.4,115340.0,116013.9,3579.938
2025-09-15T05:00:00Z,116013.9,116547.2,115958.3,116478.3,3602.473
2025-09-15T06:00:00Z,116478.3,116761.3,115982.1,116073.8,5444.99
2025-09-15T07:00:00Z,116073.8,116360.0,115519.2,115770.0,6008.597
2025-09-15T08:00:00Z,115770.0,115775.6,114633.2,114690.5,6888.339
2025-09-15T09:00:00Z,114690.5,115151.1,114526.9,114806.4,5837.007
2025-09-15T10:00:00Z,114806.4,114887.4,114656.8,114703.9,1776.616
2025-09-15T11:00:00Z,114703.9,115150.0,114672.4,115006.0,2286.068
2025-09-15T12:00:00Z,115006.0,115031.7,114616.8,114686.0,1674.09
2025-09-15T13:00:00Z,114686.0,115049.2,114316.3,114604.2,5985.427
2025-09-15T14:00:00Z,114604.2,114999.8,114401.0,114622.5,3516.807
2025-09-15T15:00:00Z,114622.5,114876.6,114340.0,114801.3,3069.482
2025-09-15T16:00:00Z,114801.3,114888.0,114524.7,114621.2,2394.336
2025-09-15T17:00:00Z,114621.2,115087.5,114552.4,115075.9,2086.918
2025-09-15T18:00:00Z,115075.9,115326.0,114843.0,115277.9,2489.521
2025-09-15T19:00:00Z,115277.9,115551.2,114924.7,115259.9,3240.896
2025-09-15T20:00:00Z,115259.9,115470.9,115158.0,115347.2,1095.418
2025-09-15T21:00:00Z,115347.2,115494.2,115217.0,115463.9,735.285
2025-09-15T22:00:00Z,115463.9,115570.2,115169.0,115246.7,944.206
2025-09-15T23:00:00Z,115246.7,115439.8,115181.0,115315.6,527.994
2025-09-16T00:00:00Z,115315.6,115315.7,114888.0,115041.9,1371.013
2025-09-16T01:00:00Z,115041.9,115481.7,114960.1,114987.1,1921.886
2025-09-16T02:00:00Z,114987.1,115200.7,114978.0,114988.0,569.68
2025-09-16T03:00:00Z,114988.0,115400.0,114988.0,115268.4,941.514
2025-09-16T04:00:00Z,115268.4,115532.5,114894.6,115474.6,1861.324
2025-09-16T05:00:00Z,115474.6,115927.1,115405.8,115906.3,3137.686
2025-09-16T06:00:00Z,115906.3,115982.1,115550.0,115721.5,2548.582
2025-09-16T07:00:00Z,115721.5,115860.0,115689.7,115796.4,1324.295
2025-09-16T08:00:00Z,115796.4,115949.0,115482.3,115629.9,1761.864
2025-09-16T09:00:00Z,115629.9,115692.8,115399.9,115435.9,846.992
2025-09-16T10:00:00Z,115435.9,115545.5,115300.0,115313.5,1560.841
2025-09-16T11:00:00Z,115313.5,115375.8,115134.1,115225.1,2264.222
2025-09-16T12:00:00Z,115225.1,115411.4,115215.9,115385.7,1345.317
2025-09-16T13:00:00Z,115385.7,115512.3,114688.0,115159.9,6278.617
2025-09-16T14:00:00Z,115159.9,115267.4,114760.0,115230.4,4471.687
2025-09-16T15:00:00Z,115230.4,115870.0,114964.6,115869.9,3008.733
2025-09-16T16:00:00Z,115869.9,116047.9,115561.8,116043.1,3480.349
2025-09-16T17:00:00Z,116043.1,116883.6,116025.3,116413.5,8871.364
2025-09-16T18:00:00Z,116413.5,116741.0,116167.5,116376.8,3289.426
2025-09-16T19:00:00Z,116376.8,116789.9,116335.2,116753.3,1707.315
2025-09-16T20:00:00Z,116753.3,116860.0,116651.1,116779.0,1944.48
2025-09-16T21:00:00Z,116779.0,116947.3,116547.6,116748.1,1657.624
2025-09-16T22:00:00Z,116748.1,116911.7,116655.0,116800.0,1444.85
2025-09-16T23:00:00Z,116800.0,116867.0,116557.5,116748.9,1124.973
2025-09-17T00:00:00Z,116748.9,116789.7,116502.4,116523.9,988.865
2025-09-17T01:00:00Z,116523.9,116719.3,116462.0,116615.0,1045.206
2025-09-17T02:00:00Z,116615.0,117050.0,116501.5,116623.3,1877.42
2025-09-17T03:00:00Z,116623.3,116703.6,116298.4,116300.3,2175.02
2025-09-17T04:00:00Z,116300.3,116436.1,116100.0,116259.2,1690.716
2025-09-17T05:00:00Z,116259.2,117159.2,116252.4,117059.2,5524.976
2025-09-17T06:00:00Z,117059.2,117233.0,116921.9,117167.4,2294.662
2025-09-17T07:00:00Z,117167.4,117239.5,117062.5,117118.2,1740.399
2025-09-17T08:00:00Z,117118.2,117146.8,116625.9,116813.3,3757.994
2025-09-17T09:00:00Z,116813.3,116813.3,116519.6,116519.7,1266.824
2025-09-17T10:00:00Z,116519.7,116581.4,116205.8,116329.0,1883.43
2025-09-17T11:00:00Z,116329.0,116333.0,116200.0,116203.2,1771.62
2025-09-17T12:00:00Z,116203.2,116489.0,116045.3,116146.9,3110.512
2025-09-17T13:00:00Z,116146.9,116283.0,115831.0,116051.8,4589.068
2025-09-17T14:00:00Z,116051.8,116190.0,115337.8,115548.7,6137.868
2025-09-17T15:00:00Z,115548.7,115833.4,115476.0,115822.7,2222.227
2025-09-17T16:00:00Z,115822.7,115822.7,115317.2,115593.5,3121.673
2025-09-17T17:00:00Z,115593.5,116250.0,115400.0,115429.5,4985.865
2025-09-17T18:00:00Z,115429.5,116266.0,114710.0,115205.5,22306.143
2025-09-17T19:00:00Z,115205.5,115978.7,115049.8,115610.1,6839.362
2025-09-17T20:00:00Z,115610.1,116117.2,115447.8,115565.4,2712.283
2025-09-17T21:00:00Z,115565.4,116100.0,115271.4,116011.9,2084.269
2025-09-17T22:00:00Z,116011.9,116800.0,116004.9,116528.4,3092.91
2025-09-17T23:00:00Z,116528.4,116950.0,116300.0,116400.2,3637.668
2025-09-18T00:00:00Z,116400.2,116434.0,115980.1,116296.2,3008.297
2025-09-18T01:00:00Z,116296.2,116851.6,116284.6,116611.5,2491.043
2025-09-18T02:00:00Z,116611.5,116932.7,116380.3,116914.1,1658.878
2025-09-18T03:00:00Z,116914.1,117864.0,116864.5,117560.1,9795.488
2025-09-18T04:00:00Z,117560.1,117735.8,117198.6,117579.9,3145.717
2025-09-18T05:00:00Z,117579.9,117595.0,117142.6,117240.4,1848.315
2025-09-18T06:00:00Z,117240.4,117308.9,116859.0,117051.2,2506.782
2025-09-18T07:00:00Z,117051.2,117187.2,117000.0,117031.2,1182.07
2025-09-18T08:00:00Z,117031.2,117400.0,116965.0,117189.0,1908.288
2025-09-18T09:00:00Z,117189.0,117323.9,117073.8,117264.9,1070.403
2025-09-18T10:00:00Z,117264.9,117278.8,117015.8,117155.3,1084.898
2025-09-18T11:00:00Z,117155.3,117267.0,116955.0,117026.5,1028.385
2025-09-18T12:00:00Z,117026.5,117246.3,116920.0,117068.3,1743.571
2025-09-18T13:00:00Z,117068.3,117628.8,116948.3,117365.2,4689.243
2025-09-18T14:00:00Z,117365.2,117800.0,117337.3,117580.0,4074.06
2025-09-18T15:00:00Z,117580.0,117673.5,117260.0,117536.4,3098.575
2025-09-18T16:00:00Z,117536.4,117794.9,117458.2,117525.9,2420.874
2025-09-18T17:00:00Z,117525.9,117731.1,117381.0,117555.9,1631.554
2025-09-18T18:00:00Z,117555.9,117884.0,117470.3,117785.0,2074.864
2025-09-18T19:00:00Z,117785.0,117785.1,117081.8,117404.7,2951.269
2025-09-18T20:00:00Z,117404.7,117620.1,117281.5,117450.2,1182.569
2025-09-18T21:00:00Z,117450.2,117461.0,117239.1,117239.1,625.257
2025-09-18T22:00:00Z,117239.1,117291.7,116998.9,117013.2,1612.248
2025-09-18T23:00:00Z,117013.2,117190.6,116557.9,117023.5,6187.346
2025-09-19T00:00:00Z,117023.5,117408.4,116962.0,117374.6,1739.919
2025-09-19T01:00:00Z,117374.6,117417.6,117058.5,117187.5,1081.015
2025-09-19T02:00:00Z,117187.5,117239.2,116965.0,117062.8,1321.799
2025-09-19T03:00:00Z,117062.8,117262.1,116809.1,116923.8,1852.139
2025-09-19T04:00:00Z,116923.8,117061.6,116635.9,116942.5,2388.234
2025-09-19T05:00:00Z,116942.5,116973.5,116734.3,116841.4,917.086
2025-09-19T06:00:00Z,116841.4,116841.4,116575.0,116626.4,1211.268
2025-09-19T07:00:00Z,116626.4,116957.8,116624.3,116856.1,2156.099
2025-09-19T08:00:00Z,116856.1,117058.9,116833.2,116855.0,1419.216
2025-09-19T09:00:00Z,116855.0,116946.7,116420.0,116430.0,1962.07
2025-09-19T10:00:00Z,116430.0,116531.8,116375.1,116477.3,2226.941
2025-09-19T11:00:00Z,116477.3,116508.6,116237.7,116332.2,2003.593
2025-09-19T12:00:00Z,116332.2,116493.4,116070.0,116114.7,2428.806
2025-09-19T13:00:00Z,116114.7,116418.9,116010.4,116230.0,2509.265
2025-09-19T14:00:00Z,116230.0,116430.0,115720.0,115842.4,4627.151
2025-09-19T15:00:00Z,115842.4,115896.4,115408.0,115816.0,5439.525
2025-09-19T16:00:00Z,115816.0,116100.0,115730.1,116027.4,1748.388
2025-09-19T17:00:00Z,116027.4,116036.0,115480.3,115481.1,1970.194
2025-09-19T18:00:00Z,115481.1,115583.8,115310.0,115365.5,2186.072
2025-09-19T19:00:00Z,115365.5,115434.4,115050.0,115069.5,2305.594
2025-09-19T20:00:00Z,115069.5,115390.9,115035.0,115310.3,1570.264
2025-09-19T21:00:00Z,115310.3,115497.4,115249.9,115419.1,940.925
2025-09-19T22:00:00Z,115419.1,115614.6,115419.1,115547.4,756.349
2025-09-19T23:00:00Z,115547.4,115591.8,115390.7,115572.9,660.477
2025-09-20T00:00:00Z,115572.9,115692.8,115507.1,115676.6,1336.151
2025-09-20T01:00:00Z,115676.6,115687.8,115561.0,115562.5,546.801
2025-09-20T02:00:00Z,115562.5,115564.1,115400.0,115550.8,614.612
2025-09-20T03:00:00Z,115550.8,115559.6,115360.0,115406.2,459.909
2025-09-20T04:00:00Z,115406.2,115549.2,115366.1,115536.4,518.42
2025-09-20T05:00:00Z,115536.4,115670.4,115459.5,115666.6,473.103
2025-09-20T06:00:00Z,115666.6,115681.9,115564.5,115642.6,482.181
2025-09-20T07:00:00Z,115642.6,115942.0,115621.8,115928.6,1818.309
2025-09-20T08:00:00Z,115928.6,115931.2,115650.1,115666.8,1014.812
2025-09-20T09:00:00Z,115666.8,115756.1,115606.0,115623.0,564.472
2025-09-20T10:00:00Z,115623.0,115756.6,115622.9,115699.6,365.038
2025-09-20T11:00:00Z,115699.6,115879.1,115699.5,115843.7,1159.178
2025-09-20T12:00:00Z,115843.7,115919.6,115755.1,115841.3,667.962
2025-09-20T13:00:00Z,115841.3,115911.9,115812.5,115877.7,429.224
2025-09-20T14:00:00Z,115877.7,115991.2,115833.9,115922.0,620.166
2025-09-20T15:00:00Z,115922.0,116093.6,115910.0,115958.3,1170.752
2025-09-20T16:00:00Z,115958.3,116026.7,115834.5,116002.8,692.456
2025-09-20T17:00:00Z,116002.8,116050.0,115765.8,115780.5,857.795
2025-09-20T18:00:00Z,115780.5,115780.6,115638.6,115658.3,896.1
2025-09-20T19:00:00Z,115658.3,115757.2,115634.1,115634.1,533.699
2025-09-20T20:00:00Z,115634.1,115745.1,115630.2,115670.5,374.297
2025-09-20T21:00:00Z,115670.5,115896.2,115666.6,115732.1,551.904
2025-09-20T22:00:00Z,115732.1,115754.6,115675.6,115718.4,271.97
2025-09-20T23:00:00Z,115718.4,115728.2,115558.2,115628.9,413.735
2025-09-21T00:00:00Z,115628.9,115680.6,115500.1,115598.6,803.23
2025-09-21T01:00:00Z,115598.6,115600.1,115438.2,115455.1,583.23
2025-09-21T02:00:00Z,115455.1,115660.1,115390.0,115626.8,751.893
2025-09-21T03:00:00Z,115626.8,115670.5,115565.7,115625.0,453.95
2025-09-21T04:00:00Z,115625.0,115639.9,115455.0,115464.7,329.558
2025-09-21T05:00:00Z,115464.7,115627.8,115454.9,115627.8,408.526
2025-09-21T06:00:00Z,115627.8,115765.6,115627.7,115647.1,804.02
2025-09-21T07:00:00Z,115647.1,115775.0,115580.0,115775.0,464.842
2025-09-21T08:00:00Z,115775.0,115779.6,115522.5,115592.1,423.907
2025-09-21T09:00:00Z,115592.1,115674.5,115260.1,115635.3,1689.731
2025-09-21T10:00:00Z,115635.3,115670.0,115451.1,115479.0,447.53
2025-09-21T11:00:00Z,115479.0,115655.0,115464.7,115564.4,585.504
2025-09-21T12:00:00Z,115564.4,115717.8,115564.4,115623.9,458.872
2025-09-21T13:00:00Z,115623.9,115711.0,115569.9,115618.8,403.72
2025-09-21T14:00:00Z,115618.8,115647.0,115435.9,115443.6,733.42
2025-09-21T15:00:00Z,115443.6,115554.8,115414.0,115466.4,579.98
2025-09-21T16:00:00Z,115466.4,115500.0,115117.3,115267.8,2053.288
2025-09-21T17:00:00Z,115267.8,115600.1,115185.9,115581.2,2942.697
2025-09-21T18:00:00Z,115581.2,115623.8,115465.1,115488.7,739.024
2025-09-21T19:00:00Z,115488.7,115488.7,115266.7,115430.0,388.726
2025-09-21T20:00:00Z,115430.0,115451.9,115233.0,115240.4,887.506
2025-09-21T21:00:00Z,115240.4,115383.6,115184.0,115361.0,1012.33
2025-09-21T22:00:00Z,115361.0,115507.4,115140.0,115479.7,970.248
2025-09-21T23:00:00Z,115479.7,115481.2,115145.2,115173.4,990.605
2025-09-22T00:00:00Z,115173.4,115340.2,114199.1,114330.4,8205.332
2025-09-22T01:00:00Z,114330.4,114692.7,114183.0,114204.3,4813.526
2025-09-22T02:00:00Z,114204.3,114564.8,114079.8,114129.9,3620.757
2025-09-22T03:00:00Z,114129.9,114611.0,114129.9,114609.7,1463.194
2025-09-22T04:00:00Z,114609.7,114618.1,114348.8,114386.2,855.664
2025-09-22T05:00:00Z,114386.2,114496.1,113472.4,113608.8,4212.722
2025-09-22T06:00:00Z,113608.8,113627.1,111500.0,112764.1,27516.786
2025-09-22T07:00:00Z,112764.1,112960.0,112401.1,112458.5,4849.538
2025-09-22T08:00:00Z,112458.5,112724.0,112380.1,112560.0,3363.477
2025-09-22T09:00:00Z,112560.0,112620.5,112111.2,112284.6,3129.87
2025-09-22T10:00:00Z,112284.6,112807.6,112198.8,112735.8,3064.839
2025-09-22T11:00:00Z,112735.8,112914.6,112610.2,112810.9,1549.537
2025-09-22T12:00:00Z,112810.9,112822.5,112450.0,112677.5,1767.749
2025-09-22T13:00:00Z,112677.5,113100.0,112307.0,113077.3,4736.582
2025-09-22T14:00:00Z,113077.3,113380.1,112697.9,112874.3,5691.584
2025-09-22T15:00:00Z,112874.3,112992.7,112507.0,112764.2,2675.287
2025-09-22T16:00:00Z,112764.2,112833.4,112512.4,112548.2,1218.917
2025-09-22T17:00:00Z,112548.2,112574.0,112175.5,112325.7,2285.265
2025-09-22T18:00:00Z,112325.7,112774.0,112281.6,112372.7,1560.344
2025-09-22T19:00:00Z,112372.7,112544.0,111892.0,112058.8,3755.344
2025-09-22T20:00:00Z,112058.8,112936.6,111918.4,112740.9,2755.008
2025-09-22T21:00:00Z,112740.9,112923.0,112547.9,112921.0,1481.545
2025-09-22T22:00:00Z,112921.0,112921.0,112532.4,112581.0,750.989
2025-09-22T23:00:00Z,112581.0,112690.9,112530.0,112600.7,646.259
2025-09-23T00:00:00Z,112600.7,112782.6,112316.1,112338.2,1179.967
2025-09-23T01:00:00Z,112338.2,112469.0,112078.1,112082.4,1242.145
2025-09-23T02:00:00Z,112082.4,112424.1,111604.9,111740.9,3460.836
2025-09-23T03:00:00Z,111740.9,112385.2,111410.0,112283.5,4234.183
2025-09-23T04:00:00Z,112283.5,112415.7,111800.0,112376.9,1891.032
2025-09-23T05:00:00Z,112376.9,112847.5,112355.0,112600.1,2554.901
2025-09-23T06:00:00Z,112600.1,113076.8,112547.7,112919.9,3306.854
2025-09-23T07:00:00Z,112919.9,113054.5,112810.2,113025.0,2057.867
2025-09-23T08:00:00Z,113025.0,113100.0,112869.7,113065.6,1532.221
2025-09-23T09:00:00Z,113065.6,113200.0,112796.6,112875.1,2579.455
2025-09-23T10:00:00Z,112875.1,112945.5,112751.1,112905.2,1828.642
2025-09-23T11:00:00Z,112905.2,113025.2,112616.6,112924.9,1475.622
2025-09-23T12:00:00Z,112924.9,112999.8,112741.1,112873.3,1113.34
2025-09-23T13:00:00Z,112873.3,112967.8,112656.3,112888.0,1498.031
2025-09-23T14:00:00Z,112888.0,113247.1,112481.3,112593.2,5054.845
2025-09-23T15:00:00Z,112593.2,113008.6,112424.9,112819.7,3673.494
2025-09-23T16:00:00Z,112819.7,112900.0,112407.0,112741.8,2845.464
2025-09-23T17:00:00Z,112741.8,112760.0,111812.7,111893.9,4045.822
2025-09-23T18:00:00Z,111893.9,112141.0,111627.6,111712.8,3727.369
2025-09-23T19:00:00Z,111712.8,111943.0,111471.0,111590.0,2564.133
2025-09-23T20:00:00Z,111590.0,111935.5,111350.7,111922.4,2851.478
2025-09-23T21:00:00Z,111922.4,112151.3,111820.4,112099.5,1352.615
2025-09-23T22:00:00Z,112099.5,112164.2,111933.0,112102.5,957.013
2025-09-23T23:00:00Z,112102.5,112179.6,111801.7,111937.5,1028.572
2025-09-24T00:00:00Z,111937.5,112342.2,111757.0,112157.4,2221.358
2025-09-24T01:00:00Z,112157.4,112444.0,112067.7,112386.5,1274.427
2025-09-24T02:00:00Z,112386.5,112444.0,111835.4,112067.0,2972.632
2025-09-24T03:00:00Z,112067.0,112168.6,111603.3,111627.3,2678.81
2025-09-24T04:00:00Z,111627.3,112333.3,110904.2,112112.4,9155.76
2025-09-24T05:00:00Z,112112.4,112620.0,112070.0,112595.0,2301.613
2025-09-24T06:00:00Z,112595.0,112739.5,112465.1,112544.9,1766.253
2025-09-24T07:00:00Z,112544.9,112693.6,112401.5,112537.6,1114.078
2025-09-24T08:00:00Z,112537.6,112603.0,112330.3,112566.1,1587.6
2025-09-24T09:00:00Z,112566.1,112777.0,112439.6,112685.6,1183.482
2025-09-24T10:00:00Z,112685.6,112923.7,112598.9,112891.1,1665.23
2025-09-24T11:00:00Z,112891.1,113122.4,112825.0,112977.4,2625.122
2025-09-24T12:00:00Z,112977.4,113059.5,112868.0,113015.0,928.96
2025-09-24T13:00:00Z,113015.0,113185.2,112750.1,112783.5,3095.364
2025-09-24T14:00:00Z,112783.5,113850.0,112783.5,113670.8,7568.16
2025-09-24T15:00:00Z,113670.8,113844.1,113196.6,113300.0,5190.295
2025-09-24T16:00:00Z,113300.0,113717.5,113100.5,113673.2,2448.857
2025-09-24T17:00:00Z,113673.2,113900.0,113556.7,113711.3,2339.925
2025-09-24T18:00:00Z,113711.3,113780.0,113463.5,113599.5,1281.092
2025-09-24T19:00:00Z,113599.5,113635.1,113217.4,113370.0,1612.067
2025-09-24T20:00:00Z,113370.0,113561.4,113337.0,113446.2,882.864
2025-09-24T21:00:00Z,113446.2,113540.4,113224.6,113292.6,878.836
2025-09-24T22:00:00Z,113292.6,113595.0,113203.0,113288.8,928.302
2025-09-24T23:00:00Z,113288.8,113378.5,113154.8,113255.5,751.294
2025-09-25T00:00:00Z,113255.5,113457.3,112849.4,113010.0,2649.362
2025-09-25T01:00:00Z,113010.0,113323.3,112388.9,112609.3,4578.909
2025-09-25T02:00:00Z,112609.3,113154.2,112440.0,112846.6,2519.957
2025-09-25T03:00:00Z,112846.6,112855.9,112103.6,112476.1,4135.476
2025-09-25T04:00:00Z,112476.1,112566.7,111510.0,111679.5,6361.387
2025-09-25T05:00:00Z,111679.5,111994.7,111540.1,111684.3,3212.114
2025-09-25T06:00:00Z,111684.3,111799.6,111437.3,111470.7,2211.468
2025-09-25T07:00:00Z,111470.7,111837.8,111373.6,111719.9,2102.574
2025-09-25T08:00:00Z,111719.9,111988.8,111634.0,111681.6,1648.413
2025-09-25T09:00:00Z,111681.6,112199.0,111520.0,111520.1,3149.159
2025-09-25T10:00:00Z,111520.1,111826.9,111461.5,111597.0,1400.46
2025-09-25T11:00:00Z,111597.0,111683.1,111181.3,111289.1,2918.45
2025-09-25T12:00:00Z,111289.1,111597.8,110855.4,111044.3,8025.837
2025-09-25T13:00:00Z,111044.3,111664.2,110517.0,110935.3,10511.718
2025-09-25T14:00:00Z,110935.3,111683.8,110905.2,111474.0,4512.339
2025-09-25T15:00:00Z,111474.0,111545.8,110790.1,111537.1,4759.216
2025-09-25T16:00:00Z,111537.1,111625.5,110837.9,110886.3,2790.549
2025-09-25T17:00:00Z,110886.3,110913.1,108600.0,108782.7,16300.392
2025-09-25T18:00:00Z,108782.7,109760.0,108560.0,109712.4,9151.746
2025-09-25T19:00:00Z,109712.4,109940.3,109252.3,109332.3,3207.39
2025-09-25T20:00:00Z,109332.3,109448.0,108994.8,109128.9,2646.014
2025-09-25T21:00:00Z,109128.9,109618.0,109025.6,109350.9,2403.152
2025-09-25T22:00:00Z,109350.9,109540.4,109193.8,109370.3,1307.217
2025-09-25T23:00:00Z,109370.3,109637.0,108676.7,108931.3,3951.553
2025-09-26T00:00:00Z,108931.3,109561.5,108738.7,109420.5,4080.478
2025-09-26T01:00:00Z,109420.5,109725.2,109250.1,109630.0,2149.349
2025-09-26T02:00:00Z,109630.0,109764.0,109433.6,109574.7,1235.008
2025-09-26T03:00:00Z,109574.7,109593.6,109251.0,109524.6,1428.783
2025-09-26T04:00:00Z,109524.6,109593.5,109186.2,109298.9,1199.696
2025-09-26T05:00:00Z,109298.9,109540.0,109026.0,109188.1,1417.537
2025-09-26T06:00:00Z,109188.1,109580.0,108956.0,109296.4,2415.766
2025-09-26T07:00:00Z,109296.4,109539.0,108833.4,109254.9,3977.17
2025-09-26T08:00:00Z,109254.9,109568.0,109247.6,109523.6,2161.284
2025-09-26T09:00:00Z,109523.6,109651.7,109338.6,109515.5,1398.56
2025-09-26T10:00:00Z,109515.5,109529.9,108642.2,108840.6,3620.889
2025-09-26T11:00:00Z,108840.6,109174.7,108550.0,109080.7,2878.134
2025-09-26T12:00:00Z,109080.7,109555.0,108763.6,109330.5,4410.788
2025-09-26T13:00:00Z,109330.5,109758.0,108943.5,109626.3,3920.541
2025-09-26T14:00:00Z,109626.3,109738.7,108700.0,108790.3,4242.162
2025-09-26T15:00:00Z,108790.3,109321.4,108745.6,108972.0,2695.515
2025-09-26T16:00:00Z,108972.0,109571.8,108971.9,109407.1,2194.958
2025-09-26T17:00:00Z,109407.1,109966.0,109330.2,109856.1,3676.898
2025-09-26T18:00:00Z,109856.1,110255.6,109648.0,109674.5,2738.899
2025-09-26T19:00:00Z,109674.5,109678.0,108951.5,109111.5,4586.048
2025-09-26T20:00:00Z,109111.5,109351.0,109033.2,109245.4,1968.163
2025-09-26T21:00:00Z,109245.4,109499.1,109130.7,109418.2,1074.661
2025-09-26T22:00:00Z,109418.2,109561.1,109295.4,109518.4,901.496
2025-09-26T23:00:00Z,109518.4,109640.0,109375.0,109592.1,699.402
2025-09-27T00:00:00Z,109592.1,109617.9,109431.3,109607.0,673.183
2025-09-27T01:00:00Z,109607.0,109625.0,109261.6,109370.5,1824.341
2025-09-27T02:00:00Z,109370.5,109427.5,109263.1,109354.7,800.885
2025-09-27T03:00:00Z,109354.7,109710.9,109320.3,109501.3,1634.64
2025-09-27T04:00:00Z,109501.3,109689.2,109455.3,109606.1,816.41
2025-09-27T05:00:00Z,109606.1,109638.4,109532.2,109588.1,318.71
2025-09-27T06:00:00Z,109588.1,109588.1,109430.0,109491.0,318.088
2025-09-27T07:00:00Z,109491.0,109527.7,109286.9,109359.2,858.536
2025-09-27T08:00:00Z,109359.2,109359.2,109200.3,109212.6,1519.569
2025-09-27T09:00:00Z,109212.6,109316.2,108988.0,109256.5,2043.668
2025-09-27T10:00:00Z,109256.5,109442.5,109206.3,109388.3,776.302
2025-09-27T11:00:00Z,109388.3,109400.0,109241.3,109276.1,302.374
2025-09-27T12:00:00Z,109276.1,109434.0,109186.1,109351.6,672.917
2025-09-27T13:00:00Z,109351.6,109358.2,109237.1,109260.1,537.183
2025-09-27T14:00:00Z,109260.1,109356.3,109196.3,109235.4,650.5
2025-09-27T15:00:00Z,109235.4,109399.9,109113.9,109342.4,1189.889
2025-09-27T16:00:00Z,109342.4,109388.8,109261.5,109350.2,751.225
2025-09-27T17:00:00Z,109350.2,109376.1,109190.2,109329.1,831.732
2025-09-27T18:00:00Z,109329.1,109400.0,109291.0,109380.9,359.865
2025-09-27T19:00:00Z,109380.9,109400.6,109339.7,109380.0,276.375
2025-09-27T20:00:00Z,109380.0,109398.6,109296.3,109342.1,356.797
2025-09-27T21:00:00Z,109342.1,109445.9,109339.8,109428.7,371.379
2025-09-27T22:00:00Z,109428.7,109665.5,109421.5,109555.4,1088.637
2025-09-27T23:00:00Z,109555.4,109628.5,109407.3,109585.6,542.702
2025-09-28T00:00:00Z,109585.6,109747.0,109493.3,109561.1,1006.044
2025-09-28T01:00:00Z,109561.1,109610.8,109271.0,109301.5,1688.365
2025-09-28T02:00:00Z,109301.5,109500.0,109291.3,109390.7,1090.206
2025-09-28T03:00:00Z,109390.7,109494.0,109348.5,109395.1,362.751
2025-09-28T04:00:00Z,109395.1,109440.3,109295.9,109327.0,342.083
2025-09-28T05:00:00Z,109327.0,109360.3,109283.4,109298.2,400.376
2025-09-28T06:00:00Z,109298.2,109411.2,109180.7,109366.5,607.59
2025-09-28T07:00:00Z,109366.5,109509.4,109290.0,109469.8,617.133
2025-09-28T08:00:00Z,109469.8,109549.0,109371.5,109470.6,1107.928
2025-09-28T09:00:00Z,109470.6,109520.9,109252.0,109464.8,1956.259
2025-09-28T10:00:00Z,109464.8,109464.8,109294.4,109308.4,729.608
2025-09-28T11:00:00Z,109308.4,109411.1,109180.7,109325.7,1313.033
2025-09-28T12:00:00Z,109325.7,109406.3,109133.8,109255.9,1482.893
2025-09-28T13:00:00Z,109255.9,109647.8,109255.8,109588.5,1736.377
2025-09-28T14:00:00Z,109588.5,109863.1,109455.0,109805.4,1579.319
2025-09-28T15:00:00Z,109805.4,110000.0,109663.7,109990.9,1641.249
2025-09-28T16:00:00Z,109990.9,110355.0,109965.2,110179.9,3070.732
2025-09-28T17:00:00Z,110179.9,110349.9,110078.2,110165.5,1594.324
2025-09-28T18:00:00Z,110165.5,110250.0,110010.2,110250.0,677.276
2025-09-28T19:00:00Z,110250.0,110350.4,110065.5,110302.9,575.358
2025-09-28T20:00:00Z,110302.9,110912.8,110242.0,110763.7,3272.231
2025-09-28T21:00:00Z,110763.7,110858.6,110578.6,110786.8,795.037
2025-09-28T22:00:00Z,110786.8,111985.3,110781.5,111892.9,7091.087
2025-09-28T23:00:00Z,111892.9,112345.9,111892.9,112133.5,4159.275
2025-09-29T00:00:00Z,112133.5,112282.3,111932.7,112216.5,2700.965
2025-09-29T01:00:00Z,112216.5,112280.0,111662.8,111812.2,2225.67
2025-09-29T02:00:00Z,111812.2,111992.9,111583.9,111694.8,2425.291
2025-09-29T03:00:00Z,111694.8,111825.9,111534.8,111825.9,1550.992
2025-09-29T04:00:00Z,111825.9,111855.6,111689.6,111761.2,1258.752
2025-09-29T05:00:00Z,111761.2,111770.0,111500.1,111707.8,1338.791
2025-09-29T06:00:00Z,111707.8,111820.9,111576.3,111591.3,1117.126
2025-09-29T07:00:00Z,111591.3,111820.3,111487.2,111820.2,1953.978
2025-09-29T08:00:00Z,111820.2,112415.9,111818.1,112051.0,3614.626
2025-09-29T09:00:00Z,112051.0,112181.2,111938.0,112065.4,1336.963
2025-09-29T10:00:00Z,112065.4,112200.5,111976.0,112055.1,1096.528
2025-09-29T11:00:00Z,112055.1,112081.3,111871.3,112065.9,1388.445
2025-09-29T12:00:00Z,112065.9,112482.3,111891.6,111974.0,2483.854
2025-09-29T13:00:00Z,111974.0,113453.9,111864.0,113184.5,9678.258
2025-09-29T14:00:00Z,113184.5,114199.5,113157.6,113995.1,9328.906
2025-09-29T15:00:00Z,113995.1,114081.4,113620.4,113762.5,3709.151
2025-09-29T16:00:00Z,113762.5,114028.5,113562.6,113587.5,2411.081
2025-09-29T17:00:00Z,113587.5,114171.2,113409.4,114022.3,3227.863
2025-09-29T18:00:00Z,114022.3,114120.0,113829.0,113987.0,1354.005
2025-09-29T19:00:00Z,113987.0,114350.0,113804.1,114208.6,2499.401
2025-09-29T20:00:00Z,114208.6,114377.1,114063.6,114187.1,1988.024
2025-09-29T21:00:00Z,114187.1,114294.6,114031.0,114110.4,930.785
2025-09-29T22:00:00Z,114110.4,114177.6,113957.1,114131.6,798.245
2025-09-29T23:00:00Z,114131.6,114348.7,114131.6,114251.4,1145.787
2025-09-30T00:00:00Z,114251.4,114825.7,113970.5,114475.2,4334.63
2025-09-30T01:00:00Z,114475.2,114741.9,114210.2,114461.4,2348.73
2025-09-30T02:00:00Z,114461.4,114554.6,114303.9,114412.4,1348.643
2025-09-30T03:00:00Z,114412.4,114475.0,114247.0,114311.2,991.727
2025-09-30T04:00:00Z,114311.2,114311.3,114035.2,114035.2,1091.401
2025-09-30T05:00:00Z,114035.2,114160.0,113759.3,113869.8,2242.741
2025-09-30T06:00:00Z,113869.8,114050.0,113800.0,113846.7,2411.905
2025-09-30T07:00:00Z,113846.7,113946.0,113530.0,113661.6,2656.829
2025-09-30T08:00:00Z,113661.6,113699.4,113300.0,113405.4,2720.219
2025-09-30T09:00:00Z,113405.4,113419.1,112694.1,112737.8,4802.528
2025-09-30T10:00:00Z,112737.8,113037.0,112603.9,112871.7,3329.527
2025-09-30T11:00:00Z,112871.7,113078.3,112738.9,112992.0,2218.308
2025-09-30T12:00:00Z,112992.0,113200.0,112906.0,112937.5,2209.377
2025-09-30T13:00:00Z,112937.5,113630.0,112788.0,113343.8,4555.033
2025-09-30T14:00:00Z,113343.8,113584.9,112832.1,113545.9,3597.121
2025-09-30T15:00:00Z,113545.9,113554.9,112856.0,113063.4,2487.771
2025-09-30T16:00:00Z,113063.4,113249.9,112726.8,112786.1,2231.083
2025-09-30T17:00:00Z,112786.1,113470.3,112761.2,113197.6,2187.464
2025-09-30T18:00:00Z,113197.6,113675.0,113121.3,113674.9,1726.338
2025-09-30T19:00:00Z,113674.9,114522.0,113660.0,114314.7,5346.09
2025-09-30T20:00:00Z,114314.7,114696.4,114073.7,114594.8,3700.882
2025-09-30T21:00:00Z,114594.8,114751.4,114079.7,114121.9,3124.854
2025-09-30T22:00:00Z,114121.9,114325.0,113834.9,113894.6,1819.148
2025-09-30T23:00:00Z,113894.6,114022.4,113716.8,114013.8,1520.021
2025-10-01T00:00:00Z,114013.8,114262.2,113913.8,114197.1,1758.164
2025-10-01T01:00:00Z,114197.1,114517.5,114100.0,114514.1,2113.359
2025-10-01T02:00:00Z,114514.1,114523.9,114225.1,114233.6,1948.678
2025-10-01T03:00:00Z,114233.6,114500.0,114039.6,114134.1,2694.2
2025-10-01T04:00:00Z,114134.1,114679.9,114079.1,114243.1,3384.894
2025-10-01T05:00:00Z,114243.1,114700.0,114219.0,114533.2,1447.66
2025-10-01T06:00:00Z,114533.2,114592.1,114177.3,114211.2,1869.551
2025-10-01T07:00:00Z,114211.2,114548.3,114190.0,114493.4,1167.428
2025-10-01T08:00:00Z,114493.4,116582.1,114435.0,116061.7,18971.088
2025-10-01T09:00:00Z,116061.7,116480.0,115888.0,116359.9,5331.325
2025-10-01T10:00:00Z,116359.9,116500.0,116130.9,116224.5,2756.038
2025-10-01T11:00:00Z,116224.5,116759.9,116215.9,116730.0,3557.386
2025-10-01T12:00:00Z,116730.0,116838.9,116300.0,116352.3,3663.073
2025-10-01T13:00:00Z,116352.3,116775.4,116352.3,116755.6,2496.296
2025-10-01T14:00:00Z,116755.6,117395.9,116643.6,117239.7,7488.432
2025-10-01T15:00:00Z,117239.7,117605.4,117011.8,117367.5,3062.561
2025-10-01T16:00:00Z,117367.5,118150.0,117251.5,117480.0,6887.335
2025-10-01T17:00:00Z,117480.0,117636.4,116678.7,116736.9,4426.486
2025-10-01T18:00:00Z,116736.9,117279.1,116723.9,117186.0,2055.805
2025-10-01T19:00:00Z,117186.0,117564.0,117154.5,117369.3,1966.848
2025-10-01T20:00:00Z,117369.3,117475.3,117101.0,117472.5,1403.096
2025-10-01T21:00:00Z,117472.5,117532.6,117261.2,117499.9,994.948
2025-10-01T22:00:00Z,117499.9,118037.0,117499.9,117684.5,3133.042
2025-10-01T23:00:00Z,117684.5,118644.0,117619.4,118555.4,6146.743
2025-10-02T00:00:00Z,118555.4,119416.0,118356.0,118399.5,8669.003
2025-10-02T01:00:00Z,118399.5,118863.1,118331.2,118580.0,2127.377
2025-10-02T02:00:00Z,118580.0,118744.0,118430.1,118694.6,1613.16
2025-10-02T03:00:00Z,118694.6,119060.7,118650.0,118688.5,4186.903
2025-10-02T04:00:00Z,118688.5,118902.8,118361.2,118604.8,2596.426
2025-10-02T05:00:00Z,118604.8,118636.4,118202.7,118315.4,2350.473
2025-10-02T06:00:00Z,118315.4,118620.0,118233.4,118587.1,2466.617
2025-10-02T07:00:00Z,118587.1,118630.7,118366.0,118443.6,1385.366
2025-10-02T08:00:00Z,118443.6,118650.0,118291.1,118647.0,1486.325
2025-10-02T09:00:00Z,118647.0,118841.3,118519.1,118829.9,1659.186
2025-10-02T10:00:00Z,118829.9,118920.8,118518.1,118569.3,1476.365
2025-10-02T11:00:00Z,118569.3,118840.5,118483.8,118703.9,1285.294
2025-10-02T12:00:00Z,118703.9,119374.0,118680.2,119374.0,3928.929
2025-10-02T13:00:00Z,119374.0,119800.0,118877.0,119580.2,7690.641
2025-10-02T14:00:00Z,119580.2,119764.0,118585.0,118743.2,8423.256
2025-10-02T15:00:00Z,118743.2,119872.3,118445.0,119865.8,8641.376
2025-10-02T16:00:00Z,119865.8,120288.0,119549.1,119690.8,7372.561
2025-10-02T17:00:00Z,119690.8,119899.9,119284.6,119850.0,4050.339
2025-10-02T18:00:00Z,119850.0,120660.2,119838.1,120458.3,6816.596
2025-10-02T19:00:00Z,120458.3,120994.2,120401.2,120776.6,6497.386
2025-10-02T20:00:00Z,120776.6,120861.9,120240.9,120578.8,2786.647
2025-10-02T21:00:00Z,120578.8,120705.3,120060.6,120074.9,1784.905
2025-10-02T22:00:00Z,120074.9,120363.7,120002.0,120193.5,1459.884
2025-10-02T23:00:00Z,120193.5,120622.7,120171.4,120484.0,2231.876
2025-10-03T00:00:00Z,120484.0,120506.0,119991.3,120090.1,2192.177
2025-10-03T01:00:00Z,120090.1,120240.0,119736.7,119802.1,1794.373
2025-10-03T02:00:00Z,119802.1,120211.2,119791.3,120105.3,1650.759
2025-10-03T03:00:00Z,120105.3,120445.8,120091.0,120168.9,1833.592
2025-10-03T04:00:00Z,120168.9,120276.8,119946.2,119996.8,1225.337
2025-10-03T05:00:00Z,119996.8,120023.3,119651.8,119864.8,2036.051
2025-10-03T06:00:00Z,119864.8,120019.3,119707.0,119864.3,1626.848
2025-10-03T07:00:00Z,119864.3,119964.7,119556.9,119584.8,2324.095
2025-10-03T08:00:00Z,119584.8,120020.0,119160.0,119979.0,4112.342
2025-10-03T09:00:00Z,119979.0,120324.0,119941.9,120252.8,2562.668
2025-10-03T10:00:00Z,120252.8,120468.7,120200.0,120371.4,1499.262
2025-10-03T11:00:00Z,120371.4,120424.2,120068.7,120287.0,1618.25
2025-10-03T12:00:00Z,120287.0,120349.0,120023.0,120284.6,1364.868
2025-10-03T13:00:00Z,120284.6,120646.9,120034.0,120293.7,3572.907
2025-10-03T14:00:00Z,120293.7,120940.0,119805.0,120849.0,7257.749
2025-10-03T15:00:00Z,120849.0,122333.0,120575.9,122222.9,11035.045
2025-10-03T16:00:00Z,122222.9,123858.6,122222.9,122491.4,23122.837
2025-10-03T17:00:00Z,122491.4,123092.9,121552.9,122036.8,17272.379
2025-10-03T18:00:00Z,122036.8,122706.3,121420.5,122502.8,5027.843
2025-10-03T19:00:00Z,122502.8,122920.9,122316.3,122590.0,3426.425
2025-10-03T20:00:00Z,122590.0,122669.0,121966.3,122395.4,2632.433
2025-10-03T21:00:00Z,122395.4,122397.4,121934.0,122237.1,1574.161
2025-10-03T22:00:00Z,122237.1,122599.0,122237.1,122409.1,732.819
2025-10-03T23:00:00Z,122409.1,122409.1,122105.5,122180.2,653.823
2025-10-04T00:00:00Z,122180.2,122241.9,121925.1,122057.0,1567.383
2025-10-04T01:00:00Z,122057.0,122065.0,121639.6,121814.0,1625.355
2025-10-04T02:00:00Z,121814.0,121988.0,121628.0,121806.8,1571.4
2025-10-04T03:00:00Z,121806.8,122330.7,121774.6,122182.8,1346.477
2025-10-04T04:00:00Z,122182.8,122477.4,122160.3,122441.6,1506.566
2025-10-04T05:00:00Z,122441.6,122767.7,122346.0,122484.2,2284.487
2025-10-04T06:00:00Z,122484.2,122561.2,122331.5,122383.0,1257.789
2025-10-04T07:00:00Z,122383.0,122404.3,122189.0,122258.6,1114.236
2025-10-04T08:00:00Z,122258.6,122495.6,122143.9,122217.0,1630.939
2025-10-04T09:00:00Z,122217.0,122417.7,122115.7,122153.6,748.194
2025-10-04T10:00:00Z,122153.6,122294.5,122024.2,122064.6,789.555
2025-10-04T11:00:00Z,122064.6,122166.1,121884.2,121914.5,1775.435
2025-10-04T12:00:00Z,121914.5,122062.5,121893.7,121950.7,797.703
2025-10-04T13:00:00Z,121950.7,122490.4,121950.0,122335.1,2370.987
2025-10-04T14:00:00Z,122335.1,122426.1,121933.4,121934.0,1405.551
2025-10-04T15:00:00Z,121934.0,122084.6,121648.6,121754.7,2981.986
2025-10-04T16:00:00Z,121754.7,121918.5,121551.8,121677.9,2393.943
2025-10-04T17:00:00Z,121677.9,121868.4,121620.4,121717.0,802.186
2025-10-04T18:00:00Z,121717.0,121793.3,121472.9,121547.2,967.417
2025-10-04T19:00:00Z,121547.2,121922.0,121540.2,121921.9,994.374
2025-10-04T20:00:00Z,121921.9,122042.0,121834.8,121834.8,1265.748
2025-10-04T21:00:00Z,121834.8,122300.0,121828.0,122157.5,1247.167
2025-10-04T22:00:00Z,122157.5,122331.2,122089.0,122237.0,562.073
2025-10-04T23:00:00Z,122237.0,122380.0,122153.5,122359.3,683.253
2025-10-05T00:00:00Z,122359.3,122393.2,122107.6,122111.4,688.857
2025-10-05T01:00:00Z,122111.4,122378.3,122082.6,122334.0,818.815
2025-10-05T02:00:00Z,122334.0,124384.4,122293.7,124002.0,13874.199
2025-10-05T03:00:00Z,124002.0,124134.0,123305.6,123730.2,4351.562
2025-10-05T04:00:00Z,123730.2,125849.7,123683.0,125140.1,17280.384
2025-10-05T05:00:00Z,125140.1,125400.0,124787.2,125094.5,5947.067
2025-10-05T06:00:00Z,125094.5,125188.0,124752.1,124950.0,2511.983
2025-10-05T07:00:00Z,124950.0,125120.0,124577.2,124682.8,3836.775
2025-10-05T08:00:00Z,124682.8,124815.7,124462.8,124551.5,2076.292
2025-10-05T09:00:00Z,124551.5,124622.8,122724.6,122973.8,15599.546
2025-10-05T10:00:00Z,122973.8,123103.6,122461.7,122980.2,5187.102
2025-10-05T11:00:00Z,122980.2,123513.0,122790.9,123414.4,3744.923
2025-10-05T12:00:00Z,123414.4,123414.5,122859.6,123039.0,3675.813
2025-10-05T13:00:00Z,123039.0,123308.3,123010.9,123120.0,1719.12
2025-10-05T14:00:00Z,123120.0,123290.0,122717.7,122978.0,2173.482
2025-10-05T15:00:00Z,122978.0,122978.0,122601.8,122753.1,1256.562
2025-10-05T16:00:00Z,122753.1,123300.0,122104.0,123212.6,6284.904
2025-10-05T17:00:00Z,123212.6,123483.0,122840.2,123016.9,2764.172
2025-10-05T18:00:00Z,123016.9,123171.0,122807.1,122966.9,1243.109
2025-10-05T19:00:00Z,122966.9,122988.1,122449.2,122543.9,2283.432
2025-10-05T20:00:00Z,122543.9,123013.2,122418.7,122656.4,1239.906
2025-10-05T21:00:00Z,122656.4,122750.0,122450.1,122697.8,685.392
2025-10-05T22:00:00Z,122697.8,123233.7,122696.8,123192.4,1716.534
2025-10-05T23:00:00Z,123192.4,123577.6,123161.6,123447.9,2330.02
2025-10-06T00:00:00Z,123447.9,124331.0,122989.1,123303.6,10459.199
2025-10-06T01:00:00Z,123303.6,124203.3,123144.5,123990.1,3860.04
2025-10-06T02:00:00Z,123990.1,124227.8,123427.0,124083.1,4382.628
2025-10-06T03:00:00Z,124083.1,124097.9,123695.0,123783.1,1046.013
2025-10-06T04:00:00Z,123783.1,123959.0,123532.0,123550.0,1079.091
2025-10-06T05:00:00Z,123550.0,123723.7,123251.9,123539.8,2559.553
2025-10-06T06:00:00Z,123539.8,124140.7,123539.8,123911.3,2507.884
2025-10-06T07:00:00Z,123911.3,123995.9,123230.0,123344.1,2900.831
2025-10-06T08:00:00Z,123344.1,123858.0,123344.1,123812.6,1304.379
2025-10-06T09:00:00Z,123812.6,124038.4,123729.8,123922.6,1725.694
2025-10-06T10:00:00Z,123922.6,124115.0,123857.6,123927.3,1585.785
2025-10-06T11:00:00Z,123927.3,124535.7,123684.5,124165.7,5098.932
2025-10-06T12:00:00Z,124165.7,124662.0,124117.3,124504.9,3135.277
2025-10-06T13:00:00Z,124504.9,125049.9,124329.2,124980.0,7296.899
2025-10-06T14:00:00Z,124980.0,125280.4,124271.7,124465.6,6516.122
2025-10-06T15:00:00Z,124465.6,125396.8,124447.6,124944.7,3014.241
2025-10-06T16:00:00Z,124944.7,125488.9,124750.0,125410.6,3769.962
2025-10-06T17:00:00Z,125410.6,125780.0,125064.9,125239.8,5985.107
2025-10-06T18:00:00Z,125239.8,126150.0,125000.0,125981.3,5647.2
2025-10-06T19:00:00Z,125981.3,126093.1,125151.9,125329.4,5699.467
2025-10-06T20:00:00Z,125329.4,125482.5,124960.5,125140.0,2385.077
2025-10-06T21:00:00Z,125140.0,125207.7,124403.3,125044.7,4116.932
2025-10-06T22:00:00Z,125044.7,125215.7,124711.2,124980.8,2056.76
2025-10-06T23:00:00Z,124980.8,125039.3,124562.6,124606.1,1003.31
2025-10-07T00:00:00Z,124606.1,124887.2,124526.6,124825.4,1343.279
2025-10-07T01:00:00Z,124825.4,125029.2,124359.5,124652.8,2108.637
2025-10-07T02:00:00Z,124652.8,124652.9,124047.5,124196.7,4667.199
2025-10-07T03:00:00Z,124196.7,124500.0,124022.9,124246.9,1361.779
2025-10-07T04:00:00Z,124246.9,124625.0,124034.6,124423.5,1690.118
2025-10-07T05:00:00Z,124423.5,124572.3,124170.0,124333.0,2220.505
2025-10-07T06:00:00Z,124333.0,124398.0,123716.9,123840.7,4234.534
2025-10-07T07:00:00Z,123840.7,124000.8,123500.0,123614.0,2855.391
2025-10-07T08:00:00Z,123614.0,123945.8,123200.1,123801.0,4868.138
2025-10-07T09:00:00Z,123801.0,124200.0,123790.4,124030.2,2110.798
2025-10-07T10:00:00Z,124030.2,124355.5,123942.6,124211.3,1431.618
2025-10-07T11:00:00Z,124211.3,124460.6,124114.0,124389.6,2002.352
2025-10-07T12:00:00Z,124389.6,125114.2,124272.7,124863.9,3499.996
2025-10-07T13:00:00Z,124863.9,125019.6,123316.9,123845.7,9648.89
2025-10-07T14:00:00Z,123845.7,123962.8,122523.7,122716.0,11732.973
2025-10-07T15:00:00Z,122716.0,122841.6,121089.5,121817.0,18865.298
2025-10-07T16:00:00Z,121817.0,122120.0,120661.4,121689.6,11341.573
2025-10-07T17:00:00Z,121689.6,121843.6,121065.3,121110.0,5218.922
2025-10-07T18:00:00Z,121110.0,121300.0,120545.0,120849.4,5659.607
2025-10-07T19:00:00Z,120849.4,121994.0,120814.0,121609.6,5139.559
2025-10-07T20:00:00Z,121609.6,122210.1,121609.5,121924.7,2610.724
2025-10-07T21:00:00Z,121924.7,122270.0,121737.5,121981.0,2178.315
2025-10-07T22:00:00Z,121981.0,122145.0,121750.2,121977.1,1187.085
2025-10-07T23:00:00Z,121977.1,121986.5,121213.0,121299.4,3572.208
2025-10-08T00:00:00Z,121299.4,122084.4,121221.0,121895.9,3941.03
2025-10-08T01:00:00Z,121895.9,122019.3,121538.7,121913.5,1624.352
2025-10-08T02:00:00Z,121913.5,122200.0,121773.2,121997.5,1269.308
2025-10-08T03:00:00Z,121997.5,121997.5,121157.6,121335.4,2496.629
2025-10-08T04:00:00Z,121335.4,121869.2,121010.1,121859.2,1891.694
2025-10-08T05:00:00Z,121859.2,121859.3,121118.5,121334.3,1961.211
2025-10-08T06:00:00Z,121334.3,121832.0,121000.0,121754.8,2180.281
2025-10-08T07:00:00Z,121754.8,121850.0,121285.6,121564.1,1796.041
2025-10-08T08:00:00Z,121564.1,122834.6,121482.7,122341.1,4374.978
2025-10-08T09:00:00Z,122341.1,122626.5,122340.0,122500.0,2017.847
2025-10-08T10:00:00Z,122500.0,123078.1,122469.3,122913.7,2849.395
2025-10-08T11:00:00Z,122913.7,123184.3,122710.0,122842.1,2811.554
2025-10-08T12:00:00Z,122842.1,123029.1,122485.0,122604.3,2987.406
2025-10-08T13:00:00Z,122604.3,122749.8,121615.6,122560.1,8914.088
2025-10-08T14:00:00Z,122560.1,123349.0,122013.8,122267.8,10366.712
2025-10-08T15:00:00Z,122267.8,122575.0,121871.0,122129.3,3695.318
2025-10-08T16:00:00Z,122129.3,123099.3,122053.0,123002.6,3255.01
2025-10-08T17:00:00Z,123002.6,124140.0,122906.3,124007.5,9861.097
2025-10-08T18:00:00Z,124007.5,124162.5,123382.0,123408.0,3531.807
2025-10-08T19:00:00Z,123408.0,123700.0,123099.4,123385.8,2652.66
2025-10-08T20:00:00Z,123385.8,123667.0,122689.1,122775.7,2992.32
2025-10-08T21:00:00Z,122775.7,123262.8,122722.8,123222.6,1497.444
2025-10-08T22:00:00Z,123222.6,123354.6,123130.9,123130.9,738.673
2025-10-08T23:00:00Z,123130.9,123475.5,123000.0,123245.3,1100.979
2025-10-09T00:00:00Z,123245.3,123291.3,122739.2,122768.0,1837.096
2025-10-09T01:00:00Z,122768.0,122801.0,122265.8,122479.4,3914.456
2025-10-09T02:00:00Z,122479.4,122498.4,121401.6,121553.5,4408.551
2025-10-09T03:00:00Z,121553.5,122065.0,121541.1,121992.2,2867.758
2025-10-09T04:00:00Z,121992.2,122222.8,121845.6,122091.7,1388.398
2025-10-09T05:00:00Z,122091.7,122149.7,121775.5,122051.0,1751.522
2025-10-09T06:00:00Z,122051.0,122142.7,121820.0,121896.1,1391.978
2025-10-09T07:00:00Z,121896.1,122010.4,121633.8,121847.6,1374.142
2025-10-09T08:00:00Z,121847.6,121909.2,121080.0,121191.7,5263.477
2025-10-09T09:00:00Z,121191.7,121788.4,121191.7,121749.9,2119.249
2025-10-09T10:00:00Z,121749.9,122294.1,121588.4,122104.1,2604.69
2025-10-09T11:00:00Z,122104.1,122787.0,122104.0,122677.0,2913.978
2025-10-09T12:00:00Z,122677.0,123733.9,122642.9,123503.0,7112.296
2025-10-09T13:00:00Z,123503.0,123603.4,122187.1,122353.9,8127.143
2025-10-09T14:00:00Z,122353.9,122552.0,120688.1,121264.5,15930.002
2025-10-09T15:00:00Z,121264.5,121700.0,120612.8,121083.4,5993.597
2025-10-09T16:00:00Z,121083.4,121428.3,119600.9,119750.1,11566.018
2025-10-09T17:00:00Z,119750.1,120998.0,119574.0,120915.9,8343.329
2025-10-09T18:00:00Z,120915.9,121050.0,120298.6,120593.0,3728.168
2025-10-09T19:00:00Z,120593.0,121064.8,120593.0,120901.1,2411.711
2025-10-09T20:00:00Z,120901.1,121164.8,120800.0,121052.6,1420.714
2025-10-09T21:00:00Z,121052.6,121488.8,121000.1,121430.0,2226.397
2025-10-09T22:00:00Z,121430.0,121747.3,121350.7,121646.4,1318.289
2025-10-09T23:00:00Z,121646.4,121697.4,121307.2,121603.0,1465.71
2025-10-10T00:00:00Z,121603.0,121841.7,121542.6,121709.6,1173.78
2025-10-10T01:00:00Z,121709.6,121849.7,121452.8,121609.0,1087.848
2025-10-10T02:00:00Z,121609.0,121632.1,120882.0,121040.4,3147.079
2025-10-10T03:00:00Z,121040.4,121548.3,120888.8,121001.7,2147.783
2025-10-10T04:00:00Z,121001.7,121366.2,121001.3,121210.3,1356.634
2025-10-10T05:00:00Z,121210.3,121584.8,120955.0,121544.3,1829.62
2025-10-10T06:00:00Z,121544.3,121740.0,121200.1,121329.8,2236.724
2025-10-10T07:00:00Z,121329.8,121361.3,120822.0,120903.7,1996.264
2025-10-10T08:00:00Z,120903.7,121611.8,120869.2,121575.0,1929.043
2025-10-10T09:00:00Z,121575.0,121744.9,121225.4,121267.0,1571.729
2025-10-10T10:00:00Z,121267.0,121496.0,121168.9,121445.6,905.137
2025-10-10T11:00:00Z,121445.6,121617.2,121361.5,121496.2,968.895
2025-10-10T12:00:00Z,121496.2,121641.4,121370.0,121552.2,806.228
2025-10-10T13:00:00Z,121552.2,122490.0,121296.5,121600.1,6974.227
2025-10-10T14:00:00Z,121600.1,122036.8,120371.2,120407.9,8083.441
2025-10-10T15:00:00Z,120407.9,120566.7,118400.0,118962.9,26430.626
2025-10-10T16:00:00Z,118962.9,119400.3,118154.3,118154.3,11270.658
2025-10-10T17:00:00Z,118154.3,118385.0,117515.7,117584.6,11167.472
2025-10-10T18:00:00Z,117584.6,117800.0,117150.1,117161.6,4665.656
2025-10-10T19:00:00Z,117161.6,117260.0,115900.0,116606.5,16308.667
2025-10-10T20:00:00Z,116606.5,117336.0,112526.5,114225.1,23808.373
2025-10-10T21:00:00Z,114225.1,115073.3,101045.9,113182.2,99629.395
2025-10-10T22:00:00Z,113182.2,113956.9,110389.3,113513.3,27986.412
2025-10-10T23:00:00Z,113513.3,114793.5,112550.1,112732.5,11719.307
2025-10-11T00:00:00Z,112732.5,113134.1,111526.4,112442.1,8576.065
2025-10-11T01:00:00Z,112442.1,112470.0,110930.2,111031.2,7187.945
2025-10-11T02:00:00Z,111031.2,113230.4,111009.3,113157.1,6982.866
2025-10-11T03:00:00Z,113157.1,113279.8,111750.0,112266.0,6387.362
2025-10-11T04:00:00Z,112266.0,112930.8,111642.5,112916.2,3626.752
2025-10-11T05:00:00Z,112916.2,112916.3,111921.2,112347.4,3305.165
2025-10-11T06:00:00Z,112347.4,112738.3,111913.6,111995.0,2559.566
2025-10-11T07:00:00Z,111995.0,112052.0,110050.0,110359.6,7838.524
2025-10-11T08:00:00Z,110359.6,111498.0,110104.0,111286.5,5244.288
2025-10-11T09:00:00Z,111286.5,111858.5,111220.6,111598.7,3455.154
2025-10-11T10:00:00Z,111598.7,112238.5,111587.9,112079.7,2209.86
2025-10-11T11:00:00Z,112079.7,112331.7,111646.3,112238.0,2096.887
2025-10-11T12:00:00Z,112238.0,112431.5,111981.0,112347.4,1467.735
2025-10-11T13:00:00Z,112347.4,112496.7,111832.1,112232.2,1845.904
2025-10-11T14:00:00Z,112232.2,112325.0,111788.7,111934.7,2686.326
2025-10-11T15:00:00Z,111934.7,112366.0,111724.3,111740.0,1841.625
2025-10-11T16:00:00Z,111740.0,112056.4,111386.0,111810.3,2629.079
2025-10-11T17:00:00Z,111810.3,112156.4,111668.1,111946.3,1824.873
2025-10-11T18:00:00Z,111946.3,111994.9,111771.1,111900.1,605.263
2025-10-11T19:00:00Z,111900.1,111988.6,110790.2,111125.5,4116.182
2025-10-11T20:00:00Z,111125.5,111300.8,109617.0,110194.6,5502.474
2025-10-11T21:00:00Z,110194.6,110948.8,109453.4,110834.3,3710.421
2025-10-11T22:00:00Z,110834.3,111230.0,110568.7,110978.0,1422.159
2025-10-11T23:00:00Z,110978.0,111056.4,110581.7,110599.9,1038.446
2025-10-12T00:00:00Z,110599.9,110637.3,109503.2,109588.5,3135.167
2025-10-12T01:00:00Z,109588.5,110259.1,109579.5,109920.0,2778.399
2025-10-12T02:00:00Z,109920.0,110670.3,109525.4,110060.1,3556.058
2025-10-12T03:00:00Z,110060.1,111352.3,109937.9,110637.8,5287.968
2025-10-12T04:00:00Z,110637.8,111889.0,110556.0,111468.3,3095.719
2025-10-12T05:00:00Z,111468.3,111765.0,111114.0,111649.9,1342.874
2025-10-12T06:00:00Z,111649.9,112122.4,111551.4,111633.2,3137.052
2025-10-12T07:00:00Z,111633.2,111899.4,111432.9,111466.7,1560.459
2025-10-12T08:00:00Z,111466.7,111770.8,111231.3,111255.8,1743.495
2025-10-12T09:00:00Z,111255.8,111850.0,111081.0,111776.3,1577.326
2025-10-12T10:00:00Z,111776.3,111970.0,111371.9,111589.3,1097.448
2025-10-12T11:00:00Z,111589.3,112086.3,111391.8,111786.1,1580.156
2025-10-12T12:00:00Z,111786.1,112267.0,111465.7,111733.8,2361.629
2025-10-12T13:00:00Z,111733.8,111887.9,111200.0,111248.9,2050.282
2025-10-12T14:00:00Z,111248.9,113034.2,111121.0,112337.7,9886.58
2025-10-12T15:00:00Z,112337.7,113749.2,112044.3,113166.2,14066.123
2025-10-12T16:00:00Z,113166.2,114700.0,113166.2,114039.9,11179.273
2025-10-12T17:00:00Z,114039.9,114440.0,113448.2,113779.5,6451.546
2025-10-12T18:00:00Z,113779.5,114210.6,113492.3,113823.6,2684.14
2025-10-12T19:00:00Z,113823.6,114368.8,113765.6,114298.3,2177.312
2025-10-12T20:00:00Z,114298.3,115432.3,114291.1,114878.1,5357.638
2025-10-12T21:00:00Z,114878.1,115599.9,114203.9,114854.9,5304.311
2025-10-12T22:00:00Z,114854.9,115749.0,114843.3,115178.6,4230.504
2025-10-12T23:00:00Z,115178.6,115314.5,114701.9,114908.5,2725.188
2025-10-13T00:00:00Z,114908.5,115870.0,114728.0,115233.1,4062.848
2025-10-13T01:00:00Z,115233.1,115724.6,115032.1,115665.0,1842.677
2025-10-13T02:00:00Z,115665.0,115950.6,114954.7,115284.2,2245.614
2025-10-13T03:00:00Z,115284.2,115593.2,114582.2,114792.2,2457.916
2025-10-13T04:00:00Z,114792.2,114986.5,114320.9,114673.5,3156.034
2025-10-13T05:00:00Z,114673.5,114799.8,114463.4,114572.7,1374.004
2025-10-13T06:00:00Z,114572.7,115344.7,114355.9,115180.0,2796.251
2025-10-13T07:00:00Z,115180.0,115539.8,114973.6,115349.9,2614.21
2025-10-13T08:00:00Z,115349.9,115404.4,115083.7,115208.9,1091.651
2025-10-13T09:00:00Z,115208.9,115214.3,114661.8,115070.4,2005.736
2025-10-13T10:00:00Z,115070.4,115118.9,114689.7,114764.0,1044.293
2025-10-13T11:00:00Z,114764.0,114764.0,113526.4,114139.1,8499.183
2025-10-13T12:00:00Z,114139.1,114770.9,113875.0,114360.3,4803.177
2025-10-13T13:00:00Z,114360.3,115517.9,114150.9,115303.0,9641.586
2025-10-13T14:00:00Z,115303.0,115426.6,113707.1,113976.5,8140.39
2025-10-13T15:00:00Z,113976.5,114686.8,113909.7,114267.5,3863.968
2025-10-13T16:00:00Z,114267.5,115150.0,114207.5,114600.0,4376.302
2025-10-13T17:00:00Z,114600.0,115027.8,114150.3,115001.6,3385.34
2025-10-13T18:00:00Z,115001.6,115337.1,114668.5,115103.6,2842.286
2025-10-13T19:00:00Z,115103.6,115855.3,115021.0,115750.0,3808.46
2025-10-13T20:00:00Z,115750.0,115838.8,115344.6,115660.1,2211.627
2025-10-13T21:00:00Z,115660.1,115753.4,115490.9,115667.9,862.041
2025-10-13T22:00:00Z,115667.9,115790.0,115369.4,115458.0,1241.971
2025-10-13T23:00:00Z,115458.0,115460.0,114951.1,115116.7,2282.883
2025-10-14T00:00:00Z,115116.7,115370.5,114802.6,114913.4,1759.448
2025-10-14T01:00:00Z,114913.4,114950.0,114079.9,114219.4,2695.971
2025-10-14T02:00:00Z,114219.4,114244.0,113560.2,113560.2,4725.209
2025-10-14T03:00:00Z,113560.2,113639.0,113188.1,113430.4,4425.541
2025-10-14T04:00:00Z,113430.4,113523.5,112697.0,113017.7,7996.291
2025-10-14T05:00:00Z,113017.7,113641.2,112319.2,112425.3,8809.453
2025-10-14T06:00:00Z,112425.3,112670.1,111200.0,111913.2,9002.527
2025-10-14T07:00:00Z,111913.2,112141.6,111374.9,111659.1,5373.454
2025-10-14T08:00:00Z,111659.1,112091.8,111433.3,111742.0,3864.242
2025-10-14T09:00:00Z,111742.0,111948.0,110963.5,111230.6,4719.194
2025-10-14T10:00:00Z,111230.6,111280.0,109947.4,110556.3,9382.601
2025-10-14T11:00:00Z,110556.3,111590.7,110535.6,111245.8,6520.279
2025-10-14T12:00:00Z,111245.8,111293.1,110661.2,110748.7,4817.802
2025-10-14T13:00:00Z,110748.7,111300.0,109800.0,110955.0,10774.025
2025-10-14T14:00:00Z,110955.0,112224.2,110854.7,111382.3,8638.676
2025-10-14T15:00:00Z,111382.3,112885.0,111000.2,112862.2,8831.679
2025-10-14T16:00:00Z,112862.2,113226.3,112142.5,112295.5,9302.995
2025-10-14T17:00:00Z,112295.5,112927.3,111659.0,112743.3,6555.058
2025-10-14T18:00:00Z,112743.3,113434.9,112592.3,112789.3,4670.622
2025-10-14T19:00:00Z,112789.3,113499.9,111935.3,112544.7,8054.031
2025-10-14T20:00:00Z,112544.7,112941.4,112139.0,112940.3,3638.588
2025-10-14T21:00:00Z,112940.3,113154.9,112629.3,113063.7,1844.193
2025-10-14T22:00:00Z,113063.7,113550.0,112756.8,113140.7,2103.251
2025-10-14T23:00:00Z,113140.7,113474.1,112952.6,112972.1,1902.339
2025-10-15T00:00:00Z,112972.1,113073.3,112540.0,112927.0,2401.437
2025-10-15T01:00:00Z,112927.0,112955.9,112250.2,112677.9,2181.005
2025-10-15T02:00:00Z,112677.9,113590.0,112608.8,112767.8,3089.234
2025-10-15T03:00:00Z,112767.8,112823.6,111752.7,111967.7,3317.52
2025-10-15T04:00:00Z,111967.7,112419.4,111683.0,112296.7,2206.746
2025-10-15T05:00:00Z,112296.7,112615.6,112122.0,112374.6,2327.676
2025-10-15T06:00:00Z,112374.6,112530.0,111820.3,112398.9,2506.521
2025-10-15T07:00:00Z,112398.9,112635.0,112170.0,112524.2,1639.88
2025-10-15T08:00:00Z,112524.2,113470.0,112472.2,112887.7,4141.742
2025-10-15T09:00:00Z,112887.7,113067.2,112312.6,112496.3,2759.07
2025-10-15T10:00:00Z,112496.3,112610.5,112016.5,112200.0,2592.792
2025-10-15T11:00:00Z,112200.0,112560.0,111635.3,111839.9,4351.875
2025-10-15T12:00:00Z,111839.9,112045.4,111293.8,111654.0,3383.964
2025-10-15T13:00:00Z,111654.0,111948.0,110625.2,111330.1,6453.21
2025-10-15T14:00:00Z,111330.1,112200.0,110735.2,111003.1,8102.529
2025-10-15T15:00:00Z,111003.1,111533.2,110308.1,110748.0,5734.276
2025-10-15T16:00:00Z,110748.0,111083.4,110542.4,110690.4,2442.086
2025-10-15T17:00:00Z,110690.4,111138.8,110072.8,111131.3,4714.336
2025-10-15T18:00:00Z,111131.3,111449.9,110762.3,111380.2,2183.375
2025-10-15T19:00:00Z,111380.2,111525.3,111003.9,111210.1,2110.807
2025-10-15T20:00:00Z,111210.1,111512.8,110442.5,111058.1,4168.599
2025-10-15T21:00:00Z,111058.1,111381.6,110413.8,110793.7,2749.211
2025-10-15T22:00:00Z,110793.7,111340.0,110600.0,110600.1,1570.727
2025-10-15T23:00:00Z,110600.1,110962.6,110512.7,110705.3,1307.966
2025-10-16T00:00:00Z,110705.3,110810.5,110281.6,110379.5,1982.868
2025-10-16T01:00:00Z,110379.5,111300.1,110363.0,111261.6,1793.144
2025-10-16T02:00:00Z,111261.6,111500.0,110949.5,111469.3,1764.091
2025-10-16T03:00:00Z,111469.3,111832.0,111214.8,111288.3,2407.381
2025-10-16T04:00:00Z,111288.3,111625.4,110755.0,110916.3,1857.305
2025-10-16T05:00:00Z,110916.3,111432.8,110646.0,110879.9,1883.661
2025-10-16T06:00:00Z,110879.9,111682.6,110853.3,111623.7,2081.308
2025-10-16T07:00:00Z,111623.7,111733.1,110500.0,110516.3,3519.951
2025-10-16T08:00:00Z,110516.3,110838.9,110328.0,110752.7,1763.577
2025-10-16T09:00:00Z,110752.7,111620.0,109533.0,111102.0,11321.776
2025-10-16T10:00:00Z,111102.0,111686.4,110970.1,111424.7,3574.117
2025-10-16T11:00:00Z,111424.7,111524.3,110953.8,111359.7,1842.036
2025-10-16T12:00:00Z,111359.7,111962.3,111280.0,111465.1,3379.525
2025-10-16T13:00:00Z,111465.1,111505.6,110611.1,110787.5,4021.954
2025-10-16T14:00:00Z,110787.5,111374.4,109627.2,110445.5,10742.951
2025-10-16T15:00:00Z,110445.5,110681.8,108270.0,108463.5,16274.84
2025-10-16T16:00:00Z,108463.5,109255.8,107500.3,109197.4,12984.984
2025-10-16T17:00:00Z,109197.4,109214.7,108138.2,108226.1,5769.491
2025-10-16T18:00:00Z,108226.1,108622.7,107622.4,108604.3,6311.421
2025-10-16T19:00:00Z,108604.3,108710.1,107608.5,108151.5,5597.194
2025-10-16T20:00:00Z,108151.5,108392.3,107362.1,107787.9,4167.983
2025-10-16T21:00:00Z,107787.9,108420.0,107516.7,108381.6,1985.56
2025-10-16T22:00:00Z,108381.6,108468.8,107702.7,107736.7,1812.0
2025-10-16T23:00:00Z,107736.7,108394.5,107651.3,108137.8,2221.036
2025-10-17T00:00:00Z,108137.8,108800.0,107875.3,108759.7,2767.885
2025-10-17T01:00:00Z,108759.7,109070.9,108455.0,108782.2,1996.014
2025-10-17T02:00:00Z,108782.2,109042.2,108327.4,108932.4,1965.321
2025-10-17T03:00:00Z,108932.4,109199.3,108836.8,109127.4,1379.868
2025-10-17T04:00:00Z,109127.4,109186.3,108716.8,108729.8,1449.213
2025-10-17T05:00:00Z,108729.8,108876.5,108231.1,108330.4,2577.503
2025-10-17T06:00:00Z,108330.4,108466.9,106558.1,106697.0,10228.658
2025-10-17T07:00:00Z,106697.0,106857.4,105403.3,105561.6,11276.995
2025-10-17T08:00:00Z,105561.6,105664.8,104409.4,104834.9,13357.489
2025-10-17T09:00:00Z,104834.9,105590.0,104432.9,104473.9,5010.115
2025-10-17T10:00:00Z,104473.9,104870.1,103437.4,104710.0,11188.465
2025-10-17T11:00:00Z,104710.0,106573.9,104612.2,105628.3,13390.356
2025-10-17T12:00:00Z,105628.3,106021.8,105147.1,105295.5,4674.726
2025-10-17T13:00:00Z,105295.5,106136.3,104808.2,105791.9,7846.452
2025-10-17T14:00:00Z,105791.9,105950.0,104431.7,105117.9,8874.988
2025-10-17T15:00:00Z,105117.9,106790.9,105034.6,106729.6,7529.816
2025-10-17T16:00:00Z,106729.6,107584.5,106179.7,106324.5,9427.833
2025-10-17T17:00:00Z,106324.5,106679.6,106010.0,106381.8,4321.119
2025-10-17T18:00:00Z,106381.8,107042.3,106381.8,106586.0,2475.613
2025-10-17T19:00:00Z,106586.0,106848.3,106173.7,106403.5,2003.208
2025-10-17T20:00:00Z,106403.5,107125.7,106294.6,106973.1,1552.331
2025-10-17T21:00:00Z,106973.1,107400.6,106950.1,107232.5,2617.534
2025-10-17T22:00:00Z,107232.5,107372.0,106722.5,106928.7,1306.584
2025-10-17T23:00:00Z,106928.7,106941.5,106302.0,106364.6,2292.85
2025-10-18T00:00:00Z,106364.6,106792.9,106259.7,106791.0,1704.244
2025-10-18T01:00:00Z,106791.0,107252.0,106756.1,107096.2,1885.803
2025-10-18T02:00:00Z,107096.2,107250.0,106432.2,106531.0,2193.251
2025-10-18T03:00:00Z,106531.0,107078.8,106509.5,107017.9,1110.786
2025-10-18T04:00:00Z,107017.9,107027.6,106383.6,106414.7,2223.904
2025-10-18T05:00:00Z,106414.7,106789.3,106414.7,106756.4,1216.637
2025-10-18T06:00:00Z,106756.4,106902.3,106652.0,106790.6,886.852
2025-10-18T07:00:00Z,106790.6,107476.5,106557.5,106653.5,4501.489
2025-10-18T08:00:00Z,106653.5,106949.4,106567.0,106673.1,1443.245
2025-10-18T09:00:00Z,106673.1,106916.9,106583.0,106848.0,886.892
2025-10-18T10:00:00Z,106848.0,107109.0,106724.1,106877.9,1397.991
2025-10-18T11:00:00Z,106877.9,107194.2,106711.2,107162.5,1098.914
2025-10-18T12:00:00Z,107162.5,107273.0,106916.3,107018.7,815.706
2025-10-18T13:00:00Z,107018.7,107059.1,106754.2,106853.2,1024.217
2025-10-18T14:00:00Z,106853.2,107101.2,106674.5,106992.1,1591.045
2025-10-18T15:00:00Z,106992.1,107115.9,106768.0,106894.6,996.795
2025-10-18T16:00:00Z,106894.6,107020.1,106430.6,106610.5,1560.549
2025-10-18T17:00:00Z,106610.5,106916.4,106512.8,106831.8,874.443
2025-10-18T18:00:00Z,106831.8,106882.1,106677.2,106809.2,431.874
2025-10-18T19:00:00Z,106809.2,107070.5,106711.1,107025.8,695.536
2025-10-18T20:00:00Z,107025.8,107314.4,106934.8,106949.8,1271.071
2025-10-18T21:00:00Z,106949.8,107193.2,106790.0,107107.5,849.318
2025-10-18T22:00:00Z,107107.5,107245.7,107002.4,107072.6,435.422
2025-10-18T23:00:00Z,107072.6,107155.1,106950.6,107122.2,342.454
2025-10-19T00:00:00Z,107122.2,107219.6,106700.0,106849.5,1302.104
2025-10-19T01:00:00Z,106849.5,106955.9,106688.2,106935.4,984.292
2025-10-19T02:00:00Z,106935.4,106960.0,106753.4,106803.6,345.871
2025-10-19T03:00:00Z,106803.6,107335.8,106743.0,107224.7,1170.39
2025-10-19T04:00:00Z,107224.7,107246.8,106906.4,107000.1,1132.649
2025-10-19T05:00:00Z,107000.1,107138.4,106754.6,106837.9,847.151
2025-10-19T06:00:00Z,106837.9,106865.4,106500.0,106723.6,1205.789
2025-10-19T07:00:00Z,106723.6,106881.5,106635.7,106737.6,713.954
2025-10-19T08:00:00Z,106737.6,107202.4,106175.2,106392.8,3679.044
2025-10-19T09:00:00Z,106392.8,108167.7,106060.3,107357.3,9699.859
2025-10-19T10:00:00Z,107357.3,107862.0,106899.1,107839.9,3800.508
2025-10-19T11:00:00Z,107839.9,108200.0,107593.5,107749.3,4075.765
2025-10-19T12:00:00Z,107749.3,107820.8,107400.0,107628.1,1545.895
2025-10-19T13:00:00Z,107628.1,108195.3,107322.6,108049.5,2118.031
2025-10-19T14:00:00Z,108049.5,108494.9,107833.1,108371.3,3095.287
2025-10-19T15:00:00Z,108371.3,108593.3,108275.3,108448.1,2529.577
2025-10-19T16:00:00Z,108448.1,108936.3,108188.0,108589.5,2424.938
2025-10-19T17:00:00Z,108589.5,109434.5,108571.0,109060.9,3846.741
2025-10-19T18:00:00Z,109060.9,109391.4,108983.0,109330.1,1353.89
2025-10-19T19:00:00Z,109330.1,109330.1,108688.2,108852.3,2075.765
2025-10-19T20:00:00Z,108852.3,108952.2,108740.0,108781.6,896.551
2025-10-19T21:00:00Z,108781.6,108822.1,108562.6,108696.6,1430.77
2025-10-19T22:00:00Z,108696.6,109360.0,108696.6,109099.9,2064.214
2025-10-19T23:00:00Z,109099.9,109099.9,108347.4,108597.3,1822.474
2025-10-20T00:00:00Z,108597.3,108597.3,107373.7,108004.5,7159.733
2025-10-20T01:00:00Z,108004.5,108259.3,107848.3,108005.4,1967.236
2025-10-20T02:00:00Z,108005.4,108934.5,107800.1,108716.6,3912.583
2025-10-20T03:00:00Z,108716.6,110423.0,108500.9,110098.3,5847.554
2025-10-20T04:00:00Z,110098.3,110491.1,109878.8,110380.2,3554.665
2025-10-20T05:00:00Z,110380.2,111120.4,110234.8,110996.1,4719.715
2025-10-20T06:00:00Z,110996.1,111351.0,110950.0,111251.4,4586.287
2025-10-20T07:00:00Z,111251.4,111380.9,111018.9,111148.6,2830.142
2025-10-20T08:00:00Z,111148.6,111644.2,110913.1,111061.5,3475.908
2025-10-20T09:00:00Z,111061.5,111180.0,110671.5,110935.3,3080.096
2025-10-20T10:00:00Z,110935.3,111099.9,110631.6,110710.0,2780.268
2025-10-20T11:00:00Z,110710.0,111007.1,110589.8,110986.2,1732.862
2025-10-20T12:00:00Z,110986.2,111271.6,110736.9,110813.4,2407.875
2025-10-20T13:00:00Z,110813.4,111192.8,110537.8,111129.4,3639.948
2025-10-20T14:00:00Z,111129.4,111366.4,110700.0,111180.9,3310.175
2025-10-20T15:00:00Z,111180.9,111692.3,110956.1,111105.5,4020.798
2025-10-20T16:00:00Z,111105.5,111303.8,110061.8,110640.9,9148.487
2025-10-20T17:00:00Z,110640.9,111050.0,109785.0,110250.1,6217.423
2025-10-20T18:00:00Z,110250.1,110922.5,110168.3,110884.0,1945.468
2025-10-20T19:00:00Z,110884.0,111044.9,110478.7,110755.0,1911.497
2025-10-20T20:00:00Z,110755.0,111238.6,110594.9,111056.1,1453.614
2025-10-20T21:00:00Z,111056.1,111222.0,110400.1,110518.4,1764.101
2025-10-20T22:00:00Z,110518.4,110830.7,110366.0,110745.8,881.996
2025-10-20T23:00:00Z,110745.8,110784.6,110464.2,110490.0,842.041
2025-10-21T00:00:00Z,110490.0,110508.0,110117.3,110401.9,1705.457
2025-10-21T01:00:00Z,110401.9,110458.0,109376.5,109816.2,4260.087
2025-10-21T02:00:00Z,109816.2,109874.5,109250.2,109472.2,3112.793
2025-10-21T03:00:00Z,109472.2,109575.0,109023.0,109023.1,2524.836
2025-10-21T04:00:00Z,109023.1,109023.1,107585.0,107747.3,10639.203
2025-10-21T05:00:00Z,107747.3,107956.7,107412.1,107494.8,6064.586
2025-10-21T06:00:00Z,107494.8,108172.0,107432.1,107855.4,3344.532
2025-10-21T07:00:00Z,107855.4,108150.0,107600.2,108022.4,2037.328
2025-10-21T08:00:00Z,108022.4,108054.0,107429.9,107650.8,3276.099
2025-10-21T09:00:00Z,107650.8,107838.4,107500.0,107708.6,1192.735
2025-10-21T10:00:00Z,107708.6,108780.0,107517.1,108442.1,4568.484
2025-10-21T11:00:00Z,108442.1,108595.2,108100.0,108522.0,2513.241
2025-10-21T12:00:00Z,108522.0,109440.4,108402.7,108736.8,7773.444
2025-10-21T13:00:00Z,108736.8,108859.2,107779.7,108389.5,9331.427
2025-10-21T14:00:00Z,108389.5,112332.4,108350.5,112159.8,18439.34
2025-10-21T15:00:00Z,112159.8,113546.0,111693.5,113400.0,13915.296
2025-10-21T16:00:00Z,113400.0,114000.0,112422.0,112533.2,10848.785
2025-10-21T17:00:00Z,112533.2,112996.0,111732.9,111977.7,9454.401
2025-10-21T18:00:00Z,111977.7,112261.4,111250.8,111949.4,5127.438
2025-10-21T19:00:00Z,111949.4,112172.7,111507.2,111736.4,2476.485
2025-10-21T20:00:00Z,111736.4,111759.6,110364.7,110740.0,7355.892
2025-10-21T21:00:00Z,110740.0,111079.8,110037.6,110768.6,3414.271
2025-10-21T22:00:00Z,110768.6,110768.6,107806.8,109007.1,14223.62
2025-10-21T23:00:00Z,109007.1,109377.5,107970.7,108240.1,4754.526
2025-10-22T00:00:00Z,108240.1,108590.1,107769.0,107913.4,4475.445
2025-10-22T01:00:00Z,107913.4,108413.7,107913.4,108307.4,2768.342
2025-10-22T02:00:00Z,108307.4,108646.6,108142.9,108153.7,2166.809
2025-10-22T03:00:00Z,108153.7,108174.0,107810.1,108163.1,1855.923
2025-10-22T04:00:00Z,108163.1,108589.7,108100.0,108570.0,1953.964
2025-10-22T05:00:00Z,108570.0,108600.0,107845.1,108124.3,2675.384
2025-10-22T06:00:00Z,108124.3,108313.4,107902.4,107936.0,1767.51
2025-10-22T07:00:00Z,107936.0,108280.0,107523.1,108280.0,4116.819
2025-10-22T08:00:00Z,108280.0,108328.7,108039.6,108186.9,1357.919
2025-10-22T09:00:00Z,108186.9,108239.1,107720.0,107915.6,2035.207
2025-10-22T10:00:00Z,107915.6,108072.2,107581.0,107611.9,1973.985
2025-10-22T11:00:00Z,107611.9,108179.6,106588.0,107484.7,13403.083
2025-10-22T12:00:00Z,107484.7,108369.3,107385.8,107987.3,5768.029
2025-10-22T13:00:00Z,107987.3,109273.7,107566.4,108734.5,10017.051
2025-10-22T14:00:00Z,108734.5,108995.1,107441.7,108927.0,14141.749
2025-10-22T15:00:00Z,108927.0,109127.3,107675.6,108364.9,9282.949
2025-10-22T16:00:00Z,108364.9,108780.1,107788.5,108172.1,6175.386
2025-10-22T17:00:00Z,108172.1,108307.8,107500.0,107736.3,2928.916
2025-10-22T18:00:00Z,107736.3,108169.0,107394.7,107978.3,2798.804
2025-10-22T19:00:00Z,107978.3,108377.1,107617.7,107824.1,3579.126
2025-10-22T20:00:00Z,107824.1,108035.8,107439.9,107646.0,2649.72
2025-10-22T21:00:00Z,107646.0,107700.4,106625.8,107158.7,7114.837
2025-10-22T22:00:00Z,107158.7,107706.8,106847.9,107141.8,2940.605
2025-10-22T23:00:00Z,107141.8,107921.4,107114.1,107522.8,3015.778
2025-10-23T00:00:00Z,107522.8,107953.7,107456.7,107819.8,1609.274
2025-10-23T01:00:00Z,107819.8,108519.6,107769.3,108114.4,4532.911
2025-10-23T02:00:00Z,108114.4,108385.8,108023.8,108385.8,1380.565
2025-10-23T03:00:00Z,108385.8,108685.4,108284.2,108341.3,1582.635
2025-10-23T04:00:00Z,108341.3,108926.6,108304.4,108600.1,2176.327
2025-10-23T05:00:00Z,108600.1,108962.0,108572.3,108904.9,1388.213
2025-10-23T06:00:00Z,108904.9,110281.7,108800.8,110200.1,7798.973
2025-10-23T07:00:00Z,110200.1,110222.9,109117.9,109232.8,4784.393
2025-10-23T08:00:00Z,109232.8,109871.0,109202.2,109461.3,2567.694
2025-10-23T09:00:00Z,109461.3,109498.0,109081.2,109392.4,1697.221
2025-10-23T10:00:00Z,109392.4,109688.3,109330.2,109387.8,1781.318
2025-10-23T11:00:00Z,109387.8,109629.7,108992.0,109208.6,2226.036
2025-10-23T12:00:00Z,109208.6,109209.6,108634.9,109129.8,4290.575
2025-10-23T13:00:00Z,109129.8,109598.5,108755.4,109448.0,3841.372
2025-10-23T14:00:00Z,109448.0,109798.6,108564.2,109551.3,7268.071
2025-10-23T15:00:00Z,109551.3,110079.6,109422.1,109866.2,4365.664
2025-10-23T16:00:00Z,109866.2,110560.0,109600.2,110216.5,4138.63
2025-10-23T17:00:00Z,110216.5,111271.5,109600.0,111208.3,8449.735
2025-10-23T18:00:00Z,111208.3,111272.4,110185.5,110525.5,4731.209
2025-10-23T19:00:00Z,110525.5,110577.5,110062.7,110139.0,2440.186
2025-10-23T20:00:00Z,110139.0,110150.0,109230.5,109447.1,4714.251
2025-10-23T21:00:00Z,109447.1,109665.8,109289.9,109490.4,2163.323
2025-10-23T22:00:00Z,109490.4,110118.0,109460.0,109870.0,2543.998
2025-10-23T23:00:00Z,109870.0,110052.6,109768.1,110015.0,832.407
2025-10-24T00:00:00Z,110015.0,110655.0,109933.4,110446.4,2448.617
2025-10-24T01:00:00Z,110446.4,110627.2,110090.0,110539.8,1460.296
2025-10-24T02:00:00Z,110539.8,110813.0,110300.0,110527.8,1713.06
2025-10-24T03:00:00Z,110527.8,110598.2,110235.0,110411.4,1313.694
2025-10-24T04:00:00Z,110411.4,111490.0,110300.0,111123.0,4086.155
2025-10-24T05:00:00Z,111123.0,111288.1,110894.9,111213.2,2071.178
2025-10-24T06:00:00Z,111213.2,111480.1,111079.7,111439.5,1716.752
2025-10-24T07:00:00Z,111439.5,111512.8,110740.6,111034.4,3807.662
2025-10-24T08:00:00Z,111034.4,111274.4,110605.5,111056.0,3645.609
2025-10-24T09:00:00Z,111056.0,111476.5,110959.2,111305.2,2272.52
2025-10-24T10:00:00Z,111305.2,111305.2,111017.2,111091.8,1282.251
2025-10-24T11:00:00Z,111091.8,111245.9,110540.0,111035.2,2537.452
2025-10-24T12:00:00Z,111035.2,112162.2,110835.6,111268.2,10964.291
2025-10-24T13:00:00Z,111268.2,111417.3,110307.1,110879.6,5872.451
2025-10-24T14:00:00Z,110879.6,110879.6,109603.4,110159.7,12026.78
2025-10-24T15:00:00Z,110159.7,110608.5,109822.0,109994.8,4100.26
2025-10-24T16:00:00Z,109994.8,110332.9,109734.6,110218.8,2226.036
2025-10-24T17:00:00Z,110218.8,110523.2,110104.5,110154.3,1984.916
2025-10-24T18:00:00Z,110154.3,110624.6,110081.8,110550.6,1334.683
2025-10-24T19:00:00Z,110550.6,110914.5,110470.0,110565.4,1754.176
2025-10-24T20:00:00Z,110565.4,110996.0,110404.3,110840.1,1215.273
2025-10-24T21:00:00Z,110840.1,111072.8,110566.2,111029.2,1740.26
2025-10-24T22:00:00Z,111029.2,111088.9,110865.8,110969.9,690.0
2025-10-24T23:00:00Z,110969.9,111080.0,110826.1,110964.7,586.043
2025-10-25T00:00:00Z,110964.7,111000.9,110618.8,110730.4,881.331
2025-10-25T01:00:00Z,110730.4,111217.1,110700.0,111027.7,963.531
2025-10-25T02:00:00Z,111027.7,111086.2,110903.5,110981.3,385.547
2025-10-25T03:00:00Z,110981.3,111091.8,110949.4,110973.5,434.823
2025-10-25T04:00:00Z,110973.5,111407.9,110973.5,111184.6,1574.243
2025-10-25T05:00:00Z,111184.6,111398.3,111040.6,111344.9,1013.814
2025-10-25T06:00:00Z,111344.9,111500.0,111210.2,111318.0,1461.658
2025-10-25T07:00:00Z,111318.0,111796.4,111318.0,111463.9,2748.284
2025-10-25T08:00:00Z,111463.9,111787.9,111450.0,111740.1,1260.151
2025-10-25T09:00:00Z,111740.1,111848.8,111417.3,111494.5,1345.539
2025-10-25T10:00:00Z,111494.5,111711.2,111349.8,111529.1,1345.578
2025-10-25T11:00:00Z,111529.1,111647.7,111443.1,111542.1,634.964
2025-10-25T12:00:00Z,111542.1,111935.8,111486.0,111875.8,1290.668
2025-10-25T13:00:00Z,111875.8,111907.0,111467.9,111640.0,1114.814
2025-10-25T14:00:00Z,111640.0,111740.0,111485.0,111561.1,760.673
2025-10-25T15:00:00Z,111561.1,111561.1,111239.8,111348.1,1269.753
2025-10-25T16:00:00Z,111348.1,111448.9,111109.0,111336.5,1260.56
2025-10-25T17:00:00Z,111336.5,111424.8,111204.9,111332.5,813.088
2025-10-25T18:00:00Z,111332.5,111704.0,111269.2,111678.9,1206.344
2025-10-25T19:00:00Z,111678.9,111697.0,111529.1,111586.9,441.282
2025-10-25T20:00:00Z,111586.9,111636.0,111274.0,111399.2,1393.304
2025-10-25T21:00:00Z,111399.2,111451.1,111274.3,111435.1,549.234
2025-10-25T22:00:00Z,111435.1,111655.5,111350.7,111573.5,501.906
2025-10-25T23:00:00Z,111573.5,111634.5,111472.5,111587.5,354.319
2025-10-26T00:00:00Z,111587.5,111891.8,111487.8,111674.2,1096.634
2025-10-26T01:00:00Z,111674.2,111807.5,111477.0,111598.0,724.781
2025-10-26T02:00:00Z,111598.0,111663.6,111360.7,111407.6,561.293
2025-10-26T03:00:00Z,111407.6,111457.1,111187.8,111214.5,1154.213
2025-10-26T04:00:00Z,111214.5,111442.0,111201.6,111378.0,509.731
2025-10-26T05:00:00Z,111378.0,111620.4,111305.2,111557.5,1111.929
2025-10-26T06:00:00Z,111557.5,111653.9,111480.0,111574.4,424.489
2025-10-26T07:00:00Z,111574.4,111687.1,111558.2,111681.7,372.09
2025-10-26T08:00:00Z,111681.7,111810.0,111670.8,111734.9,672.79
2025-10-26T09:00:00Z,111734.9,112750.7,111668.6,112490.4,6510.742
2025-10-26T10:00:00Z,112490.4,112540.6,112123.3,112441.3,1514.308
2025-10-26T11:00:00Z,112441.3,113446.0,112370.1,113255.5,5018.872
2025-10-26T12:00:00Z,113255.5,113799.9,113241.5,113539.7,4149.67
2025-10-26T13:00:00Z,113539.7,114050.0,113225.3,113688.0,3934.783
2025-10-26T14:00:00Z,113688.0,113870.9,113490.0,113542.1,2710.199
2025-10-26T15:00:00Z,113542.1,113700.0,113390.3,113654.4,1470.885
2025-10-26T16:00:00Z,113654.4,113741.8,113236.4,113483.1,2035.554
2025-10-26T17:00:00Z,113483.1,113723.1,113400.0,113400.0,920.249
2025-10-26T18:00:00Z,113400.0,113758.8,113400.0,113554.8,1016.625
2025-10-26T19:00:00Z,113554.8,113676.1,113466.3,113559.8,500.95
2025-10-26T20:00:00Z,113559.8,113559.8,113152.6,113262.7,1341.512
2025-10-26T21:00:00Z,113262.7,113551.3,112797.0,113451.1,2289.736
2025-10-26T22:00:00Z,113451.1,115583.0,113451.1,114643.8,9234.992
2025-10-26T23:00:00Z,114643.8,114939.8,114318.6,114498.3,2142.572
2025-10-27T00:00:00Z,114498.3,115175.5,114275.9,114719.5,3390.871
2025-10-27T01:00:00Z,114719.5,115354.0,114658.0,115232.3,2183.945
2025-10-27T02:00:00Z,115232.3,115421.4,114776.0,114832.9,2567.108
2025-10-27T03:00:00Z,114832.9,115226.6,114783.0,114942.5,1426.789
2025-10-27T04:00:00Z,114942.5,115264.0,114900.0,115229.2,1373.085
2025-10-27T05:00:00Z,115229.2,115619.2,115229.1,115503.5,3095.288
2025-10-27T06:00:00Z,115503.5,116085.3,115303.0,116001.3,4282.292
2025-10-27T07:00:00Z,116001.3,116373.3,115407.1,115517.8,4319.675
2025-10-27T08:00:00Z,115517.8,115578.9,114850.2,114999.9,3692.899
2025-10-27T09:00:00Z,114999.9,115365.5,114766.7,115194.7,3183.113
2025-10-27T10:00:00Z,115194.7,115505.9,115066.6,115399.9,1510.427
2025-10-27T11:00:00Z,115399.9,115488.0,115057.6,115302.1,1535.801
2025-10-27T12:00:00Z,115302.1,115385.0,114916.7,115012.0,2004.749
2025-10-27T13:00:00Z,115012.0,115393.4,114510.2,115216.2,4385.699
2025-10-27T14:00:00Z,115216.2,115332.2,114426.0,114752.6,4210.394
2025-10-27T15:00:00Z,114752.6,115199.9,114722.6,114915.5,1527.467
2025-10-27T16:00:00Z,114915.5,115605.6,114819.6,115444.8,2816.269
2025-10-27T17:00:00Z,115444.8,115687.6,115254.1,115650.9,1654.324
2025-10-27T18:00:00Z,115650.9,115756.6,115265.4,115287.5,1918.536
2025-10-27T19:00:00Z,115287.5,115296.1,114725.0,114895.8,2602.337
2025-10-27T20:00:00Z,114895.8,114895.8,114222.7,114398.1,2761.004
2025-10-27T21:00:00Z,114398.1,114573.6,114049.3,114234.2,2907.312
2025-10-27T22:00:00Z,114234.2,114549.9,114003.0,114065.5,2256.794
2025-10-27T23:00:00Z,114065.5,114166.7,113777.3,114061.3,3085.022
2025-10-28T00:00:00Z,114061.3,114317.0,113710.4,113925.0,2514.309
2025-10-28T01:00:00Z,113925.0,114501.8,113925.0,114369.5,2086.09
2025-10-28T02:00:00Z,114369.5,114427.9,113507.6,113875.3,2546.852
2025-10-28T03:00:00Z,113875.3,114050.3,113660.8,113859.3,1655.027
2025-10-28T04:00:00Z,113859.3,114023.1,113700.0,113900.1,1156.622
2025-10-28T05:00:00Z,113900.1,113946.3,113341.6,113555.6,2396.589
2025-10-28T06:00:00Z,113555.6,114140.0,113555.6,114061.9,2021.944
2025-10-28T07:00:00Z,114061.9,114343.2,114033.8,114135.7,2168.504
2025-10-28T08:00:00Z,114135.7,114448.7,114057.1,114372.0,1290.262
2025-10-28T09:00:00Z,114372.0,114617.9,114136.2,114467.2,1691.898
2025-10-28T10:00:00Z,114467.2,114565.0,114353.6,114549.0,1079.329
2025-10-28T11:00:00Z,114549.0,114650.6,114228.8,114296.8,1450.703
2025-10-28T12:00:00Z,114296.8,114478.6,114072.2,114409.2,1805.196
2025-10-28T13:00:00Z,114409.2,115488.0,114409.2,115481.6,7339.306
2025-10-28T14:00:00Z,115481.6,116060.5,114182.3,115027.9,13116.642
2025-10-28T15:00:00Z,115027.9,115350.0,114460.0,114592.3,4919.218
2025-10-28T16:00:00Z,114592.3,115450.0,114477.5,115291.4,4039.385
2025-10-28T17:00:00Z,115291.4,115571.8,115179.3,115267.7,1799.876
2025-10-28T18:00:00Z,115267.7,115337.5,114586.0,114984.2,2325.228
2025-10-28T19:00:00Z,114984.2,115033.0,113500.1,113620.0,8602.394
2025-10-28T20:00:00Z,113620.0,113650.8,112234.2,112728.9,15652.491
2025-10-28T21:00:00Z,112728.9,113160.0,112112.0,112929.2,4864.348
2025-10-28T22:00:00Z,112929.2,113242.2,112761.7,113157.8,1971.275
2025-10-28T23:00:00Z,113157.8,113157.8,112700.1,112836.0,1550.783
2025-10-29T00:00:00Z,112836.0,112843.7,112375.1,112375.2,2593.076
2025-10-29T01:00:00Z,112375.2,112925.4,112030.0,112429.9,3883.551
2025-10-29T02:00:00Z,112429.9,112728.0,112330.6,112610.5,1114.046
2025-10-29T03:00:00Z,112610.5,112621.3,112255.0,112451.6,1041.111
2025-10-29T04:00:00Z,112451.6,112840.5,112435.8,112751.9,1252.095
2025-10-29T05:00:00Z,112751.9,113349.3,112749.9,112968.7,2715.653
2025-10-29T06:00:00Z,112968.7,113296.3,112900.0,113232.7,1316.984
2025-10-29T07:00:00Z,113232.7,113543.0,113170.0,113514.9,2315.01
2025-10-29T08:00:00Z,113514.9,113582.2,112885.2,113004.0,2478.203
2025-10-29T09:00:00Z,113004.0,113059.3,112700.7,112918.3,1811.262
2025-10-29T10:00:00Z,112918.3,113159.8,112665.3,112813.1,1458.763
2025-10-29T11:00:00Z,112813.1,113207.2,112700.0,113086.9,1428.197
2025-10-29T12:00:00Z,113086.9,113275.0,113003.3,113107.5,798.318
2025-10-29T13:00:00Z,113107.5,113598.0,112614.7,112814.0,4433.25
2025-10-29T14:00:00Z,112814.0,112873.2,112164.2,112430.7,4938.674
2025-10-29T15:00:00Z,112430.7,112505.0,111274.7,111453.8,10686.757
2025-10-29T16:00:00Z,111453.8,111458.7,110888.0,111056.0,8624.228
2025-10-29T17:00:00Z,111056.0,111869.6,110950.0,111810.9,3975.012
2025-10-29T18:00:00Z,111810.9,111976.8,109056.2,110753.9,27825.189
2025-10-29T19:00:00Z,110753.9,111423.5,110080.9,110600.4,8302.598
2025-10-29T20:00:00Z,110600.4,111507.9,110337.3,111382.3,4721.153
2025-10-29T21:00:00Z,111382.3,111773.0,111324.4,111572.7,1678.031
2025-10-29T22:00:00Z,111572.7,111578.1,110845.3,110967.2,3475.19
2025-10-29T23:00:00Z,110967.2,111023.1,109666.0,109948.8,5217.863
2025-10-30T00:00:00Z,109948.8,110535.0,109665.0,110496.4,3902.542
2025-10-30T01:00:00Z,110496.4,110684.6,110180.0,110400.0,2476.882
2025-10-30T02:00:00Z,110400.0,110966.7,110269.0,110927.9,1936.92
2025-10-30T03:00:00Z,110927.9,110938.9,110467.5,110693.4,1351.124
2025-10-30T04:00:00Z,110693.4,110703.5,107842.2,108497.5,18815.025
2025-10-30T05:00:00Z,108497.5,110401.5,108350.0,110201.3,10154.472
2025-10-30T06:00:00Z,110201.3,110937.1,109924.3,110729.2,3857.604
2025-10-30T07:00:00Z,110729.2,111571.9,110600.0,111324.8,3924.703
2025-10-30T08:00:00Z,111324.8,111399.0,110619.6,110668.4,3206.647
2025-10-30T09:00:00Z,110668.4,110760.0,110055.0,110121.8,4967.918
2025-10-30T10:00:00Z,110121.8,110182.4,109749.1,110060.0,3445.222
2025-10-30T11:00:00Z,110060.0,110101.2,109617.5,109658.1,2193.138
2025-10-30T12:00:00Z,109658.1,109742.5,108220.2,108326.6,7860.265
2025-10-30T13:00:00Z,108326.6,108687.8,107309.0,107560.0,12165.549
2025-10-30T14:00:00Z,107560.0,108313.9,107533.1,108208.0,5732.164
2025-10-30T15:00:00Z,108208.0,108280.0,107220.0,107661.1,4347.763
2025-10-30T16:00:00Z,107661.1,108172.4,107489.8,108102.3,3068.136
2025-10-30T17:00:00Z,108102.3,108108.1,106675.5,107432.7,11131.538
2025-10-30T18:00:00Z,107432.7,107511.1,106705.6,106774.8,3656.431
2025-10-30T19:00:00Z,106774.8,107106.5,106225.0,106481.5,7385.792
2025-10-30T20:00:00Z,106481.5,107646.2,106257.6,107447.1,4377.267
2025-10-30T21:00:00Z,107447.1,107932.4,107330.2,107876.2,2638.766
2025-10-30T22:00:00Z,107876.2,107914.1,107352.7,107880.0,2232.432
2025-10-30T23:00:00Z,107880.0,108312.0,107550.0,108261.7,2765.71
2025-10-31T00:00:00Z,108261.7,109565.4,108223.0,109288.8,5598.572
2025-10-31T01:00:00Z,109288.8,110014.6,109134.6,109589.9,3872.48
2025-10-31T02:00:00Z,109589.9,109649.9,108518.8,108815.2,4029.837
2025-10-31T03:00:00Z,108815.2,109285.2,108567.1,109187.5,2505.884
2025-10-31T04:00:00Z,109187.5,110301.6,109064.3,110045.9,4440.715
2025-10-31T05:00:00Z,110045.9,110045.9,109650.0,109866.3,2351.477
2025-10-31T06:00:00Z,109866.3,109930.0,109475.2,109597.7,2139.468
2025-10-31T07:00:00Z,109597.7,109781.6,109169.3,109398.3,3039.276
2025-10-31T08:00:00Z,109398.3,110077.0,109154.8,110027.1,4090.154
2025-10-31T09:00:00Z,110027.1,110445.4,109761.4,109822.2,3009.788
2025-10-31T10:00:00Z,109822.2,110069.9,109656.4,109772.6,1334.792
2025-10-31T11:00:00Z,109772.6,110537.3,109409.2,110374.8,3411.159
2025-10-31T12:00:00Z,110374.8,110684.2,109562.7,109613.2,3473.653
2025-10-31T13:00:00Z,109613.2,110194.4,109314.3,110112.8,3885.389
2025-10-31T14:00:00Z,110112.8,110987.2,109510.0,110724.2,5702.52
2025-10-31T15:00:00Z,110724.2,111147.0,110043.6,110132.6,4522.148
2025-10-31T16:00:00Z,110132.6,110258.2,108494.5,108774.7,7109.783
2025-10-31T17:00:00Z,108774.7,109370.0,108546.8,109244.9,4786.605
2025-10-31T18:00:00Z,109244.9,109772.8,108900.1,109387.6,3328.031
2025-10-31T19:00:00Z,109387.6,110200.6,109053.9,109797.9,3392.058
2025-10-31T20:00:00Z,109797.9,109797.9,109378.6,109431.1,1598.747
2025-10-31T21:00:00Z,109431.1,109709.2,109251.0,109518.3,1359.289
2025-10-31T22:00:00Z,109518.3,109751.1,109415.7,109529.6,517.658
2025-10-31T23:00:00Z,109529.6,109631.7,109452.4,109546.7,376.358
2025-11-01T00:00:00Z,109546.7,109708.8,109333.0,109667.4,1095.177
2025-11-01T01:00:00Z,109667.4,110016.9,109635.3,109670.0,1084.092
2025-11-01T02:00:00Z,109670.0,109818.6,109400.3,109726.5,1176.925
2025-11-01T03:00:00Z,109726.5,110240.0,109720.2,110183.3,1299.325
2025-11-01T04:00:00Z,110183.3,110537.2,110061.7,110236.6,2523.659
2025-11-01T05:00:00Z,110236.6,110334.0,109988.0,110078.1,1089.482
2025-11-01T06:00:00Z,110078.1,110133.6,109874.0,109948.1,1621.136
2025-11-01T07:00:00Z,109948.1,110209.2,109930.0,110026.3,649.439
2025-11-01T08:00:00Z,110026.3,110232.0,110026.3,110191.4,593.638
2025-11-01T09:00:00Z,110191.4,110214.0,109911.4,109949.8,818.887
2025-11-01T10:00:00Z,109949.8,110135.0,109778.5,110120.0,827.397
2025-11-01T11:00:00Z,110120.0,110188.8,109938.2,110105.2,573.464
2025-11-01T12:00:00Z,110105.2,110164.4,109951.5,109967.9,420.349
2025-11-01T13:00:00Z,109967.9,110021.9,109661.7,109900.0,1055.789
2025-11-01T14:00:00Z,109900.0,109950.0,109669.3,109883.6,915.782
2025-11-01T15:00:00Z,109883.6,110327.3,109851.9,110254.1,1776.514
2025-11-01T16:00:00Z,110254.1,110495.1,110143.4,110426.3,1159.9
2025-11-01T17:00:00Z,110426.3,110450.0,110121.6,110150.4,891.233
2025-11-01T18:00:00Z,110150.4,110321.3,110141.2,110279.7,303.809
2025-11-01T19:00:00Z,110279.7,110279.7,110158.0,110240.8,242.775
2025-11-01T20:00:00Z,110240.8,110465.0,110240.8,110359.6,655.164
2025-11-01T21:00:00Z,110359.6,110388.6,109763.0,109818.8,1730.272
2025-11-01T22:00:00Z,109818.8,110049.6,109818.7,110041.4,554.324
2025-11-01T23:00:00Z,110041.4,110099.0,109912.8,110046.0,401.474
2025-11-02T00:00:00Z,110046.0,110086.3,109840.3,109917.6,407.74
2025-11-02T01:00:00Z,109917.6,110045.0,109860.0,109909.4,327.405
2025-11-02T02:00:00Z,109909.4,110215.7,109821.8,109959.9,702.438
2025-11-02T03:00:00Z,109959.9,110038.5,109900.0,110000.0,367.829
2025-11-02T04:00:00Z,110000.0,110750.9,109965.6,110624.4,1634.6
2025-11-02T05:00:00Z,110624.4,110659.8,110228.2,110459.0,1283.718
2025-11-02T06:00:00Z,110459.0,110683.0,110240.0,110611.9,796.76
2025-11-02T07:00:00Z,110611.9,110989.5,110379.1,110847.1,1256.074
2025-11-02T08:00:00Z,110847.1,110962.6,110657.1,110800.0,1020.977
2025-11-02T09:00:00Z,110800.0,111017.7,110472.4,110656.6,1695.522
2025-11-02T10:00:00Z,110656.6,110830.0,110301.4,110436.1,1543.588
2025-11-02T11:00:00Z,110436.1,111180.0,110421.1,111146.2,1699.385
2025-11-02T12:00:00Z,111146.2,111200.0,110637.1,110690.9,1968.547
2025-11-02T13:00:00Z,110690.9,110725.3,110117.3,110510.2,2606.281
2025-11-02T14:00:00Z,110510.2,110610.6,110125.7,110365.0,1673.96
2025-11-02T15:00:00Z,110365.0,110522.7,110008.2,110046.1,1394.999
2025-11-02T16:00:00Z,110046.1,110098.6,109603.2,110061.0,2947.628
2025-11-02T17:00:00Z,110061.0,110227.9,109964.7,110134.9,761.89
2025-11-02T18:00:00Z,110134.9,110283.5,110110.8,110283.5,437.189
2025-11-02T19:00:00Z,110283.5,110283.5,109899.8,110120.1,645.737
2025-11-02T20:00:00Z,110120.1,110160.7,109812.1,110044.8,519.456
2025-11-02T21:00:00Z,110044.8,110090.7,109910.1,109939.6,370.493
2025-11-02T22:00:00Z,109939.6,109978.1,109433.0,109867.7,1574.013
2025-11-02T23:00:00Z,109867.7,110699.8,109867.7,110493.5,2343.907
2025-11-03T00:00:00Z,110493.5,110721.3,109687.7,109687.7,1685.89
2025-11-03T01:00:00Z,109687.7,109833.0,109289.5,109606.8,2177.993
2025-11-03T02:00:00Z,109606.8,109714.9,108600.0,108982.0,4141.692
2025-11-03T03:00:00Z,108982.0,109100.0,107835.7,107876.6,5448.815
2025-11-03T04:00:00Z,107876.6,107945.2,107410.3,107830.1,6070.14
2025-11-03T05:00:00Z,107830.1,108039.3,107318.2,107547.5,2972.664
2025-11-03T06:00:00Z,107547.5,107664.5,106949.3,107434.3,4080.857
2025-11-03T07:00:00Z,107434.3,107777.0,107209.0,107413.1,2399.414
2025-11-03T08:00:00Z,107413.1,107663.6,106860.5,107550.1,4207.966
2025-11-03T09:00:00Z,107550.1,107877.7,107033.3,107162.3,2490.782
2025-11-03T10:00:00Z,107162.3,107585.0,106700.5,106932.1,3825.892
2025-11-03T11:00:00Z,106932.1,107871.8,106923.5,107743.9,2896.362
2025-11-03T12:00:00Z,107743.9,108214.1,107652.2,107710.5,3451.537
2025-11-03T13:00:00Z,107710.5,108023.0,107518.9,107857.5,2363.948
2025-11-03T14:00:00Z,107857.5,108292.0,107313.8,108010.6,3932.987
2025-11-03T15:00:00Z,108010.6,108111.3,105415.2,105701.0,17927.079
2025-11-03T16:00:00Z,105701.0,106752.1,105178.2,106635.2,9809.604
2025-11-03T17:00:00Z,106635.2,107734.6,106477.6,107426.6,5370.411
2025-11-03T18:00:00Z,107426.6,107562.7,106750.0,106905.5,2863.656
2025-11-03T19:00:00Z,106905.5,107340.0,106375.6,107040.2,2434.223
2025-11-03T20:00:00Z,107040.2,107133.8,106255.0,106613.0,2737.748
2025-11-03T21:00:00Z,106613.0,107060.2,106000.0,106840.0,3282.774
2025-11-03T22:00:00Z,106840.0,106840.0,105750.0,106444.0,2120.314
2025-11-03T23:00:00Z,106444.0,106700.0,105984.0,106536.4,1654.839
2025-11-04T00:00:00Z,106536.4,106770.8,105783.1,106416.5,3239.644
2025-11-04T01:00:00Z,106416.5,107266.7,106215.9,106986.3,2923.843
2025-11-04T02:00:00Z,106986.3,107189.5,106400.0,106413.3,1972.126
2025-11-04T03:00:00Z,106413.3,107183.9,106139.8,107093.0,2058.459
2025-11-04T04:00:00Z,107093.0,107254.7,106648.5,106695.3,1370.145
2025-11-04T05:00:00Z,106695.3,106695.4,104128.0,104153.1,9737.51
2025-11-04T06:00:00Z,104153.1,105185.0,104120.0,104700.8,5555.78
2025-11-04T07:00:00Z,104700.8,104896.0,104252.4,104431.3,3264.675
2025-11-04T08:00:00Z,104431.3,104598.9,103700.0,104011.2,5418.753
2025-11-04T09:00:00Z,104011.2,104099.5,103589.2,103815.4,2933.23
2025-11-04T10:00:00Z,103815.4,104050.0,103550.1,103775.5,2183.942
2025-11-04T11:00:00Z,103775.5,104657.2,103726.7,104531.4,2845.209
2025-11-04T12:00:00Z,104531.4,104590.0,103780.9,103904.6,3131.255
2025-11-04T13:00:00Z,103904.6,104200.0,103510.5,103864.8,2421.415
2025-11-04T14:00:00Z,103864.8,104646.5,102858.9,104458.1,11367.469
2025-11-04T15:00:00Z,104458.1,104813.5,103126.2,103152.6,6691.116
2025-11-04T16:00:00Z,103152.6,103465.1,102109.5,102215.3,10654.14
2025-11-04T17:00:00Z,102215.3,102215.4,100729.9,101064.2,15153.379
2025-11-04T18:00:00Z,101064.2,101462.0,99900.1,101318.3,12156.384
2025-11-04T19:00:00Z,101318.3,101673.2,100347.9,100490.3,5342.452
2025-11-04T20:00:00Z,100490.3,101078.9,99430.0,100715.9,11856.355
2025-11-04T21:00:00Z,100715.9,100800.0,98888.1,100264.9,11080.231
2025-11-04T22:00:00Z,100264.9,101867.0,100025.5,101265.6,6075.776
2025-11-04T23:00:00Z,101265.6,101679.8,100842.1,101441.9,3509.761
2025-11-05T00:00:00Z,101441.9,101714.7,100302.6,100529.0,3880.466
2025-11-05T01:00:00Z,100529.0,100976.0,98894.6,100714.1,9127.179
2025-11-05T02:00:00Z,100714.1,101911.0,100703.1,101638.7,6546.903
2025-11-05T03:00:00Z,101638.7,102234.7,101414.1,102093.6,4696.054
2025-11-05T04:00:00Z,102093.6,102200.0,101474.2,101946.7,3076.312
2025-11-05T05:00:00Z,101946.7,102312.3,101540.8,101769.2,2247.974
2025-11-05T06:00:00Z,101769.2,102088.8,101389.4,102068.5,1929.961
2025-11-05T07:00:00Z,102068.5,102129.1,101550.0,101944.7,1511.669
2025-11-05T08:00:00Z,101944.7,101944.7,101122.8,101650.3,3823.734
2025-11-05T09:00:00Z,101650.3,102178.1,101561.8,101950.0,1842.025
2025-11-05T10:00:00Z,101950.0,101961.1,101239.3,101344.6,1760.178
2025-11-05T11:00:00Z,101344.6,102074.0,101326.6,102024.4,1770.06
2025-11-05T12:00:00Z,102024.4,102749.9,101877.6,102615.6,3941.151
2025-11-05T13:00:00Z,102615.6,103193.6,102230.0,102915.8,4908.309
2025-11-05T14:00:00Z,102915.8,103400.0,102108.0,103146.9,6270.691
2025-11-05T15:00:00Z,103146.9,103750.0,102768.1,103676.1,5164.269
2025-11-05T16:00:00Z,103676.1,103995.9,102990.4,103870.9,4209.584
2025-11-05T17:00:00Z,103870.9,103960.4,103320.0,103858.5,3213.959
2025-11-05T18:00:00Z,103858.5,104400.0,103708.3,104294.0,3393.097
2025-11-05T19:00:00Z,104294.0,104495.4,103908.8,103949.6,2022.081
2025-11-05T20:00:00Z,103949.6,104500.0,103567.4,103789.8,3200.37
2025-11-05T21:00:00Z,103789.8,103789.8,103372.2,103623.4,2003.69
2025-11-05T22:00:00Z,103623.4,103754.8,103237.5,103655.4,1530.075
2025-11-05T23:00:00Z,103655.4,104076.6,103606.5,103835.2,1656.159
2025-11-06T00:00:00Z,103835.2,103843.7,103252.5,103641.0,2323.3
2025-11-06T01:00:00Z,103641.0,103641.0,102662.8,103317.5,4023.096
2025-11-06T02:00:00Z,103317.5,103550.0,102805.5,103271.7,2255.103
2025-11-06T03:00:00Z,103271.7,103923.6,103271.7,103603.3,1928.027
2025-11-06T04:00:00Z,103603.3,104167.0,103521.4,103989.6,1403.607
2025-11-06T05:00:00Z,103989.6,103989.6,103025.0,103101.6,2737.034
2025-11-06T06:00:00Z,103101.6,103550.0,102940.3,103266.7,1490.255
2025-11-06T07:00:00Z,103266.7,103522.1,102848.2,103127.2,2556.107
2025-11-06T08:00:00Z,103127.2,103400.0,102920.0,103157.7,1103.835
2025-11-06T09:00:00Z,103157.7,103224.0,102755.3,102755.4,1312.498
2025-11-06T10:00:00Z,102755.4,103250.0,102580.5,103088.2,2059.454
2025-11-06T11:00:00Z,103088.2,103300.6,102683.1,103200.0,2174.763
2025-11-06T12:00:00Z,103200.0,103300.0,102350.0,102519.1,4023.723
2025-11-06T13:00:00Z,102519.1,103616.4,102519.0,103283.0,3630.408
2025-11-06T14:00:00Z,103283.0,103549.8,101917.8,102078.6,8034.915
2025-11-06T15:00:00Z,102078.6,102871.3,101555.5,101964.3,9105.006
2025-11-06T16:00:00Z,101964.3,102353.0,100234.5,100806.7,10330.117
2025-11-06T17:00:00Z,100806.7,101899.9,100687.5,101740.1,5253.354
2025-11-06T18:00:00Z,101740.1,102292.3,100829.3,101664.1,5408.811
2025-11-06T19:00:00Z,101664.1,101960.0,101150.0,101326.1,2720.4
2025-11-06T20:00:00Z,101326.1,101607.0,100546.9,100868.0,3058.95
2025-11-06T21:00:00Z,100868.0,101190.4,100455.0,101065.5,2972.681
2025-11-06T22:00:00Z,101065.5,101436.7,100949.4,101350.9,1505.701
2025-11-06T23:00:00Z,101350.9,101492.9,101060.8,101296.2,2162.843
2025-11-07T00:00:00Z,101296.2,101588.4,100682.7,101424.4,2840.001
2025-11-07T01:00:00Z,101424.4,101825.0,100820.9,101485.8,3142.401
2025-11-07T02:00:00Z,101485.8,101888.8,101191.0,101864.1,2153.793
2025-11-07T03:00:00Z,101864.1,102331.7,101828.2,101858.5,2282.461
2025-11-07T04:00:00Z,101858.5,102020.0,101530.0,101977.3,2145.624
2025-11-07T05:00:00Z,101977.3,102494.8,101964.4,102412.1,2157.883
2025-11-07T06:00:00Z,102412.1,102470.5,101766.8,101774.9,1285.158
2025-11-07T07:00:00Z,101774.9,101982.5,101580.9,101971.4,1988.056
2025-11-07T08:00:00Z,101971.4,102019.1,101358.8,101458.4,1762.11
2025-11-07T09:00:00Z,101458.4,101475.7,100731.1,100966.3,4096.843
2025-11-07T10:00:00Z,100966.3,101213.8,100479.0,100717.3,2535.924
2025-11-07T11:00:00Z,100717.3,100753.1,99754.2,100339.5,7971.21
2025-11-07T12:00:00Z,100339.5,100580.0,99201.8,99589.1,5721.577
2025-11-07T13:00:00Z,99589.1,100535.4,99385.6,100291.4,5090.844
2025-11-07T14:00:00Z,100291.4,100888.0,99432.9,100744.8,7128.594
2025-11-07T15:00:00Z,100744.8,101223.7,100304.0,100755.8,5945.746
2025-11-07T16:00:00Z,100755.8,101621.7,100473.4,101118.0,5450.174
2025-11-07T17:00:00Z,101118.0,102704.3,100873.0,102357.5,6516.762
2025-11-07T18:00:00Z,102357.5,102835.2,102250.0,102565.1,4695.87
2025-11-07T19:00:00Z,102565.1,103368.9,102440.0,103367.0,3445.504
2025-11-07T20:00:00Z,103367.0,103870.0,102910.0,103729.8,3853.204
2025-11-07T21:00:00Z,103729.8,103840.0,103302.0,103840.0,1641.399
2025-11-07T22:00:00Z,103840.0,104047.6,103550.5,103579.5,1938.961
2025-11-07T23:00:00Z,103579.5,103727.3,103265.5,103300.5,1604.658
2025-11-08T00:00:00Z,103300.5,103378.7,102460.0,102660.9,2773.635
2025-11-08T01:00:00Z,102660.9,103196.0,102611.8,102949.5,1169.229
2025-11-08T02:00:00Z,102949.5,103294.0,102693.3,102796.0,2273.992
2025-11-08T03:00:00Z,102796.0,103253.8,102510.4,102520.4,1756.782
2025-11-08T04:00:00Z,102520.4,102797.0,102333.0,102509.6,1645.461
2025-11-08T05:00:00Z,102509.6,102689.7,102219.0,102255.8,1061.473
2025-11-08T06:00:00Z,102255.8,102479.9,102008.6,102174.2,1675.415
2025-11-08T07:00:00Z,102174.2,102355.9,101832.8,102292.2,1767.661
2025-11-08T08:00:00Z,102292.2,102633.4,102094.6,102374.1,1351.488
2025-11-08T09:00:00Z,102374.1,102550.0,102174.0,102340.1,759.922
2025-11-08T10:00:00Z,102340.1,102530.4,102227.3,102421.1,595.097
2025-11-08T11:00:00Z,102421.1,102585.3,101670.0,101803.3,2538.578
2025-11-08T12:00:00Z,101803.3,102066.3,101668.0,102003.8,1320.977
2025-11-08T13:00:00Z,102003.8,102138.9,101619.7,101749.8,1535.144
2025-11-08T14:00:00Z,101749.8,102040.0,101408.7,101778.7,2262.343
2025-11-08T15:00:00Z,101778.7,101912.3,101428.0,101670.0,1413.161
2025-11-08T16:00:00Z,101670.0,101917.0,101462.0,101805.7,1091.595
2025-11-08T17:00:00Z,101805.7,101970.4,101478.6,101932.4,890.465
2025-11-08T18:00:00Z,101932.4,102174.1,101769.7,102074.3,811.831
2025-11-08T19:00:00Z,102074.3,102141.8,101438.9,101940.0,1812.465
2025-11-08T20:00:00Z,101940.0,102128.8,101893.3,102025.0,542.705
2025-11-08T21:00:00Z,102025.0,102333.0,101960.3,102223.4,955.18
2025-11-08T22:00:00Z,102223.4,102371.9,102125.0,102330.5,772.737
2025-11-08T23:00:00Z,102330.5,102440.0,102228.9,102268.6,395.815
2025-11-09T00:00:00Z,102268.6,102300.0,101563.8,101747.1,2215.483
2025-11-09T01:00:00Z,101747.1,102078.8,101635.1,101996.5,733.394
2025-11-09T02:00:00Z,101996.5,101996.5,101525.0,101582.6,654.507
2025-11-09T03:00:00Z,101582.6,101768.3,101237.3,101608.3,2060.016
2025-11-09T04:00:00Z,101608.3,102111.4,101586.4,101673.1,1558.762
2025-11-09T05:00:00Z,101673.1,101980.0,101628.0,101883.5,801.3
2025-11-09T06:00:00Z,101883.5,101931.0,101635.9,101710.8,1190.736
2025-11-09T07:00:00Z,101710.8,101938.8,101633.3,101915.4,1502.243
2025-11-09T08:00:00Z,101915.4,102017.1,101763.4,101948.1,1122.048
2025-11-09T09:00:00Z,101948.1,102096.9,101561.4,101594.4,1825.248
2025-11-09T10:00:00Z,101594.4,101877.9,101450.0,101834.8,1636.595
2025-11-09T11:00:00Z,101834.8,102310.5,101834.8,102208.5,2309.329
2025-11-09T12:00:00Z,102208.5,102406.2,102000.0,102051.7,1174.136
2025-11-09T13:00:00Z,102051.7,102974.6,102030.0,102871.8,2725.325
2025-11-09T14:00:00Z,102871.8,104005.0,102703.9,103000.0,6798.742
2025-11-09T15:00:00Z,103000.0,104158.1,102920.3,103714.7,4158.91
2025-11-09T16:00:00Z,103714.7,103900.0,103277.6,103815.0,2582.152
2025-11-09T17:00:00Z,103815.0,103938.8,103271.4,103600.0,1649.975
2025-11-09T18:00:00Z,103600.0,104567.2,103470.0,104485.3,3191.507
2025-11-09T19:00:00Z,104485.3,104788.0,104098.4,104776.3,4197.728
2025-11-09T20:00:00Z,104776.3,105064.1,104351.4,104585.8,3344.036
2025-11-09T21:00:00Z,104585.8,104815.2,104259.1,104487.0,1474.781
2025-11-09T22:00:00Z,104487.0,104782.7,104050.0,104695.8,3230.767
2025-11-09T23:00:00Z,104695.8,105442.9,104468.9,104665.0,4054.914
2025-11-10T00:00:00Z,104665.0,106487.6,104211.6,106259.3,7162.48
2025-11-10T01:00:00Z,106259.3,106634.8,105670.0,105670.0,4771.16
2025-11-10T02:00:00Z,105670.0,106023.2,105550.0,105960.0,1851.708
2025-11-10T03:00:00Z,105960.0,106251.7,105787.9,105982.0,1832.381
2025-11-10T04:00:00Z,105982.0,106268.0,105797.3,106115.3,2384.55
2025-11-10T05:00:00Z,106115.3,106438.1,105943.2,106056.0,2051.156
2025-11-10T06:00:00Z,106056.0,106267.2,105905.6,106172.3,1203.28
2025-11-10T07:00:00Z,106172.3,106500.0,106100.2,106431.9,1963.758
2025-11-10T08:00:00Z,106431.9,106541.0,105853.3,105926.9,2121.183
2025-11-10T09:00:00Z,105926.9,106573.9,105775.0,106404.4,2690.496
2025-11-10T10:00:00Z,106404.4,106420.1,105915.3,105947.8,1237.143
2025-11-10T11:00:00Z,105947.8,106284.7,105905.3,106132.5,973.158
2025-11-10T12:00:00Z,106132.5,106181.7,105810.5,105899.6,1142.599
2025-11-10T13:00:00Z,105899.6,106585.7,105867.8,106506.9,2694.309
2025-11-10T14:00:00Z,106506.9,106506.9,104626.8,104847.7,8889.965
2025-11-10T15:00:00Z,104847.7,105590.4,104602.1,105025.8,6164.171
2025-11-10T16:00:00Z,105025.8,105310.0,104728.8,105184.9,3256.361
2025-11-10T17:00:00Z,105184.9,105954.6,105130.4,105902.8,2449.329
2025-11-10T18:00:00Z,105902.8,106033.8,105420.0,105426.7,1696.547
2025-11-10T19:00:00Z,105426.7,105997.6,105352.4,105765.8,1739.633
2025-11-10T20:00:00Z,105765.8,106299.9,105745.8,105952.3,1750.287
2025-11-10T21:00:00Z,105952.3,105971.3,105200.4,105562.8,2488.782
2025-11-10T22:00:00Z,105562.8,106093.0,105299.9,106006.5,1800.958
2025-11-10T23:00:00Z,106006.5,106241.8,105842.3,105969.5,1356.086
2025-11-11T00:00:00Z,105969.5,106108.8,105455.1,106087.1,1800.321
2025-11-11T01:00:00Z,106087.1,107481.0,105948.1,106050.0,6716.077
2025-11-11T02:00:00Z,106050.0,107094.9,105546.3,106596.9,3839.211
2025-11-11T03:00:00Z,106596.9,107062.3,106314.0,106411.8,1732.187
2025-11-11T04:00:00Z,106411.8,106500.0,105643.0,105696.4,1870.729
2025-11-11T05:00:00Z,105696.4,105697.5,105100.0,105191.1,2511.539
2025-11-11T06:00:00Z,105191.1,105290.0,104826.6,105200.3,3799.237
2025-11-11T07:00:00Z,105200.3,105279.2,104686.0,104730.1,2238.452
2025-11-11T08:00:00Z,104730.1,105231.8,104711.6,105105.6,1502.316
2025-11-11T09:00:00Z,105105.6,105430.0,104850.1,104910.5,2064.678
2025-11-11T10:00:00Z,104910.5,105200.4,104867.0,105113.5,1266.828
2025-11-11T11:00:00Z,105113.5,105458.7,105083.4,105258.1,1383.598
2025-11-11T12:00:00Z,105258.1,105491.6,104348.7,104496.8,4109.307
2025-11-11T13:00:00Z,104496.8,104667.9,104033.9,104351.5,4451.376
2025-11-11T14:00:00Z,104351.5,104624.3,103800.0,104515.5,4919.38
2025-11-11T15:00:00Z,104515.5,104515.5,103149.2,103420.1,8272.815
2025-11-11T16:00:00Z,103420.1,103709.8,103165.0,103370.4,3023.822
2025-11-11T17:00:00Z,103370.4,103598.3,102804.0,103300.0,4240.378
2025-11-11T18:00:00Z,103300.0,103537.4,103019.7,103358.1,3716.71
2025-11-11T19:00:00Z,103358.1,103427.8,102838.2,103082.4,1803.685
2025-11-11T20:00:00Z,103082.4,103200.0,102621.0,102785.2,2531.162
2025-11-11T21:00:00Z,102785.2,103062.3,102420.5,102600.3,2958.906
2025-11-11T22:00:00Z,102600.3,103127.9,102463.9,102941.9,1563.366
2025-11-11T23:00:00Z,102941.9,103171.7,102741.6,103009.7,1336.179
2025-11-12T00:00:00Z,103009.7,103278.0,102757.7,102828.7,1571.167
2025-11-12T01:00:00Z,102828.7,103333.0,102626.3,103195.6,2235.805
2025-11-12T02:00:00Z,103195.6,103362.4,102884.1,103097.1,1460.707
2025-11-12T03:00:00Z,103097.1,103417.2,103040.9,103272.7,1128.185
2025-11-12T04:00:00Z,103272.7,103428.0,102959.4,103199.9,824.468
2025-11-12T05:00:00Z,103199.9,103425.4,103182.6,103346.5,786.356
2025-11-12T06:00:00Z,103346.5,103627.1,103300.0,103305.3,1475.73
2025-11-12T07:00:00Z,103305.3,103500.0,103011.5,103074.1,1052.551
2025-11-12T08:00:00Z,103074.1,104199.8,103074.1,104105.5,3575.236
2025-11-12T09:00:00Z,104105.5,105058.3,104100.0,104481.2,6354.307
2025-11-12T10:00:00Z,104481.2,105010.0,104463.3,104860.0,2064.272
2025-11-12T11:00:00Z,104860.0,105189.2,104700.0,104998.5,2440.376
2025-11-12T12:00:00Z,104998.5,105316.9,104776.2,104952.2,3061.563
2025-11-12T13:00:00Z,104952.2,105147.6,104580.0,105009.3,2669.214
2025-11-12T14:00:00Z,105009.3,105009.4,103510.1,103946.9,7433.343
2025-11-12T15:00:00Z,103946.9,104270.0,101880.0,102110.2,11936.967
2025-11-12T16:00:00Z,102110.2,102233.4,101300.0,101390.6,11519.816
2025-11-12T17:00:00Z,101390.6,102130.2,101352.9,101693.8,4523.551
2025-11-12T18:00:00Z,101693.8,101912.0,101333.6,101490.1,2922.565
2025-11-12T19:00:00Z,101490.1,101520.0,100741.8,101240.3,5444.187
2025-11-12T20:00:00Z,101240.3,101792.7,101078.3,101490.2,2273.292
2025-11-12T21:00:00Z,101490.2,101876.4,101462.7,101875.1,1666.573
2025-11-12T22:00:00Z,101875.1,101958.1,101380.4,101925.1,1300.745
2025-11-12T23:00:00Z,101925.1,101961.8,101407.5,101595.6,1780.027
2025-11-13T00:00:00Z,101595.6,102002.2,101409.0,101813.6,1454.235
2025-11-13T01:00:00Z,101813.6,102584.7,101785.1,101953.1,3968.844
2025-11-13T02:00:00Z,101953.1,102292.6,101915.3,102008.5,1285.941
2025-11-13T03:00:00Z,102008.5,102530.8,100855.0,102080.0,6116.535
2025-11-13T04:00:00Z,102080.0,102371.3,101579.0,102062.8,4080.014
2025-11-13T05:00:00Z,102062.8,103402.8,101708.6,103091.0,4085.718
2025-11-13T06:00:00Z,103091.0,103634.4,102850.9,103545.0,4992.823
2025-11-13T07:00:00Z,103545.0,104031.9,103262.2,103428.0,4774.123
2025-11-13T08:00:00Z,103428.0,103767.1,103253.6,103629.9,2022.648
2025-11-13T09:00:00Z,103629.9,103700.0,102482.7,102791.4,5264.764
2025-11-13T10:00:00Z,102791.4,103246.0,102717.9,102944.3,1770.632
2025-11-13T11:00:00Z,102944.3,103131.5,102651.7,102888.6,1391.944
2025-11-13T12:00:00Z,102888.6,103235.0,102678.4,103093.8,1667.204
2025-11-13T13:00:00Z,103093.8,103123.2,102086.1,102273.2,5258.616
2025-11-13T14:00:00Z,102273.2,103442.0,101678.7,102821.1,8626.033
2025-11-13T15:00:00Z,102821.1,102999.9,101116.4,101314.0,9230.629
2025-11-13T16:00:00Z,101314.0,101484.0,100500.0,100569.7,7343.947
2025-11-13T17:00:00Z,100569.7,100763.2,99555.0,99590.1,9432.392
2025-11-13T18:00:00Z,99590.1,99864.2,98053.3,98535.6,14922.043
2025-11-13T19:00:00Z,98535.6,99217.0,98240.0,98619.8,7625.441
2025-11-13T20:00:00Z,98619.8,98953.4,97931.0,98100.0,6413.934
2025-11-13T21:00:00Z,98100.0,98854.9,97971.1,98760.1,2938.929
2025-11-13T22:00:00Z,98760.1,99901.4,98639.5,99803.0,3479.356
2025-11-13T23:00:00Z,99803.0,100453.0,99515.1,99629.0,4913.497
2025-11-14T00:00:00Z,99629.0,99737.1,98666.5,98932.0,6466.888
2025-11-14T01:00:00Z,98932.0,99519.6,98628.1,99199.7,2844.058
2025-11-14T02:00:00Z,99199.7,99901.5,99190.0,99573.6,2227.086
2025-11-14T03:00:00Z,99573.6,99609.8,98739.4,99096.3,2007.347
2025-11-14T04:00:00Z,99096.3,99126.9,96633.0,97769.2,13130.166
2025-11-14T05:00:00Z,97769.2,97998.4,96950.0,97486.7,5003.308
2025-11-14T06:00:00Z,97486.7,97566.6,95858.6,97516.3,9073.66
2025-11-14T07:00:00Z,97516.3,97698.8,96720.9,97096.5,5952.913
2025-11-14T08:00:00Z,97096.5,97424.5,96703.1,97332.5,3383.395
2025-11-14T09:00:00Z,97332.5,97514.7,96610.0,96800.1,3009.556
2025-11-14T10:00:00Z,96800.1,97258.6,96600.1,96693.8,2377.833
2025-11-14T11:00:00Z,96693.8,96908.8,95656.2,96123.2,6175.654
2025-11-14T12:00:00Z,96123.2,96129.4,94500.0,95326.8,12111.301
2025-11-14T13:00:00Z,95326.8,95704.1,94525.7,95202.0,7620.025
2025-11-14T14:00:00Z,95202.0,96763.1,94911.0,96490.0,10465.306
2025-11-14T15:00:00Z,96490.0,97272.3,95812.0,96754.8,6632.795
2025-11-14T16:00:00Z,96754.8,97383.4,96185.0,96978.0,5433.961
2025-11-14T17:00:00Z,96978.0,97096.8,95497.9,95797.5,5518.518
2025-11-14T18:00:00Z,95797.5,96283.5,94900.2,95022.9,5298.468
2025-11-14T19:00:00Z,95022.9,95914.1,94737.7,95740.3,4239.219
2025-11-14T20:00:00Z,95740.3,95930.3,94158.0,94341.0,6712.952
2025-11-14T21:00:00Z,94341.0,95120.0,94187.0,95018.8,3632.903
2025-11-14T22:00:00Z,95018.8,95457.8,94654.4,95142.3,2806.02
2025-11-14T23:00:00Z,95142.3,95142.3,93905.9,94533.3,5676.331
2025-11-15T00:00:00Z,94533.3,95364.1,94511.7,95111.3,2945.367
2025-11-15T01:00:00Z,95111.3,95798.2,94699.7,95609.3,2991.9
2025-11-15T02:00:00Z,95609.3,96450.0,95366.1,96431.0,3044.824
2025-11-15T03:00:00Z,96431.0,96777.0,96089.3,96381.1,2351.865
2025-11-15T04:00:00Z,96381.1,96474.0,95871.3,96070.8,2210.749
2025-11-15T05:00:00Z,96070.8,96385.0,95933.5,96298.6,1487.152
2025-11-15T06:00:00Z,96298.6,96542.6,95929.7,96087.1,1390.117
2025-11-15T07:00:00Z,96087.1,96328.4,95917.1,96287.3,1310.126
2025-11-15T08:00:00Z,96287.3,96311.8,95610.2,95870.0,3036.814
2025-11-15T09:00:00Z,95870.0,96122.7,95631.9,95775.4,1252.22
2025-11-15T10:00:00Z,95775.4,96040.2,95650.0,95911.1,1251.347
2025-11-15T11:00:00Z,95911.1,95944.7,95573.7,95660.9,1003.857
2025-11-15T12:00:00Z,95660.9,95837.7,95526.6,95769.6,887.98
2025-11-15T13:00:00Z,95769.6,96341.1,95685.7,96332.1,1909.593
2025-11-15T14:00:00Z,96332.1,96439.6,95966.1,96204.5,1410.392
2025-11-15T15:00:00Z,96204.5,96395.5,96068.0,96219.7,825.476
2025-11-15T16:00:00Z,96219.7,96298.0,95667.2,96117.9,2339.063
2025-11-15T17:00:00Z,96117.9,96362.9,95803.5,96200.0,1567.329
2025-11-15T18:00:00Z,96200.0,96312.4,95928.0,96013.9,856.04
2025-11-15T19:00:00Z,96013.9,96112.4,95871.5,95961.9,617.286
2025-11-15T20:00:00Z,95961.9,95983.0,95038.1,95228.2,3864.507
2025-11-15T21:00:00Z,95228.2,95635.2,95070.0,95233.6,1898.577
2025-11-15T22:00:00Z,95233.6,95621.1,95176.1,95570.1,1182.821
2025-11-15T23:00:00Z,95570.1,95664.1,95436.2,95559.1,576.877
2025-11-16T00:00:00Z,95559.1,95669.8,95140.5,95313.3,886.481
2025-11-16T01:00:00Z,95313.3,95460.2,94760.9,95229.3,2372.458
2025-11-16T02:00:00Z,95229.3,95921.7,95045.0,95918.3,1929.946
2025-11-16T03:00:00Z,95918.3,95949.8,95588.8,95774.7,911.309
2025-11-16T04:00:00Z,95774.7,95886.9,95598.3,95778.8,744.875
2025-11-16T05:00:00Z,95778.8,96170.1,95758.5,95846.3,1201.878
2025-11-16T06:00:00Z,95846.3,96000.0,95703.5,95754.9,641.129
2025-11-16T07:00:00Z,95754.9,96061.5,95677.0,96060.8,1268.395
2025-11-16T08:00:00Z,96060.8,96192.9,95815.6,96072.6,1394.833
2025-11-16T09:00:00Z,96072.6,96594.9,95875.9,96577.7,1447.685
2025-11-16T10:00:00Z,96577.7,96577.7,96323.3,96405.1,1133.582
2025-11-16T11:00:00Z,96405.1,96411.8,95456.1,95582.5,3142.653
2025-11-16T12:00:00Z,95582.5,95860.0,95406.7,95720.0,1756.566
2025-11-16T13:00:00Z,95720.0,95816.3,95070.0,95368.6,2209.496
2025-11-16T14:00:00Z,95368.6,95630.6,95262.9,95490.0,1363.335
2025-11-16T15:00:00Z,95490.0,95520.0,94322.0,94535.7,4771.218
2025-11-16T16:00:00Z,94535.7,94911.2,93938.4,94181.0,5757.443
2025-11-16T17:00:00Z,94181.0,94485.6,93652.0,94317.8,4531.788
2025-11-16T18:00:00Z,94317.8,95533.8,93736.3,94011.1,7085.178
2025-11-16T19:00:00Z,94011.1,94569.0,93876.4,93990.0,2508.522
2025-11-16T20:00:00Z,93990.0,94706.2,93892.6,94053.2,1874.02
2025-11-16T21:00:00Z,94053.2,94167.7,93251.3,93459.9,3966.705
2025-11-16T22:00:00Z,93459.9,94496.8,92956.8,94150.2,6192.648
2025-11-16T23:00:00Z,94150.2,94513.5,92920.1,94215.9,6298.211
2025-11-17T00:00:00Z,94215.9,95350.0,93723.0,95261.0,6409.95
2025-11-17T01:00:00Z,95261.0,95466.4,94679.8,94732.2,2154.952
2025-11-17T02:00:00Z,94732.2,95378.5,94668.3,94939.6,1570.946
2025-11-17T03:00:00Z,94939.6,95522.5,94927.0,95464.7,2495.828
2025-11-17T04:00:00Z,95464.7,95550.0,94856.0,95066.4,2549.388
2025-11-17T05:00:00Z,95066.4,95236.2,94868.5,95096.0,1345.124
2025-11-17T06:00:00Z,95096.0,95311.8,94843.1,95242.0,1285.801
2025-11-17T07:00:00Z,95242.0,95847.5,95160.2,95608.9,2732.458
2025-11-17T08:00:00Z,95608.9,95989.0,95478.9,95582.3,3071.959
2025-11-17T09:00:00Z,95582.3,95848.1,95246.6,95616.8,1961.357
2025-11-17T10:00:00Z,95616.8,95848.0,95502.3,95613.9,1155.514
2025-11-17T11:00:00Z,95613.9,95906.4,95337.4,95530.9,1644.693
2025-11-17T12:00:00Z,95530.9,95554.5,95221.1,95284.2,1734.843
2025-11-17T13:00:00Z,95284.2,95337.0,93534.0,93921.3,9139.267
2025-11-17T14:00:00Z,93921.3,96046.2,93712.1,94720.0,12778.206
2025-11-17T15:00:00Z,94720.0,94976.3,93731.2,93912.4,6585.396
2025-11-17T16:00:00Z,93912.4,94394.3,93000.0,94277.2,9237.747
2025-11-17T17:00:00Z,94277.2,94357.7,92602.2,92711.3,6046.378
2025-11-17T18:00:00Z,92711.3,93221.5,92374.7,92495.8,7012.32
2025-11-17T19:00:00Z,92495.8,92614.9,91556.9,91650.0,7548.53
2025-11-17T20:00:00Z,91650.0,92211.9,91227.7,91886.1,9455.782
2025-11-17T21:00:00Z,91886.1,92233.0,91455.7,91918.4,4609.238
2025-11-17T22:00:00Z,91918.4,92370.0,91764.1,92218.4,2454.027
2025-11-17T23:00:00Z,92218.4,92256.1,91735.9,92171.4,1764.942
2025-11-18T00:00:00Z,92171.4,92332.8,91129.6,92122.2,5383.077
2025-11-18T01:00:00Z,92122.2,92177.8,91555.7,91656.5,2907.754
2025-11-18T02:00:00Z,91656.5,91700.0,90625.0,90827.1,8379.229
2025-11-18T03:00:00Z,90827.1,90890.0,89655.0,90800.8,11842.098
2025-11-18T04:00:00Z,90800.8,90830.8,89243.1,90045.6,10167.543
2025-11-18T05:00:00Z,90045.6,90463.5,89683.7,90184.0,4135.466
2025-11-18T06:00:00Z,90184.0,90191.1,89327.5,89614.1,3969.055
2025-11-18T07:00:00Z,89614.1,90519.0,89288.1,90455.1,3885.871
2025-11-18T08:00:00Z,90455.1,91430.1,90455.0,91186.5,6715.228
2025-11-18T09:00:00Z,91186.5,91450.0,90840.1,91360.5,3728.867
2025-11-18T10:00:00Z,91360.5,91572.3,91213.8,91550.8,2289.397
2025-11-18T11:00:00Z,91550.8,91576.2,91199.7,91483.2,1869.066
2025-11-18T12:00:00Z,91483.2,91853.3,91062.8,91481.6,4291.919
2025-11-18T13:00:00Z,91481.6,91633.0,90868.8,91441.6,4557.883
2025-11-18T14:00:00Z,91441.6,92412.0,91174.0,91296.8,9566.604
2025-11-18T15:00:00Z,91296.8,93000.0,90947.3,92864.8,12188.686
2025-11-18T16:00:00Z,92864.8,93800.0,92545.0,93456.6,8132.291
2025-11-18T17:00:00Z,93456.6,93619.3,92777.0,93222.0,4022.576
2025-11-18T18:00:00Z,93222.0,93741.5,93105.0,93295.9,3339.351
2025-11-18T19:00:00Z,93295.9,93591.2,92918.4,93139.0,3575.921
2025-11-18T20:00:00Z,93139.0,93275.1,92588.5,92745.0,3178.986
2025-11-18T21:00:00Z,92745.0,92991.7,92401.9,92442.8,2210.292
2025-11-18T22:00:00Z,92442.8,93400.0,92440.0,93119.8,3382.967
2025-11-18T23:00:00Z,93119.8,93137.2,92697.8,92925.0,1518.296
2025-11-19T00:00:00Z,92925.0,92950.0,91865.0,92382.8,4240.061
2025-11-19T01:00:00Z,92382.8,92621.4,91900.0,92412.0,2668.375
2025-11-19T02:00:00Z,92412.0,92864.8,92229.9,92531.5,2014.105
2025-11-19T03:00:00Z,92531.5,92605.4,91620.0,91838.3,2688.093
2025-11-19T04:00:00Z,91838.3,91934.0,91111.5,91121.6,3726.181
2025-11-19T05:00:00Z,91121.6,91229.5,89972.2,90406.4,8410.063
2025-11-19T06:00:00Z,90406.4,91062.3,90225.1,90931.6,4696.088
2025-11-19T07:00:00Z,90931.6,91975.2,90897.9,91812.2,4676.032
2025-11-19T08:00:00Z,91812.2,91918.9,91250.2,91432.8,4236.459
2025-11-19T09:00:00Z,91432.8,91489.6,91024.4,91480.6,3335.974
2025-11-19T10:00:00Z,91480.6,91658.0,91179.9,91262.8,2126.041
2025-11-19T11:00:00Z,91262.8,91742.8,91262.8,91362.8,1477.34
2025-11-19T12:00:00Z,91362.8,91863.5,91155.8,91732.6,2332.547
2025-11-19T13:00:00Z,91732.6,91862.8,91172.0,91350.0,4381.718
2025-11-19T14:00:00Z,91350.0,91815.0,90957.9,91670.5,5373.319
2025-11-19T15:00:00Z,91670.5,92346.4,89801.4,89887.9,13536.172
2025-11-19T16:00:00Z,89887.9,90176.4,89388.0,89848.1,8724.117
2025-11-19T17:00:00Z,89848.1,90084.6,88836.0,89458.4,8785.058
2025-11-19T18:00:00Z,89458.4,89679.5,88727.1,89199.9,6152.412
2025-11-19T19:00:00Z,89199.9,89339.7,88580.3,88850.1,4683.969
2025-11-19T20:00:00Z,88850.1,89689.7,88571.6,89478.0,4960.533
2025-11-19T21:00:00Z,89478.0,90829.4,89397.1,90567.1,7987.111
2025-11-19T22:00:00Z,90567.1,90607.5,90067.1,90447.3,2374.909
2025-11-19T23:00:00Z,90447.3,91549.6,90446.7,91509.0,4612.161
2025-11-20T00:00:00Z,91509.0,92286.2,91150.0,91866.1,4671.188
2025-11-20T01:00:00Z,91866.1,92700.1,91790.4,92571.7,4182.614
2025-11-20T02:00:00Z,92571.7,92783.0,92305.8,92571.4,2804.17
2025-11-20T03:00:00Z,92571.4,92716.6,92333.0,92421.6,2215.685
2025-11-20T04:00:00Z,92421.6,92994.1,92078.8,92946.9,4686.568
2025-11-20T05:00:00Z,92946.9,93150.0,92529.1,92583.7,2744.55
2025-11-20T06:00:00Z,92583.7,92836.3,91666.9,91946.6,3903.185
2025-11-20T07:00:00Z,91946.6,92424.7,91765.9,92295.5,2549.667
2025-11-20T08:00:00Z,92295.5,92380.0,92005.3,92100.6,1477.008
2025-11-20T09:00:00Z,92100.6,92111.0,91387.0,91867.4,3407.849
2025-11-20T10:00:00Z,91867.4,92033.3,91551.7,91762.5,2364.936
2025-11-20T11:00:00Z,91762.5,91970.0,91433.2,91879.1,1911.566
2025-11-20T12:00:00Z,91879.1,91967.8,91632.4,91796.3,1465.283
2025-11-20T13:00:00Z,91796.3,92500.0,91444.0,91483.6,6427.273
2025-11-20T14:00:00Z,91483.6,91622.3,90366.7,91062.0,13151.225
2025-11-20T15:00:00Z,91062.0,91137.1,89759.2,89809.3,8719.408
2025-11-20T16:00:00Z,89809.3,89878.0,87450.0,87852.9,22167.644
2025-11-20T17:00:00Z,87852.9,88147.5,86279.1,87197.5,16155.451
2025-11-20T18:00:00Z,87197.5,87732.8,86250.6,86438.8,8452.654
2025-11-20T19:00:00Z,86438.8,87142.0,86050.2,86877.7,9601.914
2025-11-20T20:00:00Z,86877.7,87109.4,86280.0,86440.4,4777.999
2025-11-20T21:00:00Z,86440.4,87635.0,86400.0,87237.0,3655.053
2025-11-20T22:00:00Z,87237.0,88211.0,87165.5,88020.0,4885.108
2025-11-20T23:00:00Z,88020.0,88124.5,86500.0,86583.0,6378.741
2025-11-21T00:00:00Z,86583.0,87460.0,86537.6,87240.9,3542.625
2025-11-21T01:00:00Z,87240.9,87432.0,86781.0,87010.9,2255.208
2025-11-21T02:00:00Z,87010.9,87034.2,85308.0,85404.3,11673.464
2025-11-21T03:00:00Z,85404.3,86098.7,85400.0,85780.0,4589.665
2025-11-21T04:00:00Z,85780.0,86088.8,85346.3,86013.5,3129.228
2025-11-21T05:00:00Z,86013.5,86300.0,85773.3,86160.0,3799.259
2025-11-21T06:00:00Z,86160.0,86220.1,85500.1,85530.9,2847.39
2025-11-21T07:00:00Z,85530.9,85729.6,81300.8,84000.1,36257.318
2025-11-21T08:00:00Z,84000.1,84669.7,83540.8,83600.2,8306.273
2025-11-21T09:00:00Z,83600.2,83975.6,82078.0,82180.7,13330.337
2025-11-21T10:00:00Z,82180.7,82907.1,81602.3,82671.2,11623.85
2025-11-21T11:00:00Z,82671.2,83319.0,82155.8,82284.7,6407.38
2025-11-21T12:00:00Z,82284.7,83573.8,80607.9,83242.4,21572.866
2025-11-21T13:00:00Z,83242.4,84392.9,83072.5,84073.7,10590.624
2025-11-21T14:00:00Z,84073.7,85469.2,83501.0,84800.1,16685.792
2025-11-21T15:00:00Z,84800.1,85060.9,82701.2,82896.8,13642.982
2025-11-21T16:00:00Z,82896.8,84897.0,82280.0,84895.2,12447.742
2025-11-21T17:00:00Z,84895.2,85535.7,84547.8,84848.4,8774.659
2025-11-21T18:00:00Z,84848.4,85048.0,83255.9,84540.1,11252.778
2025-11-21T19:00:00Z,84540.1,84997.4,84030.0,84164.6,3292.399
2025-11-21T20:00:00Z,84164.6,84621.2,83412.2,84526.7,5594.708
2025-11-21T21:00:00Z,84526.7,85373.0,84285.6,85149.8,3957.23
2025-11-21T22:00:00Z,85149.8,85373.0,84213.7,84239.3,3617.348
2025-11-21T23:00:00Z,84239.3,85318.2,84075.3,85097.1,2883.749
2025-11-22T00:00:00Z,85097.1,85592.2,84512.1,84700.1,3404.58
2025-11-22T01:00:00Z,84700.1,85168.9,84550.0,85149.7,2045.322
2025-11-22T02:00:00Z,85149.7,85182.3,84239.7,84494.3,1836.069
2025-11-22T03:00:00Z,84494.3,84571.5,84166.7,84400.6,1681.687
2025-11-22T04:00:00Z,84400.6,84520.8,83778.0,84197.6,2391.852
2025-11-22T05:00:00Z,84197.6,84275.0,83826.6,84240.0,1329.457
2025-11-22T06:00:00Z,84240.0,84767.1,84029.4,84596.4,2310.704
2025-11-22T07:00:00Z,84596.4,84630.8,84358.7,84544.0,1303.95
2025-11-22T08:00:00Z,84544.0,84544.0,83886.5,83974.1,2234.968
2025-11-22T09:00:00Z,83974.1,84310.2,83806.0,83892.8,2597.698
2025-11-22T10:00:00Z,83892.8,84182.1,83457.5,83653.9,2662.107
2025-11-22T11:00:00Z,83653.9,84307.5,83543.3,84061.2,2244.281
2025-11-22T12:00:00Z,84061.2,84127.1,83571.2,83839.9,2239.219
2025-11-22T13:00:00Z,83839.9,84107.2,83608.0,83909.7,1694.488
2025-11-22T14:00:00Z,83909.7,84725.6,83893.0,84463.8,4832.824
2025-11-22T15:00:00Z,84463.8,84552.9,83972.3,84253.0,1862.925
2025-11-22T16:00:00Z,84253.0,84888.0,84180.8,84664.7,1933.958
2025-11-22T17:00:00Z,84664.7,84700.0,84372.3,84517.3,1003.603
2025-11-22T18:00:00Z,84517.3,84655.1,84434.4,84621.2,562.508
2025-11-22T19:00:00Z,84621.2,84764.2,84460.5,84572.0,608.457
2025-11-22T20:00:00Z,84572.0,84775.9,84191.0,84427.1,1072.332
2025-11-22T21:00:00Z,84427.1,84487.7,84182.7,84374.9,637.832
2025-11-22T22:00:00Z,84374.9,85242.0,84227.9,85023.2,1807.976
2025-11-22T23:00:00Z,85023.2,85149.8,84617.4,84701.5,1518.614
2025-11-23T00:00:00Z,84701.5,85300.0,84633.0,84933.4,2328.498
2025-11-23T01:00:00Z,84933.4,86144.0,84910.5,85841.2,3744.468
2025-11-23T02:00:00Z,85841.2,86300.0,85650.0,85952.5,2801.013
2025-11-23T03:00:00Z,85952.5,86269.1,85775.0,86267.2,1750.006
2025-11-23T04:00:00Z,86267.2,86850.0,86105.1,86501.9,4512.878
2025-11-23T05:00:00Z,86501.9,86546.1,85960.0,86318.0,2000.955
2025-11-23T06:00:00Z,86318.0,86479.7,85805.7,85820.2,2012.222
2025-11-23T07:00:00Z,85820.2,85884.4,85371.5,85732.4,3121.094
2025-11-23T08:00:00Z,85732.4,86164.3,85725.0,86106.0,2164.833
2025-11-23T09:00:00Z,86106.0,86440.5,86035.7,86363.5,1413.914
2025-11-23T10:00:00Z,86363.5,86430.0,86008.3,86033.9,1499.778
2025-11-23T11:00:00Z,86033.9,86404.4,85800.6,86297.3,1935.038
2025-11-23T12:00:00Z,86297.3,86882.4,86226.2,86497.5,3510.317
2025-11-23T13:00:00Z,86497.5,86914.1,86266.0,86881.4,2941.71
2025-11-23T14:00:00Z,86881.4,87165.4,86435.2,86506.9,3469.705
2025-11-23T15:00:00Z,86506.9,87203.9,86400.1,87029.6,1991.586
2025-11-23T16:00:00Z,87029.6,87450.0,86622.0,86642.9,4125.104
2025-11-23T17:00:00Z,86642.9,86915.0,86450.0,86694.8,1973.736
2025-11-23T18:00:00Z,86694.8,87216.0,86666.7,86947.1,2964.257
2025-11-23T19:00:00Z,86947.1,87635.9,86890.7,87279.9,4058.325
2025-11-23T20:00:00Z,87279.9,87678.0,87171.5,87443.2,3502.969
2025-11-23T21:00:00Z,87443.2,87950.9,87077.0,87946.8,2975.571
2025-11-23T22:00:00Z,87946.8,88082.9,87494.8,87973.6,3309.864
2025-11-23T23:00:00Z,87973.6,88060.9,86683.2,86802.8,5063.443
2025-11-24T00:00:00Z,86802.8,87166.0,85895.7,86691.5,6951.555
2025-11-24T01:00:00Z,86691.5,87053.2,86351.0,87030.0,3853.827
2025-11-24T02:00:00Z,87030.0,88026.3,86970.2,87480.2,7332.442
2025-11-24T03:00:00Z,87480.2,87758.3,87141.3,87406.4,2620.903
2025-11-24T04:00:00Z,87406.4,87561.7,86392.7,86675.0,3738.035
2025-11-24T05:00:00Z,86675.0,87798.1,86625.1,87422.8,4029.35
2025-11-24T06:00:00Z,87422.8,87470.0,86757.8,86847.1,2455.235
2025-11-24T07:00:00Z,86847.1,87312.5,86636.1,87010.8,3112.622
2025-11-24T08:00:00Z,87010.8,87010.8,86670.8,86918.1,1926.828
2025-11-24T09:00:00Z,86918.1,86918.1,85757.6,85896.5,5330.755
2025-11-24T10:00:00Z,85896.5,86168.3,85645.0,86003.8,4152.371
2025-11-24T11:00:00Z,86003.8,86395.3,85790.0,86228.9,2899.537
2025-11-24T12:00:00Z,86228.9,86316.1,85801.9,85959.5,5924.898
2025-11-24T13:00:00Z,85959.5,86539.9,85908.0,86105.4,6114.133
2025-11-24T14:00:00Z,86105.4,86626.6,85211.1,86138.0,9192.322
2025-11-24T15:00:00Z,86138.0,86739.9,85855.0,86576.3,7703.361
2025-11-24T16:00:00Z,86576.3,87733.5,86576.2,87122.1,6802.924
2025-11-24T17:00:00Z,87122.1,88464.2,86891.0,88325.9,7950.249
2025-11-24T18:00:00Z,88325.9,88685.6,88134.9,88660.0,6089.937
2025-11-24T19:00:00Z,88660.0,88767.1,88058.7,88278.8,5135.003
2025-11-24T20:00:00Z,88278.8,89172.2,88278.8,89021.3,4565.456
2025-11-24T21:00:00Z,89021.3,89082.7,88666.1,88695.6,2412.996
2025-11-24T22:00:00Z,88695.6,89043.9,88540.2,88581.8,1681.853
2025-11-24T23:00:00Z,88581.8,88658.7,88191.3,88240.1,1869.982
2025-11-25T00:00:00Z,88240.1,88247.1,87812.0,88060.0,3358.984
2025-11-25T01:00:00Z,88060.0,88167.6,87656.3,87687.0,2539.805
2025-11-25T02:00:00Z,87687.0,87904.9,87400.0,87863.3,2749.399
2025-11-25T03:00:00Z,87863.3,87985.0,87500.0,87759.7,1590.883
2025-11-25T04:00:00Z,87759.7,88496.0,87729.5,88296.2,3223.645
2025-11-25T05:00:00Z,88296.2,88296.2,87879.7,88077.1,1634.381
2025-11-25T06:00:00Z,88077.1,88117.4,87756.9,87961.0,1812.878
2025-11-25T07:00:00Z,87961.0,88023.0,87288.4,87359.7,2816.087
2025-11-25T08:00:00Z,87359.7,87577.0,86938.8,86972.6,3613.441
2025-11-25T09:00:00Z,86972.6,87194.7,86634.9,87181.8,4357.999
2025-11-25T10:00:00Z,87181.8,87379.3,86894.4,87352.2,1764.284
2025-11-25T11:00:00Z,87352.2,87485.0,87252.5,87306.8,1486.281
2025-11-25T12:00:00Z,87306.8,87737.3,87306.8,87471.7,2510.067
2025-11-25T13:00:00Z,87471.7,87680.1,86824.0,87034.5,4091.925
2025-11-25T14:00:00Z,87034.5,87269.3,86050.0,86690.3,10210.564
2025-11-25T15:00:00Z,86690.3,87267.5,86129.2,86949.0,7276.426
2025-11-25T16:00:00Z,86949.0,87270.1,86653.3,87081.5,4002.372
2025-11-25T17:00:00Z,87081.5,88126.5,87006.0,87586.9,5375.706
2025-11-25T18:00:00Z,87586.9,87786.0,87185.0,87192.0,2864.499
2025-11-25T19:00:00Z,87192.0,87300.0,86112.2,86837.3,6899.82
2025-11-25T20:00:00Z,86837.3,87436.8,86649.1,87328.8,3143.621
2025-11-25T21:00:00Z,87328.8,87404.4,86930.8,86980.6,2026.521
2025-11-25T22:00:00Z,86980.6,87681.5,86522.0,87591.7,3701.789
2025-11-25T23:00:00Z,87591.7,87856.4,87281.8,87315.5,2946.825
2025-11-26T00:00:00Z,87315.5,87739.4,87305.0,87530.1,1941.612
2025-11-26T01:00:00Z,87530.1,88200.0,87283.4,87883.8,2418.718
2025-11-26T02:00:00Z,87883.8,88049.0,87610.7,87675.8,1885.601
2025-11-26T03:00:00Z,87675.8,87861.5,87000.1,87069.2,3999.501
2025-11-26T04:00:00Z,87069.2,87317.3,86840.0,87177.4,2554.379
2025-11-26T05:00:00Z,87177.4,87698.0,87160.3,87470.7,2144.966
2025-11-26T06:00:00Z,87470.7,87844.0,87400.0,87753.7,1872.562
2025-11-26T07:00:00Z,87753.7,87943.5,87650.2,87900.0,1498.865
2025-11-26T08:00:00Z,87900.0,87911.4,87369.2,87388.1,1826.311
2025-11-26T09:00:00Z,87388.1,87411.0,86700.0,86787.7,3170.536
2025-11-26T10:00:00Z,86787.7,87023.9,86615.0,86909.5,2550.668
2025-11-26T11:00:00Z,86909.5,87062.5,86795.0,87047.2,1676.399
2025-11-26T12:00:00Z,87047.2,87141.3,86252.6,86598.6,4217.573
2025-11-26T13:00:00Z,86598.6,87110.2,86522.9,87094.7,2970.667
2025-11-26T14:00:00Z,87094.7,87668.9,86756.1,86852.3,5806.765
2025-11-26T15:00:00Z,86852.3,87316.9,86628.3,86937.3,3710.374
2025-11-26T16:00:00Z,86937.3,87924.5,86923.9,87792.3,4755.625
2025-11-26T17:00:00Z,87792.3,89957.0,87665.8,89809.2,11589.421
2025-11-26T18:00:00Z,89809.2,90385.6,89640.0,90108.0,7061.059
2025-11-26T19:00:00Z,90108.0,90164.7,89700.1,89926.7,2771.868
2025-11-26T20:00:00Z,89926.7,90088.7,89468.1,89820.0,2710.271
2025-11-26T21:00:00Z,89820.0,90472.9,89757.6,90151.5,3105.388
2025-11-26T22:00:00Z,90151.5,90649.9,90080.7,90333.8,2200.472
2025-11-26T23:00:00Z,90333.8,90560.0,90267.0,90427.0,1398.356
2025-11-27T00:00:00Z,90427.0,90540.0,90025.0,90433.0,2408.284
2025-11-27T01:00:00Z,90433.0,91229.6,90326.1,91093.0,3749.779
2025-11-27T02:00:00Z,91093.0,91848.8,90826.0,91336.0,6023.493
2025-11-27T03:00:00Z,91336.0,91555.6,90969.6,91037.0,3345.531
2025-11-27T04:00:00Z,91037.0,91306.7,91005.2,91222.1,1478.556
2025-11-27T05:00:00Z,91222.1,91499.0,90849.4,90928.0,2599.394
2025-11-27T06:00:00Z,90928.0,91394.8,90919.2,91201.5,1681.789
2025-11-27T07:00:00Z,91201.5,91458.9,91090.8,91362.0,1056.672
2025-11-27T08:00:00Z,91362.0,91495.0,91170.8,91441.5,1225.519
2025-11-27T09:00:00Z,91441.5,91902.7,91424.3,91532.2,3442.617
2025-11-27T10:00:00Z,91532.2,91710.7,91310.0,91569.4,2024.838
2025-11-27T11:00:00Z,91569.4,91587.2,91259.5,91334.7,1361.84
2025-11-27T12:00:00Z,91334.7,91416.0,90881.9,90950.3,2668.569
2025-11-27T13:00:00Z,90950.3,91039.6,90410.7,90809.2,4941.351
2025-11-27T14:00:00Z,90809.2,90927.3,90512.2,90740.3,2308.43
2025-11-27T15:00:00Z,90740.3,90932.4,90565.0,90908.0,2665.333
2025-11-27T16:00:00Z,90908.0,91517.1,90796.5,91405.3,4295.542
2025-11-27T17:00:00Z,91405.3,91595.1,91260.5,91435.0,1587.963
2025-11-27T18:00:00Z,91435.0,91800.0,91293.7,91730.3,2113.42
2025-11-27T19:00:00Z,91730.3,91730.3,91451.1,91484.4,1307.318
2025-11-27T20:00:00Z,91484.4,91566.5,91349.5,91387.6,1264.176
2025-11-27T21:00:00Z,91387.6,91551.2,91176.8,91375.2,919.754
2025-11-27T22:00:00Z,91375.2,91556.5,91050.0,91274.1,1466.947
2025-11-27T23:00:00Z,91274.1,91521.2,91159.3,91284.2,890.59
2025-11-28T00:00:00Z,91284.2,91378.8,91012.3,91164.0,1281.473
2025-11-28T01:00:00Z,91164.0,91164.0,90740.0,90746.9,1924.362
2025-11-28T02:00:00Z,90746.9,91087.8,90603.3,91028.3,2177.863
2025-11-28T03:00:00Z,91028.3,91250.0,90951.5,91161.7,1031.652
2025-11-28T04:00:00Z,91161.7,91445.0,91073.1,91383.4,1063.592
2025-11-28T05:00:00Z,91383.4,91683.6,91259.1,91569.8,1891.841
2025-11-28T06:00:00Z,91569.8,91569.8,91102.0,91246.1,1667.784
2025-11-28T07:00:00Z,91246.1,91522.0,90810.0,90851.9,2899.578
2025-11-28T08:00:00Z,90851.9,91671.9,90845.0,91639.0,2944.058
2025-11-28T09:00:00Z,91639.0,91833.9,91378.3,91556.9,2453.748
2025-11-28T10:00:00Z,91556.9,91825.0,91429.0,91801.0,1582.744
2025-11-28T11:00:00Z,91801.0,91977.6,91000.0,91371.6,4586.784
2025-11-28T12:00:00Z,91371.6,91641.0,91347.7,91472.9,1826.132
2025-11-28T13:00:00Z,91472.9,92600.0,91319.2,92316.9,5691.929
2025-11-28T14:00:00Z,92316.9,93081.0,91768.4,92199.9,10898.702
2025-11-28T15:00:00Z,92199.9,92750.1,91925.8,92315.7,5165.309
2025-11-28T16:00:00Z,92315.7,92345.0,90800.0,90876.1,8300.626
2025-11-28T17:00:00Z,90876.1,91149.0,90151.9,90605.1,7317.109
2025-11-28T18:00:00Z,90605.1,90911.0,90363.7,90773.5,2912.575
2025-11-28T19:00:00Z,90773.5,91153.0,90769.9,91100.8,1493.895
2025-11-28T20:00:00Z,91100.8,91178.8,90811.8,91133.8,1705.949
2025-11-28T21:00:00Z,91133.8,91179.0,90809.1,90813.5,1274.794
2025-11-28T22:00:00Z,90813.5,91093.9,90628.9,91069.1,1905.305
2025-11-28T23:00:00Z,91069.1,91149.2,90837.4,90845.7,907.76
2025-11-29T00:00:00Z,90845.7,90932.9,90720.2,90845.2,908.832
2025-11-29T01:00:00Z,90845.2,91071.3,90735.2,90828.3,797.541
2025-11-29T02:00:00Z,90828.3,90887.4,90464.6,90748.9,1253.04
2025-11-29T03:00:00Z,90748.9,90826.0,90605.0,90626.4,636.743
2025-11-29T04:00:00Z,90626.4,90860.9,90502.4,90855.3,808.783
2025-11-29T05:00:00Z,90855.3,90895.5,90679.5,90715.9,584.644
2025-11-29T06:00:00Z,90715.9,90786.3,90263.0,90515.0,2137.962
2025-11-29T07:00:00Z,90515.0,90625.0,90324.2,90516.6,1164.632
2025-11-29T08:00:00Z,90516.6,90691.0,90430.8,90591.5,1185.002
2025-11-29T09:00:00Z,90591.5,90630.0,90453.9,90518.4,532.274
2025-11-29T10:00:00Z,90518.4,90607.3,90325.8,90497.0,870.703
2025-11-29T11:00:00Z,90497.0,90640.0,90404.6,90630.0,688.124
2025-11-29T12:00:00Z,90630.0,90759.5,90482.8,90567.1,1309.586
2025-11-29T13:00:00Z,90567.1,90787.5,90540.8,90736.7,876.441
2025-11-29T14:00:00Z,90736.7,90736.7,90574.8,90582.3,578.623
2025-11-29T15:00:00Z,90582.3,91089.0,90582.3,91033.6,2004.658
2025-11-29T16:00:00Z,91033.6,91128.9,90820.1,90963.3,1000.798
2025-11-29T17:00:00Z,90963.3,90995.2,90384.5,90387.1,2562.198
2025-11-29T18:00:00Z,90387.1,90686.9,90071.3,90649.4,3356.436
2025-11-29T19:00:00Z,90649.4,90823.1,90559.9,90603.3,1367.257
2025-11-29T20:00:00Z,90603.3,91014.4,90346.8,90927.2,1850.826
2025-11-29T21:00:00Z,90927.2,91033.8,90769.5,90972.5,1026.3
2025-11-29T22:00:00Z,90972.5,90972.6,90666.7,90723.8,917.787
2025-11-29T23:00:00Z,90723.8,90864.6,90649.0,90766.9,433.89
2025-11-30T00:00:00Z,90766.9,90908.1,90731.8,90846.0,342.867
2025-11-30T01:00:00Z,90846.0,91031.8,90818.9,90871.7,743.878
2025-11-30T02:00:00Z,90871.7,90998.0,90702.3,90756.0,606.82
2025-11-30T03:00:00Z,90756.0,90888.0,90410.0,90881.6,1394.826
2025-11-30T04:00:00Z,90881.6,90940.0,90750.0,90814.4,553.492
2025-11-30T05:00:00Z,90814.4,90814.4,90622.0,90738.8,517.833
2025-11-30T06:00:00Z,90738.8,90900.0,90668.3,90847.0,501.607
2025-11-30T07:00:00Z,90847.0,91000.0,90810.5,90922.3,861.732
2025-11-30T08:00:00Z,90922.3,91385.0,90880.9,91119.9,2762.544
2025-11-30T09:00:00Z,91119.9,91590.0,91073.1,91351.0,2622.254
2025-11-30T10:00:00Z,91351.0,91415.2,91141.0,91188.0,745.057
2025-11-30T11:00:00Z,91188.0,91362.7,90889.6,91002.7,1450.325
2025-11-30T12:00:00Z,91002.7,91499.0,90943.8,91434.0,1489.016
2025-11-30T13:00:00Z,91434.0,91963.7,91355.6,91728.6,3278.458
2025-11-30T14:00:00Z,91728.6,91751.6,91200.3,91446.5,1752.351
2025-11-30T15:00:00Z,91446.5,91570.5,91275.0,91398.4,782.855
2025-11-30T16:00:00Z,91398.4,91818.8,91354.1,91779.2,1350.256
2025-11-30T17:00:00Z,91779.2,91779.2,91260.0,91433.6,1330.265
2025-11-30T18:00:00Z,91433.6,91441.0,91000.0,91415.1,1835.446
2025-11-30T19:00:00Z,91415.1,91453.3,91250.0,91412.7,469.431
2025-11-30T20:00:00Z,91412.7,91609.1,91114.3,91269.1,1405.242
2025-11-30T21:00:00Z,91269.1,91295.6,90834.2,91138.8,1682.313
2025-11-30T22:00:00Z,91138.8,91306.1,90994.1,91178.4,1009.127
2025-11-30T23:00:00Z,91178.4,91211.5,90285.5,90308.6,3979.124
2025-12-01T00:00:00Z,90308.6,90374.4,86919.8,86957.0,19959.267
2025-12-01T01:00:00Z,86957.0,87711.9,86888.0,87122.6,6510.767
2025-12-01T02:00:00Z,87122.6,87462.7,86410.6,86675.0,6173.242
2025-12-01T03:00:00Z,86675.0,86778.1,86127.4,86322.2,4955.551
2025-12-01T04:00:00Z,86322.2,86331.4,85650.0,85760.1,5492.433
2025-12-01T05:00:00Z,85760.1,85983.7,85560.2,85964.2,3081.979
2025-12-01T06:00:00Z,85964.2,86314.0,85926.9,86185.8,3118.91
2025-12-01T07:00:00Z,86185.8,86517.8,86000.6,86491.9,2588.377
2025-12-01T08:00:00Z,86491.9,86841.0,86347.5,86811.5,2596.975
2025-12-01T09:00:00Z,86811.5,86888.0,86463.6,86657.9,2107.589
2025-12-01T10:00:00Z,86657.9,86787.8,86500.0,86601.0,1200.899
2025-12-01T11:00:00Z,86601.0,86660.0,86076.2,86087.8,3730.159
2025-12-01T12:00:00Z,86087.8,86188.2,84709.0,85392.7,10533.386
2025-12-01T13:00:00Z,85392.7,86127.3,85308.1,85950.0,7235.14
2025-12-01T14:00:00Z,85950.0,86639.6,85807.9,86010.3,8018.037
2025-12-01T15:00:00Z,86010.3,86089.2,83755.3,84641.3,14653.004
2025-12-01T16:00:00Z,84641.3,85439.7,83989.1,84530.0,11235.369
2025-12-01T17:00:00Z,84530.0,85221.0,84385.2,84894.9,4696.504
2025-12-01T18:00:00Z,84894.9,85540.5,84660.0,85156.4,4153.018
2025-12-01T19:00:00Z,85156.4,85256.5,84545.4,84975.9,2524.738
2025-12-01T20:00:00Z,84975.9,85792.8,84961.5,85464.8,4386.6
2025-12-01T21:00:00Z,85464.8,86449.8,85446.6,86384.3,6735.178
2025-12-01T22:00:00Z,86384.3,86834.2,86231.1,86542.4,4107.87
2025-12-01T23:00:00Z,86542.4,86792.5,86208.8,86244.1,2107.381
2025-12-02T00:00:00Z,86244.1,86649.3,86148.4,86476.9,2548.711
2025-12-02T01:00:00Z,86476.9,87325.1,86330.6,86415.5,4459.382
2025-12-02T02:00:00Z,86415.5,86820.0,86227.1,86507.1,1973.364
2025-12-02T03:00:00Z,86507.1,87067.0,86164.4,86938.9,4418.753
2025-12-02T04:00:00Z,86938.9,87237.6,86860.3,86928.4,2560.239
2025-12-02T05:00:00Z,86928.4,87079.3,86770.4,86969.3,1127.097
2025-12-02T06:00:00Z,86969.3,87158.3,86820.6,87047.7,1177.505
2025-12-02T07:00:00Z,87047.7,87086.7,86848.4,86963.1,1080.25
2025-12-02T08:00:00Z,86963.1,87016.0,86252.1,86433.8,5368.838
2025-12-02T09:00:00Z,86433.8,86973.3,86414.4,86735.5,2902.113
2025-12-02T10:00:00Z,86735.5,87581.1,86730.0,87237.4,2924.673
2025-12-02T11:00:00Z,87237.4,87662.4,86928.2,87325.4,2904.886
2025-12-02T12:00:00Z,87325.4,87518.6,87159.8,87225.5,1879.4
2025-12-02T13:00:00Z,87225.5,87841.6,87006.4,87692.3,3344.657
2025-12-02T14:00:00Z,87692.3,89249.7,87560.0,89229.2,12956.957
2025-12-02T15:00:00Z,89229.2,91176.5,89227.4,90780.8,18210.657
2025-12-02T16:00:00Z,90780.8,91270.4,90156.3,90698.2,8169.291
2025-12-02T17:00:00Z,90698.2,91977.3,90685.7,91399.9,7591.037
2025-12-02T18:00:00Z,91399.9,92190.0,91313.9,91896.1,5343.125
2025-12-02T19:00:00Z,91896.1,92298.9,91793.4,91855.2,3662.488
2025-12-02T20:00:00Z,91855.2,91887.3,90674.9,90981.0,6526.423
2025-12-02T21:00:00Z,90981.0,91591.1,90918.5,91512.3,2534.646
2025-12-02T22:00:00Z,91512.3,91960.0,91469.3,91937.0,2731.725
2025-12-02T23:00:00Z,91937.0,91947.7,91231.6,91241.7,2136.053
2025-12-03T00:00:00Z,91241.7,91700.0,90945.0,91621.5,3667.81
2025-12-03T01:00:00Z,91621.5,92451.5,91421.1,92199.9,3629.829
2025-12-03T02:00:00Z,92199.9,93000.0,92106.4,92771.1,5249.658
2025-12-03T03:00:00Z,92771.1,93040.2,92521.9,92582.8,2330.758
2025-12-03T04:00:00Z,92582.8,93474.8,92577.6,93301.3,5573.549
2025-12-03T05:00:00Z,93301.3,93638.2,93060.0,93592.4,4800.55
2025-12-03T06:00:00Z,93592.4,93931.1,93104.8,93395.3,5075.168
2025-12-03T07:00:00Z,93395.3,93429.1,92826.9,92979.9,3594.156
2025-12-03T08:00:00Z,92979.9,93147.9,92650.0,92735.8,2066.977
2025-12-03T09:00:00Z,92735.8,93171.7,92670.8,93128.6,2379.703
2025-12-03T10:00:00Z,93128.6,93348.7,92811.5,92903.9,2835.731
2025-12-03T11:00:00Z,92903.9,93015.0,92583.5,92960.6,2041.176
2025-12-03T12:00:00Z,92960.6,93080.5,92641.9,92888.0,1874.526
2025-12-03T13:00:00Z,92888.0,93237.5,92831.3,93082.8,2523.97
2025-12-03T14:00:00Z,93082.8,93685.3,91638.4,92312.9,18945.761
2025-12-03T15:00:00Z,92312.9,92942.8,91857.1,92337.8,7112.981
2025-12-03T16:00:00Z,92337.8,92707.6,91723.1,92200.4,5359.746
2025-12-03T17:00:00Z,92200.4,93048.1,92142.4,92908.1,4148.694
2025-12-03T18:00:00Z,92908.1,93512.0,92340.8,92587.0,5965.766
2025-12-03T19:00:00Z,92587.0,93075.5,92493.7,93000.6,1806.124
2025-12-03T20:00:00Z,93000.6,93360.1,92793.8,92936.0,2328.966
2025-12-03T21:00:00Z,92936.0,93800.0,92806.3,93654.8,2856.659
2025-12-03T22:00:00Z,93654.8,94189.4,93242.9,93738.3,4368.287
2025-12-03T23:00:00Z,93738.3,94072.7,93333.0,93390.1,2547.598
2025-12-04T00:00:00Z,93390.1,93450.3,92619.8,93011.1,4091.531
2025-12-04T01:00:00Z,93011.1,93717.3,92940.0,93152.5,2855.704
2025-12-04T02:00:00Z,93152.5,94026.4,93048.7,93892.9,2695.263
2025-12-04T03:00:00Z,93892.9,94058.1,93359.2,93500.1,2178.902
2025-12-04T04:00:00Z,93500.1,93550.0,93184.0,93319.9,1145.339
2025-12-04T05:00:00Z,93319.9,93339.3,92740.9,92931.9,2302.053
2025-12-04T06:00:00Z,92931.9,93315.9,92800.0,93095.5,1642.518
2025-12-04T07:00:00Z,93095.5,93387.4,92841.3,93356.1,1354.654
2025-12-04T08:00:00Z,93356.1,93559.0,93000.0,93219.0,1622.607
2025-12-04T09:00:00Z,93219.0,93595.9,93186.0,93404.6,1548.198
2025-12-04T10:00:00Z,93404.6,93518.1,93106.6,93221.0,1574.278
2025-12-04T11:00:00Z,93221.0,93279.6,92690.0,92893.5,2126.726
2025-12-04T12:00:00Z,92893.5,93159.8,92720.8,92952.0,1627.594
2025-12-04T13:00:00Z,92952.0,93015.7,92344.1,92472.4,4700.555
2025-12-04T14:00:00Z,92472.4,92776.0,91750.0,91845.6,5214.909
2025-12-04T15:00:00Z,91845.6,93240.2,91833.0,92920.5,6428.293
2025-12-04T16:00:00Z,92920.5,93149.9,92220.0,92392.6,4237.682
2025-12-04T17:00:00Z,92392.6,92497.1,91709.9,92380.8,4052.871
2025-12-04T18:00:00Z,92380.8,92513.0,91894.8,92081.3,2326.823
2025-12-04T19:00:00Z,92081.3,92131.8,90800.0,91934.3,9698.477
2025-12-04T20:00:00Z,91934.3,92497.5,91631.9,92424.1,4896.234
2025-12-04T21:00:00Z,92424.1,92681.2,92039.0,92115.8,3317.0
2025-12-04T22:00:00Z,92115.8,92462.0,92096.6,92300.0,1687.541
2025-12-04T23:00:00Z,92300.0,92416.6,92018.0,92031.8,1389.271
2025-12-05T00:00:00Z,92031.8,92442.1,92003.5,92260.0,1144.709
2025-12-05T01:00:00Z,92260.0,92556.4,92182.5,92314.9,1140.192
2025-12-05T02:00:00Z,92314.9,92658.3,92200.0,92474.5,1610.224
2025-12-05T03:00:00Z,92474.5,92620.8,91926.6,92106.0,1542.942
2025-12-05T04:00:00Z,92106.0,92361.7,91763.1,91994.9,2633.695
2025-12-05T05:00:00Z,91994.9,92170.5,91828.1,91900.0,1087.141
2025-12-05T06:00:00Z,91900.0,92244.5,91863.2,92235.9,1570.171
2025-12-05T07:00:00Z,92235.9,92457.6,92156.3,92224.4,1481.104
2025-12-05T08:00:00Z,92224.4,92225.4,91850.0,92066.1,1418.608
2025-12-05T09:00:00Z,92066.1,92072.8,90864.3,91077.0,5659.658
2025-12-05T10:00:00Z,91077.0,91443.5,91035.9,91230.5,2137.382
2025-12-05T11:00:00Z,91230.5,91531.6,91063.4,91304.7,2293.056
2025-12-05T12:00:00Z,91304.7,91393.4,91021.0,91197.3,1424.234
2025-12-05T13:00:00Z,91197.3,91323.6,90176.0,90429.6,6793.653
2025-12-05T14:00:00Z,90429.6,90704.9,89855.2,90247.1,6919.458
2025-12-05T15:00:00Z,90247.1,91470.4,90188.1,90405.6,11270.334
2025-12-05T16:00:00Z,90405.6,90462.2,88002.1,88760.0,18860.946
2025-12-05T17:00:00Z,88760.0,89497.6,88558.5,89283.1,6367.483
2025-12-05T18:00:00Z,89283.1,89784.1,88862.5,88897.5,5836.617
2025-12-05T19:00:00Z,88897.5,89770.0,88782.4,89596.4,3530.522
2025-12-05T20:00:00Z,89596.4,89706.2,89132.9,89267.3,2550.61
2025-12-05T21:00:00Z,89267.3,89443.5,89027.7,89143.4,1449.81
2025-12-05T22:00:00Z,89143.4,89323.2,88849.1,89189.6,2949.644
2025-12-05T23:00:00Z,89189.6,89341.4,88875.4,89273.7,1094.808
2025-12-06T00:00:00Z,89273.7,89408.1,88986.4,89370.1,1168.922
2025-12-06T01:00:00Z,89370.1,89467.8,89152.6,89290.2,928.263
2025-12-06T02:00:00Z,89290.2,89361.1,89118.5,89340.9,591.059
2025-12-06T03:00:00Z,89340.9,89749.0,89329.6,89633.0,1386.492
2025-12-06T04:00:00Z,89633.0,89670.2,89468.0,89600.0,1251.085
2025-12-06T05:00:00Z,89600.0,89685.0,89466.9,89546.8,551.562
2025-12-06T06:00:00Z,89546.8,89717.7,89464.1,89642.6,519.463
2025-12-06T07:00:00Z,89642.6,89670.0,89418.4,89549.0,813.204
2025-12-06T08:00:00Z,89549.0,89609.8,89162.7,89231.2,1493.248
2025-12-06T09:00:00Z,89231.2,89632.4,89209.5,89530.3,1339.783
2025-12-06T10:00:00Z,89530.3,89642.9,89405.9,89456.1,714.026
2025-12-06T11:00:00Z,89456.1,89688.8,89444.8,89583.2,691.773
2025-12-06T12:00:00Z,89583.2,89601.4,89500.2,89529.8,442.187
2025-12-06T13:00:00Z,89529.8,89739.4,89528.4,89619.5,833.529
2025-12-06T14:00:00Z,89619.5,90234.6,89602.7,89948.2,4073.499
2025-12-06T15:00:00Z,89948.2,89995.0,89433.0,89717.6,2389.048
2025-12-06T16:00:00Z,89717.6,89937.5,89630.0,89666.9,1059.688
2025-12-06T17:00:00Z,89666.9,89809.0,89560.0,89660.8,814.633
2025-12-06T18:00:00Z,89660.8,89745.0,89466.6,89611.0,911.175
2025-12-06T19:00:00Z,89611.0,89718.6,89200.0,89363.7,2226.873
2025-12-06T20:00:00Z,89363.7,89518.9,89274.0,89497.8,565.621
2025-12-06T21:00:00Z,89497.8,89572.8,89343.3,89369.5,441.745
2025-12-06T22:00:00Z,89369.5,89476.6,89200.0,89249.8,942.769
2025-12-06T23:00:00Z,89249.8,89295.9,88860.0,89185.4,2318.032
2025-12-07T00:00:00Z,89185.4,89517.7,89126.9,89351.0,976.662
2025-12-07T01:00:00Z,89351.0,89558.5,89246.3,89246.4,679.796
2025-12-07T02:00:00Z,89246.4,89642.9,89246.3,89568.0,595.571
2025-12-07T03:00:00Z,89568.0,89717.7,89493.5,89679.4,592.638
2025-12-07T04:00:00Z,89679.4,89750.0,89434.2,89494.9,804.034
2025-12-07T05:00:00Z,89494.9,89528.8,89372.2,89461.1,469.129
2025-12-07T06:00:00Z,89461.1,89675.0,89440.5,89670.7,507.78
2025-12-07T07:00:00Z,89670.7,89694.0,89156.2,89331.6,1351.498
2025-12-07T08:00:00Z,89331.6,89496.2,89144.6,89268.9,1155.305
2025-12-07T09:00:00Z,89268.9,89364.8,89013.2,89061.6,1333.484
2025-12-07T10:00:00Z,89061.6,89350.0,89054.0,89187.9,1172.838
2025-12-07T11:00:00Z,89187.9,89226.3,89090.0,89099.9,526.536
2025-12-07T12:00:00Z,89099.9,89555.3,89073.0,89432.1,1251.792
2025-12-07T13:00:00Z,89432.1,89476.4,88589.0,89006.3,2888.934
2025-12-07T14:00:00Z,89006.3,89087.1,87680.0,88182.4,9119.865
2025-12-07T15:00:00Z,88182.4,89675.0,88117.5,89510.2,6911.051
2025-12-07T16:00:00Z,89510.2,89883.6,89067.6,89860.5,3892.919
2025-12-07T17:00:00Z,89860.5,91257.5,89570.0,90909.0,8141.349
2025-12-07T18:00:00Z,90909.0,91726.2,90909.0,91334.3,5369.436
2025-12-07T19:00:00Z,91334.3,91522.4,91168.8,91392.9,1621.144
2025-12-07T20:00:00Z,91392.9,91477.0,91265.4,91394.9,918.962
2025-12-07T21:00:00Z,91394.9,91399.0,89807.1,90192.3,5261.318
2025-12-07T22:00:00Z,90192.3,90199.7,88914.6,89541.0,8462.666
2025-12-07T23:00:00Z,89541.0,90430.7,89464.5,90335.4,2486.614
2025-12-08T00:00:00Z,90335.4,90568.5,89814.1,90300.8,2419.504
2025-12-08T01:00:00Z,90300.8,91666.2,90254.3,90870.8,4404.701
2025-12-08T02:00:00Z,90870.8,91411.3,90751.4,91315.6,2079.451
2025-12-08T03:00:00Z,91315.6,91375.8,90951.1,91035.6,1224.142
2025-12-08T04:00:00Z,91035.6,91441.3,90983.4,91249.5,1085.607
2025-12-08T05:00:00Z,91249.5,91416.0,91001.5,91294.8,1161.492
2025-12-08T06:00:00Z,91294.8,91628.0,91204.0,91427.8,1133.976
2025-12-08T07:00:00Z,91427.8,91845.6,91318.3,91526.0,2248.389
2025-12-08T08:00:00Z,91526.0,91900.0,91444.0,91791.2,1310.911
2025-12-08T09:00:00Z,91791.2,92261.9,91752.5,91870.7,2639.952
2025-12-08T10:00:00Z,91870.7,92184.0,91782.9,92090.1,1647.274
2025-12-08T11:00:00Z,92090.1,92148.0,91818.7,91930.0,1354.373
2025-12-08T12:00:00Z,91930.0,91962.9,91620.2,91730.0,1721.2
2025-12-08T13:00:00Z,91730.0,92090.0,91227.5,91420.0,4329.747
2025-12-08T14:00:00Z,91420.0,91725.0,90728.0,90805.5,7406.82
2025-12-08T15:00:00Z,90805.5,90965.6,89567.7,89907.4,11403.914
2025-12-08T16:00:00Z,89907.4,90443.9,89620.0,89929.4,5533.145
2025-12-08T17:00:00Z,89929.4,90290.0,89621.0,90209.5,2935.151
2025-12-08T18:00:00Z,90209.5,90473.0,89665.4,89865.3,2748.771
2025-12-08T19:00:00Z,89865.3,90324.2,89806.2,90075.8,1495.68
2025-12-08T20:00:00Z,90075.8,90882.0,90075.8,90740.0,2671.494
2025-12-08T21:00:00Z,90740.0,91333.0,90603.0,91256.3,2829.274
2025-12-08T22:00:00Z,91256.3,91331.1,90663.1,90778.4,1635.324
2025-12-08T23:00:00Z,90778.4,90973.4,90456.3,90598.0,1567.397
2025-12-09T00:00:00Z,90598.0,90807.6,90308.1,90351.0,1420.799
2025-12-09T01:00:00Z,90351.0,90533.5,89917.1,90017.2,2077.665
2025-12-09T02:00:00Z,90017.2,90330.6,89918.9,90028.4,1160.011
2025-12-09T03:00:00Z,90028.4,90410.0,89770.3,90369.8,2212.893
2025-12-09T04:00:00Z,90369.8,90471.3,89672.4,89863.0,2666.679
2025-12-09T05:00:00Z,89863.0,90166.7,89406.7,89855.4,3456.124
2025-12-09T06:00:00Z,89855.4,90199.9,89727.3,90127.3,1263.534
2025-12-09T07:00:00Z,90127.3,90499.6,90033.4,90459.5,1804.647
2025-12-09T08:00:00Z,90459.5,90581.5,90323.9,90456.8,1808.237
2025-12-09T09:00:00Z,90456.8,90460.0,90086.0,90100.6,1594.523
2025-12-09T10:00:00Z,90100.6,90300.0,89837.1,90249.5,2330.383
2025-12-09T11:00:00Z,90249.5,90353.5,90082.7,90340.8,1116.039
2025-12-09T12:00:00Z,90340.8,90688.5,90281.9,90528.6,2009.231
2025-12-09T13:00:00Z,90528.6,90788.9,90118.3,90378.7,3075.507
2025-12-09T14:00:00Z,90378.7,90588.9,89941.0,90319.0,3395.173
2025-12-09T15:00:00Z,90319.0,92859.3,90246.4,92670.4,13223.573
2025-12-09T16:00:00Z,92670.4,94458.0,92651.8,94142.8,16975.841
2025-12-09T17:00:00Z,94142.8,94550.0,93485.8,93872.4,7560.523
2025-12-09T18:00:00Z,93872.4,94135.0,93600.4,93883.1,2650.159
2025-12-09T19:00:00Z,93883.1,94204.6,93606.1,93761.7,2435.124
2025-12-09T20:00:00Z,93761.7,93815.1,92715.0,93076.4,5164.367
2025-12-09T21:00:00Z,93076.4,93206.5,92188.4,92600.1,3988.101
2025-12-09T22:00:00Z,92600.1,93012.0,92453.7,92826.9,2411.601
2025-12-09T23:00:00Z,92826.9,92941.2,92512.0,92636.1,1532.095
2025-12-10T00:00:00Z,92636.1,92745.7,92031.3,92089.5,2672.868
2025-12-10T01:00:00Z,92089.5,92357.8,91919.4,92267.0,1964.379
2025-12-10T02:00:00Z,92267.0,92531.0,91962.2,92452.7,1766.932
2025-12-10T03:00:00Z,92452.7,92520.0,92300.0,92363.0,725.498
2025-12-10T04:00:00Z,92363.0,92615.5,92326.5,92493.7,898.632
2025-12-10T05:00:00Z,92493.7,92685.2,92462.0,92508.6,1012.041
2025-12-10T06:00:00Z,92508.6,92718.4,92335.2,92652.6,1021.275
2025-12-10T07:00:00Z,92652.6,92771.3,92440.9,92747.5,1070.073
2025-12-10T08:00:00Z,92747.5,92755.8,92501.3,92562.8,939.395
2025-12-10T09:00:00Z,92562.8,92927.0,92396.5,92876.2,1603.585
2025-12-10T10:00:00Z,92876.2,93292.1,92080.0,92229.1,4475.356
2025-12-10T11:00:00Z,92229.1,92400.0,91710.3,92084.0,3081.814
2025-12-10T12:00:00Z,92084.0,92180.0,91769.7,91945.4,1621.115
2025-12-10T13:00:00Z,91945.4,92209.6,91900.0,92046.3,1564.147
2025-12-10T14:00:00Z,92046.3,92072.4,91550.1,91787.7,3002.7
2025-12-10T15:00:00Z,91787.7,92106.3,91484.6,92020.3,2823.475
2025-12-10T16:00:00Z,92020.3,92556.2,91844.6,92131.0,3816.085
2025-12-10T17:00:00Z,92131.0,92478.9,92042.2,92349.9,1855.108
2025-12-10T18:00:00Z,92349.9,93025.5,91920.3,92452.1,5237.784
2025-12-10T19:00:00Z,92452.1,93233.2,91614.7,92921.2,14454.745
2025-12-10T20:00:00Z,92921.2,94457.8,92196.3,92409.3,12129.497
2025-12-10T21:00:00Z,92409.3,92740.7,91812.0,92315.1,4903.819
2025-12-10T22:00:00Z,92315.1,92665.1,91903.2,92471.6,3055.135
2025-12-10T23:00:00Z,92471.6,92562.0,91900.0,91971.7,1802.669
2025-12-11T00:00:00Z,91971.7,92057.2,91008.4,91348.1,4090.297
2025-12-11T01:00:00Z,91348.1,91368.0,90607.7,90632.1,3462.524
2025-12-11T02:00:00Z,90632.1,90639.2,89821.2,90034.0,6228.301
2025-12-11T03:00:00Z,90034.0,90034.1,89336.5,89829.1,5100.192
2025-12-11T04:00:00Z,89829.1,90440.0,89637.1,90374.1,3328.262
2025-12-11T05:00:00Z,90374.1,90380.6,90020.0,90262.9,1218.007
2025-12-11T06:00:00Z,90262.9,90402.0,89909.2,90241.8,1354.493
2025-12-11T07:00:00Z,90241.8,90286.1,90019.9,90232.8,1212.504
2025-12-11T08:00:00Z,90232.8,90235.0,89891.0,90144.5,1952.073
2025-12-11T09:00:00Z,90144.5,90519.0,90090.1,90190.0,2066.488
2025-12-11T10:00:00Z,90190.0,90311.7,90112.1,90275.7,1102.741
2025-12-11T11:00:00Z,90275.7,90387.7,90162.0,90197.8,749.963
2025-12-11T12:00:00Z,90197.8,90344.9,89957.4,89981.1,1751.448
2025-12-11T13:00:00Z,89981.1,90144.7,89825.3,90065.8,2312.889
2025-12-11T14:00:00Z,90065.8,90464.1,89198.9,89502.5,6980.234
2025-12-11T15:00:00Z,89502.5,90638.0,89356.0,89827.5,8744.334
2025-12-11T16:00:00Z,89827.5,90152.0,89280.0,89708.3,4301.78
2025-12-11T17:00:00Z,89708.3,90243.6,89576.9,89931.1,2787.951
2025-12-11T18:00:00Z,89931.1,91157.0,89838.8,90656.8,6035.433
2025-12-11T19:00:00Z,90656.8,91510.2,90540.6,90791.1,5728.152
2025-12-11T20:00:00Z,90791.1,91789.9,90754.3,91742.6,4306.813
2025-12-11T21:00:00Z,91742.6,93544.9,91639.9,92823.2,10410.183
2025-12-11T22:00:00Z,92823.2,93159.9,92066.3,92323.7,4151.628
2025-12-11T23:00:00Z,92323.7,92769.8,92291.4,92483.7,2636.519
2025-12-12T00:00:00Z,92483.7,92625.3,91393.2,91544.9,3705.681
2025-12-12T01:00:00Z,91544.9,92279.0,91493.8,92139.6,2202.416
2025-12-12T02:00:00Z,92139.6,92730.0,91900.0,92546.9,2395.253
2025-12-12T03:00:00Z,92546.9,92724.7,92131.8,92236.4,1600.571
2025-12-12T04:00:00Z,92236.4,92424.7,92084.0,92357.9,1012.68
2025-12-12T05:00:00Z,92357.9,92463.7,92040.0,92409.2,1767.297
2025-12-12T06:00:00Z,92409.2,92688.0,92365.6,92474.7,1326.792
2025-12-12T07:00:00Z,92474.7,92539.3,92214.0,92386.3,1331.95
2025-12-12T08:00:00Z,92386.3,92453.6,92061.6,92309.1,1423.009
2025-12-12T09:00:00Z,92309.1,92529.1,92040.5,92480.0,1253.165
2025-12-12T10:00:00Z,92480.0,92600.0,92371.5,92453.8,1044.685
2025-12-12T11:00:00Z,92453.8,92453.8,92236.6,92374.3,1035.709
2025-12-12T12:00:00Z,92374.3,92399.8,91986.9,92384.2,2185.546
2025-12-12T13:00:00Z,92384.2,92472.1,92182.1,92271.2,1405.859
2025-12-12T14:00:00Z,92271.2,92630.4,91832.4,92395.5,4406.823
2025-12-12T15:00:00Z,92395.5,92407.9,89736.4,89879.9,16903.098
2025-12-12T16:00:00Z,89879.9,90399.6,89416.7,90003.1,10284.565
2025-12-12T17:00:00Z,90003.1,90585.4,89762.0,90045.9,4480.2
2025-12-12T18:00:00Z,90045.9,90631.8,89991.1,90333.4,3642.617
2025-12-12T19:00:00Z,90333.4,90357.7,89954.8,90153.5,1649.457
2025-12-12T20:00:00Z,90153.5,90291.0,89838.3,90159.2,2072.709
2025-12-12T21:00:00Z,90159.2,90329.5,90054.0,90143.1,823.643
2025-12-12T22:00:00Z,90143.1,90381.8,90143.0,90304.2,616.293
2025-12-12T23:00:00Z,90304.2,90349.9,90188.0,90230.9,520.925
2025-12-13T00:00:00Z,90230.9,90409.0,90153.7,90276.0,772.007
2025-12-13T01:00:00Z,90276.0,90320.8,90069.7,90184.7,636.98
2025-12-13T02:00:00Z,90184.7,90269.5,90160.3,90190.0,368.344
2025-12-13T03:00:00Z,90190.0,90428.5,90152.2,90300.0,944.48
2025-12-13T04:00:00Z,90300.0,90372.9,90220.8,90325.2,422.78
2025-12-13T05:00:00Z,90325.2,90349.1,90202.8,90291.9,416.927
2025-12-13T06:00:00Z,90291.9,90346.7,90220.3,90305.0,397.761
2025-12-13T07:00:00Z,90305.0,90360.0,90275.8,90289.6,404.542
2025-12-13T08:00:00Z,90289.6,90534.6,90272.8,90419.3,1297.261
2025-12-13T09:00:00Z,90419.3,90468.1,90325.2,90373.2,658.36
2025-12-13T10:00:00Z,90373.2,90589.8,90370.0,90548.9,769.749
2025-12-13T11:00:00Z,90548.9,90569.2,90242.6,90305.5,843.05
2025-12-13T12:00:00Z,90305.5,90460.9,90247.8,90313.7,840.06
2025-12-13T13:00:00Z,90313.7,90426.0,90158.7,90210.3,1141.287
2025-12-13T14:00:00Z,90210.3,90295.0,89884.0,90041.3,1899.778
2025-12-13T15:00:00Z,90041.3,90250.0,89993.0,90050.9,1125.913
2025-12-13T16:00:00Z,90050.9,90239.5,89985.6,90047.3,843.943
2025-12-13T17:00:00Z,90047.3,90065.2,89946.9,90014.4,498.77
2025-12-13T18:00:00Z,90014.4,90153.0,89996.4,90091.4,489.293
2025-12-13T19:00:00Z,90091.4,90197.2,90070.4,90150.0,461.621
2025-12-13T20:00:00Z,90150.0,90179.9,90001.2,90058.0,311.252
2025-12-13T21:00:00Z,90058.0,90134.7,89712.7,90122.2,1814.162
2025-12-13T22:00:00Z,90122.2,90200.0,89951.4,90084.1,677.047
2025-12-13T23:00:00Z,90084.1,90236.2,90014.6,90186.4,476.968
2025-12-14T00:00:00Z,90186.4,90440.7,90072.4,90298.0,1195.254
2025-12-14T01:00:00Z,90298.0,90405.5,90156.3,90253.4,578.983
2025-12-14T02:00:00Z,90253.4,90350.9,90196.1,90252.6,346.192
2025-12-14T03:00:00Z,90252.6,90267.7,90200.0,90218.0,211.71
2025-12-14T04:00:00Z,90218.0,90296.3,90083.4,90162.0,361.22
2025-12-14T05:00:00Z,90162.0,90188.0,90002.8,90158.1,1048.549
2025-12-14T06:00:00Z,90158.1,90203.9,90046.0,90108.3,615.173
2025-12-14T07:00:00Z,90108.3,90230.4,90030.0,90204.2,434.957
2025-12-14T08:00:00Z,90204.2,90246.5,90064.0,90072.2,488.596
2025-12-14T09:00:00Z,90072.2,90113.3,89955.8,89981.3,936.773
2025-12-14T10:00:00Z,89981.3,90090.0,89740.0,89809.3,1667.372
2025-12-14T11:00:00Z,89809.3,89815.8,88638.6,89305.1,9214.887
2025-12-14T12:00:00Z,89305.1,89618.4,89050.5,89376.3,2656.766
2025-12-14T13:00:00Z,89376.3,89464.6,89034.4,89439.2,1835.185
2025-12-14T14:00:00Z,89439.2,89516.3,88816.5,89062.0,2390.399
2025-12-14T15:00:00Z,89062.0,89145.4,88825.0,88977.0,1242.009
2025-12-14T16:00:00Z,88977.0,89359.6,88429.3,88790.9,3422.651
2025-12-14T17:00:00Z,88790.9,88988.8,88550.0,88761.7,1745.834
2025-12-14T18:00:00Z,88761.7,89027.0,88668.0,88954.8,1131.841
2025-12-14T19:00:00Z,88954.8,88954.8,88444.8,88597.5,1557.287
2025-12-14T20:00:00Z,88597.5,88777.0,88274.2,88512.8,2168.772
2025-12-14T21:00:00Z,88512.8,88682.3,88300.0,88400.7,1137.912
2025-12-14T22:00:00Z,88400.7,88580.3,87969.0,88358.7,2854.246
2025-12-14T23:00:00Z,88358.7,88578.1,87521.9,88116.0,5316.492
2025-12-15T00:00:00Z,88116.0,88660.6,88017.6,88419.7,3417.086
2025-12-15T01:00:00Z,88419.7,89311.3,88380.0,89205.9,3080.392
2025-12-15T02:00:00Z,89205.9,89986.0,89180.7,89275.9,4173.712
2025-12-15T03:00:00Z,89275.9,89506.1,89175.7,89241.4,1107.839
2025-12-15T04:00:00Z,89241.4,89784.3,89233.2,89628.4,1729.364
2025-12-15T05:00:00Z,89628.4,89714.2,89450.3,89577.7,1784.347
2025-12-15T06:00:00Z,89577.7,89888.9,89434.4,89695.6,1145.842
2025-12-15T07:00:00Z,89695.6,89793.1,89471.8,89709.8,1469.021
2025-12-15T08:00:00Z,89709.8,89866.5,89610.0,89730.9,1250.937
2025-12-15T09:00:00Z,89730.9,89950.0,89730.9,89825.2,1311.099
2025-12-15T10:00:00Z,89825.2,89944.7,89669.2,89827.9,1577.492
2025-12-15T11:00:00Z,89827.9,89867.4,89541.1,89619.9,1189.495
2025-12-15T12:00:00Z,89619.9,89737.7,89383.5,89661.2,1959.99
2025-12-15T13:00:00Z,89661.2,89705.0,89222.0,89386.5,2731.406
2025-12-15T14:00:00Z,89386.5,89845.0,87770.5,87994.4,11119.345
2025-12-15T15:00:00Z,87994.4,88146.8,86575.0,86989.4,18775.124
2025-12-15T16:00:00Z,86989.4,87186.9,86000.0,86351.1,9670.338
2025-12-15T17:00:00Z,86351.1,86456.0,85527.4,85709.9,7727.468
2025-12-15T18:00:00Z,85709.9,86241.6,85080.0,86143.0,8839.84
2025-12-15T19:00:00Z,86143.0,86527.9,85814.2,86108.4,4385.846
2025-12-15T20:00:00Z,86108.4,86157.1,85560.0,85744.3,4986.953
2025-12-15T21:00:00Z,85744.3,86267.3,85462.0,86200.0,2862.319
2025-12-15T22:00:00Z,86200.0,86227.2,85767.6,86221.1,1206.434
2025-12-15T23:00:00Z,86221.1,86428.5,86068.0,86391.7,1975.633
2025-12-16T00:00:00Z,86391.7,86480.0,85799.1,85826.0,1850.702
2025-12-16T01:00:00Z,85826.0,86122.9,85622.0,85844.9,2598.55
2025-12-16T02:00:00Z,85844.9,86185.7,85754.9,85891.1,1265.414
2025-12-16T03:00:00Z,85891.1,85978.1,85323.9,85835.9,3128.459
2025-12-16T04:00:00Z,85835.9,85887.6,85222.0,85797.8,2264.111
2025-12-16T05:00:00Z,85797.8,86166.7,85759.8,85980.0,2070.795
2025-12-16T06:00:00Z,85980.0,86585.7,85980.0,86457.6,1944.553
2025-12-16T07:00:00Z,86457.6,86571.0,85794.0,85959.1,3433.762
2025-12-16T08:00:00Z,85959.1,86341.6,85880.7,86232.4,1275.753
2025-12-16T09:00:00Z,86232.4,86381.7,86134.9,86309.2,1114.82
2025-12-16T10:00:00Z,86309.2,87300.0,86222.8,86940.5,4609.295
2025-12-16T11:00:00Z,86940.5,87299.1,86772.0,87220.9,2355.161
2025-12-16T12:00:00Z,87220.9,87450.0,87030.9,87168.6,2867.483
2025-12-16T13:00:00Z,87168.6,87780.0,86368.6,86408.9,10124.274
2025-12-16T14:00:00Z,86408.9,87728.9,86072.6,87259.9,11232.405
2025-12-16T15:00:00Z,87259.9,88149.6,86806.0,87933.5,8734.468
2025-12-16T16:00:00Z,87933.5,88025.2,87360.0,87548.8,6162.752
2025-12-16T17:00:00Z,87548.8,87808.6,87051.0,87090.9,2850.668
2025-12-16T18:00:00Z,87090.9,87987.4,87020.0,87746.0,3395.298
2025-12-16T19:00:00Z,87746.0,87762.9,87223.3,87535.5,2215.243
2025-12-16T20:00:00Z,87535.5,87800.0,87298.8,87522.8,1717.165
2025-12-16T21:00:00Z,87522.8,87879.1,87440.5,87720.0,1301.306
2025-12-16T22:00:00Z,87720.0,87896.2,87583.2,87755.1,850.433
2025-12-16T23:00:00Z,87755.1,87833.3,87550.9,87821.3,837.693
2025-12-17T00:00:00Z,87821.3,87821.4,87370.5,87491.5,1292.021
2025-12-17T01:00:00Z,87491.5,87930.5,87442.2,87517.3,1355.431
2025-12-17T02:00:00Z,87517.3,87555.1,87141.0,87445.6,1811.718
2025-12-17T03:00:00Z,87445.6,87575.5,87100.0,87173.9,1834.592
2025-12-17T04:00:00Z,87173.9,87348.3,86682.0,86711.7,2643.717
2025-12-17T05:00:00Z,86711.7,86718.6,86166.3,86584.7,4510.065
2025-12-17T06:00:00Z,86584.7,86955.2,86545.2,86729.6,2478.113
2025-12-17T07:00:00Z,86729.6,87131.2,86554.0,86999.9,2387.137
2025-12-17T08:00:00Z,86999.9,87000.0,86269.1,86352.9,2307.771
2025-12-17T09:00:00Z,86352.9,86566.0,86216.9,86375.6,2116.692
2025-12-17T10:00:00Z,86375.6,86799.9,86172.9,86588.0,2072.437
2025-12-17T11:00:00Z,86588.0,87100.0,86523.0,86946.9,1713.066
2025-12-17T12:00:00Z,86946.9,87180.8,86781.6,86989.2,2836.462
2025-12-17T13:00:00Z,86989.2,87855.3,86775.4,87590.2,5579.036
2025-12-17T14:00:00Z,87590.2,89664.6,87135.0,89639.9,16914.854
2025-12-17T15:00:00Z,89639.9,90341.0,87075.5,87185.2,22176.824
2025-12-17T16:00:00Z,87185.2,87739.4,86115.0,86947.4,13733.943
2025-12-17T17:00:00Z,86947.4,87073.2,86200.8,86374.5,4963.402
2025-12-17T18:00:00Z,86374.5,86800.0,85609.0,85792.2,5258.957
2025-12-17T19:00:00Z,85792.2,86156.0,85259.2,85976.9,7809.519
2025-12-17T20:00:00Z,85976.9,86223.7,85610.9,85849.1,4502.254
2025-12-17T21:00:00Z,85849.1,86024.4,85651.2,85936.7,1287.862
2025-12-17T22:00:00Z,85936.7,86425.5,85842.5,86298.8,1843.564
2025-12-17T23:00:00Z,86298.8,86298.9,85902.4,86197.3,1241.488
2025-12-18T00:00:00Z,86197.3,86266.0,86010.7,86186.5,1053.602
2025-12-18T01:00:00Z,86186.5,86203.2,85810.2,86084.2,1540.887
2025-12-18T02:00:00Z,86084.2,86846.5,85962.7,86661.0,4338.347
2025-12-18T03:00:00Z,86661.0,86663.7,86218.5,86594.5,2419.431
2025-12-18T04:00:00Z,86594.5,86880.9,86569.2,86728.5,1970.454
2025-12-18T05:00:00Z,86728.5,86734.6,86350.0,86403.0,1615.018
2025-12-18T06:00:00Z,86403.0,86637.3,86365.5,86615.2,817.267
2025-12-18T07:00:00Z,86615.2,86838.8,86554.0,86794.0,1176.304
2025-12-18T08:00:00Z,86794.0,87119.3,86642.8,86947.9,2190.273
2025-12-18T09:00:00Z,86947.9,87381.0,86771.7,87247.0,2042.159
2025-12-18T10:00:00Z,87247.0,87424.1,87180.0,87317.5,1334.116
2025-12-18T11:00:00Z,87317.5,87328.8,87025.7,87255.8,1395.608
2025-12-18T12:00:00Z,87255.8,87419.3,87076.8,87219.4,1306.442
2025-12-18T13:00:00Z,87219.4,89183.6,87219.4,88818.5,14247.198
2025-12-18T14:00:00Z,88818.5,89483.5,87697.1,88312.9,13015.594
2025-12-18T15:00:00Z,88312.9,89348.3,87919.3,88484.3,9467.07
2025-12-18T16:00:00Z,88484.3,88519.4,87811.0,87981.5,5043.07
2025-12-18T17:00:00Z,87981.5,88000.0,85405.8,86441.4,18194.679
2025-12-18T18:00:00Z,86441.4,86856.1,85665.6,85932.4,6179.977
2025-12-18T19:00:00Z,85932.4,85973.9,84415.1,84433.1,12094.23
2025-12-18T20:00:00Z,84433.1,85261.2,84408.1,84537.0,7342.804
2025-12-18T21:00:00Z,84537.0,85816.1,84510.8,85582.8,5615.745
2025-12-18T22:00:00Z,85582.8,85716.9,85230.8,85536.1,2301.731
2025-12-18T23:00:00Z,85536.1,85584.7,85277.0,85470.1,1809.774
2025-12-19T00:00:00Z,85470.1,85569.7,85245.6,85563.3,1275.889
2025-12-19T01:00:00Z,85563.3,85563.3,85063.0,85273.6,1538.763
2025-12-19T02:00:00Z,85273.6,85885.6,85077.7,85598.8,2264.56
2025-12-19T03:00:00Z,85598.8,87536.5,85560.0,86853.2,10827.28
2025-12-19T04:00:00Z,86853.2,87343.7,86801.4,87060.3,2684.697
2025-12-19T05:00:00Z,87060.3,87209.1,86628.6,87091.2,2933.88
2025-12-19T06:00:00Z,87091.2,87449.2,86862.0,87439.1,1942.725
2025-12-19T07:00:00Z,87439.1,88362.4,87428.2,87913.9,6075.065
2025-12-19T08:00:00Z,87913.9,88190.0,87696.4,88066.5,2835.07
2025-12-19T09:00:00Z,88066.5,88153.0,87853.3,88065.9,1567.883
2025-12-19T10:00:00Z,88065.9,88300.0,87883.6,88232.4,2701.084
2025-12-19T11:00:00Z,88232.4,88355.3,88100.0,88168.4,1632.946
2025-12-19T12:00:00Z,88168.4,88250.0,87786.9,87823.0,2779.653
2025-12-19T13:00:00Z,87823.0,88170.2,87774.3,87955.3,2221.786
2025-12-19T14:00:00Z,87955.3,88550.0,87443.9,88128.0,9396.152
2025-12-19T15:00:00Z,88128.0,89381.0,87650.0,87906.4,13018.663
2025-12-19T16:00:00Z,87906.4,88855.6,87826.7,87948.2,4769.827
2025-12-19T17:00:00Z,87948.2,88314.3,86713.0,86900.0,8442.265
2025-12-19T18:00:00Z,86900.0,87439.6,86773.1,87116.8,3167.418
2025-12-19T19:00:00Z,87116.8,88075.4,87088.8,87800.5,3653.155
2025-12-19T20:00:00Z,87800.5,88441.2,87551.3,88053.5,4330.596
2025-12-19T21:00:00Z,88053.5,88065.8,87749.0,87798.8,1125.385
2025-12-19T22:00:00Z,87798.8,88387.1,87798.8,88301.6,1253.191
2025-12-19T23:00:00Z,88301.6,88325.1,88093.5,88101.1,635.723
2025-12-20T00:00:00Z,88101.1,88155.6,87917.7,87960.0,1237.99
2025-12-20T01:00:00Z,87960.0,88132.3,87959.9,88040.3,439.752
2025-12-20T02:00:00Z,88040.3,88270.6,87933.3,88159.8,611.909
2025-12-20T03:00:00Z,88159.8,88299.6,88126.8,88167.2,455.487
2025-12-20T04:00:00Z,88167.2,88296.2,88073.8,88256.0,596.203
2025-12-20T05:00:00Z,88256.0,88539.9,88222.0,88254.1,987.836
2025-12-20T06:00:00Z,88254.1,88410.0,88232.3,88257.7,605.447
2025-12-20T07:00:00Z,88257.7,88292.4,88136.2,88238.1,846.713
2025-12-20T08:00:00Z,88238.1,88396.2,88200.1,88201.9,809.446
2025-12-20T09:00:00Z,88201.9,88300.0,88162.8,88177.9,447.843
2025-12-20T10:00:00Z,88177.9,88235.0,88081.9,88116.9,604.55
2025-12-20T11:00:00Z,88116.9,88265.0,88058.4,88232.5,698.646
2025-12-20T12:00:00Z,88232.5,88295.0,88136.9,88202.9,384.987
2025-12-20T13:00:00Z,88202.9,88307.3,87739.9,88219.9,2329.122
2025-12-20T14:00:00Z,88219.9,88231.3,87965.0,88197.3,1042.055
2025-12-20T15:00:00Z,88197.3,88220.0,87969.4,88133.9,951.687
2025-12-20T16:00:00Z,88133.9,88199.8,88081.8,88110.9,488.135
2025-12-20T17:00:00Z,88110.9,88212.9,88034.7,88145.2,465.607
2025-12-20T18:00:00Z,88145.2,88391.2,88102.4,88269.1,641.08
2025-12-20T19:00:00Z,88269.1,88287.9,88146.4,88180.1,260.564
2025-12-20T20:00:00Z,88180.1,88277.5,88161.1,88242.0,350.347
2025-12-20T21:00:00Z,88242.0,88417.3,88139.0,88174.5,727.504
2025-12-20T22:00:00Z,88174.5,88307.8,88093.2,88231.8,660.536
2025-12-20T23:00:00Z,88231.8,88399.4,88210.8,88314.8,378.899
2025-12-21T00:00:00Z,88314.8,88394.0,88253.9,88347.2,534.492
2025-12-21T01:00:00Z,88347.2,88347.2,87957.2,87969.2,1090.624
2025-12-21T02:00:00Z,87969.2,88116.0,87812.7,87915.5,1219.197
2025-12-21T03:00:00Z,87915.5,88126.2,87892.2,88039.5,831.534
2025-12-21T04:00:00Z,88039.5,88117.2,87998.9,88036.2,447.247
2025-12-21T05:00:00Z,88036.2,88111.0,88010.6,88086.4,341.175
2025-12-21T06:00:00Z,88086.4,88160.0,88023.1,88047.8,491.81
2025-12-21T07:00:00Z,88047.8,88138.0,88003.6,88130.6,588.065
2025-12-21T08:00:00Z,88130.6,88724.2,88087.5,88493.7,2082.147
2025-12-21T09:00:00Z,88493.7,89046.3,88457.3,88848.0,2455.728
2025-12-21T10:00:00Z,88848.0,88932.3,88534.3,88636.0,1579.385
2025-12-21T11:00:00Z,88636.0,88721.0,88530.1,88567.2,902.913
2025-12-21T12:00:00Z,88567.2,88888.3,88400.1,88590.8,1588.509
2025-12-21T13:00:00Z,88590.8,88665.0,87533.7,87620.1,6248.132
2025-12-21T14:00:00Z,87620.1,88099.0,87565.8,88017.5,3707.471
2025-12-21T15:00:00Z,88017.5,88256.0,87757.9,88024.9,2435.926
2025-12-21T16:00:00Z,88024.9,88347.7,87933.4,88308.5,1369.293
2025-12-21T17:00:00Z,88308.5,88460.6,88227.7,88289.0,1398.928
2025-12-21T18:00:00Z,88289.0,88428.0,87902.5,88415.2,1838.325
2025-12-21T19:00:00Z,88415.2,88598.9,88147.7,88450.7,1152.598
2025-12-21T20:00:00Z,88450.7,88479.6,88178.9,88200.9,516.35
2025-12-21T21:00:00Z,88200.9,88341.5,88039.4,88113.7,627.419
2025-12-21T22:00:00Z,88113.7,88456.7,88075.0,88446.9,721.802
2025-12-21T23:00:00Z,88446.9,88783.1,88324.0,88629.0,1710.038
2025-12-22T00:00:00Z,88629.0,89606.8,88559.1,88578.4,5657.475
2025-12-22T01:00:00Z,88578.4,89254.6,88473.1,88580.0,2696.436
2025-12-22T02:00:00Z,88580.0,88610.0,87844.9,88414.9,3948.024
2025-12-22T03:00:00Z,88414.9,88817.7,88236.3,88739.2,1725.415
2025-12-22T04:00:00Z,88739.2,89000.0,88669.1,88869.1,1155.588
2025-12-22T05:00:00Z,88869.1,88965.3,88720.7,88800.2,908.771
2025-12-22T06:00:00Z,88800.2,88984.4,88697.3,88872.8,1045.706
2025-12-22T07:00:00Z,88872.8,89170.0,88850.5,89132.5,1218.621
2025-12-22T08:00:00Z,89132.5,89892.7,89050.2,89300.9,5936.679
2025-12-22T09:00:00Z,89300.9,89843.0,89252.9,89790.0,2205.226
2025-12-22T10:00:00Z,89790.0,89836.8,89571.1,89741.9,2124.294
2025-12-22T11:00:00Z,89741.9,90110.9,89615.2,89900.9,2904.959
2025-12-22T12:00:00Z,89900.9,90588.8,89821.2,90174.0,4204.668
2025-12-22T13:00:00Z,90174.0,90297.0,89680.1,89888.8,2647.438
2025-12-22T14:00:00Z,89888.8,90268.8,89379.3,90087.3,6717.079
2025-12-22T15:00:00Z,90087.3,90432.1,89124.6,89687.7,6859.38
2025-12-22T16:00:00Z,89687.7,90091.3,89471.8,89509.7,3780.077
2025-12-22T17:00:00Z,89509.7,89540.3,89023.3,89262.0,3156.488
2025-12-22T18:00:00Z,89262.0,89491.0,89085.5,89095.2,1582.823
2025-12-22T19:00:00Z,89095.2,89107.4,87914.2,88002.1,5944.772
2025-12-22T20:00:00Z,88002.1,88440.9,87855.1,88303.7,4090.279
2025-12-22T21:00:00Z,88303.7,88572.2,88175.1,88225.3,1832.784
2025-12-22T22:00:00Z,88225.3,88784.3,88100.0,88613.6,1324.909
2025-12-22T23:00:00Z,88613.6,88660.6,88380.0,88578.3,1447.779
2025-12-23T00:00:00Z,88578.3,88896.0,88455.1,88721.8,1698.158
2025-12-23T01:00:00Z,88721.8,88863.7,88367.8,88468.8,1144.177
2025-12-23T02:00:00Z,88468.8,88725.9,88058.8,88167.9,3229.123
2025-12-23T03:00:00Z,88167.9,88315.1,87745.9,88127.2,2816.292
2025-12-23T04:00:00Z,88127.2,88401.1,87865.9,87881.4,2050.126
2025-12-23T05:00:00Z,87881.4,87999.9,87556.3,87720.0,2637.852
2025-12-23T06:00:00Z,87720.0,87745.8,86987.6,87353.7,4589.931
2025-12-23T07:00:00Z,87353.7,87656.9,87320.0,87522.7,1769.456
2025-12-23T08:00:00Z,87522.7,87654.7,87382.0,87430.4,1275.098
2025-12-23T09:00:00Z,87430.4,87595.4,87260.1,87479.5,1776.828
2025-12-23T10:00:00Z,87479.5,87620.2,87454.5,87564.9,818.375
2025-12-23T11:00:00Z,87564.9,87847.2,87509.5,87810.1,1759.004
2025-12-23T12:00:00Z,87810.1,87930.0,87553.0,87741.0,1681.2
2025-12-23T13:00:00Z,87741.0,87870.0,87366.8,87575.9,3236.221
2025-12-23T14:00:00Z,87575.9,87800.0,86542.2,86830.0,8232.93
2025-12-23T15:00:00Z,86830.0,87520.8,86668.0,87410.2,5601.696
2025-12-23T16:00:00Z,87410.2,88157.7,87273.9,87956.8,6826.456
2025-12-23T17:00:00Z,87956.8,88250.0,87124.4,87129.1,4559.349
2025-12-23T18:00:00Z,87129.1,88139.6,87106.1,87934.0,5120.003
2025-12-23T19:00:00Z,87934.0,88008.3,87588.0,87708.6,2111.068
2025-12-23T20:00:00Z,87708.6,88345.8,87481.3,87652.1,3410.787
2025-12-23T21:00:00Z,87652.1,87823.8,87488.9,87679.9,1834.639
2025-12-23T22:00:00Z,87679.9,87749.4,87185.0,87357.7,2533.116
2025-12-23T23:00:00Z,87357.7,87471.8,87113.8,87444.0,2112.693
2025-12-24T00:00:00Z,87444.0,87635.0,87211.6,87613.3,1241.417
2025-12-24T01:00:00Z,87613.3,87800.0,87450.0,87581.2,1080.69
2025-12-24T02:00:00Z,87581.2,87619.4,86877.3,87084.0,2692.742
2025-12-24T03:00:00Z,87084.0,87350.0,86800.1,87299.8,2009.191
2025-12-24T04:00:00Z,87299.8,87428.2,87027.5,87106.2,1009.871
2025-12-24T05:00:00Z,87106.2,87214.6,86731.8,86909.2,1592.603
2025-12-24T06:00:00Z,86909.2,87041.2,86748.0,86976.3,1872.827
2025-12-24T07:00:00Z,86976.3,87145.3,86853.0,86864.0,1247.375
2025-12-24T08:00:00Z,86864.0,87033.0,86701.6,86746.6,1442.961
2025-12-24T09:00:00Z,86746.6,86850.0,86672.4,86760.0,917.026
2025-12-24T10:00:00Z,86760.0,87164.2,86755.5,87034.6,1212.592
2025-12-24T11:00:00Z,87034.6,87328.8,87034.6,87159.1,1351.353
2025-12-24T12:00:00Z,87159.1,87444.0,87093.0,87395.0,1882.724
2025-12-24T13:00:00Z,87395.0,87403.9,86976.1,87250.5,1703.104
2025-12-24T14:00:00Z,87250.5,87428.5,86363.3,86945.3,6802.892
2025-12-24T15:00:00Z,86945.3,87193.0,86533.5,87011.9,3702.431
2025-12-24T16:00:00Z,87011.9,87662.5,86880.2,87250.0,4013.358
2025-12-24T17:00:00Z,87250.0,87557.0,87207.6,87282.6,1551.225
2025-12-24T18:00:00Z,87282.6,87485.6,87188.6,87426.4,1249.062
2025-12-24T19:00:00Z,87426.4,87550.0,87292.6,87530.0,1222.753
2025-12-24T20:00:00Z,87530.0,87649.6,87466.9,87525.0,905.944
2025-12-24T21:00:00Z,87525.0,87783.7,87524.9,87661.8,1145.55
2025-12-24T22:00:00Z,87661.8,88032.9,87659.7,87966.0,1263.243
2025-12-24T23:00:00Z,87966.0,87988.0,87550.0,87636.3,1435.444
2025-12-25T00:00:00Z,87636.3,87719.6,87478.7,87530.5,1201.06
2025-12-25T01:00:00Z,87530.5,87717.8,87524.8,87669.0,554.055
2025-12-25T02:00:00Z,87669.0,87943.6,87520.8,87850.9,848.911
2025-12-25T03:00:00Z,87850.9,87894.3,87733.4,87806.8,379.798
2025-12-25T04:00:00Z,87806.8,87810.0,87701.8,87741.4,616.602
2025-12-25T05:00:00Z,87741.4,87750.0,87612.7,87708.0,622.405
2025-12-25T06:00:00Z,87708.0,87810.3,87643.1,87795.0,341.9
2025-12-25T07:00:00Z,87795.0,87832.0,87714.6,87799.9,371.598
2025-12-25T08:00:00Z,87799.9,87864.0,87291.4,87546.9,2288.878
2025-12-25T09:00:00Z,87546.9,87566.9,87400.0,87483.8,651.304
2025-12-25T10:00:00Z,87483.8,87493.5,87203.4,87381.8,1352.711
2025-12-25T11:00:00Z,87381.8,87550.0,87370.5,87484.8,892.65
2025-12-25T12:00:00Z,87484.8,87558.2,87439.6,87520.7,424.824
2025-12-25T13:00:00Z,87520.7,87661.3,87339.1,87583.9,1063.368
2025-12-25T14:00:00Z,87583.9,87727.2,87504.0,87675.0,831.697
2025-12-25T15:00:00Z,87675.0,88565.5,87661.0,88339.1,6059.56
2025-12-25T16:00:00Z,88339.1,88458.6,87910.6,88047.1,2528.894
2025-12-25T17:00:00Z,88047.1,88170.8,87953.2,88097.8,1040.302
2025-12-25T18:00:00Z,88097.8,88280.0,88093.9,88204.9,870.588
2025-12-25T19:00:00Z,88204.9,88214.4,88032.3,88114.1,642.289
2025-12-25T20:00:00Z,88114.1,88137.8,87601.8,87841.3,2251.016
2025-12-25T21:00:00Z,87841.3,87973.7,87772.8,87863.9,719.789
2025-12-25T22:00:00Z,87863.9,87890.1,87258.3,87610.0,1867.814
2025-12-25T23:00:00Z,87610.0,87740.0,86902.2,87178.1,4479.369
2025-12-26T00:00:00Z,87178.1,87282.8,86815.9,87083.9,3036.5
2025-12-26T01:00:00Z,87083.9,87465.8,87080.1,87393.0,1544.13
2025-12-26T02:00:00Z,87393.0,89404.9,87376.4,89154.1,10285.882
2025-12-26T03:00:00Z,89154.1,89243.8,88666.6,88796.4,3254.317
2025-12-26T04:00:00Z,88796.4,89124.8,88472.4,88931.1,2672.271
2025-12-26T05:00:00Z,88931.1,89016.4,88771.5,88953.2,1169.931
2025-12-26T06:00:00Z,88953.2,89228.8,88953.1,89094.4,1602.275
2025-12-26T07:00:00Z,89094.4,89539.0,88310.0,88440.0,4550.72
2025-12-26T08:00:00Z,88440.0,88860.6,88371.8,88700.9,2366.821
2025-12-26T09:00:00Z,88700.9,88890.0,88609.2,88773.3,1056.208
2025-12-26T10:00:00Z,88773.3,88856.7,88637.9,88719.2,1218.34
2025-12-26T11:00:00Z,88719.2,88731.1,88487.8,88500.9,814.035
2025-12-26T12:00:00Z,88500.9,88725.9,88500.9,88642.7,800.209
2025-12-26T13:00:00Z,88642.7,89069.0,88581.1,88968.4,2986.909
2025-12-26T14:00:00Z,88968.4,89029.7,87320.0,87348.7,8709.871
2025-12-26T15:00:00Z,87348.7,87350.1,86618.6,87101.2,11301.845
2025-12-26T16:00:00Z,87101.2,87345.7,86785.4,86800.0,4376.219
2025-12-26T17:00:00Z,86800.0,87422.8,86763.2,87290.2,2586.058
2025-12-26T18:00:00Z,87290.2,87339.7,87084.4,87231.0,964.862
2025-12-26T19:00:00Z,87231.0,87546.0,87195.4,87453.0,1066.333
2025-12-26T20:00:00Z,87453.0,87749.0,87350.1,87549.2,1666.881
2025-12-26T21:00:00Z,87549.2,87655.6,87405.5,87427.4,742.976
2025-12-26T22:00:00Z,87427.4,87556.5,87267.3,87503.5,949.883
2025-12-26T23:00:00Z,87503.5,87512.7,87290.0,87328.8,492.975
2025-12-27T00:00:00Z,87328.8,87366.8,87200.1,87353.2,674.066
2025-12-27T01:00:00Z,87353.2,87444.4,87281.6,87431.9,394.292
2025-12-27T02:00:00Z,87431.9,87447.0,87347.6,87404.0,364.493
2025-12-27T03:00:00Z,87404.0,87491.2,87338.1,87471.0,363.396
2025-12-27T04:00:00Z,87471.0,87479.3,87409.4,87425.8,222.947
2025-12-27T05:00:00Z,87425.8,87479.0,87392.8,87464.4,215.798
2025-12-27T06:00:00Z,87464.4,87526.8,87368.5,87431.0,545.558
2025-12-27T07:00:00Z,87431.0,87670.0,87431.0,87492.1,701.363
2025-12-27T08:00:00Z,87492.1,87635.2,87492.0,87547.7,477.338
2025-12-27T09:00:00Z,87547.7,87631.9,87495.2,87573.6,529.553
2025-12-27T10:00:00Z,87573.6,87590.9,87328.0,87466.5,930.766
2025-12-27T11:00:00Z,87466.5,87517.0,87391.3,87434.0,527.467
2025-12-27T12:00:00Z,87434.0,87482.0,87372.8,87435.0,283.548
2025-12-27T13:00:00Z,87435.0,87448.3,87268.2,87409.1,464.584
2025-12-27T14:00:00Z,87409.1,87513.8,87360.0,87492.5,393.828
2025-12-27T15:00:00Z,87492.5,87558.0,87441.2,87518.4,467.386
2025-12-27T16:00:00Z,87518.4,87550.6,87400.0,87462.8,492.555
2025-12-27T17:00:00Z,87462.8,87529.7,87423.0,87520.0,394.346
2025-12-27T18:00:00Z,87520.0,87539.8,87413.3,87463.6,220.017
2025-12-27T19:00:00Z,87463.6,87538.0,87457.4,87526.6,262.432
2025-12-27T20:00:00Z,87526.6,87589.3,87488.0,87526.1,203.192
2025-12-27T21:00:00Z,87526.1,87632.0,87520.0,87628.7,330.935
2025-12-27T22:00:00Z,87628.7,87919.2,87454.0,87515.9,1787.99
2025-12-27T23:00:00Z,87515.9,87958.0,87515.9,87835.6,1265.038
2025-12-28T00:00:00Z,87835.6,87935.0,87681.1,87819.1,1042.408
2025-12-28T01:00:00Z,87819.1,87927.0,87694.0,87753.9,573.432
2025-12-28T02:00:00Z,87753.9,87850.0,87705.8,87772.0,265.108
2025-12-28T03:00:00Z,87772.0,87819.9,87700.0,87700.0,278.249
2025-12-28T04:00:00Z,87700.0,87807.6,87610.6,87689.7,734.747
2025-12-28T05:00:00Z,87689.7,87690.0,87562.8,87614.9,627.757
2025-12-28T06:00:00Z,87614.9,87758.4,87600.0,87690.1,462.249
2025-12-28T07:00:00Z,87690.1,87711.9,87630.7,87711.1,333.375
2025-12-28T08:00:00Z,87711.1,87942.4,87694.8,87770.0,755.717
2025-12-28T09:00:00Z,87770.0,87872.0,87679.0,87773.6,479.611
2025-12-28T10:00:00Z,87773.6,87982.6,87770.0,87835.4,1045.317
2025-12-28T11:00:00Z,87835.4,87901.9,87773.6,87850.0,506.921
2025-12-28T12:00:00Z,87850.0,87858.5,87766.0,87820.5,617.545
2025-12-28T13:00:00Z,87820.5,87924.9,87772.8,87871.5,491.595
2025-12-28T14:00:00Z,87871.5,88064.0,87856.8,87869.7,979.149
2025-12-28T15:00:00Z,87869.7,87973.1,87780.6,87798.9,573.327
2025-12-28T16:00:00Z,87798.9,87874.9,87685.9,87773.3,726.341
2025-12-28T17:00:00Z,87773.3,87901.0,87710.0,87714.9,413.337
2025-12-28T18:00:00Z,87714.9,87733.2,87450.1,87552.1,1996.601
2025-12-28T19:00:00Z,87552.1,87666.8,87445.5,87487.9,725.178
2025-12-28T20:00:00Z,87487.9,87620.1,87385.2,87466.8,698.137
2025-12-28T21:00:00Z,87466.8,87562.1,87365.8,87543.0,501.952
2025-12-28T22:00:00Z,87543.0,87954.9,87424.7,87867.9,1100.616
2025-12-28T23:00:00Z,87867.9,88041.1,87597.8,87909.9,1213.289
2025-12-29T00:00:00Z,87909.9,88420.0,87768.5,88260.0,2990.199
2025-12-29T01:00:00Z,88260.0,88472.1,87830.4,88414.9,2287.649
2025-12-29T02:00:00Z,88414.9,89370.0,88414.8,89134.9,7004.521
2025-12-29T03:00:00Z,89134.9,90150.0,89069.7,90100.1,5364.574
2025-12-29T04:00:00Z,90100.1,90422.0,89919.4,90108.8,4215.344
2025-12-29T05:00:00Z,90108.8,90267.1,89900.0,89946.6,2564.192
2025-12-29T06:00:00Z,89946.6,90095.0,89715.9,89740.4,1860.728
2025-12-29T07:00:00Z,89740.4,89816.8,89444.5,89582.8,2954.763
2025-12-29T08:00:00Z,89582.8,89788.0,89424.6,89517.6,2011.417
2025-12-29T09:00:00Z,89517.6,89607.4,87715.4,88070.1,9233.158
2025-12-29T10:00:00Z,88070.1,88258.6,87610.0,87746.1,3674.583
2025-12-29T11:00:00Z,87746.1,87750.6,87515.1,87525.5,2349.197
2025-12-29T12:00:00Z,87525.5,87609.3,86753.0,87324.9,8779.782
2025-12-29T13:00:00Z,87324.9,87494.3,87100.0,87334.6,2736.008
2025-12-29T14:00:00Z,87334.6,88148.8,87200.0,87390.0,6633.148
2025-12-29T15:00:00Z,87390.0,87888.0,87166.4,87641.3,4063.178
2025-12-29T16:00:00Z,87641.3,87801.8,87378.2,87592.9,1655.285
2025-12-29T17:00:00Z,87592.9,87831.6,87306.0,87814.5,1741.309
2025-12-29T18:00:00Z,87814.5,87962.2,87316.4,87425.8,2076.937
2025-12-29T19:00:00Z,87425.8,87645.7,87266.0,87323.5,1519.961
2025-12-29T20:00:00Z,87323.5,87567.3,87039.8,87172.8,2182.422
2025-12-29T21:00:00Z,87172.8,87337.9,87141.7,87295.8,674.888
2025-12-29T22:00:00Z,87295.8,87364.2,87029.3,87296.4,1284.538
2025-12-29T23:00:00Z,87296.4,87365.3,87132.0,87184.6,641.888
2025-12-30T00:00:00Z,87184.6,87325.9,87066.0,87215.4,1091.595
2025-12-30T01:00:00Z,87215.4,87322.7,87068.7,87267.9,736.345
2025-12-30T02:00:00Z,87267.9,87287.0,86924.2,87057.1,1974.93
2025-12-30T03:00:00Z,87057.1,87379.4,86779.2,87328.7,2659.997
2025-12-30T04:00:00Z,87328.7,87450.0,87234.4,87262.0,878.816
2025-12-30T05:00:00Z,87262.0,87326.6,87090.9,87206.1,809.926
2025-12-30T06:00:00Z,87206.1,87481.1,87183.7,87404.8,850.076
2025-12-30T07:00:00Z,87404.8,87564.5,87322.1,87441.5,1144.643
2025-12-30T08:00:00Z,87441.5,88200.0,87441.5,87817.6,5255.246
2025-12-30T09:00:00Z,87817.6,88002.0,87600.0,87953.0,1945.159
2025-12-30T10:00:00Z,87953.0,88153.7,87873.4,87909.7,1907.32
2025-12-30T11:00:00Z,87909.7,87991.9,87717.1,87867.1,1266.482
2025-12-30T12:00:00Z,87867.1,88080.1,87864.5,87995.6,1288.782
2025-12-30T13:00:00Z,87995.6,88118.0,87870.1,88069.6,1682.854
2025-12-30T14:00:00Z,88069.6,88980.0,87783.3,88837.6,8020.447
2025-12-30T15:00:00Z,88837.6,89127.0,88150.0,88969.2,8206.591
2025-12-30T16:00:00Z,88969.2,89373.0,88531.0,88702.1,6874.855
2025-12-30T17:00:00Z,88702.1,88867.2,88040.2,88340.0,4202.989
2025-12-30T18:00:00Z,88340.0,88460.1,88090.1,88262.8,2034.935
2025-12-30T19:00:00Z,88262.8,88396.1,87909.3,88190.1,2394.526
2025-12-30T20:00:00Z,88190.1,88190.1,87823.4,87893.5,1477.344
2025-12-30T21:00:00Z,87893.5,88294.6,87832.4,88244.0,1546.883
2025-12-30T22:00:00Z,88244.0,88442.4,88239.3,88396.7,987.25
2025-12-30T23:00:00Z,88396.7,88553.2,88325.3,88458.0,1265.943
2025-12-31T00:00:00Z,88458.0,88458.1,88207.2,88231.8,976.79
2025-12-31T01:00:00Z,88231.8,88767.5,88126.6,88615.9,2430.407
2025-12-31T02:00:00Z,88615.9,88719.8,88480.5,88643.1,1030.244
2025-12-31T03:00:00Z,88643.1,88849.3,88340.1,88425.0,1377.004
2025-12-31T04:00:00Z,88425.0,88521.0,88272.7,88293.8,1036.249
2025-12-31T05:00:00Z,88293.8,88496.3,88293.8,88424.7,674.402
2025-12-31T06:00:00Z,88424.7,88534.7,88424.7,88483.0,322.298
2025-12-31T07:00:00Z,88483.0,88613.4,88375.0,88575.4,839.388
2025-12-31T08:00:00Z,88575.4,88713.2,88350.2,88397.4,1309.729
2025-12-31T09:00:00Z,88397.4,88689.5,88397.3,88630.3,667.36
2025-12-31T10:00:00Z,88630.3,88904.3,88621.0,88810.0,1513.561
2025-12-31T11:00:00Z,88810.0,89059.8,88767.5,88976.2,1835.902
2025-12-31T12:00:00Z,88976.2,89020.0,88693.7,88746.1,2052.994
2025-12-31T13:00:00Z,88746.1,89034.6,88704.0,88968.6,1635.597
2025-12-31T14:00:00Z,88968.6,89194.3,88237.2,88451.4,5065.37
2025-12-31T15:00:00Z,88451.4,88454.0,87730.5,87911.8,6092.021
2025-12-31T16:00:00Z,87911.8,88012.8,87342.0,87603.7,6148.718
2025-12-31T17:00:00Z,87603.7,87700.5,87441.9,87569.2,1681.884
2025-12-31T18:00:00Z,87569.2,87938.5,87521.3,87641.4,2499.339
2025-12-31T19:00:00Z,87641.4,87838.0,87482.0,87500.0,1666.486
2025-12-31T20:00:00Z,87500.0,87672.3,87177.8,87621.5,2680.563
2025-12-31T21:00:00Z,87621.5,87834.9,87621.5,87752.8,875.108
2025-12-31T22:00:00Z,87752.8,87842.0,87615.2,87691.3,619.751
2025-12-31T23:00:00Z,87691.3,87693.4,87573.4,87594.9,375.36
2026-01-01T00:00:00Z,87594.9,87814.0,87574.0,87758.5,751.666
2026-01-01T01:00:00Z,87758.5,88022.1,87758.5,87914.0,1369.653
2026-01-01T02:00:00Z,87914.0,88054.0,87852.1,87875.9,667.35
2026-01-01T03:00:00Z,87875.9,87984.3,87800.0,87822.0,395.882
2026-01-01T04:00:00Z,87822.0,87829.4,87515.0,87555.8,1451.415
2026-01-01T05:00:00Z,87555.8,87711.9,87555.8,87668.1,568.847
2026-01-01T06:00:00Z,87668.1,87668.1,87590.0,87611.4,294.954
2026-01-01T07:00:00Z,87611.4,87639.6,87555.8,87586.5,516.685
2026-01-01T08:00:00Z,87586.5,87769.3,87581.4,87727.2,952.496
2026-01-01T09:00:00Z,87727.2,87911.9,87700.0,87837.2,610.278
2026-01-01T10:00:00Z,87837.2,87842.3,87740.7,87813.1,347.184
2026-01-01T11:00:00Z,87813.1,87991.4,87797.3,87980.5,1183.065
2026-01-01T12:00:00Z,87980.5,88000.0,87868.3,87900.0,661.662
2026-01-01T13:00:00Z,87900.0,87987.0,87802.3,87875.8,614.144
2026-01-01T14:00:00Z,87875.8,87932.1,87754.3,87915.4,1017.895
2026-01-01T15:00:00Z,87915.4,88098.6,87868.8,87992.1,1277.3
2026-01-01T16:00:00Z,87992.1,88009.3,87836.3,87958.6,684.735
2026-01-01T17:00:00Z,87958.6,88499.0,87925.1,88294.6,2908.861
2026-01-01T18:00:00Z,88294.6,88337.8,88062.3,88166.0,1235.393
2026-01-01T19:00:00Z,88166.0,88409.6,88035.3,88356.3,761.901
2026-01-01T20:00:00Z,88356.3,88357.4,88209.1,88225.5,417.396
2026-01-01T21:00:00Z,88225.5,88417.8,88215.7,88363.7,494.296
2026-01-01T22:00:00Z,88363.7,88666.0,88363.7,88614.0,2000.244
2026-01-01T23:00:00Z,88614.0,88891.9,88443.9,88810.1,2899.231
2026-01-02T00:00:00Z,88810.1,88863.0,88554.1,88805.8,2007.591
2026-01-02T01:00:00Z,88805.8,88852.4,88500.0,88612.4,1107.979
2026-01-02T02:00:00Z,88612.4,88644.0,88325.9,88608.7,1467.258
2026-01-02T03:00:00Z,88608.7,89100.0,88540.8,88919.8,2929.528
2026-01-02T04:00:00Z,88919.8,88965.1,88600.0,88605.0,1533.942
2026-01-02T05:00:00Z,88605.0,88757.2,88530.4,88724.6,982.693
2026-01-02T06:00:00Z,88724.6,89061.8,88690.0,88910.9,1194.534
2026-01-02T07:00:00Z,88910.9,89030.0,88809.8,88838.9,1218.782
2026-01-02T08:00:00Z,88838.9,89172.0,88774.3,89144.1,1445.669
2026-01-02T09:00:00Z,89144.1,89479.1,89080.1,89449.9,3347.366
2026-01-02T10:00:00Z,89449.9,89946.0,89428.8,89638.2,5178.071
2026-01-02T11:00:00Z,89638.2,89655.1,89323.1,89468.5,2322.754
2026-01-02T12:00:00Z,89468.5,89577.8,89342.9,89359.0,1182.931
2026-01-02T13:00:00Z,89359.0,89710.7,89250.1,89306.6,2242.265
2026-01-02T14:00:00Z,89306.6,90100.0,88413.6,89527.1,12488.599
2026-01-02T15:00:00Z,89527.1,89865.2,88730.9,89361.0,8698.666
2026-01-02T16:00:00Z,89361.0,90881.3,89151.8,90323.5,12573.674
2026-01-02T17:00:00Z,90323.5,90958.5,90137.6,90325.0,5730.66
2026-01-02T18:00:00Z,90325.0,90529.8,89502.5,89728.0,4394.79
2026-01-02T19:00:00Z,89728.0,90123.4,89608.4,89857.0,2331.446
2026-01-02T20:00:00Z,89857.0,90038.2,89575.1,89690.0,1610.615
2026-01-02T21:00:00Z,89690.0,90124.1,89676.3,90005.0,1284.719
2026-01-02T22:00:00Z,90005.0,90370.6,89966.1,90148.9,1545.234
2026-01-02T23:00:00Z,90148.9,90148.9,89835.4,89953.8,1191.785
2026-01-03T00:00:00Z,89953.8,90149.8,89908.1,90109.1,771.075
2026-01-03T01:00:00Z,90109.1,90250.0,90023.1,90229.7,571.319
2026-01-03T02:00:00Z,90229.7,90360.0,90087.0,90295.0,594.71
2026-01-03T03:00:00Z,90295.0,90339.0,90148.3,90284.2,568.262
2026-01-03T04:00:00Z,90284.2,90447.8,90004.8,90122.5,942.415
2026-01-03T05:00:00Z,90122.5,90163.5,89868.4,89988.3,815.961
2026-01-03T06:00:00Z,89988.3,90094.9,89800.1,89825.5,851.562
2026-01-03T07:00:00Z,89825.5,89910.8,89255.1,89525.0,3966.805
2026-01-03T08:00:00Z,89525.0,89802.0,89371.6,89617.3,1957.026
2026-01-03T09:00:00Z,89617.3,89946.1,89586.1,89753.5,1745.579
2026-01-03T10:00:00Z,89753.5,89834.7,89656.2,89711.8,651.947
2026-01-03T11:00:00Z,89711.8,89744.0,89623.0,89706.6,573.614
2026-01-03T12:00:00Z,89706.6,90045.6,89613.0,89993.1,1425.775
2026-01-03T13:00:00Z,89993.1,90027.2,89883.0,89969.9,931.94
2026-01-03T14:00:00Z,89969.9,90200.0,89919.3,90094.7,1267.918
2026-01-03T15:00:00Z,90094.7,90094.7,89922.2,89934.3,749.854
2026-01-03T16:00:00Z,89934.3,90187.8,89866.9,90065.7,1007.336
2026-01-03T17:00:00Z,90065.7,90092.5,89972.9,90059.9,450.104
2026-01-03T18:00:00Z,90059.9,90155.0,90000.0,90110.0,476.748
2026-01-03T19:00:00Z,90110.0,90123.8,90021.2,90093.0,308.423
2026-01-03T20:00:00Z,90093.0,90345.3,89988.1,90333.4,1235.977
2026-01-03T21:00:00Z,90333.4,90706.4,90280.0,90527.0,1664.257
2026-01-03T22:00:00Z,90527.0,90698.0,90454.4,90555.0,1023.053
2026-01-03T23:00:00Z,90555.0,90669.0,90431.1,90599.9,807.235
2026-01-04T00:00:00Z,90599.9,91586.4,90599.9,91300.0,6255.26
2026-01-04T01:00:00Z,91300.0,91456.5,90967.5,91189.3,1493.963
2026-01-04T02:00:00Z,91189.3,91257.9,91039.6,91099.8,784.862
2026-01-04T03:00:00Z,91099.8,91323.9,91049.5,91184.2,1276.511
2026-01-04T04:00:00Z,91184.2,91555.0,91143.5,91359.4,1453.635
2026-01-04T05:00:00Z,91359.4,91450.0,91287.1,91442.1,563.415
2026-01-04T06:00:00Z,91442.1,91775.6,91175.9,91189.0,3111.311
2026-01-04T07:00:00Z,91189.0,91500.0,91159.4,91493.7,1162.386
2026-01-04T08:00:00Z,91493.7,91500.0,91117.8,91324.1,1302.177
2026-01-04T09:00:00Z,91324.1,91429.3,91205.0,91407.7,981.64
2026-01-04T10:00:00Z,91407.7,91583.6,91367.3,91552.0,965.524
2026-01-04T11:00:00Z,91552.0,91552.1,91176.5,91258.7,1284.11
2026-01-04T12:00:00Z,91258.7,91319.8,91035.0,91093.1,1324.263
2026-01-04T13:00:00Z,91093.1,91230.0,90967.7,91215.9,1021.776
2026-01-04T14:00:00Z,91215.9,91379.5,91096.5,91296.0,1066.582
2026-01-04T15:00:00Z,91296.0,91344.4,91041.2,91283.8,682.046
2026-01-04T16:00:00Z,91283.8,91403.4,91195.9,91275.0,816.77
2026-01-04T17:00:00Z,91275.0,91403.0,91254.4,91299.1,758.558
2026-01-04T18:00:00Z,91299.1,91299.2,90930.0,91162.0,1862.561
2026-01-04T19:00:00Z,91162.0,91165.7,90809.0,91086.5,2256.308
2026-01-04T20:00:00Z,91086.5,91310.0,91062.3,91265.7,607.683
2026-01-04T21:00:00Z,91265.7,91377.3,91133.4,91233.3,602.615
2026-01-04T22:00:00Z,91233.3,91355.0,91093.9,91167.7,738.763
2026-01-04T23:00:00Z,91167.7,91550.6,91167.7,91490.7,1800.62
2026-01-05T00:00:00Z,91490.7,92393.3,91469.0,92371.2,7818.41
2026-01-05T01:00:00Z,92371.2,93396.0,92225.5,92927.5,8640.344
2026-01-05T02:00:00Z,92927.5,93127.0,92691.1,93004.8,2600.445
2026-01-05T03:00:00Z,93004.8,93180.0,92833.0,92841.5,1822.966
2026-01-05T04:00:00Z,92841.5,92926.3,92301.9,92561.7,2773.292
2026-01-05T05:00:00Z,92561.7,92695.0,92303.3,92324.3,1427.965
2026-01-05T06:00:00Z,92324.3,92465.9,92108.2,92447.7,1611.777
2026-01-05T07:00:00Z,92447.7,92610.1,92433.0,92487.0,1279.982
2026-01-05T08:00:00Z,92487.0,92753.6,92419.8,92440.0,1759.386
2026-01-05T09:00:00Z,92440.0,92829.4,92275.6,92656.9,1812.152
2026-01-05T10:00:00Z,92656.9,93129.9,92625.5,93053.6,2132.237
2026-01-05T11:00:00Z,93053.6,93129.9,92850.0,93103.6,1691.713
2026-01-05T12:00:00Z,93103.6,93174.0,92694.4,92835.5,1743.6
2026-01-05T13:00:00Z,92835.5,92972.0,92487.7,92698.8,2090.2
2026-01-05T14:00:00Z,92698.8,93645.0,92350.0,93385.1,8445.445
2026-01-05T15:00:00Z,93385.1,93996.4,93121.7,93905.0,7950.64
2026-01-05T16:00:00Z,93905.0,94056.6,93529.1,93650.8,4519.726
2026-01-05T17:00:00Z,93650.8,94450.0,93200.2,94272.2,6422.524
2026-01-05T18:00:00Z,94272.2,94482.4,93860.7,94404.6,3967.177
2026-01-05T19:00:00Z,94404.6,94461.3,94083.4,94246.2,2781.798
2026-01-05T20:00:00Z,94246.2,94749.9,93975.0,94124.8,5197.345
2026-01-05T21:00:00Z,94124.8,94183.3,93754.0,94045.8,2430.148
2026-01-05T22:00:00Z,94045.8,94350.0,93953.1,94125.3,1430.532
2026-01-05T23:00:00Z,94125.3,94155.5,93811.1,93825.5,1220.237
2026-01-06T00:00:00Z,93825.5,93948.0,93500.6,93753.9,2610.968
2026-01-06T01:00:00Z,93753.9,94116.4,93687.5,93731.3,2046.642
2026-01-06T02:00:00Z,93731.3,93828.4,93469.0,93568.2,1359.006
2026-01-06T03:00:00Z,93568.2,93882.5,93547.2,93715.8,1040.037
2026-01-06T04:00:00Z,93715.8,93961.0,93686.4,93753.0,918.613
2026-01-06T05:00:00Z,93753.0,93778.1,93523.0,93546.0,836.474
2026-01-06T06:00:00Z,93546.0,93900.0,93478.1,93728.1,1636.455
2026-01-06T07:00:00Z,93728.1,93739.9,93054.6,93207.7,3256.319
2026-01-06T08:00:00Z,93207.7,93384.8,93128.1,93193.2,1399.378
2026-01-06T09:00:00Z,93193.2,93518.3,93187.3,93425.7,1288.239
2026-01-06T10:00:00Z,93425.7,93632.7,93365.6,93533.2,961.776
2026-01-06T11:00:00Z,93533.2,93862.9,93521.8,93814.7,1836.339
2026-01-06T12:00:00Z,93814.7,93962.3,93743.7,93827.1,1050.396
2026-01-06T13:00:00Z,93827.1,93833.9,93596.6,93680.1,1066.389
2026-01-06T14:00:00Z,93680.1,94405.0,93461.0,93784.6,8596.638
2026-01-06T15:00:00Z,93784.6,94275.7,93290.4,93597.9,5980.599
2026-01-06T16:00:00Z,93597.9,93727.0,92270.0,92656.1,9399.165
2026-01-06T17:00:00Z,92656.1,92725.3,91513.1,91562.7,9331.849
2026-01-06T18:00:00Z,91562.7,92186.9,91217.2,91996.3,7483.907
2026-01-06T19:00:00Z,91996.3,92312.8,91864.0,92077.3,2230.786
2026-01-06T20:00:00Z,92077.3,92666.7,92077.2,92474.0,2676.832
2026-01-06T21:00:00Z,92474.0,93841.0,92330.2,93208.3,9495.168
2026-01-06T22:00:00Z,93208.3,93494.1,92905.1,93319.8,3202.932
2026-01-06T23:00:00Z,93319.8,93756.0,93290.8,93714.6,1764.047
2026-01-07T00:00:00Z,93714.6,93714.6,92607.0,92666.5,2884.161
2026-01-07T01:00:00Z,92666.5,92856.5,92257.0,92400.1,3167.558
2026-01-07T02:00:00Z,92400.1,93035.8,92201.4,92920.8,2778.257
2026-01-07T03:00:00Z,92920.8,93085.5,92698.5,92779.9,1500.105
2026-01-07T04:00:00Z,92779.9,92889.0,92542.2,92634.0,1311.912
2026-01-07T05:00:00Z,92634.0,92821.5,92470.0,92502.2,1318.143
2026-01-07T06:00:00Z,92502.2,92860.7,92478.2,92568.5,1297.67
2026-01-07T07:00:00Z,92568.5,92849.3,92568.5,92845.2,779.191
2026-01-07T08:00:00Z,92845.2,92935.4,92632.9,92670.8,1316.802
2026-01-07T09:00:00Z,92670.8,92674.0,91533.4,91663.3,6101.808
2026-01-07T10:00:00Z,91663.3,91953.0,91541.1,91918.3,2974.44
2026-01-07T11:00:00Z,91918.3,92221.2,91879.2,92051.0,1875.887
2026-01-07T12:00:00Z,92051.0,92152.1,91927.7,91960.0,1353.107
2026-01-07T13:00:00Z,91960.0,92259.1,91819.4,92003.5,1962.178
2026-01-07T14:00:00Z,92003.5,92105.8,91314.0,91924.2,7800.736
2026-01-07T15:00:00Z,91924.2,91965.4,90922.5,91309.4,11063.931
2026-01-07T16:00:00Z,91309.4,91772.0,91100.8,91218.2,4018.578
2026-01-07T17:00:00Z,91218.2,91655.5,90970.0,91204.0,4032.288
2026-01-07T18:00:00Z,91204.0,91400.0,90689.0,90854.7,5240.36
2026-01-07T19:00:00Z,90854.7,91261.4,90624.3,91156.6,4127.136
2026-01-07T20:00:00Z,91156.6,91283.6,90728.7,91012.9,2254.492
2026-01-07T21:00:00Z,91012.9,91216.5,91003.1,91060.5,1376.39
2026-01-07T22:00:00Z,91060.5,91437.4,90833.8,91137.1,2045.017
2026-01-07T23:00:00Z,91137.1,91450.0,90965.6,91332.0,2066.504
2026-01-08T00:00:00Z,91332.0,91478.0,91022.4,91358.8,1698.761
2026-01-08T01:00:00Z,91358.8,91641.4,91251.6,91377.0,1430.838
2026-01-08T02:00:00Z,91377.0,91436.0,90700.1,90914.0,2885.259
2026-01-08T03:00:00Z,90914.0,91093.3,90555.3,90760.1,2057.067
2026-01-08T04:00:00Z,90760.1,91130.4,90649.0,90985.9,1454.997
2026-01-08T05:00:00Z,90985.9,91147.9,90737.9,90775.9,1126.005
2026-01-08T06:00:00Z,90775.9,90828.2,89836.8,89839.9,7284.517
2026-01-08T07:00:00Z,89839.9,90532.4,89586.5,90489.9,5776.772
2026-01-08T08:00:00Z,90489.9,90720.1,90103.2,90189.3,2820.39
2026-01-08T09:00:00Z,90189.3,90332.6,89891.4,89966.1,2572.803
2026-01-08T10:00:00Z,89966.1,90444.0,89722.0,90363.7,3059.96
2026-01-08T11:00:00Z,90363.7,90440.0,89980.0,90189.0,2381.129
2026-01-08T12:00:00Z,90189.0,90213.5,89746.2,89947.3,3051.966
2026-01-08T13:00:00Z,89947.3,90074.8,89828.0,89926.7,1239.173
2026-01-08T14:00:00Z,89926.7,90143.4,89262.0,89976.2,9349.527
2026-01-08T15:00:00Z,89976.2,90794.7,89765.0,90737.8,6607.317
2026-01-08T16:00:00Z,90737.8,90897.0,90250.1,90896.6,5320.967
2026-01-08T17:00:00Z,90896.6,91400.0,90792.8,91322.5,4825.098
2026-01-08T18:00:00Z,91322.5,91433.0,90900.0,91072.8,2698.625
2026-01-08T19:00:00Z,91072.8,91284.1,90732.6,90895.5,1780.668
2026-01-08T20:00:00Z,90895.5,90963.1,90512.1,90873.5,2266.438
2026-01-08T21:00:00Z,90873.5,91299.9,90871.5,91228.9,1807.159
2026-01-08T22:00:00Z,91228.9,91471.4,90986.2,91198.8,1592.884
2026-01-08T23:00:00Z,91198.8,91296.5,90997.0,91061.9,1019.3
2026-01-09T00:00:00Z,91061.9,91268.0,91008.4,91243.4,725.046
2026-01-09T01:00:00Z,91243.4,91597.3,90795.0,91010.8,2792.117
2026-01-09T02:00:00Z,91010.8,91463.6,90980.0,91005.4,1947.338
2026-01-09T03:00:00Z,91005.4,91239.4,90920.0,91197.0,1065.419
2026-01-09T04:00:00Z,91197.0,91212.2,90890.2,90987.0,560.596
2026-01-09T05:00:00Z,90987.0,91094.7,90872.4,91059.3,783.993
2026-01-09T06:00:00Z,91059.3,91119.0,90949.4,91100.2,708.861
2026-01-09T07:00:00Z,91100.2,91100.2,90699.7,90708.8,2051.677
2026-01-09T08:00:00Z,90708.8,90821.9,89650.1,89982.6,7498.039
2026-01-09T09:00:00Z,89982.6,90442.6,89961.7,90303.9,2872.573
2026-01-09T10:00:00Z,90303.9,90536.8,90228.0,90438.7,1161.498
2026-01-09T11:00:00Z,90438.7,90649.8,90364.1,90413.9,1490.206
2026-01-09T12:00:00Z,90413.9,90562.8,90170.6,90404.1,1753.653
2026-01-09T13:00:00Z,90404.1,90951.5,90350.7,90551.2,3741.032
2026-01-09T14:00:00Z,90551.2,90643.6,89876.9,90100.1,4632.329
2026-01-09T15:00:00Z,90100.1,92001.6,89785.0,91146.1,15263.871
2026-01-09T16:00:00Z,91146.1,91747.8,91126.4,91587.2,4099.122
2026-01-09T17:00:00Z,91587.2,91645.2,90950.5,91375.1,2860.184
2026-01-09T18:00:00Z,91375.1,91469.0,90287.6,90772.3,4337.738
2026-01-09T19:00:00Z,90772.3,90772.3,90128.7,90280.0,3055.916
2026-01-09T20:00:00Z,90280.0,90557.2,90185.3,90263.1,2485.793
2026-01-09T21:00:00Z,90263.1,90627.1,90076.6,90496.3,1765.984
2026-01-09T22:00:00Z,90496.3,90673.6,90304.5,90600.0,1045.043
2026-01-09T23:00:00Z,90600.0,90695.0,90552.0,90608.4,563.113
2026-01-10T00:00:00Z,90608.4,90666.7,90481.6,90571.3,718.086
2026-01-10T01:00:00Z,90571.3,90706.5,90540.3,90659.4,468.888
2026-01-10T02:00:00Z,90659.4,90758.0,90563.9,90660.8,562.369
2026-01-10T03:00:00Z,90660.8,90660.9,90515.0,90592.1,272.138
2026-01-10T04:00:00Z,90592.1,90616.0,90373.7,90424.9,579.683
2026-01-10T05:00:00Z,90424.9,90596.2,90386.7,90569.4,258.76
2026-01-10T06:00:00Z,90569.4,90585.1,90435.7,90470.1,271.352
2026-01-10T07:00:00Z,90470.1,90650.0,90470.1,90643.7,440.089
2026-01-10T08:00:00Z,90643.7,90721.4,90580.4,90638.9,580.542
2026-01-10T09:00:00Z,90638.9,90742.5,90575.8,90742.5,631.631
2026-01-10T10:00:00Z,90742.5,90812.1,90676.2,90798.4,942.036
2026-01-10T11:00:00Z,90798.4,90798.4,90663.5,90691.5,455.087
2026-01-10T12:00:00Z,90691.5,90754.9,90623.0,90691.1,374.809
2026-01-10T13:00:00Z,90691.1,90740.3,90584.3,90618.8,538.116
2026-01-10T14:00:00Z,90618.8,90631.7,90490.2,90558.9,640.376
2026-01-10T15:00:00Z,90558.9,90639.6,90530.9,90623.0,484.453
2026-01-10T16:00:00Z,90623.0,90700.0,90556.1,90641.2,493.614
2026-01-10T17:00:00Z,90641.2,90734.7,90502.5,90511.4,659.279
2026-01-10T18:00:00Z,90511.4,90565.7,90467.0,90548.4,365.695
2026-01-10T19:00:00Z,90548.4,90591.8,90533.4,90590.6,136.599
2026-01-10T20:00:00Z,90590.6,90618.5,90521.1,90528.7,202.495
2026-01-10T21:00:00Z,90528.7,90536.3,90434.5,90456.1,478.57
2026-01-10T22:00:00Z,90456.1,90563.6,90332.8,90374.9,659.862
2026-01-10T23:00:00Z,90374.9,90542.1,90371.5,90479.6,343.325
2026-01-11T00:00:00Z,90479.6,90614.5,90404.5,90587.6,337.262
2026-01-11T01:00:00Z,90587.6,90634.6,90508.3,90603.0,247.973
2026-01-11T02:00:00Z,90603.0,90696.4,90569.5,90654.1,347.249
2026-01-11T03:00:00Z,90654.1,90709.6,90582.8,90701.3,335.293
2026-01-11T04:00:00Z,90701.3,90764.5,90634.2,90764.4,433.184
2026-01-11T05:00:00Z,90764.4,90838.5,90700.1,90732.5,467.471
2026-01-11T06:00:00Z,90732.5,90773.7,90545.8,90700.3,494.106
2026-01-11T07:00:00Z,90700.3,90719.0,90625.5,90677.7,202.779
2026-01-11T08:00:00Z,90677.7,90780.9,90562.6,90748.8,609.589
2026-01-11T09:00:00Z,90748.8,90778.1,90625.4,90690.6,390.894
2026-01-11T10:00:00Z,90690.6,90704.6,90638.3,90695.2,211.01
2026-01-11T11:00:00Z,90695.2,90716.1,90643.5,90715.6,269.986
2026-01-11T12:00:00Z,90715.6,90986.1,90671.1,90891.7,1159.336
2026-01-11T13:00:00Z,90891.7,90938.3,90778.2,90816.1,633.714
2026-01-11T14:00:00Z,90816.1,91174.1,90816.1,91071.1,1266.264
2026-01-11T15:00:00Z,91071.1,91116.2,90660.0,90835.4,1639.085
2026-01-11T16:00:00Z,90835.4,91254.5,90834.1,91003.3,1608.813
2026-01-11T17:00:00Z,91003.3,91120.1,90867.7,90948.9,682.94
2026-01-11T18:00:00Z,90948.9,90954.0,90746.2,90857.1,545.713
2026-01-11T19:00:00Z,90857.1,90900.8,90615.5,90642.8,1114.526
2026-01-11T20:00:00Z,90642.8,90717.2,90337.8,90664.0,2006.523
2026-01-11T21:00:00Z,90664.0,90798.1,90543.8,90706.5,609.919
2026-01-11T22:00:00Z,90706.5,90706.5,90408.0,90486.4,1437.346
2026-01-11T23:00:00Z,90486.4,91000.0,90176.4,90962.6,3180.25
2026-01-12T00:00:00Z,90962.6,91229.6,90624.7,91222.4,2639.0
2026-01-12T01:00:00Z,91222.4,91768.9,91048.6,91371.5,4003.317
2026-01-12T02:00:00Z,91371.5,92376.3,91325.6,92169.1,4856.713
2026-01-12T03:00:00Z,92169.1,92500.0,91751.2,91773.0,4103.53
2026-01-12T04:00:00Z,91773.0,92250.0,91704.9,92128.3,1848.675
2026-01-12T05:00:00Z,92128.3,92223.2,91988.8,92064.2,1105.421
2026-01-12T06:00:00Z,92064.2,92170.2,91758.0,91793.4,1235.142
2026-01-12T07:00:00Z,91793.4,91930.0,91339.9,91363.1,2588.951
2026-01-12T08:00:00Z,91363.1,91592.7,90315.8,90704.2,6220.406
2026-01-12T09:00:00Z,90704.2,90899.0,90592.9,90631.4,2115.029
2026-01-12T10:00:00Z,90631.4,90748.0,90309.0,90395.6,1946.72
2026-01-12T11:00:00Z,90395.6,90765.0,90379.1,90572.2,1896.615
2026-01-12T12:00:00Z,90572.2,90822.1,90563.8,90738.1,1051.102
2026-01-12T13:00:00Z,90738.1,90791.4,90479.3,90580.0,1395.942
2026-01-12T14:00:00Z,90580.0,91085.0,90068.0,90861.0,7128.728
2026-01-12T15:00:00Z,90861.0,91650.0,90656.9,91634.2,7580.519
2026-01-12T16:00:00Z,91634.2,92300.0,91538.5,92089.5,8170.027
2026-01-12T17:00:00Z,92089.5,92289.9,90955.9,91473.0,6652.526
2026-01-12T18:00:00Z,91473.0,91933.7,91364.0,91660.3,2882.294
2026-01-12T19:00:00Z,91660.3,91841.0,91382.2,91820.9,1714.586
2026-01-12T20:00:00Z,91820.9,92018.3,91366.9,91440.5,2007.08
2026-01-12T21:00:00Z,91440.5,91457.4,90875.6,91005.5,2396.512
2026-01-12T22:00:00Z,91005.5,91411.6,91001.4,91194.8,1189.832
2026-01-12T23:00:00Z,91194.8,91283.5,91007.7,91248.7,881.285
2026-01-13T00:00:00Z,91248.7,91508.0,91205.4,91430.0,1834.389
2026-01-13T01:00:00Z,91430.0,91517.8,91003.0,91154.4,1160.183
2026-01-13T02:00:00Z,91154.4,91336.5,91053.1,91088.9,1063.336
2026-01-13T03:00:00Z,91088.9,91425.0,91075.4,91380.8,1388.314
2026-01-13T04:00:00Z,91380.8,91689.8,91299.8,91473.3,1865.74
2026-01-13T05:00:00Z,91473.3,92225.1,91435.0,91888.3,4207.051
2026-01-13T06:00:00Z,91888.3,92248.0,91770.7,92150.8,2467.47
2026-01-13T07:00:00Z,92150.8,92185.4,91878.0,91920.0,1295.864
2026-01-13T08:00:00Z,91920.0,92222.0,91893.1,92146.7,1162.299
2026-01-13T09:00:00Z,92146.7,92660.0,91917.0,92253.3,5592.688
2026-01-13T10:00:00Z,92253.3,92312.8,91976.9,92098.1,1263.093
2026-01-13T11:00:00Z,92098.1,92230.6,91932.1,91964.5,1190.84
2026-01-13T12:00:00Z,91964.5,92121.3,91862.2,92078.1,932.735
2026-01-13T13:00:00Z,92078.1,92600.0,91941.8,92029.3,7241.63
2026-01-13T14:00:00Z,92029.3,92882.7,91717.5,92419.1,7694.606
2026-01-13T15:00:00Z,92419.1,93415.0,92072.0,93414.9,8292.651
2026-01-13T16:00:00Z,93414.9,93715.8,93034.6,93351.0,7241.088
2026-01-13T17:00:00Z,93351.0,93450.0,93050.0,93198.2,2978.773
2026-01-13T18:00:00Z,93198.2,93839.6,93146.3,93584.0,3312.596
2026-01-13T19:00:00Z,93584.0,94210.0,93416.0,94180.0,4865.265
2026-01-13T20:00:00Z,94180.0,94484.1,94064.7,94354.7,6051.111
2026-01-13T21:00:00Z,94354.7,94486.9,94026.2,94047.9,2671.181
2026-01-13T22:00:00Z,94047.9,96654.0,94047.9,95724.1,16445.051
2026-01-13T23:00:00Z,95724.1,96096.7,95029.1,95389.5,4440.179
2026-01-14T00:00:00Z,95389.5,95627.9,95130.0,95207.9,2479.454
2026-01-14T01:00:00Z,95207.9,95557.2,95099.0,95210.4,2174.127
2026-01-14T02:00:00Z,95210.4,95540.0,95167.0,95322.8,1818.141
2026-01-14T03:00:00Z,95322.8,95680.0,95247.4,95675.6,1364.528
2026-01-14T04:00:00Z,95675.6,95774.6,95185.5,95189.9,2004.287
2026-01-14T05:00:00Z,95189.9,95237.9,94920.3,94967.2,2613.716
2026-01-14T06:00:00Z,94967.2,94999.6,94509.0,94990.0,3103.29
2026-01-14T07:00:00Z,94990.0,95214.8,94824.0,95189.0,2589.704
2026-01-14T08:00:00Z,95189.0,95317.5,94852.6,94880.0,1784.817
2026-01-14T09:00:00Z,94880.0,95167.0,94853.2,95058.2,1122.696
2026-01-14T10:00:00Z,95058.2,95266.6,94836.3,95047.5,1654.537
2026-01-14T11:00:00Z,95047.5,95069.8,94694.3,94760.3,1332.92
2026-01-14T12:00:00Z,94760.3,95143.9,94635.3,95043.0,1605.042
2026-01-14T13:00:00Z,95043.0,95201.1,94850.0,94952.8,1495.568
2026-01-14T14:00:00Z,94952.8,96797.0,94939.4,96445.3,11344.548
2026-01-14T15:00:00Z,96445.3,97090.1,96151.1,96708.6,10275.376
2026-01-14T16:00:00Z,96708.6,97664.9,96675.4,97241.5,8801.847
2026-01-14T17:00:00Z,97241.5,97750.2,96708.8,96917.5,6704.445
2026-01-14T18:00:00Z,96917.5,97083.3,96200.0,96759.2,5830.454
2026-01-14T19:00:00Z,96759.2,97603.5,96626.8,97216.4,4389.454
2026-01-14T20:00:00Z,97216.4,97963.2,97146.7,97606.0,5415.032
2026-01-14T21:00:00Z,97606.0,97673.5,97321.0,97515.1,1673.385
2026-01-14T22:00:00Z,97515.1,97537.3,96735.2,96825.2,2668.493
2026-01-14T23:00:00Z,96825.2,97329.5,96807.3,96900.0,1679.755
2026-01-15T00:00:00Z,96900.0,96948.3,96427.3,96607.1,2276.389
2026-01-15T01:00:00Z,96607.1,96920.0,96260.0,96390.1,2400.248
2026-01-15T02:00:00Z,96390.1,96567.0,96023.0,96289.4,1928.475
2026-01-15T03:00:00Z,96289.4,96350.9,95714.3,95933.0,2715.879
2026-01-15T04:00:00Z,95933.0,96365.7,95913.0,96265.5,2102.812
2026-01-15T05:00:00Z,96265.5,96494.6,96183.7,96372.0,1604.551
2026-01-15T06:00:00Z,96372.0,96534.9,96105.6,96198.4,1432.858
2026-01-15T07:00:00Z,96198.4,96714.2,96141.2,96597.1,1780.955
2026-01-15T08:00:00Z,96597.1,96622.0,96235.2,96592.6,1316.53
2026-01-15T09:00:00Z,96592.6,97174.5,96511.9,96999.9,3027.378
2026-01-15T10:00:00Z,96999.9,97021.8,96691.8,96771.3,1522.838
2026-01-15T11:00:00Z,96771.3,96890.6,96530.8,96530.9,1525.299
2026-01-15T12:00:00Z,96530.9,96948.3,96460.0,96930.7,1418.636
2026-01-15T13:00:00Z,96930.7,96999.8,96560.0,96807.0,1832.297
2026-01-15T14:00:00Z,96807.0,97113.1,95519.1,96004.9,9349.191
2026-01-15T15:00:00Z,96004.9,96740.0,95347.7,96694.8,8215.864
2026-01-15T16:00:00Z,96694.8,96904.6,96214.3,96667.3,5177.386
2026-01-15T17:00:00Z,96667.3,97034.9,96351.6,96563.4,2736.349
2026-01-15T18:00:00Z,96563.4,96578.0,95655.0,95785.7,3526.317
2026-01-15T19:00:00Z,95785.7,95876.9,95100.0,95458.6,4876.171
2026-01-15T20:00:00Z,95458.6,95608.9,95071.8,95209.0,2889.011
2026-01-15T21:00:00Z,95209.0,95590.1,95144.2,95535.0,1370.275
2026-01-15T22:00:00Z,95535.0,95835.0,95428.1,95526.5,1245.389
2026-01-15T23:00:00Z,95526.5,95698.3,95336.0,95559.9,1300.866
2026-01-16T00:00:00Z,95559.9,95793.8,95520.3,95589.9,982.178
2026-01-16T01:00:00Z,95589.9,95818.2,95368.0,95626.7,1198.154
2026-01-16T02:00:00Z,95626.7,95648.3,95350.0,95465.9,1393.691
2026-01-16T03:00:00Z,95465.9,95546.3,95268.5,95296.6,1002.122
2026-01-16T04:00:00Z,95296.6,95552.4,95072.9,95221.9,1916.21
2026-01-16T05:00:00Z,95221.9,95645.1,95200.0,95616.1,1613.098
2026-01-16T06:00:00Z,95616.1,95800.0,95485.8,95704.5,1267.215
2026-01-16T07:00:00Z,95704.5,95750.0,95446.1,95621.6,1166.658
2026-01-16T08:00:00Z,95621.6,95819.0,95540.0,95630.7,1310.556
2026-01-16T09:00:00Z,95630.7,95748.0,95540.0,95570.0,951.584
2026-01-16T10:00:00Z,95570.0,95595.0,95256.9,95270.4,1178.139
2026-01-16T11:00:00Z,95270.4,95425.3,95201.6,95377.5,945.852
2026-01-16T12:00:00Z,95377.5,95544.1,95309.6,95412.0,876.318
2026-01-16T13:00:00Z,95412.0,95531.0,95227.1,95395.6,938.54
2026-01-16T14:00:00Z,95395.6,95767.4,95133.8,95149.9,3132.142
2026-01-16T15:00:00Z,95149.9,95628.7,94241.3,94544.4,12504.654
2026-01-16T16:00:00Z,94544.4,94950.0,94452.6,94828.0,3612.747
2026-01-16T17:00:00Z,94828.0,95123.5,94524.2,95056.8,2726.452
2026-01-16T18:00:00Z,95056.8,95206.5,94924.5,94969.9,1825.329
2026-01-16T19:00:00Z,94969.9,95024.8,94788.3,94967.4,762.544
2026-01-16T20:00:00Z,94967.4,95522.0,94629.7,95519.1,2318.567
2026-01-16T21:00:00Z,95519.1,95557.6,95310.0,95481.9,1700.425
2026-01-16T22:00:00Z,95481.9,95540.1,95207.4,95476.9,995.057
2026-01-16T23:00:00Z,95476.9,95540.1,95380.1,95504.9,576.891
2026-01-17T00:00:00Z,95504.9,95553.6,95394.9,95431.0,500.179
2026-01-17T01:00:00Z,95431.0,95494.8,95340.1,95358.1,379.254
2026-01-17T02:00:00Z,95358.1,95385.7,95139.4,95314.0,918.399
2026-01-17T03:00:00Z,95314.0,95346.8,95220.0,95319.1,311.258
2026-01-17T04:00:00Z,95319.1,95326.7,95212.0,95269.2,305.175
2026-01-17T05:00:00Z,95269.2,95341.3,95231.9,95267.4,350.572
2026-01-17T06:00:00Z,95267.4,95300.8,95149.4,95180.0,434.701
2026-01-17T07:00:00Z,95180.0,95180.1,94989.1,95053.4,802.029
2026-01-17T08:00:00Z,95053.4,95217.6,94967.9,95210.1,527.81
2026-01-17T09:00:00Z,95210.1,95250.0,95131.0,95221.4,307.991
2026-01-17T10:00:00Z,95221.4,95226.9,95062.8,95064.7,401.742
2026-01-17T11:00:00Z,95064.7,95269.0,95021.6,95269.0,581.625
2026-01-17T12:00:00Z,95269.0,95366.7,95180.6,95215.6,494.434
2026-01-17T13:00:00Z,95215.6,95400.0,95140.8,95394.5,606.455
2026-01-17T14:00:00Z,95394.5,95498.9,95304.5,95421.3,837.261
2026-01-17T15:00:00Z,95421.3,95653.3,95374.4,95530.0,1347.025
2026-01-17T16:00:00Z,95530.0,95530.0,95164.0,95254.0,1676.326
2026-01-17T17:00:00Z,95254.0,95405.0,95219.1,95323.3,505.579
2026-01-17T18:00:00Z,95323.3,95425.6,95283.6,95381.4,366.108
2026-01-17T19:00:00Z,95381.4,95381.4,95230.0,95247.2,363.359
2026-01-17T20:00:00Z,95247.2,95343.5,95219.2,95337.8,476.015
2026-01-17T21:00:00Z,95337.8,95378.9,95232.0,95271.0,279.042
2026-01-17T22:00:00Z,95271.0,95271.0,94970.1,95116.6,1221.459
2026-01-17T23:00:00Z,95116.6,95167.6,95055.1,95103.0,628.529
2026-01-18T00:00:00Z,95103.0,95198.6,95028.0,95072.5,614.315
2026-01-18T01:00:00Z,95072.5,95072.5,94816.4,94920.6,1237.429
2026-01-18T02:00:00Z,94920.6,95021.6,94825.0,94988.0,439.037
2026-01-18T03:00:00Z,94988.0,95179.9,94974.3,95154.6,1009.502
2026-01-18T04:00:00Z,95154.6,95154.6,95020.7,95056.5,409.42
2026-01-18T05:00:00Z,95056.5,95220.0,95010.0,95140.6,631.314
2026-01-18T06:00:00Z,95140.6,95175.6,95094.7,95146.5,349.911
2026-01-18T07:00:00Z,95146.5,95153.6,94980.0,94988.0,476.895
2026-01-18T08:00:00Z,94988.0,95163.4,94973.9,95134.0,486.779
2026-01-18T09:00:00Z,95134.0,95247.2,95098.0,95217.8,606.415
2026-01-18T10:00:00Z,95217.8,95269.0,95034.0,95128.1,526.678
2026-01-18T11:00:00Z,95128.1,95150.2,95029.2,95137.8,389.806
2026-01-18T12:00:00Z,95137.8,95151.1,95029.9,95057.1,377.533
2026-01-18T13:00:00Z,95057.1,95160.0,94840.9,95104.1,1496.808
2026-01-18T14:00:00Z,95104.1,95339.9,94876.7,94908.2,1432.04
2026-01-18T15:00:00Z,94908.2,95077.3,94864.7,95060.0,632.351
2026-01-18T16:00:00Z,95060.0,95143.8,95013.9,95113.7,490.954
2026-01-18T17:00:00Z,95113.7,95242.9,95083.0,95212.3,604.836
2026-01-18T18:00:00Z,95212.3,95480.0,95114.9,95402.6,1141.587
2026-01-18T19:00:00Z,95402.6,95471.5,95274.8,95328.2,556.539
2026-01-18T20:00:00Z,95328.2,95402.6,95226.8,95262.0,489.976
2026-01-18T21:00:00Z,95262.0,95399.8,95232.1,95376.6,394.169
2026-01-18T22:00:00Z,95376.6,95490.5,95357.0,95437.7,641.67
2026-01-18T23:00:00Z,95437.7,95446.0,93545.0,93624.6,11277.052
2026-01-19T00:00:00Z,93624.6,93624.6,91800.2,92652.4,18292.426
2026-01-19T01:00:00Z,92652.4,92824.5,92161.0,92532.3,3797.432
2026-01-19T02:00:00Z,92532.3,92618.3,92321.7,92511.2,1874.142
2026-01-19T03:00:00Z,92511.2,92745.5,92432.4,92636.7,1654.104
2026-01-19T04:00:00Z,92636.7,92707.8,92436.9,92618.1,1281.171
2026-01-19T05:00:00Z,92618.1,92765.3,92452.0,92470.4,924.793
2026-01-19T06:00:00Z,92470.4,92583.4,92340.1,92548.2,1272.359
2026-01-19T07:00:00Z,92548.2,92814.5,92504.0,92780.1,993.697
2026-01-19T08:00:00Z,92780.1,93314.0,92631.3,93194.9,2984.088
2026-01-19T09:00:00Z,93194.9,93225.4,92868.9,93000.0,1831.896
2026-01-19T10:00:00Z,93000.0,93041.9,92835.0,93028.4,1058.321
2026-01-19T11:00:00Z,93028.4,93278.7,92914.3,93144.7,1132.28
2026-01-19T12:00:00Z,93144.7,93190.1,92956.9,93035.6,1119.371
2026-01-19T13:00:00Z,93035.6,93122.2,92702.0,92993.6,1657.413
2026-01-19T14:00:00Z,92993.6,93000.0,92648.3,92761.2,1919.874
2026-01-19T15:00:00Z,92761.2,93037.3,92761.2,93010.1,1461.083
2026-01-19T16:00:00Z,93010.1,93377.0,92941.4,93257.1,1787.006
2026-01-19T17:00:00Z,93257.1,93354.0,93090.1,93186.1,1655.023
2026-01-19T18:00:00Z,93186.1,93222.9,92869.7,93013.7,1075.327
2026-01-19T19:00:00Z,93013.7,93109.6,92936.5,93050.7,719.971
2026-01-19T20:00:00Z,93050.7,93261.8,93050.7,93097.2,617.488
2026-01-19T21:00:00Z,93097.2,93299.9,92935.9,92960.1,795.168
2026-01-19T22:00:00Z,92960.1,93024.0,92505.7,92521.9,2060.654
2026-01-19T23:00:00Z,92521.9,92718.6,92111.2,92584.3,4078.261
2026-01-20T00:00:00Z,92584.3,92846.4,92315.8,92673.4,1849.766
2026-01-20T01:00:00Z,92673.4,92847.1,92482.0,92687.1,1121.632
2026-01-20T02:00:00Z,92687.1,92691.0,92327.6,92510.8,1398.454
2026-01-20T03:00:00Z,92510.8,92604.5,92203.1,92396.4,1541.611
2026-01-20T04:00:00Z,92396.4,92435.6,91950.0,92026.5,2653.165
2026-01-20T05:00:00Z,92026.5,92041.4,91235.8,91587.9,8570.588
2026-01-20T06:00:00Z,91587.9,91590.0,90720.5,90891.5,6640.267
2026-01-20T07:00:00Z,90891.5,91241.6,90809.7,91124.9,2559.43
2026-01-20T08:00:00Z,91124.9,91200.0,90610.1,91067.4,3710.403
2026-01-20T09:00:00Z,91067.4,91067.4,90833.5,90981.3,1327.212
2026-01-20T10:00:00Z,90981.3,91257.3,90947.2,91212.2,1255.972
2026-01-20T11:00:00Z,91212.2,91415.9,91160.7,91177.3,1729.474
2026-01-20T12:00:00Z,91177.3,91275.4,91005.9,91230.1,1558.818
2026-01-20T13:00:00Z,91230.1,91248.3,90718.8,90915.8,2947.951
2026-01-20T14:00:00Z,90915.8,91339.0,90200.0,90483.8,9081.819
2026-01-20T15:00:00Z,90483.8,90766.3,89800.5,90635.2,10311.236
2026-01-20T16:00:00Z,90635.2,90920.0,89957.7,90115.1,3920.087
2026-01-20T17:00:00Z,90115.1,90459.3,89374.4,89730.3,6915.208
2026-01-20T18:00:00Z,89730.3,89914.7,89350.5,89450.6,2938.994
2026-01-20T19:00:00Z,89450.6,89762.3,89228.2,89680.8,3771.163
2026-01-20T20:00:00Z,89680.8,89826.0,89357.0,89701.4,2882.183
2026-01-20T21:00:00Z,89701.4,89807.0,89374.3,89424.9,1702.416
2026-01-20T22:00:00Z,89424.9,89616.8,87773.1,88453.2,8730.969
2026-01-20T23:00:00Z,88453.2,88481.0,87822.0,88379.9,4863.673
2026-01-21T00:00:00Z,88379.9,88935.5,88202.2,88884.0,2794.375
2026-01-21T01:00:00Z,88884.0,89119.0,88800.0,88975.1,1494.861
2026-01-21T02:00:00Z,88975.1,89314.2,88944.1,89000.0,1719.802
2026-01-21T03:00:00Z,89000.0,89560.0,88986.2,89382.6,1724.005
2026-01-21T04:00:00Z,89382.6,89597.1,89285.6,89402.4,1003.486
2026-01-21T05:00:00Z,89402.4,90099.6,89377.5,89917.2,2769.621
2026-01-21T06:00:00Z,89917.2,89917.2,89450.0,89613.4,1799.154
2026-01-21T07:00:00Z,89613.4,89726.6,89048.3,89175.0,2351.661
2026-01-21T08:00:00Z,89175.0,89357.8,88947.5,89161.3,1854.624
2026-01-21T09:00:00Z,89161.3,89452.7,89022.5,89072.0,1317.029
2026-01-21T10:00:00Z,89072.0,89354.2,89022.0,89196.0,711.317
2026-01-21T11:00:00Z,89196.0,89347.2,88642.2,88750.9,2143.088
2026-01-21T12:00:00Z,88750.9,88815.8,88145.2,88701.9,4592.057
2026-01-21T13:00:00Z,88701.9,88989.0,88508.6,88619.3,3091.403
2026-01-21T14:00:00Z,88619.3,89959.8,88550.5,89757.0,11436.73
2026-01-21T15:00:00Z,89757.0,90542.2,89720.0,90235.2,7279.389
2026-01-21T16:00:00Z,90235.2,90314.8,87524.7,87549.4,13250.081
2026-01-21T17:00:00Z,87549.4,88119.9,87212.0,87882.4,8180.173
2026-01-21T18:00:00Z,87882.4,88618.7,87536.8,88436.0,4032.501
2026-01-21T19:00:00Z,88436.0,90440.3,88240.9,90329.5,12728.342
2026-01-21T20:00:00Z,90329.5,90350.0,89415.2,90174.4,5662.469
2026-01-21T21:00:00Z,90174.4,90305.0,89927.8,90205.4,1882.093
2026-01-21T22:00:00Z,90205.4,90361.5,89711.0,89723.8,1418.822
2026-01-21T23:00:00Z,89723.8,90212.2,89311.5,89410.1,3746.991
2026-01-22T00:00:00Z,89410.1,89992.7,89410.0,89873.8,1667.96
2026-01-22T01:00:00Z,89873.8,90172.2,89773.2,90062.4,1879.98
2026-01-22T02:00:00Z,90062.4,90337.9,89780.2,89899.5,2203.182
2026-01-22T03:00:00Z,89899.5,90133.4,89650.1,89849.5,1673.602
2026-01-22T04:00:00Z,89849.5,90041.1,89776.5,89955.0,1275.305
2026-01-22T05:00:00Z,89955.0,90037.0,89877.0,89983.8,559.222
2026-01-22T06:00:00Z,89983.8,90174.1,89850.0,90130.0,1373.636
2026-01-22T07:00:00Z,90130.0,90159.9,89747.0,89772.6,1690.33
2026-01-22T08:00:00Z,89772.6,89925.8,89701.9,89872.0,944.235
2026-01-22T09:00:00Z,89872.0,90083.0,89833.8,89988.8,816.746
2026-01-22T10:00:00Z,89988.8,90072.0,89908.2,90023.7,790.485
2026-01-22T11:00:00Z,90023.7,90100.0,89850.0,89895.0,1052.532
2026-01-22T12:00:00Z,89895.0,90061.0,89822.9,89968.6,684.313
2026-01-22T13:00:00Z,89968.6,90296.8,89432.5,89563.9,4558.943
2026-01-22T14:00:00Z,89563.9,89700.0,89000.0,89027.6,7699.163
2026-01-22T15:00:00Z,89027.6,89418.4,88462.3,88945.4,8749.861
2026-01-22T16:00:00Z,88945.4,89223.3,88621.0,88997.1,4226.546
2026-01-22T17:00:00Z,88997.1,89580.0,88963.3,89500.0,2777.829
2026-01-22T18:00:00Z,89500.0,89749.0,89253.0,89295.5,2442.938
2026-01-22T19:00:00Z,89295.5,89883.9,89062.4,89730.9,3263.413
2026-01-22T20:00:00Z,89730.9,89909.2,89346.2,89371.2,2180.315
2026-01-22T21:00:00Z,89371.2,89634.9,89202.2,89226.8,1174.158
2026-01-22T22:00:00Z,89226.8,89545.5,89104.0,89302.4,1268.013
2026-01-22T23:00:00Z,89302.4,89569.6,89121.0,89511.7,1062.486
2026-01-23T00:00:00Z,89511.7,89612.1,89399.0,89489.7,601.972
2026-01-23T01:00:00Z,89489.7,89906.0,89489.7,89895.4,1107.181
2026-01-23T02:00:00Z,89895.4,89946.0,89606.3,89614.6,1091.616
2026-01-23T03:00:00Z,89614.6,89896.5,89600.0,89896.0,750.829
2026-01-23T04:00:00Z,89896.0,90062.7,89822.0,89921.1,777.033
2026-01-23T05:00:00Z,89921.1,89934.2,89412.6,89566.1,1235.823
2026-01-23T06:00:00Z,89566.1,89761.6,89353.3,89465.5,1294.662
2026-01-23T07:00:00Z,89465.5,89644.0,89390.0,89483.2,1103.879
2026-01-23T08:00:00Z,89483.2,89582.2,89077.2,89165.1,2233.986
2026-01-23T09:00:00Z,89165.1,89338.1,88838.9,88928.0,2271.099
2026-01-23T10:00:00Z,88928.0,89117.5,88806.8,89003.6,1230.928
2026-01-23T11:00:00Z,89003.6,89312.0,88950.0,89168.3,1085.023
2026-01-23T12:00:00Z,89168.3,89338.0,89042.0,89218.7,771.789
2026-01-23T13:00:00Z,89218.7,89408.6,89186.0,89308.0,1072.579
2026-01-23T14:00:00Z,89308.0,89680.0,88606.4,88966.4,6311.656
2026-01-23T15:00:00Z,88966.4,89822.8,88500.0,89707.1,5364.914
2026-01-23T16:00:00Z,89707.1,90450.0,89432.5,90082.6,7833.797
2026-01-23T17:00:00Z,90082.6,91180.0,89920.6,90557.5,7479.94
2026-01-23T18:00:00Z,90557.5,90993.0,90400.1,90477.6,3160.664
2026-01-23T19:00:00Z,90477.6,90495.0,89543.7,89936.6,4432.728
2026-01-23T20:00:00Z,89936.6,90113.7,89162.0,89455.7,3104.143
2026-01-23T21:00:00Z,89455.7,89642.0,89263.5,89300.0,1165.843
2026-01-23T22:00:00Z,89300.0,89728.9,89289.0,89587.9,1084.741
2026-01-23T23:00:00Z,89587.9,89589.6,89416.5,89551.7,613.497
2026-01-24T00:00:00Z,89551.7,89589.6,89375.0,89401.1,428.594
2026-01-24T01:00:00Z,89401.1,89538.5,89400.0,89500.0,264.519
2026-01-24T02:00:00Z,89500.0,89671.3,89500.0,89659.9,464.867
2026-01-24T03:00:00Z,89659.9,89883.4,89620.0,89724.4,637.066
2026-01-24T04:00:00Z,89724.4,89800.0,89662.8,89791.6,434.017
2026-01-24T05:00:00Z,89791.6,89810.1,89700.0,89744.3,262.663
2026-01-24T06:00:00Z,89744.3,89744.3,89576.8,89603.5,465.375
2026-01-24T07:00:00Z,89603.5,89646.9,89513.8,89570.1,385.612
2026-01-24T08:00:00Z,89570.1,89650.0,89535.0,89628.8,304.608
2026-01-24T09:00:00Z,89628.8,89628.9,89541.0,89548.8,424.699
2026-01-24T10:00:00Z,89548.8,89618.2,89532.7,89577.7,209.845
2026-01-24T11:00:00Z,89577.7,89620.0,89545.3,89545.3,296.152
2026-01-24T12:00:00Z,89545.3,89550.0,89434.8,89494.9,424.775
2026-01-24T13:00:00Z,89494.9,89497.0,89314.9,89315.0,549.463
2026-01-24T14:00:00Z,89315.0,89464.0,89105.7,89405.4,1829.685
2026-01-24T15:00:00Z,89405.4,89452.9,89192.8,89236.1,914.581
2026-01-24T16:00:00Z,89236.1,89319.6,89113.2,89234.7,1222.927
2026-01-24T17:00:00Z,89234.7,89373.7,89203.2,89350.0,918.681
2026-01-24T18:00:00Z,89350.0,89432.9,89326.1,89350.0,265.374
2026-01-24T19:00:00Z,89350.0,89350.1,89222.0,89281.7,359.87
2026-01-24T20:00:00Z,89281.7,89366.8,89281.6,89342.6,196.64
2026-01-24T21:00:00Z,89342.6,89342.9,89224.8,89339.3,303.445
2026-01-24T22:00:00Z,89339.3,89455.7,89249.9,89400.3,435.613
2026-01-24T23:00:00Z,89400.3,89440.0,89156.3,89177.1,524.273
2026-01-25T00:00:00Z,89177.1,89271.8,89120.4,89271.8,502.412
2026-01-25T01:00:00Z,89271.8,89271.8,89028.4,89136.2,505.359
2026-01-25T02:00:00Z,89136.2,89224.0,89086.6,89096.6,258.994
2026-01-25T03:00:00Z,89096.6,89149.6,88800.1,88915.5,1148.018
2026-01-25T04:00:00Z,88915.5,89074.5,88892.0,88978.9,859.512
2026-01-25T05:00:00Z,88978.9,89026.0,88834.5,88958.4,326.882
2026-01-25T06:00:00Z,88958.4,88958.5,88596.2,88804.7,1677.619
2026-01-25T07:00:00Z,88804.7,88804.8,88586.3,88620.0,579.838
2026-01-25T08:00:00Z,88620.0,88726.9,88100.0,88254.1,2555.494
2026-01-25T09:00:00Z,88254.1,88455.0,88188.0,88363.5,1425.168
2026-01-25T10:00:00Z,88363.5,88634.1,88363.4,88605.0,1221.834
2026-01-25T11:00:00Z,88605.0,88665.3,88480.7,88522.8,698.767
2026-01-25T12:00:00Z,88522.8,88767.5,88378.0,88756.0,1839.755
2026-01-25T13:00:00Z,88756.0,88937.4,88588.9,88875.0,1418.757
2026-01-25T14:00:00Z,88875.0,88900.0,88566.6,88661.4,1248.087
2026-01-25T15:00:00Z,88661.4,88735.0,88314.0,88407.9,1321.643
2026-01-25T16:00:00Z,88407.9,88417.3,87477.0,88042.3,8660.124
2026-01-25T17:00:00Z,88042.3,88064.9,87698.3,87835.2,1577.181
2026-01-25T18:00:00Z,87835.2,87943.2,86752.9,87364.1,7391.526
2026-01-25T19:00:00Z,87364.1,87464.0,86142.3,86453.1,8655.908
2026-01-25T20:00:00Z,86453.1,86666.0,86170.2,86615.3,3849.153
2026-01-25T21:00:00Z,86615.3,86997.7,86362.5,86538.0,3188.741
2026-01-25T22:00:00Z,86538.0,86653.3,86172.5,86492.1,2617.473
2026-01-25T23:00:00Z,86492.1,86757.0,86031.4,86625.6,5302.371
2026-01-26T00:00:00Z,86625.6,87150.0,86446.8,86800.3,3927.361
2026-01-26T01:00:00Z,86800.3,87780.3,86763.6,87648.8,3347.613
2026-01-26T02:00:00Z,87648.8,87929.7,87381.2,87503.0,2313.794
2026-01-26T03:00:00Z,87503.0,87640.0,87034.9,87241.2,1405.841
2026-01-26T04:00:00Z,87241.2,87914.1,87188.0,87705.5,1949.67
2026-01-26T05:00:00Z,87705.5,87923.9,87622.2,87774.3,1021.941
2026-01-26T06:00:00Z,87774.3,87999.8,87719.0,87905.1,1400.338
2026-01-26T07:00:00Z,87905.1,88043.4,87664.8,87964.3,1376.606
2026-01-26T08:00:00Z,87964.3,88355.0,87804.0,87943.8,2243.06
2026-01-26T09:00:00Z,87943.8,87968.4,87555.0,87626.8,2200.965
2026-01-26T10:00:00Z,87626.8,87926.6,87608.3,87853.6,900.268
2026-01-26T11:00:00Z,87853.6,87955.4,87711.0,87816.0,659.24
2026-01-26T12:00:00Z,87816.0,87937.6,87684.0,87759.3,925.672
2026-01-26T13:00:00Z,87759.3,88010.9,87659.0,87922.0,1323.819
2026-01-26T14:00:00Z,87922.0,88512.8,87394.2,88130.0,6811.727
2026-01-26T15:00:00Z,88130.0,88843.9,87268.8,87598.9,8783.364
2026-01-26T16:00:00Z,87598.9,87922.0,87141.3,87578.9,3712.343
2026-01-26T17:00:00Z,87578.9,87742.6,86923.3,87658.7,3585.062
2026-01-26T18:00:00Z,87658.7,88380.0,87604.0,88375.5,3547.178
2026-01-26T19:00:00Z,88375.5,88524.2,87913.5,87969.1,2457.439
2026-01-26T20:00:00Z,87969.1,88088.8,87489.5,87586.8,2094.219
2026-01-26T21:00:00Z,87586.8,88209.0,87524.1,88022.3,1483.924
2026-01-26T22:00:00Z,88022.3,88234.5,87942.0,88090.1,1030.138
2026-01-26T23:00:00Z,88090.1,88631.2,87962.6,88305.1,1825.524
2026-01-27T00:00:00Z,88305.1,88417.9,88159.8,88319.0,999.615
2026-01-27T01:00:00Z,88319.0,88682.0,88150.0,88524.6,1250.579
2026-01-27T02:00:00Z,88524.6,88837.1,88510.3,88778.4,1693.131
2026-01-27T03:00:00Z,88778.4,88893.3,88523.9,88740.0,1113.565
2026-01-27T04:00:00Z,88740.0,88977.7,88456.0,88530.3,1369.003
2026-01-27T05:00:00Z,88530.3,88550.0,88350.0,88418.1,869.677
2026-01-27T06:00:00Z,88418.1,88484.0,88225.6,88290.6,1028.911
2026-01-27T07:00:00Z,88290.6,88525.3,88268.2,88282.8,937.091
2026-01-27T08:00:00Z,88282.8,88364.6,88075.0,88127.8,1387.246
2026-01-27T09:00:00Z,88127.8,88127.8,87815.9,87841.8,1808.819
2026-01-27T10:00:00Z,87841.8,88042.7,87688.1,87735.2,1558.381
2026-01-27T11:00:00Z,87735.2,88050.0,87694.0,87937.0,1257.054
2026-01-27T12:00:00Z,87937.0,88108.7,87894.2,87938.8,1168.312
2026-01-27T13:00:00Z,87938.8,88027.9,87747.5,87932.3,994.052
2026-01-27T14:00:00Z,87932.3,88400.0,87606.1,87701.7,4655.784
2026-01-27T15:00:00Z,87701.7,88165.6,87502.0,87990.6,3921.843
2026-01-27T16:00:00Z,87990.6,88786.4,87948.5,88597.0,5777.757
2026-01-27T17:00:00Z,88597.0,88649.8,87234.0,87491.7,7335.347
2026-01-27T18:00:00Z,87491.7,88480.7,87400.0,88242.1,3552.462
2026-01-27T19:00:00Z,88242.1,88513.2,88003.5,88373.1,2015.149
2026-01-27T20:00:00Z,88373.1,89470.8,88331.3,89355.2,7977.632
2026-01-27T21:00:00Z,89355.2,89499.8,88968.9,89040.7,3284.998
2026-01-27T22:00:00Z,89040.7,89383.8,88969.8,89200.0,1730.13
2026-01-27T23:00:00Z,89200.0,89487.7,89093.6,89202.3,1745.958
2026-01-28T00:00:00Z,89202.3,89437.0,89100.1,89429.9,940.262
2026-01-28T01:00:00Z,89429.9,89460.4,89148.4,89355.5,1121.85
2026-01-28T02:00:00Z,89355.5,89417.6,89053.0,89243.2,983.29
2026-01-28T03:00:00Z,89243.2,89270.0,88923.8,89080.0,1048.079
2026-01-28T04:00:00Z,89080.0,89133.5,88802.0,88944.7,1297.303
2026-01-28T05:00:00Z,88944.7,89065.5,88800.0,89050.0,1407.575
2026-01-28T06:00:00Z,89050.0,89366.3,89049.9,89286.6,1093.191
2026-01-28T07:00:00Z,89286.6,89320.4,89059.6,89105.0,706.985
2026-01-28T08:00:00Z,89105.0,89229.9,88839.3,88885.3,1389.663
2026-01-28T09:00:00Z,88885.3,89545.0,88815.6,89536.7,2157.866
2026-01-28T10:00:00Z,89536.7,89696.9,89291.2,89362.1,2772.235
2026-01-28T11:00:00Z,89362.1,90132.0,89274.1,90039.7,4385.706
2026-01-28T12:00:00Z,90039.7,90146.8,89742.3,89968.0,2908.398
2026-01-28T13:00:00Z,89968.0,90455.7,89933.5,90229.5,4604.831
2026-01-28T14:00:00Z,90229.5,90229.6,89401.2,89571.4,4669.765
2026-01-28T15:00:00Z,89571.4,89813.0,88836.3,89439.8,6566.295
2026-01-28T16:00:00Z,89439.8,89799.0,89200.0,89588.2,2769.962
2026-01-28T17:00:00Z,89588.2,90597.0,89207.7,90141.7,5893.968
2026-01-28T18:00:00Z,90141.7,90149.0,89269.4,89489.7,6539.206
2026-01-28T19:00:00Z,89489.7,89684.1,88951.1,89350.5,5653.351
2026-01-28T20:00:00Z,89350.5,89864.1,88963.0,89092.3,4118.216
2026-01-28T21:00:00Z,89092.3,89448.0,88813.0,89366.7,2588.058
2026-01-28T22:00:00Z,89366.7,89442.0,89082.0,89336.5,1070.296
2026-01-28T23:00:00Z,89336.5,89438.0,89160.0,89261.7,1094.512
2026-01-29T00:00:00Z,89261.7,89312.7,88853.5,89110.8,1487.216
2026-01-29T01:00:00Z,89110.8,89120.7,88500.0,88555.9,2887.104
2026-01-29T02:00:00Z,88555.9,88718.5,87650.0,87864.7,5649.131
2026-01-29T03:00:00Z,87864.7,88229.0,87720.0,88012.2,2468.711
2026-01-29T04:00:00Z,88012.2,88300.1,87857.8,88264.1,1168.588
2026-01-29T05:00:00Z,88264.1,88389.8,88091.0,88146.7,1443.503
2026-01-29T06:00:00Z,88146.7,88299.3,88128.8,88277.0,674.761
2026-01-29T07:00:00Z,88277.0,88388.5,88211.4,88314.5,1050.486
2026-01-29T08:00:00Z,88314.5,88458.8,87844.0,88014.3,3714.221
2026-01-29T09:00:00Z,88014.3,88111.6,87820.0,87840.0,1209.415
2026-01-29T10:00:00Z,87840.0,87965.4,87770.0,87900.2,1520.824
2026-01-29T11:00:00Z,87900.2,88021.1,87690.6,87786.0,1752.142
2026-01-29T12:00:00Z,87786.0,88076.7,87767.6,88069.1,1521.78
2026-01-29T13:00:00Z,88069.1,88142.7,87902.5,88000.0,934.048
2026-01-29T14:00:00Z,88000.0,88030.0,86950.1,86961.8,7737.534
2026-01-29T15:00:00Z,86961.8,86990.0,84300.3,84891.6,24117.951
2026-01-29T16:00:00Z,84891.6,85359.5,84215.0,85236.3,9703.588
2026-01-29T17:00:00Z,85236.3,85595.7,83941.1,84218.2,9531.908
2026-01-29T18:00:00Z,84218.2,84587.2,83351.3,83428.2,11107.414
2026-01-29T19:00:00Z,83428.2,84321.6,83311.0,83967.6,5916.22
2026-01-29T20:00:00Z,83967.6,84356.0,83773.2,84178.7,2668.927
2026-01-29T21:00:00Z,84178.7,84622.1,84164.5,84485.1,1923.291
2026-01-29T22:00:00Z,84485.1,84574.0,84268.0,84522.9,1325.123
2026-01-29T23:00:00Z,84522.9,84703.2,84389.6,84599.8,1724.258
2026-01-30T00:00:00Z,84599.8,84692.3,84062.8,84140.0,2381.041
2026-01-30T01:00:00Z,84140.0,84150.5,81000.0,82429.6,19935.63
2026-01-30T02:00:00Z,82429.6,82496.0,81089.1,82119.9,8678.528
2026-01-30T03:00:00Z,82119.9,82696.2,81996.8,82628.9,3363.545
2026-01-30T04:00:00Z,82628.9,83287.1,82628.8,82892.4,3140.955
2026-01-30T05:00:00Z,82892.4,83297.9,82843.2,82859.6,2352.983
2026-01-30T06:00:00Z,82859.6,82876.1,82009.8,82548.1,4456.445
2026-01-30T07:00:00Z,82548.1,83070.2,82431.2,82755.3,3538.509
2026-01-30T08:00:00Z,82755.3,82946.3,82387.8,82622.9,2014.09
2026-01-30T09:00:00Z,82622.9,82796.6,82081.7,82311.5,3158.651
2026-01-30T10:00:00Z,82311.5,82849.9,82118.6,82783.8,2151.951
2026-01-30T11:00:00Z,82783.8,83263.5,82622.9,83103.7,3129.388
2026-01-30T12:00:00Z,83103.7,83287.0,82569.5,82744.8,2766.709
2026-01-30T13:00:00Z,82744.8,83050.9,82361.0,82702.1,2521.169
2026-01-30T14:00:00Z,82702.1,83771.2,82690.4,83070.1,7285.588
2026-01-30T15:00:00Z,83070.1,83577.2,82316.3,82838.7,6689.891
2026-01-30T16:00:00Z,82838.7,83476.2,82500.0,83108.5,4302.372
2026-01-30T17:00:00Z,83108.5,83440.0,82588.5,82904.0,4380.398
2026-01-30T18:00:00Z,82904.0,84145.0,81832.0,83895.3,11760.774
2026-01-30T19:00:00Z,83895.3,84635.7,83867.4,84210.7,7246.167
2026-01-30T20:00:00Z,84210.7,84285.0,83505.0,83880.9,6495.436
2026-01-30T21:00:00Z,83880.9,84481.5,83756.4,84235.4,2929.814
2026-01-30T22:00:00Z,84235.4,84300.0,83872.7,84181.4,1400.32
2026-01-30T23:00:00Z,84181.4,84277.3,83902.8,84222.5,1039.203
2026-01-31T00:00:00Z,84222.5,84254.3,83973.0,84034.2,1226.755
2026-01-31T01:00:00Z,84034.2,84224.3,83860.7,83972.9,984.543
2026-01-31T02:00:00Z,83972.9,84155.1,83778.4,84091.4,971.195
2026-01-31T03:00:00Z,84091.4,84206.6,83987.0,83990.6,600.146
2026-01-31T04:00:00Z,83990.6,84116.4,83900.0,83960.4,608.87
2026-01-31T05:00:00Z,83960.4,84054.7,83851.3,83962.6,1061.979
2026-01-31T06:00:00Z,83962.6,84006.1,83595.0,83736.2,1284.011
2026-01-31T07:00:00Z,83736.2,83768.6,83360.3,83506.1,1708.024
2026-01-31T08:00:00Z,83506.1,83599.1,82530.0,83020.7,4195.266
2026-01-31T09:00:00Z,83020.7,83281.0,82840.3,83075.9,1407.59
2026-01-31T10:00:00Z,83075.9,83171.8,82874.8,83120.1,1053.022
2026-01-31T11:00:00Z,83120.1,83120.2,82773.8,82978.6,799.676
2026-01-31T12:00:00Z,82978.6,83113.3,82671.4,82736.0,1366.828
2026-01-31T13:00:00Z,82736.0,82887.4,82396.8,82733.3,2025.568
2026-01-31T14:00:00Z,82733.3,82894.3,80750.0,81440.1,14148.143
2026-01-31T15:00:00Z,81440.1,81745.9,81045.4,81255.2,5069.129
2026-01-31T16:00:00Z,81255.2,82264.5,80022.0,80308.0,20570.438
2026-01-31T17:00:00Z,80308.0,80498.5,78080.5,78848.1,23226.415
2026-01-31T18:00:00Z,78848.1,79096.8,75689.6,78016.7,27400.971
2026-01-31T19:00:00Z,78016.7,78544.7,77150.0,77719.1,8620.493
2026-01-31T20:00:00Z,77719.1,78114.9,77033.2,77953.8,5738.026
2026-01-31T21:00:00Z,77953.8,78336.9,77325.1,78262.2,6263.407
2026-01-31T22:00:00Z,78262.2,78479.0,77954.8,78113.7,2750.556
2026-01-31T23:00:00Z,78113.7,79239.7,78031.0,78704.4,7503.11
2026-02-01T00:00:00Z,78704.4,79388.5,78611.1,78850.1,3027.857
2026-02-01T01:00:00Z,78850.1,78900.0,78252.0,78495.7,2709.016
2026-02-01T02:00:00Z,78495.7,79022.3,78331.2,78847.0,1799.535
2026-02-01T03:00:00Z,78847.0,78969.7,78628.0,78829.7,835.829
2026-02-01T04:00:00Z,78829.7,79074.3,78683.0,78930.8,1166.268
2026-02-01T05:00:00Z,78930.8,78967.8,78461.1,78572.6,2450.218
2026-02-01T06:00:00Z,78572.6,78791.0,78220.7,78255.6,1713.947
2026-02-01T07:00:00Z,78255.6,78693.1,77836.9,78315.5,3392.164
2026-02-01T08:00:00Z,78315.5,78835.0,78220.0,78560.4,1805.654
2026-02-01T09:00:00Z,78560.4,79119.9,78502.8,79000.0,1345.109
2026-02-01T10:00:00Z,79000.0,79187.0,78116.0,78242.6,3099.955
2026-02-01T11:00:00Z,78242.6,78843.7,78242.6,78715.1,1580.619
2026-02-01T12:00:00Z,78715.1,78733.2,78200.1,78417.6,1705.287
2026-02-01T13:00:00Z,78417.6,78734.5,78150.0,78281.5,2209.09
2026-02-01T14:00:00Z,78281.5,78509.4,77200.0,78181.4,8832.668
2026-02-01T15:00:00Z,78181.4,78234.1,76725.4,77564.3,8005.055
2026-02-01T16:00:00Z,77564.3,77810.4,77050.2,77456.1,4409.051
2026-02-01T17:00:00Z,77456.1,77719.1,77260.0,77719.0,1989.963
2026-02-01T18:00:00Z,77719.0,78409.1,77682.5,77997.2,4688.921
2026-02-01T19:00:00Z,77997.2,78080.0,76950.6,77143.8,2794.628
2026-02-01T20:00:00Z,77143.8,77723.3,76552.3,77067.8,4888.986
2026-02-01T21:00:00Z,77067.8,77144.0,76292.6,76490.6,4446.394
2026-02-01T22:00:00Z,76490.6,77770.7,76409.6,77212.9,4339.416
2026-02-01T23:00:00Z,77212.9,77600.0,75663.2,76938.5,12667.938
2026-02-02T00:00:00Z,76938.5,78177.9,76579.4,77638.7,5346.564
2026-02-02T01:00:00Z,77638.7,77923.2,76558.4,77480.0,4653.609
2026-02-02T02:00:00Z,77480.0,77529.9,76404.0,76450.6,3707.317
2026-02-02T03:00:00Z,76450.6,76542.0,74567.3,76268.9,17192.54
2026-02-02T04:00:00Z,76268.9,76592.7,75280.8,75852.0,6092.154
2026-02-02T05:00:00Z,75852.0,75963.3,74849.3,75446.1,5182.558
2026-02-02T06:00:00Z,75446.1,76800.0,74902.0,76516.9,7725.434
2026-02-02T07:00:00Z,76516.9,76932.9,76290.1,76606.1,3348.013
2026-02-02T08:00:00Z,76606.1,77169.1,76576.2,76829.4,3700.876
2026-02-02T09:00:00Z,76829.4,77777.0,76611.1,77669.7,5279.062
2026-02-02T10:00:00Z,77669.7,77824.7,77417.6,77461.6,2288.731
2026-02-02T11:00:00Z,77461.6,77939.0,77400.0,77727.2,2013.444
2026-02-02T12:00:00Z,77727.2,78500.0,77661.5,77950.2,4172.875
2026-02-02T13:00:00Z,77950.2,78425.1,77746.3,78178.3,2728.876
2026-02-02T14:00:00Z,78178.3,78849.0,77569.6,77808.0,8444.502
2026-02-02T15:00:00Z,77808.0,79388.0,77492.3,78794.9,11356.51
2026-02-02T16:00:00Z,78794.9,79245.4,78525.3,78588.2,4528.149
2026-02-02T17:00:00Z,78588.2,79173.0,78550.0,78936.9,3274.813
2026-02-02T18:00:00Z,78936.9,78947.6,78310.6,78526.4,2695.132
2026-02-02T19:00:00Z,78526.4,78667.9,78228.6,78290.1,1683.767
2026-02-02T20:00:00Z,78290.1,78637.7,77850.9,77963.2,2649.852
2026-02-02T21:00:00Z,77963.2,78516.4,77869.9,78496.0,1544.87
2026-02-02T22:00:00Z,78496.0,78825.4,78482.4,78765.9,1437.87
2026-02-02T23:00:00Z,78765.9,78951.1,78511.4,78693.9,1408.788
2026-02-03T00:00:00Z,78693.9,79091.8,78359.0,79038.2,1801.637
2026-02-03T01:00:00Z,79038.2,79177.7,78667.9,78980.8,1792.845
2026-02-03T02:00:00Z,78980.8,78980.8,77750.0,77769.0,2687.803
2026-02-03T03:00:00Z,77769.0,78868.8,77600.1,78709.6,3429.163
2026-02-03T04:00:00Z,78709.6,78967.5,78440.6,78762.0,1928.604
2026-02-03T05:00:00Z,78762.0,78775.1,78180.5,78200.6,1408.699
2026-02-03T06:00:00Z,78200.6,78631.9,77909.8,78558.7,1771.342
2026-02-03T07:00:00Z,78558.7,78895.2,78448.6,78755.2,1827.216
2026-02-03T08:00:00Z,78755.2,79040.0,78420.0,78707.8,1882.366
2026-02-03T09:00:00Z,78707.8,78811.1,77870.9,78345.4,4065.818
2026-02-03T10:00:00Z,78345.4,78533.4,78013.5,78072.6,1438.636
2026-02-03T11:00:00Z,78072.6,78315.4,77945.4,78034.7,1614.026
2026-02-03T12:00:00Z,78034.7,78380.9,77925.4,78289.5,2078.655
2026-02-03T13:00:00Z,78289.5,78417.2,78150.0,78257.4,1761.057
2026-02-03T14:00:00Z,78257.4,78389.2,77124.0,77160.0,6768.017
2026-02-03T15:00:00Z,77160.0,78192.9,77004.1,78097.1,10210.359
2026-02-03T16:00:00Z,78097.1,78106.3,76450.0,76456.0,10512.029
2026-02-03T17:00:00Z,76456.0,76504.8,74832.5,74874.2,13424.93
2026-02-03T18:00:00Z,74874.2,75268.0,73110.0,73111.4,22076.17
2026-02-03T19:00:00Z,73111.4,75215.7,72889.7,74889.3,18423.654
2026-02-03T20:00:00Z,74889.3,76682.9,74543.8,76433.4,11330.906
2026-02-03T21:00:00Z,76433.4,76913.8,76090.4,76200.3,5193.703
2026-02-03T22:00:00Z,76200.3,76271.6,75367.9,75673.0,4988.232
2026-02-03T23:00:00Z,75673.0,75975.9,75382.5,75723.2,3521.285
2026-02-04T00:00:00Z,75723.2,76230.5,75414.0,75872.6,2770.654
2026-02-04T01:00:00Z,75872.6,76755.0,75872.6,76391.3,2979.229
2026-02-04T02:00:00Z,76391.3,76575.9,75663.6,75928.7,2267.909
2026-02-04T03:00:00Z,75928.7,76991.2,75873.9,76673.0,4649.499
2026-02-04T04:00:00Z,76673.0,76812.2,76386.3,76451.3,1080.573
2026-02-04T05:00:00Z,76451.3,76507.7,76076.0,76257.3,1461.91
2026-02-04T06:00:00Z,76257.3,76759.4,76230.5,76620.5,1491.84
2026-02-04T07:00:00Z,76620.5,76634.0,76311.8,76484.2,1526.589
2026-02-04T08:00:00Z,76484.2,76570.0,76026.5,76553.3,3263.988
2026-02-04T09:00:00Z,76553.3,76578.8,75908.4,76089.1,2336.846
2026-02-04T10:00:00Z,76089.1,76307.9,76025.7,76264.1,1317.889
2026-02-04T11:00:00Z,76264.1,76265.6,75635.2,75998.9,3690.607
2026-02-04T12:00:00Z,75998.9,76244.9,75974.2,76148.1,2519.684
2026-02-04T13:00:00Z,76148.1,76165.5,74822.3,74829.0,5040.508
2026-02-04T14:00:00Z,74829.0,75746.5,74200.0,74316.9,9965.766
2026-02-04T15:00:00Z,74316.9,75314.7,73728.3,74094.8,13938.334
2026-02-04T16:00:00Z,74094.8,74213.5,73032.0,73611.2,11304.019
2026-02-04T17:00:00Z,73611.2,73831.8,72090.4,72537.6,15581.822
2026-02-04T18:00:00Z,72537.6,74124.2,72222.0,73395.7,13895.951
2026-02-04T19:00:00Z,73395.7,73986.8,73003.7,73894.6,6169.641
2026-02-04T20:00:00Z,73894.6,74136.0,73388.4,73479.2,2740.773
2026-02-04T21:00:00Z,73479.2,73631.7,72148.7,72758.0,5484.668
2026-02-04T22:00:00Z,72758.0,73650.0,71805.2,72506.3,9044.013
2026-02-04T23:00:00Z,72506.3,73488.0,72419.2,73130.3,4400.033
2026-02-05T00:00:00Z,73130.3,73294.2,72712.5,72829.6,2821.637
2026-02-05T01:00:00Z,72829.6,73312.1,71933.1,72380.9,6878.577
2026-02-05T02:00:00Z,72380.9,72819.9,71268.0,71429.5,9548.271
2026-02-05T03:00:00Z,71429.5,71864.8,71120.2,71189.1,6287.565
2026-02-05T04:00:00Z,71189.1,71431.1,70646.2,70844.3,9021.317
2026-02-05T05:00:00Z,70844.3,71133.9,70085.7,70693.8,8617.749
2026-02-05T06:00:00Z,70693.8,70950.0,70394.3,70916.9,4442.641
2026-02-05T07:00:00Z,70916.9,71600.0,70591.5,70716.4,5808.354
2026-02-05T08:00:00Z,70716.4,71526.4,70642.9,71022.6,3738.618
2026-02-05T09:00:00Z,71022.6,71936.3,71002.2,71529.2,4169.431
2026-02-05T10:00:00Z,71529.2,71697.9,70617.6,70818.8,5027.973
2026-02-05T11:00:00Z,70818.8,71026.6,69865.8,70287.8,11152.761
2026-02-05T12:00:00Z,70287.8,70574.4,69126.2,69541.0,12988.715
2026-02-05T13:00:00Z,69541.0,69809.3,69224.7,69658.4,4393.04
2026-02-05T14:00:00Z,69658.4,70866.3,69251.2,69368.0,12675.941
2026-02-05T15:00:00Z,69368.0,69594.7,66655.2,67450.8,39937.328
2026-02-05T16:00:00Z,67450.8,68668.8,66894.9,68268.2,14627.464
2026-02-05T17:00:00Z,68268.2,68350.0,66100.3,66151.9,16813.072
2026-02-05T18:00:00Z,66151.9,66518.4,65354.2,66313.1,15187.45
2026-02-05T19:00:00Z,66313.1,66614.0,65148.5,65232.2,10546.188
2026-02-05T20:00:00Z,65232.2,65675.0,62250.0,63739.3,33832.909
2026-02-05T21:00:00Z,63739.3,64778.7,62842.6,63185.0,20530.403
2026-02-05T22:00:00Z,63185.0,64584.7,62639.6,63882.5,14032.17
2026-02-05T23:00:00Z,63882.5,64868.0,62679.6,62872.7,12926.441
2026-02-06T00:00:00Z,62872.7,63832.6,59888.0,63467.9,49033.215
2026-02-06T01:00:00Z,63467.9,65731.5,63467.8,65668.5,13760.488
2026-02-06T02:00:00Z,65668.5,65972.8,64164.6,64964.6,10015.681
2026-02-06T03:00:00Z,64964.6,65132.4,63724.0,64138.7,6216.649
2026-02-06T04:00:00Z,64138.7,64980.4,63926.9,64876.9,4264.27
2026-02-06T05:00:00Z,64876.9,66799.9,64772.1,66364.8,9885.971
2026-02-06T06:00:00Z,66364.8,66757.2,64797.6,64954.9,9800.014
2026-02-06T07:00:00Z,64954.9,65521.5,64600.6,64813.6,8111.607
2026-02-06T08:00:00Z,64813.6,65171.2,64434.1,64859.8,5187.332
2026-02-06T09:00:00Z,64859.8,66132.3,64725.0,65758.1,5811.128
2026-02-06T10:00:00Z,65758.1,66201.4,65491.2,65930.9,3961.28
2026-02-06T11:00:00Z,65930.9,66730.0,65735.0,66588.8,4134.498
2026-02-06T12:00:00Z,66588.8,66588.9,66080.0,66525.4,3044.552
2026-02-06T13:00:00Z,66525.4,67671.9,66444.0,67267.6,8775.268
2026-02-06T14:00:00Z,67267.6,68583.4,66591.5,68141.1,13571.847
2026-02-06T15:00:00Z,68141.1,69151.4,67679.8,68578.9,12467.707
2026-02-06T16:00:00Z,68578.9,70190.8,68373.7,69895.5,11792.666
2026-02-06T17:00:00Z,69895.5,71479.8,69516.8,70710.1,15072.086
2026-02-06T18:00:00Z,70710.1,70780.1,69322.0,69747.6,12092.514
2026-02-06T19:00:00Z,69747.6,70924.2,69619.6,70689.8,6627.539
2026-02-06T20:00:00Z,70689.8,70969.7,69939.6,69945.5,5516.604
2026-02-06T21:00:00Z,69945.5,70469.2,69788.2,70322.9,3409.324
2026-02-06T22:00:00Z,70322.9,71571.8,70234.6,71308.6,4392.337
2026-02-06T23:00:00Z,71308.6,71719.9,70457.0,70532.3,4155.646
2026-02-07T00:00:00Z,70532.3,70559.8,69676.2,69914.2,4834.962
2026-02-07T01:00:00Z,69914.2,70643.9,69691.7,70424.4,2869.956
2026-02-07T02:00:00Z,70424.4,70591.0,70106.7,70320.1,1398.283
2026-02-07T03:00:00Z,70320.1,70880.0,70235.4,70879.1,1871.945
2026-02-07T04:00:00Z,70879.1,71653.2,70558.8,70722.0,4862.817
2026-02-07T05:00:00Z,70722.0,71156.3,69920.0,70129.8,4765.813
2026-02-07T06:00:00Z,70129.8,70289.4,68700.0,68738.0,7304.709
2026-02-07T07:00:00Z,68738.0,69050.0,67307.3,68066.4,16396.731
2026-02-07T08:00:00Z,68066.4,68783.7,67721.2,68479.7,6234.932
2026-02-07T09:00:00Z,68479.7,68762.0,67868.8,68115.2,3318.595
2026-02-07T10:00:00Z,68115.2,68281.7,67577.3,67964.2,3078.485
2026-02-07T11:00:00Z,67964.2,68142.0,67672.6,67946.2,1844.728
2026-02-07T12:00:00Z,67946.2,69972.1,67880.3,68996.1,13657.886
2026-02-07T13:00:00Z,68996.1,69335.5,68777.9,69062.4,2786.309
2026-02-07T14:00:00Z,69062.4,69152.3,68278.5,68617.2,3271.805
2026-02-07T15:00:00Z,68617.2,69748.3,68524.4,69116.4,5664.554
2026-02-07T16:00:00Z,69116.4,69950.0,68805.8,68923.8,14580.852
2026-02-07T17:00:00Z,68923.8,69400.0,68489.4,69160.1,3401.971
2026-02-07T18:00:00Z,69160.1,69671.4,68980.0,69476.0,2765.472
2026-02-07T19:00:00Z,69476.0,69550.0,69232.8,69338.2,1522.453
2026-02-07T20:00:00Z,69338.2,69691.0,69220.0,69599.2,1138.097
2026-02-07T21:00:00Z,69599.2,69669.1,69307.1,69471.4,918.017
2026-02-07T22:00:00Z,69471.4,69662.0,69281.3,69373.0,903.112
2026-02-07T23:00:00Z,69373.0,69433.4,68742.0,69248.2,2215.907
2026-02-08T00:00:00Z,69248.2,69400.4,68839.0,69096.5,1224.9
2026-02-08T01:00:00Z,69096.5,69476.7,69051.2,69350.2,895.691
2026-02-08T02:00:00Z,69350.2,69675.1,69126.3,69337.7,1435.975
2026-02-08T03:00:00Z,69337.7,69405.7,69018.9,69062.5,1105.425
2026-02-08T04:00:00Z,69062.5,69349.3,68926.5,69306.1,816.052
2026-02-08T05:00:00Z,69306.1,69389.0,69109.8,69190.2,651.73
2026-02-08T06:00:00Z,69190.2,69393.0,69046.7,69316.1,1399.461
2026-02-08T07:00:00Z,69316.1,69691.3,69177.8,69663.7,1470.837
2026-02-08T08:00:00Z,69663.7,70766.5,69467.9,70622.9,7304.738
2026-02-08T09:00:00Z,70622.9,70678.6,70057.4,70073.5,2582.89
2026-02-08T10:00:00Z,70073.5,70421.0,69844.8,70240.5,2891.818
2026-02-08T11:00:00Z,70240.5,71184.0,70176.3,70953.3,4413.433
2026-02-08T12:00:00Z,70953.3,71250.0,70656.6,71204.6,3285.205
2026-02-08T13:00:00Z,71204.6,71491.4,70932.6,71476.2,3311.546
2026-02-08T14:00:00Z,71476.2,71524.7,71050.0,71222.1,1932.632
2026-02-08T15:00:00Z,71222.1,71430.6,70720.8,71153.0,3372.89
2026-02-08T16:00:00Z,71153.0,71233.2,70195.5,70381.0,3838.806
2026-02-08T17:00:00Z,70381.0,70844.0,70372.0,70756.6,1715.935
2026-02-08T18:00:00Z,70756.6,71390.8,70716.6,71106.0,2349.391
2026-02-08T19:00:00Z,71106.0,71494.9,71106.0,71387.8,1106.314
2026-02-08T20:00:00Z,71387.8,71389.8,70664.4,70804.8,1680.079
2026-02-08T21:00:00Z,70804.8,71107.6,70502.9,70662.5,1255.089
2026-02-08T22:00:00Z,70662.5,71076.0,70612.4,71037.2,1272.401
2026-02-08T23:00:00Z,71037.2,72254.1,69945.0,70289.8,12399.682
2026-02-09T00:00:00Z,70289.8,70744.3,70053.3,70459.5,2764.043
2026-02-09T01:00:00Z,70459.5,70899.2,70018.0,70330.1,3206.015
2026-02-09T02:00:00Z,70330.1,70978.8,70170.1,70586.6,1822.914
2026-02-09T03:00:00Z,70586.6,71418.4,70572.5,71265.3,2757.525
2026-02-09T04:00:00Z,71265.3,71314.3,70863.1,70955.5,1435.424
2026-02-09T05:00:00Z,70955.5,71083.9,70760.5,71005.8,1326.097
2026-02-09T06:00:00Z,71005.8,71005.8,70271.3,70630.5,2326.895
2026-02-09T07:00:00Z,70630.5,70880.7,70310.7,70387.1,2039.443
2026-02-09T08:00:00Z,70387.1,70581.8,69357.8,69836.4,5540.343
2026-02-09T09:00:00Z,69836.4,70093.3,69443.3,69593.3,3299.683
2026-02-09T10:00:00Z,69593.3,69699.9,68384.0,68690.0,8371.022
2026-02-09T11:00:00Z,68690.0,68991.9,68541.3,68900.0,2986.943
2026-02-09T12:00:00Z,68900.0,69223.5,68819.6,69106.5,2525.514
2026-02-09T13:00:00Z,69106.5,69267.0,68552.1,68556.4,2744.679
2026-02-09T14:00:00Z,68556.4,69747.5,68207.2,69230.5,8881.166
2026-02-09T15:00:00Z,69230.5,69843.6,68779.9,69533.0,5638.521
2026-02-09T16:00:00Z,69533.0,70397.8,69051.9,70047.0,6511.04
2026-02-09T17:00:00Z,70047.0,70976.9,69821.4,70582.1,6342.641
2026-02-09T18:00:00Z,70582.1,70989.0,70050.0,70385.6,3508.957
2026-02-09T19:00:00Z,70385.6,71065.5,70227.3,70933.4,2897.697
2026-02-09T20:00:00Z,70933.4,71119.9,70464.0,70699.4,2753.669
2026-02-09T21:00:00Z,70699.4,70777.8,69780.7,70364.5,3305.038
2026-02-09T22:00:00Z,70364.5,70714.3,70244.7,70343.1,1970.161
2026-02-09T23:00:00Z,70343.1,70557.3,70000.0,70110.8,1687.012
2026-02-10T00:00:00Z,70110.8,70220.6,69715.8,69793.8,2228.787
2026-02-10T01:00:00Z,69793.8,70508.8,69787.5,70456.7,2130.57
2026-02-10T02:00:00Z,70456.7,70456.7,69953.8,70071.9,1298.617
2026-02-10T03:00:00Z,70071.9,70138.6,69149.3,69470.5,4388.149
2026-02-10T04:00:00Z,69470.5,69874.9,69438.0,69800.0,2057.663
2026-02-10T05:00:00Z,69800.0,69818.7,69153.6,69413.2,2335.659
2026-02-10T06:00:00Z,69413.2,69465.2,68603.7,68878.5,4157.894
2026-02-10T07:00:00Z,68878.5,69173.2,68800.9,68885.9,2156.079
2026-02-10T08:00:00Z,68885.9,69188.5,68680.6,69087.6,2045.381
2026-02-10T09:00:00Z,69087.6,69385.2,68907.6,69111.2,2311.058
2026-02-10T10:00:00Z,69111.2,69221.0,68877.9,68884.0,943.117
2026-02-10T11:00:00Z,68884.0,69050.0,68365.0,68486.5,3340.181
2026-02-10T12:00:00Z,68486.5,68819.9,68386.6,68565.1,1940.123
2026-02-10T13:00:00Z,68565.1,69115.0,68286.2,68984.4,4047.072
2026-02-10T14:00:00Z,68984.4,69552.7,67869.0,68418.8,10915.953
2026-02-10T15:00:00Z,68418.8,69481.6,68250.0,69251.0,8485.793
2026-02-10T16:00:00Z,69251.0,69805.8,68900.1,69477.9,4453.51
2026-02-10T17:00:00Z,69477.9,69982.2,69283.6,69894.2,3140.132
2026-02-10T18:00:00Z,69894.2,69911.7,68565.0,68856.6,4195.948
2026-02-10T19:00:00Z,68856.6,69268.3,68650.0,69028.3,2655.059
2026-02-10T20:00:00Z,69028.3,69100.0,68583.6,68718.1,2247.548
2026-02-10T21:00:00Z,68718.1,68978.7,68315.0,68623.3,2146.978
2026-02-10T22:00:00Z,68623.3,68830.0,68517.3,68665.3,922.938
2026-02-10T23:00:00Z,68665.3,68827.5,68471.3,68804.3,1025.589
2026-02-11T00:00:00Z,68804.3,69216.0,68750.0,69162.0,2915.13
2026-02-11T01:00:00Z,69162.0,69265.8,68875.0,68952.4,892.915
2026-02-11T02:00:00Z,68952.4,69135.0,68573.9,68653.8,1683.204
2026-02-11T03:00:00Z,68653.8,68723.5,67956.1,68151.3,3772.043
2026-02-11T04:00:00Z,68151.3,68290.0,67321.0,67542.5,7100.01
2026-02-11T05:00:00Z,67542.5,67780.0,67349.8,67365.9,2442.083
2026-02-11T06:00:00Z,67365.9,67460.0,66501.5,66784.0,7865.046
2026-02-11T07:00:00Z,66784.0,67241.7,66609.5,67000.1,4095.838
2026-02-11T08:00:00Z,67000.1,67089.9,66746.0,66951.5,2095.298
2026-02-11T09:00:00Z,66951.5,67084.0,66688.0,66842.6,1338.825
2026-02-11T10:00:00Z,66842.6,66862.6,66306.8,66506.6,4569.555
2026-02-11T11:00:00Z,66506.6,67080.0,66470.8,67023.7,3408.925
2026-02-11T12:00:00Z,67023.7,67394.9,66926.0,67102.5,3971.579
2026-02-11T13:00:00Z,67102.5,67667.5,66768.4,67424.8,7329.406
2026-02-11T14:00:00Z,67424.8,68812.6,66380.8,66546.9,19426.262
2026-02-11T15:00:00Z,66546.9,66811.0,65705.0,66485.2,15800.987
2026-02-11T16:00:00Z,66485.2,67238.6,65899.2,65996.8,8362.477
2026-02-11T17:00:00Z,65996.8,66894.7,65840.0,66483.0,5169.977
2026-02-11T18:00:00Z,66483.0,67282.6,66108.4,67243.5,3997.215
2026-02-11T19:00:00Z,67243.5,67837.7,67080.9,67552.4,4090.463
2026-02-11T20:00:00Z,67552.4,67723.3,67138.4,67527.0,2576.479
2026-02-11T21:00:00Z,67527.0,68329.0,67377.6,67775.2,3531.744
2026-02-11T22:00:00Z,67775.2,67841.0,67354.3,67395.5,1841.185
2026-02-11T23:00:00Z,67395.5,67537.2,66755.3,67044.5,3317.811
2026-02-12T00:00:00Z,67044.5,67678.2,67017.0,67430.9,3135.214
2026-02-12T01:00:00Z,67430.9,68019.9,67430.9,67667.4,3256.351
2026-02-12T02:00:00Z,67667.4,67775.0,67371.5,67412.9,2187.869
2026-02-12T03:00:00Z,67412.9,67575.0,67277.0,67554.5,1056.61
2026-02-12T04:00:00Z,67554.5,67668.4,66959.3,66979.9,2013.058
2026-02-12T05:00:00Z,66979.9,67179.2,66626.7,67116.0,2530.732
2026-02-12T06:00:00Z,67116.0,67327.4,66978.4,67094.1,1393.083
2026-02-12T07:00:00Z,67094.1,67308.0,66894.3,67183.3,1681.833
2026-02-12T08:00:00Z,67183.3,67320.0,66858.1,67109.6,1972.018
2026-02-12T09:00:00Z,67109.6,67708.9,67017.5,67522.0,2765.086
2026-02-12T10:00:00Z,67522.0,68014.0,67381.8,67987.4,2319.587
2026-02-12T11:00:00Z,67987.4,68271.4,67712.0,68049.0,3484.896
2026-02-12T12:00:00Z,68049.0,68140.6,67686.8,67840.1,2225.179
2026-02-12T13:00:00Z,67840.1,68384.2,67642.4,68355.5,3076.247
2026-02-12T14:00:00Z,68355.5,68396.0,67447.2,67558.0,6460.646
2026-02-12T15:00:00Z,67558.0,67985.0,66955.7,67100.9,9832.099
2026-02-12T16:00:00Z,67100.9,67205.6,65511.3,65815.2,16776.128
2026-02-12T17:00:00Z,65815.2,66237.8,65286.5,65369.2,8207.471
2026-02-12T18:00:00Z,65369.2,65779.7,65065.0,65554.1,8099.325
2026-02-12T19:00:00Z,65554.1,66089.1,65216.3,65759.9,5015.718
2026-02-12T20:00:00Z,65759.9,66013.6,65183.2,65396.6,4145.304
2026-02-12T21:00:00Z,65396.6,65874.3,65390.6,65813.8,1953.033
2026-02-12T22:00:00Z,65813.8,66376.9,65600.0,66255.1,2387.547
2026-02-12T23:00:00Z,66255.1,66459.2,66118.8,66244.8,2031.495
2026-02-13T00:00:00Z,66244.8,66491.4,65824.7,65874.0,2264.182
2026-02-13T01:00:00Z,65874.0,66596.5,65874.0,66422.9,3276.801
2026-02-13T02:00:00Z,66422.9,66750.9,66352.2,66632.8,1638.089
2026-02-13T03:00:00Z,66632.8,66793.4,66425.0,66532.4,1883.148
2026-02-13T04:00:00Z,66532.4,66650.9,66275.9,66299.2,1686.652
2026-02-13T05:00:00Z,66299.2,66477.0,66140.9,66145.1,1076.457
2026-02-13T06:00:00Z,66145.1,66376.8,65972.5,66338.1,2042.865
2026-02-13T07:00:00Z,66338.1,66549.6,66006.6,66185.1,3111.714
2026-02-13T08:00:00Z,66185.1,66729.4,66151.7,66669.5,1969.539
2026-02-13T09:00:00Z,66669.5,67033.3,66578.1,66925.8,2634.388
2026-02-13T10:00:00Z,66925.8,67099.7,66764.6,66949.1,2128.215
2026-02-13T11:00:00Z,66949.1,67199.9,66747.0,67136.0,2219.276
2026-02-13T12:00:00Z,67136.0,67184.5,66886.4,67050.2,1825.991
2026-02-13T13:00:00Z,67050.2,67619.0,66893.8,67239.9,7120.16
2026-02-13T14:00:00Z,67239.9,68061.1,66818.3,67709.4,10858.772
2026-02-13T15:00:00Z,67709.4,69292.2,67655.0,68653.0,16076.381
2026-02-13T16:00:00Z,68653.0,69450.0,68504.1,68922.2,7098.558
2026-02-13T17:00:00Z,68922.2,69223.2,68591.1,69005.5,3265.535
2026-02-13T18:00:00Z,69005.5,69381.4,68864.1,69082.5,3883.239
2026-02-13T19:00:00Z,69082.5,69203.5,68879.5,68898.8,2323.714
2026-02-13T20:00:00Z,68898.8,68936.0,68632.4,68730.5,2140.952
2026-02-13T21:00:00Z,68730.5,69053.5,68683.8,68863.0,1556.278
2026-02-13T22:00:00Z,68863.0,68979.3,68680.7,68965.0,1312.224
2026-02-13T23:00:00Z,68965.0,68979.7,68787.1,68819.2,1035.926
2026-02-14T00:00:00Z,68819.2,69118.0,68731.7,69053.9,1188.611
2026-02-14T01:00:00Z,69053.9,69085.9,68886.0,68925.8,812.781
2026-02-14T02:00:00Z,68925.8,68978.0,68810.2,68842.8,582.049
2026-02-14T03:00:00Z,68842.8,68987.5,68813.0,68938.7,621.322
2026-02-14T04:00:00Z,68938.7,68961.5,68750.0,68750.1,551.892
2026-02-14T05:00:00Z,68750.1,68874.9,68720.7,68735.9,597.014
2026-02-14T06:00:00Z,68735.9,68903.2,68691.1,68898.4,560.779
2026-02-14T07:00:00Z,68898.4,69316.0,68851.9,69185.0,1765.772
2026-02-14T08:00:00Z,69185.0,69848.8,69180.0,69713.0,4700.994
2026-02-14T09:00:00Z,69713.0,69881.0,69530.2,69676.4,1289.204
2026-02-14T10:00:00Z,69676.4,69676.4,69540.6,69642.5,699.177
2026-02-14T11:00:00Z,69642.5,70550.0,69642.5,70470.4,6057.755
2026-02-14T12:00:00Z,70470.4,70507.0,69580.2,69611.8,5065.416
2026-02-14T13:00:00Z,69611.8,69758.5,69190.0,69445.4,5541.79
2026-02-14T14:00:00Z,69445.4,69838.1,69300.0,69674.9,2805.022
2026-02-14T15:00:00Z,69674.9,70020.0,69533.0,69756.4,2176.739
2026-02-14T16:00:00Z,69756.4,69789.0,69253.7,69726.5,2106.891
2026-02-14T17:00:00Z,69726.5,69900.0,69580.0,69711.5,1115.897
2026-02-14T18:00:00Z,69711.5,69830.9,69635.9,69743.5,640.32
2026-02-14T19:00:00Z,69743.5,69885.4,69579.7,69847.8,613.43
2026-02-14T20:00:00Z,69847.8,70000.0,69700.8,69993.7,1124.741
2026-02-14T21:00:00Z,69993.7,70240.0,69625.4,69902.4,2797.3
2026-02-14T22:00:00Z,69902.4,70075.0,69750.0,69926.3,929.63
2026-02-14T23:00:00Z,69926.3,69999.9,69679.9,69790.1,809.297
2026-02-15T00:00:00Z,69790.1,69838.1,69559.0,69746.4,1111.101
2026-02-15T01:00:00Z,69746.4,69877.4,69312.1,69683.9,2063.769
2026-02-15T02:00:00Z,69683.9,69734.4,69320.5,69453.1,983.05
2026-02-15T03:00:00Z,69453.1,69976.9,69200.0,69926.9,2746.444
2026-02-15T04:00:00Z,69926.9,70500.0,69925.2,70149.9,3920.005
2026-02-15T05:00:00Z,70149.9,70457.2,70096.0,70232.6,1139.277
2026-02-15T06:00:00Z,70232.6,70533.3,70150.0,70366.1,1313.255
2026-02-15T07:00:00Z,70366.1,70899.5,70270.1,70786.6,2853.723
2026-02-15T08:00:00Z,70786.6,70937.0,70144.8,70407.3,2896.762
2026-02-15T09:00:00Z,70407.3,70634.8,70322.0,70386.4,1071.34
2026-02-15T10:00:00Z,70386.4,70490.3,70176.0,70392.0,1314.055
2026-02-15T11:00:00Z,70392.0,70525.3,70227.1,70265.9,985.367
2026-02-15T12:00:00Z,70265.9,70388.4,69280.0,69287.4,5732.883
2026-02-15T13:00:00Z,69287.4,69591.2,68735.6,68908.0,6066.089
2026-02-15T14:00:00Z,68908.0,69186.8,68804.1,69139.2,2481.365
2026-02-15T15:00:00Z,69139.2,69230.0,68843.4,69060.9,2117.404
2026-02-15T16:00:00Z,69060.9,69080.0,68738.4,68985.7,1882.817
2026-02-15T17:00:00Z,68985.7,69050.0,68158.4,68610.1,5834.317
2026-02-15T18:00:00Z,68610.1,68764.9,68324.5,68424.7,3665.2
2026-02-15T19:00:00Z,68424.7,68548.4,68051.7,68263.0,3696.269
2026-02-15T20:00:00Z,68263.0,68538.0,68100.0,68423.0,1063.172
2026-02-15T21:00:00Z,68423.0,68939.0,68423.0,68819.4,1919.003
2026-02-15T22:00:00Z,68819.4,69055.0,68760.2,68965.1,1300.353
2026-02-15T23:00:00Z,68965.1,68965.6,68292.4,68800.0,2391.104
2026-02-16T00:00:00Z,68800.0,69040.0,68660.5,68812.7,1238.224
2026-02-16T01:00:00Z,68812.7,69023.2,68411.6,68596.8,1263.037
2026-02-16T02:00:00Z,68596.8,68701.7,68200.0,68293.7,1392.628
2026-02-16T03:00:00Z,68293.7,68443.3,68108.8,68389.3,1160.624
2026-02-16T04:00:00Z,68389.3,68870.8,68378.3,68842.6,1993.049
2026-02-16T05:00:00Z,68842.6,68875.0,68256.0,68351.5,1242.26
2026-02-16T06:00:00Z,68351.5,68500.0,68202.0,68422.1,1000.357
2026-02-16T07:00:00Z,68422.1,68646.0,68344.0,68554.6,1318.435
2026-02-16T08:00:00Z,68554.6,68777.0,68508.0,68729.0,1041.008
2026-02-16T09:00:00Z,68729.0,69029.2,68710.2,68959.4,1845.678
2026-02-16T10:00:00Z,68959.4,68959.4,68655.4,68760.0,1182.212
2026-02-16T11:00:00Z,68760.0,68894.6,68300.0,68777.0,2455.713
2026-02-16T12:00:00Z,68777.0,69835.5,68761.5,69732.1,5694.833
2026-02-16T13:00:00Z,69732.1,70099.1,68180.0,68356.6,9740.878
2026-02-16T14:00:00Z,68356.6,68690.0,68219.8,68390.2,3483.738
2026-02-16T15:00:00Z,68390.2,68591.9,67243.6,67505.6,11595.383
2026-02-16T16:00:00Z,67505.6,67941.7,67468.5,67844.8,3331.157
2026-02-16T17:00:00Z,67844.8,68046.2,67557.4,67904.9,2425.657
2026-02-16T18:00:00Z,67904.9,68211.3,67800.0,67829.9,1965.055
2026-02-16T19:00:00Z,67829.9,68109.3,67778.4,67878.2,870.932
2026-02-16T20:00:00Z,67878.2,68554.9,67787.7,68499.9,2017.04
2026-02-16T21:00:00Z,68499.9,68920.9,68381.4,68831.2,2243.067
2026-02-16T22:00:00Z,68831.2,68864.5,68471.5,68559.0,1731.614
2026-02-16T23:00:00Z,68559.0,68968.8,68500.0,68863.8,1097.428
2026-02-17T00:00:00Z,68863.8,69033.0,68663.1,68856.9,1115.077
2026-02-17T01:00:00Z,68856.9,68979.4,68534.0,68584.9,1204.383
2026-02-17T02:00:00Z,68584.9,69228.5,68321.6,68800.6,3256.965
2026-02-17T03:00:00Z,68800.6,68833.9,68434.7,68440.9,1482.67
2026-02-17T04:00:00Z,68440.9,68677.7,68244.3,68444.7,1207.918
2026-02-17T05:00:00Z,68444.7,68479.3,67852.4,68209.0,2556.294
2026-02-17T06:00:00Z,68209.0,68487.0,68191.2,68357.2,1077.683
2026-02-17T07:00:00Z,68357.2,68450.0,68118.9,68350.0,1212.11
2026-02-17T08:00:00Z,68350.0,68447.7,68084.9,68132.9,1190.454
2026-02-17T09:00:00Z,68132.9,68276.8,67952.0,68088.9,1545.268
2026-02-17T10:00:00Z,68088.9,68181.8,67661.6,67813.2,2077.383
2026-02-17T11:00:00Z,67813.2,67902.8,67650.0,67822.8,1537.621
2026-02-17T12:00:00Z,67822.8,68274.9,67795.8,67888.0,2528.914
2026-02-17T13:00:00Z,67888.0,68340.2,67684.0,68099.5,3931.014
2026-02-17T14:00:00Z,68099.5,68309.7,66700.0,66842.9,10605.573
2026-02-17T15:00:00Z,66842.9,67378.2,66556.6,67361.0,7350.624
2026-02-17T16:00:00Z,67361.0,68131.0,67281.0,67495.9,8956.219
2026-02-17T17:00:00Z,67495.9,67696.9,66826.2,67208.0,7524.1
2026-02-17T18:00:00Z,67208.0,68209.2,67092.0,68054.3,4677.812
2026-02-17T19:00:00Z,68054.3,68217.9,67683.6,67768.4,2833.28
2026-02-17T20:00:00Z,67768.4,67930.8,67453.1,67721.2,2192.096
2026-02-17T21:00:00Z,67721.2,67908.8,67500.0,67643.8,1465.101
2026-02-17T22:00:00Z,67643.8,67761.4,67462.0,67493.6,902.909
2026-02-17T23:00:00Z,67493.6,67590.0,67341.3,67474.9,935.953
2026-02-18T00:00:00Z,67474.9,67597.0,67254.4,67269.3,925.235
2026-02-18T01:00:00Z,67269.3,67347.0,66843.5,67133.0,2512.613
2026-02-18T02:00:00Z,67133.0,67391.2,67111.8,67297.8,1233.789
2026-02-18T03:00:00Z,67297.8,67677.4,67290.1,67591.4,1091.364
2026-02-18T04:00:00Z,67591.4,67865.4,67461.5,67791.1,1267.399
2026-02-18T05:00:00Z,67791.1,67914.2,67565.0,67604.7,1422.034
2026-02-18T06:00:00Z,67604.7,67966.8,67569.1,67816.6,1177.846
2026-02-18T07:00:00Z,67816.6,68200.0,67660.0,68080.3,1977.587
2026-02-18T08:00:00Z,68080.3,68440.0,68025.4,68100.1,3023.291
2026-02-18T09:00:00Z,68100.1,68254.0,67981.4,68128.2,1221.924
2026-02-18T10:00:00Z,68128.2,68170.0,67702.8,67776.7,1928.375
2026-02-18T11:00:00Z,67776.7,67776.7,67028.5,67330.2,5175.38
2026-02-18T12:00:00Z,67330.2,67652.4,67290.0,67425.0,1777.736
2026-02-18T13:00:00Z,67425.0,67563.0,67000.0,67207.4,2455.013
2026-02-18T14:00:00Z,67207.4,67337.4,66668.2,67185.0,6646.115
2026-02-18T15:00:00Z,67185.0,68326.7,67145.0,67666.7,8400.476
2026-02-18T16:00:00Z,67666.7,67679.7,66950.0,67102.7,5228.724
2026-02-18T17:00:00Z,67102.7,67459.7,67016.5,67152.6,2411.016
2026-02-18T18:00:00Z,67152.6,67204.4,66082.6,66321.3,6981.197
2026-02-18T19:00:00Z,66321.3,66583.3,65814.6,66138.1,5936.832
2026-02-18T20:00:00Z,66138.1,66514.1,66096.3,66231.4,2648.63
2026-02-18T21:00:00Z,66231.4,66467.6,66032.3,66300.0,2061.582
2026-02-18T22:00:00Z,66300.0,66455.4,66185.1,66382.5,908.192
2026-02-18T23:00:00Z,66382.5,66479.2,66236.8,66426.0,935.893
2026-02-19T00:00:00Z,66426.0,66571.0,66304.0,66403.0,939.906
2026-02-19T01:00:00Z,66403.0,66850.8,66402.9,66836.8,1949.137
2026-02-19T02:00:00Z,66836.8,66938.0,66603.5,66804.7,1361.636
2026-02-19T03:00:00Z,66804.7,66982.5,66689.5,66952.6,1241.38
2026-02-19T04:00:00Z,66952.6,67060.0,66717.1,66773.0,1627.816
2026-02-19T05:00:00Z,66773.0,66863.5,66650.0,66849.0,1004.732
2026-02-19T06:00:00Z,66849.0,67307.9,66835.4,67120.4,2061.932
2026-02-19T07:00:00Z,67120.4,67300.0,66986.7,67179.4,1467.421
2026-02-19T08:00:00Z,67179.4,67179.4,66765.3,66938.4,2206.947
2026-02-19T09:00:00Z,66938.4,67162.1,66719.7,66803.6,1845.113
2026-02-19T10:00:00Z,66803.6,66937.9,66704.0,66809.1,1245.456
2026-02-19T11:00:00Z,66809.1,66910.6,66436.0,66462.4,2205.749
2026-02-19T12:00:00Z,66462.4,66657.4,66270.0,66485.2,2558.362
2026-02-19T13:00:00Z,66485.2,66534.5,65714.0,65875.1,5464.235
2026-02-19T14:00:00Z,65875.1,66655.8,65573.5,66391.3,8525.169
2026-02-19T15:00:00Z,66391.3,66722.7,65931.6,66378.2,7170.745
2026-02-19T16:00:00Z,66378.2,66500.0,65844.7,66269.9,3954.295
2026-02-19T17:00:00Z,66269.9,67042.2,66130.4,66341.7,5249.238
2026-02-19T18:00:00Z,66341.7,67063.9,66216.3,67013.9,3922.465
2026-02-19T19:00:00Z,67013.9,67187.1,66672.0,67028.6,3649.99
2026-02-19T20:00:00Z,67028.6,67167.6,66805.6,67117.6,1886.579
2026-02-19T21:00:00Z,67117.6,67151.1,66867.7,66896.8,905.321
2026-02-19T22:00:00Z,66896.8,66978.4,66622.0,66885.9,1554.9
2026-02-19T23:00:00Z,66885.9,67012.0,66785.4,66982.1,943.297
2026-02-20T00:00:00Z,66982.1,67488.3,66923.1,67205.3,3354.781
2026-02-20T01:00:00Z,67205.3,67339.0,67125.3,67253.4,1071.014
2026-02-20T02:00:00Z,67253.4,67326.5,67155.1,67215.1,770.777
2026-02-20T03:00:00Z,67215.1,67494.7,67213.0,67332.0,1618.382
2026-02-20T04:00:00Z,67332.0,67370.8,67079.7,67232.7,1663.975
2026-02-20T05:00:00Z,67232.7,68000.0,67167.0,67762.3,4031.901
2026-02-20T06:00:00Z,67762.3,67877.7,67640.0,67819.3,1906.591
2026-02-20T07:00:00Z,67819.3,67970.0,67741.1,67802.9,1893.253
2026-02-20T08:00:00Z,67802.9,67930.0,67723.0,67853.6,1104.285
2026-02-20T09:00:00Z,67853.6,68207.7,67851.6,68186.9,2698.077
2026-02-20T10:00:00Z,68186.9,68299.9,67812.8,67920.4,2844.812
2026-02-20T11:00:00Z,67920.4,67954.7,67255.0,67299.9,4594.184
2026-02-20T12:00:00Z,67299.9,67572.3,67241.5,67510.8,2746.751
2026-02-20T13:00:00Z,67510.8,67514.0,66427.5,66785.6,10913.56
2026-02-20T14:00:00Z,66785.6,67315.1,66642.4,67052.4,7006.599
2026-02-20T15:00:00Z,67052.4,68079.9,66506.4,67553.4,14694.534
2026-02-20T16:00:00Z,67553.4,67931.0,67254.5,67774.9,7519.747
2026-02-20T17:00:00Z,67774.9,67774.9,66926.8,67588.6,8683.379
2026-02-20T18:00:00Z,67588.6,68017.7,67431.5,67905.5,5500.857
2026-02-20T19:00:00Z,67905.5,67989.8,67513.1,67623.3,2285.613
2026-02-20T20:00:00Z,67623.3,67810.9,67486.3,67723.5,1236.693
2026-02-20T21:00:00Z,67723.5,67813.0,67600.6,67799.0,692.017
2026-02-20T22:00:00Z,67799.0,68132.7,67605.4,68048.4,2070.368
2026-02-20T23:00:00Z,68048.4,68211.0,67877.1,67989.2,1593.714
2026-02-21T00:00:00Z,67989.2,68032.0,67755.1,67813.7,922.476
2026-02-21T01:00:00Z,67813.7,67981.1,67809.2,67927.2,572.19
2026-02-21T02:00:00Z,67927.2,68075.7,67882.2,67978.7,484.108
2026-02-21T03:00:00Z,67978.7,67981.0,67511.0,67647.1,1776.085
2026-02-21T04:00:00Z,67647.1,67821.4,67561.4,67789.8,642.383
2026-02-21T05:00:00Z,67789.8,67866.0,67767.3,67831.3,499.218
2026-02-21T06:00:00Z,67831.3,67900.0,67721.0,67761.6,568.691
2026-02-21T07:00:00Z,67761.6,67852.5,67715.7,67822.9,409.0
2026-02-21T08:00:00Z,67822.9,68053.5,67779.5,68022.2,928.262
2026-02-21T09:00:00Z,68022.2,68293.1,67945.0,68120.5,2355.625
2026-02-21T10:00:00Z,68120.5,68228.1,68115.9,68188.3,714.32
2026-02-21T11:00:00Z,68188.3,68262.0,68050.0,68070.0,942.972
2026-02-21T12:00:00Z,68070.0,68199.9,67867.5,68180.9,1785.89
2026-02-21T13:00:00Z,68180.9,68249.8,68065.8,68227.8,803.726
2026-02-21T14:00:00Z,68227.8,68606.0,68148.9,68416.1,3368.617
2026-02-21T15:00:00Z,68416.1,68687.1,68359.6,68570.5,1771.679
2026-02-21T16:00:00Z,68570.5,68602.5,68074.6,68300.0,3247.064
2026-02-21T17:00:00Z,68300.0,68470.0,68162.3,68413.4,1375.929
2026-02-21T18:00:00Z,68413.4,68633.8,68343.7,68549.3,1478.836
2026-02-21T19:00:00Z,68549.3,68646.7,68490.7,68521.8,902.777
2026-02-21T20:00:00Z,68521.8,68579.0,68146.1,68173.8,2707.608
2026-02-21T21:00:00Z,68173.8,68362.3,68120.3,68355.5,750.239
2026-02-21T22:00:00Z,68355.5,68404.2,67846.5,67926.7,2328.79
2026-02-21T23:00:00Z,67926.7,68085.2,67894.3,67934.5,968.667
2026-02-22T00:00:00Z,67934.5,68029.7,67751.5,67906.0,1548.605
2026-02-22T01:00:00Z,67906.0,68142.1,67900.1,68128.6,1072.252
2026-02-22T02:00:00Z,68128.6,68186.4,67837.4,67872.7,1145.439
2026-02-22T03:00:00Z,67872.7,68031.7,67784.3,68010.0,1004.487
2026-02-22T04:00:00Z,68010.0,68055.0,67928.9,67947.7,522.296
2026-02-22T05:00:00Z,67947.7,67987.9,67834.2,67942.2,1042.585
2026-02-22T06:00:00Z,67942.2,68149.5,67930.9,68007.4,1079.756
2026-02-22T07:00:00Z,68007.4,68071.9,67951.5,67974.0,625.637
2026-02-22T08:00:00Z,67974.0,67989.0,67865.6,67912.2,695.284
2026-02-22T09:00:00Z,67912.2,68066.9,67894.4,68016.1,511.604
2026-02-22T10:00:00Z,68016.1,68117.6,67976.8,68092.5,702.566
2026-02-22T11:00:00Z,68092.5,68224.4,68092.5,68184.9,978.13
2026-02-22T12:00:00Z,68184.9,68200.0,67831.3,67893.1,1509.676
2026-02-22T13:00:00Z,67893.1,68012.9,67525.2,67618.2,4029.094
2026-02-22T14:00:00Z,67618.2,67663.9,67317.7,67414.5,3026.864
2026-02-22T15:00:00Z,67414.5,67784.7,67262.2,67656.0,3315.064
2026-02-22T16:00:00Z,67656.0,67690.0,67474.5,67596.9,1033.755
2026-02-22T17:00:00Z,67596.9,67602.8,67143.5,67350.1,2519.332
2026-02-22T18:00:00Z,67350.1,67426.9,67272.4,67383.9,892.818
2026-02-22T19:00:00Z,67383.9,67455.5,67365.0,67386.0,417.229
2026-02-22T20:00:00Z,67386.0,67459.4,67291.5,67369.2,626.678
2026-02-22T21:00:00Z,67369.2,67605.4,67369.2,67570.4,664.726
2026-02-22T22:00:00Z,67570.4,67722.0,67436.8,67633.1,1237.582
2026-02-22T23:00:00Z,67633.1,67690.0,67421.9,67610.5,1022.891
2026-02-23T00:00:00Z,67610.5,67652.2,66673.8,66697.0,4644.313
2026-02-23T01:00:00Z,66697.0,66697.0,64220.0,64385.7,22879.441
2026-02-23T02:00:00Z,64385.7,64879.6,64241.9,64743.1,5610.723
2026-02-23T03:00:00Z,64743.1,65057.1,64661.0,64895.1,2710.817
2026-02-23T04:00:00Z,64895.1,64997.6,64636.3,64779.7,1655.846
2026-02-23T05:00:00Z,64779.7,65192.6,64772.4,65032.9,2893.974
2026-02-23T06:00:00Z,65032.9,65782.6,64991.9,65715.5,3971.05
2026-02-23T07:00:00Z,65715.5,65979.5,65589.8,65916.7,3077.154
2026-02-23T08:00:00Z,65916.7,65926.0,65528.0,65638.9,2404.126
2026-02-23T09:00:00Z,65638.9,66441.8,65638.9,66378.3,4140.778
2026-02-23T10:00:00Z,66378.3,66574.8,66179.4,66295.0,3127.264
2026-02-23T11:00:00Z,66295.0,66465.0,66065.0,66166.4,2529.235
2026-02-23T12:00:00Z,66166.4,66497.9,65845.6,66246.0,4326.051
2026-02-23T13:00:00Z,66246.0,66395.5,66064.0,66097.4,2258.54
2026-02-23T14:00:00Z,66097.4,66244.1,65488.0,65888.9,6780.216
2026-02-23T15:00:00Z,65888.9,66231.5,65531.0,65620.5,4503.999
2026-02-23T16:00:00Z,65620.5,65691.0,65130.0,65335.4,6095.106
2026-02-23T17:00:00Z,65335.4,65416.1,64111.0,64767.4,11715.584
2026-02-23T18:00:00Z,64767.4,65158.7,64518.5,64587.7,5070.691
2026-02-23T19:00:00Z,64587.7,64812.8,64015.9,64262.9,6381.145
2026-02-23T20:00:00Z,64262.9,64463.5,63833.0,64448.9,5880.661
2026-02-23T21:00:00Z,64448.9,64759.2,64409.6,64546.7,2726.789
2026-02-23T22:00:00Z,64546.7,64985.2,64511.6,64693.9,2601.885
2026-02-23T23:00:00Z,64693.9,64866.7,64478.1,64615.3,1749.364
2026-02-24T00:00:00Z,64615.3,64979.7,64614.1,64904.1,2104.027
2026-02-24T01:00:00Z,64904.1,64904.1,63388.0,64122.3,16298.521
2026-02-24T02:00:00Z,64122.3,64505.6,63960.4,64072.6,2979.884
2026-02-24T03:00:00Z,64072.6,64072.6,63248.8,63557.3,5904.008
2026-02-24T04:00:00Z,63557.3,63598.6,62820.0,63338.5,7616.258
2026-02-24T05:00:00Z,63338.5,63516.7,62649.2,63065.6,5056.598
2026-02-24T06:00:00Z,63065.6,63331.1,62836.4,63045.9,2489.274
2026-02-24T07:00:00Z,63045.9,63335.4,62876.9,63152.8,3014.319
2026-02-24T08:00:00Z,63152.8,63401.6,62964.1,63352.4,2483.681
2026-02-24T09:00:00Z,63352.4,63389.0,62888.0,63217.7,2471.591
2026-02-24T10:00:00Z,63217.7,63333.0,63068.1,63253.1,1322.078
2026-02-24T11:00:00Z,63253.1,63299.2,63023.8,63191.1,2367.988
2026-02-24T12:00:00Z,63191.1,63315.5,62924.5,62931.8,1927.917
2026-02-24T13:00:00Z,62931.8,63079.7,62422.3,62871.8,7634.427
2026-02-24T14:00:00Z,62871.8,63812.3,62714.9,63428.5,9877.048
2026-02-24T15:00:00Z,63428.5,63999.0,63276.0,63944.3,6146.468
2026-02-24T16:00:00Z,63944.3,64396.4,63666.0,64228.3,7358.077
2026-02-24T17:00:00Z,64228.3,64500.0,63982.6,64187.9,4669.126
2026-02-24T18:00:00Z,64187.9,64473.6,63874.0,64391.2,3902.04
2026-02-24T19:00:00Z,64391.2,64710.8,64204.0,64402.0,3880.953
2026-02-24T20:00:00Z,64402.0,64564.0,64277.6,64430.1,1499.24
2026-02-24T21:00:00Z,64430.1,64430.1,63795.8,64004.6,3187.572
2026-02-24T22:00:00Z,64004.6,64200.0,63933.5,64090.2,1212.403
2026-02-24T23:00:00Z,64090.2,64221.0,63811.1,64032.5,1793.721
2026-02-25T00:00:00Z,64032.5,64294.4,63869.5,64185.4,1672.489
2026-02-25T01:00:00Z,64185.4,66298.1,64114.2,65867.2,16563.748
2026-02-25T02:00:00Z,65867.2,66284.6,65830.0,65851.3,3809.026
2026-02-25T03:00:00Z,65851.3,65931.4,65312.8,65371.1,4543.877
2026-02-25T04:00:00Z,65371.1,65668.7,65088.4,65438.1,5041.626
2026-02-25T05:00:00Z,65438.1,65494.4,64730.5,64860.9,4452.82
2026-02-25T06:00:00Z,64860.9,65106.0,64834.5,64869.9,2012.788
2026-02-25T07:00:00Z,64869.9,65180.4,64750.1,65010.5,2606.498
2026-02-25T08:00:00Z,65010.5,65555.0,64935.8,65500.0,2977.906
2026-02-25T09:00:00Z,65500.0,65668.6,65389.4,65525.3,2169.793
2026-02-25T10:00:00Z,65525.3,65631.9,65303.3,65372.6,1564.354
2026-02-25T11:00:00Z,65372.6,65467.2,65146.6,65399.8,1878.066
2026-02-25T12:00:00Z,65399.8,66219.3,65280.3,66046.3,6249.412
2026-02-25T13:00:00Z,66046.3,66661.4,65990.8,66208.0,5875.401
2026-02-25T14:00:00Z,66208.0,66990.0,66156.1,66942.7,9200.398
2026-02-25T15:00:00Z,66942.7,67550.0,66677.6,67367.2,10962.459
2026-02-25T16:00:00Z,67367.2,68315.0,67366.8,68270.2,10013.368
2026-02-25T17:00:00Z,68270.2,68878.0,67989.5,68628.1,12218.348
2026-02-25T18:00:00Z,68628.1,69545.1,68325.0,69301.2,12335.49
2026-02-25T19:00:00Z,69301.2,69387.8,68751.2,69008.6,5837.185
2026-02-25T20:00:00Z,69008.6,69349.8,68577.3,69096.5,5344.587
2026-02-25T21:00:00Z,69096.5,69989.8,68717.1,68875.8,10175.235
2026-02-25T22:00:00Z,68875.8,69148.2,68022.0,68399.1,5471.835
2026-02-25T23:00:00Z,68399.1,68663.1,67563.6,67958.3,5582.499
2026-02-26T00:00:00Z,67958.3,68506.9,67688.0,68300.1,6232.052
2026-02-26T01:00:00Z,68300.1,68697.3,68174.1,68220.1,3005.731
2026-02-26T02:00:00Z,68220.1,68342.0,67767.9,68230.1,3067.561
2026-02-26T03:00:00Z,68230.1,68365.0,68016.2,68192.9,1413.716
2026-02-26T04:00:00Z,68192.9,68841.7,68154.4,68545.4,3131.13
2026-02-26T05:00:00Z,68545.4,68549.1,68083.2,68417.1,2402.396
2026-02-26T06:00:00Z,68417.1,68499.9,68026.5,68149.1,1556.172
2026-02-26T07:00:00Z,68149.1,68268.8,67781.9,67805.5,2446.223
2026-02-26T08:00:00Z,67805.5,68221.9,67751.5,67926.5,2454.019
2026-02-26T09:00:00Z,67926.5,68612.3,67900.4,68554.2,3212.805
2026-02-26T10:00:00Z,68554.2,68710.0,68222.4,68267.0,1919.857
2026-02-26T11:00:00Z,68267.0,68362.9,67942.1,68016.2,2027.216
2026-02-26T12:00:00Z,68016.2,68270.4,67966.2,68140.4,1862.999
2026-02-26T13:00:00Z,68140.4,68177.5,67802.4,67867.1,2277.295
2026-02-26T14:00:00Z,67867.1,68255.2,67222.2,67660.9,9592.096
2026-02-26T15:00:00Z,67660.9,67713.3,66725.0,67357.5,10857.737
2026-02-26T16:00:00Z,67357.5,67555.0,66451.1,66612.4,9930.35
2026-02-26T17:00:00Z,66612.4,67021.0,66560.1,66796.0,3958.322
2026-02-26T18:00:00Z,66796.0,67347.8,66540.1,67270.9,4719.49
2026-02-26T19:00:00Z,67270.9,67888.0,67250.0,67555.0,6129.47
2026-02-26T20:00:00Z,67555.0,67800.0,67187.5,67394.4,4156.791
2026-02-26T21:00:00Z,67394.4,67550.0,67111.0,67433.4,2177.898
2026-02-26T22:00:00Z,67433.4,67609.4,67278.3,67529.2,917.046
2026-02-26T23:00:00Z,67529.2,67625.0,67347.2,67447.5,844.002
2026-02-27T00:00:00Z,67447.5,67508.3,66959.8,67193.8,1987.402
2026-02-27T01:00:00Z,67193.8,67355.0,66850.0,67322.0,3270.714
2026-02-27T02:00:00Z,67322.0,67522.8,67222.1,67231.6,1516.001
2026-02-27T03:00:00Z,67231.6,67679.4,67060.0,67569.9,1711.459
2026-02-27T04:00:00Z,67569.9,68185.6,67537.4,67712.2,4353.246
2026-02-27T05:00:00Z,67712.2,67888.8,67618.7,67691.3,1111.92
2026-02-27T06:00:00Z,67691.3,67783.0,67482.6,67615.2,1406.259
2026-02-27T07:00:00Z,67615.2,67736.0,67411.7,67642.9,2507.438
2026-02-27T08:00:00Z,67642.9,68040.0,67615.0,67903.4,2199.301
2026-02-27T09:00:00Z,67903.4,68126.9,67251.5,67322.5,3382.145
2026-02-27T10:00:00Z,67322.5,67389.9,66465.0,66573.5,6293.807
2026-02-27T11:00:00Z,66573.5,66744.4,65920.0,66082.6,7684.766
2026-02-27T12:00:00Z,66082.6,66183.9,65700.0,65895.9,4327.122
2026-02-27T13:00:00Z,65895.9,66309.0,65616.8,66236.4,5856.13
2026-02-27T14:00:00Z,66236.4,66300.0,65656.1,65854.3,5649.969
2026-02-27T15:00:00Z,65854.3,66280.0,65810.5,66070.0,3666.884
2026-02-27T16:00:00Z,66070.0,66096.6,65405.6,65438.4,5709.844
2026-02-27T17:00:00Z,65438.4,65723.0,65079.0,65670.4,5907.668
2026-02-27T18:00:00Z,65670.4,65764.0,65181.3,65277.1,3326.36
2026-02-27T19:00:00Z,65277.1,65436.3,65125.0,65364.6,1962.474
2026-02-27T20:00:00Z,65364.6,65633.0,65355.4,65564.2,1823.074
2026-02-27T21:00:00Z,65564.2,65722.9,65342.6,65500.1,1865.109
2026-02-27T22:00:00Z,65500.1,65639.9,64888.0,65600.1,3193.312
2026-02-27T23:00:00Z,65600.1,65926.8,65510.2,65833.4,2283.643
2026-02-28T00:00:00Z,65833.4,65993.4,65680.0,65906.0,1564.638
2026-02-28T01:00:00Z,65906.0,65942.0,65703.6,65740.1,1160.33
2026-02-28T02:00:00Z,65740.1,65989.0,65725.0,65928.2,732.292
2026-02-28T03:00:00Z,65928.2,65954.9,65713.4,65757.5,1101.8
2026-02-28T04:00:00Z,65757.5,65790.2,65436.1,65629.5,1653.952
2026-02-28T05:00:00Z,65629.5,65693.6,65460.3,65551.9,904.828
2026-02-28T06:00:00Z,65551.9,65562.3,62972.3,63182.2,20460.418
2026-02-28T07:00:00Z,63182.2,64298.9,62991.9,63787.6,10606.313
2026-02-28T08:00:00Z,63787.6,63848.3,63363.2,63433.1,5542.297
2026-02-28T09:00:00Z,63433.1,63949.9,63324.5,63617.7,4265.599
2026-02-28T10:00:00Z,63617.7,64021.6,63431.1,63971.5,3652.028
2026-02-28T11:00:00Z,63971.5,64289.9,63731.8,63814.2,3682.755
2026-02-28T12:00:00Z,63814.2,64050.0,63796.0,63983.2,1726.992
2026-02-28T13:00:00Z,63983.2,65199.1,63869.0,65074.9,8789.553
2026-02-28T14:00:00Z,65074.9,65330.0,64220.6,64400.6,9211.335
2026-02-28T15:00:00Z,64400.6,65000.2,64162.2,64802.0,4556.394
2026-02-28T16:00:00Z,64802.0,65180.8,64640.0,65054.9,2594.297
2026-02-28T17:00:00Z,65054.9,65536.4,64807.8,65402.5,4149.204
2026-02-28T18:00:00Z,65402.5,66170.0,65147.0,65874.8,5496.107
2026-02-28T19:00:00Z,65874.8,66638.0,65561.0,66316.4,7841.615
2026-02-28T20:00:00Z,66316.4,67122.8,66150.0,66931.2,7503.596
2026-02-28T21:00:00Z,66931.2,67023.3,66324.1,66689.9,5116.915
2026-02-28T22:00:00Z,66689.9,67739.5,66584.1,67080.1,5069.724
2026-02-28T23:00:00Z,67080.1,67184.6,66700.0,66939.6,2241.771
2026-03-01T00:00:00Z,66939.6,67091.0,66580.5,66762.9,1961.477
2026-03-01T01:00:00Z,66762.9,67690.3,65973.2,67313.5,8205.565
2026-03-01T02:00:00Z,67313.5,68183.2,67307.2,67587.8,7670.83
2026-03-01T03:00:00Z,67587.8,67784.5,67361.5,67477.7,2249.513
2026-03-01T04:00:00Z,67477.7,67588.6,67044.9,67320.7,2651.127
2026-03-01T05:00:00Z,67320.7,67561.1,67172.5,67264.6,1821.749
2026-03-01T06:00:00Z,67264.6,67323.0,66756.6,66900.0,2885.087
2026-03-01T07:00:00Z,66900.0,67217.9,66758.8,67121.5,1610.871
2026-03-01T08:00:00Z,67121.5,67276.9,66396.1,66540.1,3188.655
2026-03-01T09:00:00Z,66540.1,66754.0,66210.3,66382.5,2894.592
2026-03-01T10:00:00Z,66382.5,66726.6,66177.6,66438.9,2463.663
2026-03-01T11:00:00Z,66438.9,66650.0,66336.0,66443.5,1283.432
2026-03-01T12:00:00Z,66443.5,66529.0,66203.2,66268.9,1704.106
2026-03-01T13:00:00Z,66268.9,67336.7,66069.2,66900.0,6323.307
2026-03-01T14:00:00Z,66900.0,67283.2,66714.8,66820.2,3560.787
2026-03-01T15:00:00Z,66820.2,67232.0,66783.8,66813.9,2586.688
2026-03-01T16:00:00Z,66813.9,67100.0,65768.4,66120.3,7431.082
2026-03-01T17:00:00Z,66120.3,66201.3,65680.0,65954.2,4169.632
2026-03-01T18:00:00Z,65954.2,66634.9,65952.6,66287.2,3776.84
2026-03-01T19:00:00Z,66287.2,66317.5,65731.0,65925.6,2690.308
2026-03-01T20:00:00Z,65925.6,65929.6,65022.9,65259.3,4955.905
2026-03-01T21:00:00Z,65259.3,65722.4,65240.0,65625.0,2204.064
2026-03-01T22:00:00Z,65625.0,66464.6,65001.0,65231.9,7632.842
2026-03-01T23:00:00Z,65231.9,66058.2,65085.5,65746.9,4306.819
2026-03-02T00:00:00Z,65746.9,66763.0,65719.3,66479.3,3871.591
2026-03-02T01:00:00Z,66479.3,67078.9,66330.0,66509.3,3333.953
2026-03-02T02:00:00Z,66509.3,66586.6,65858.9,66246.3,3189.757
2026-03-02T03:00:00Z,66246.3,67027.4,66071.5,66796.1,3204.24
2026-03-02T04:00:00Z,66796.1,66954.3,66593.6,66838.1,2026.945
2026-03-02T05:00:00Z,66838.1,66974.0,66521.8,66700.6,1840.334
2026-03-02T06:00:00Z,66700.6,66712.7,66018.7,66170.1,3055.448
2026-03-02T07:00:00Z,66170.1,66183.5,65510.0,65977.6,3974.81
2026-03-02T08:00:00Z,65977.6,66283.2,65614.7,66254.7,3400.212
2026-03-02T09:00:00Z,66254.7,66711.9,66126.1,66132.7,3622.495
2026-03-02T10:00:00Z,66132.7,66369.3,66036.6,66286.2,1729.822
2026-03-02T11:00:00Z,66286.2,66488.3,65957.7,66333.0,2384.836
2026-03-02T12:00:00Z,66333.0,66366.3,65869.5,65928.8,1756.393
2026-03-02T13:00:00Z,65928.8,66130.3,65322.0,65411.0,4807.166
2026-03-02T14:00:00Z,65411.0,67194.1,65238.5,67144.1,12309.569
2026-03-02T15:00:00Z,67144.1,69570.0,66951.8,69096.9,24281.975
2026-03-02T16:00:00Z,69096.9,70066.0,68890.5,69404.7,12939.212
2026-03-02T17:00:00Z,69404.7,69545.4,68751.6,69168.4,5819.471
2026-03-02T18:00:00Z,69168.4,69258.0,68691.1,68854.0,4105.177
2026-03-02T19:00:00Z,68854.0,69026.2,68526.5,68930.7,3712.297
2026-03-02T20:00:00Z,68930.7,69499.9,68533.8,69074.1,5015.367
2026-03-02T21:00:00Z,69074.1,69500.0,68949.8,69374.1,2068.733
2026-03-02T22:00:00Z,69374.1,69470.0,69102.0,69403.0,1599.646
2026-03-02T23:00:00Z,69403.0,69462.6,68705.0,68799.9,2522.951
2026-03-03T00:00:00Z,68799.9,69134.1,68600.1,69056.1,2429.634
2026-03-03T01:00:00Z,69056.1,69222.0,68711.0,68720.7,1845.521
2026-03-03T02:00:00Z,68720.7,68740.5,68183.6,68477.7,3241.072
2026-03-03T03:00:00Z,68477.7,68525.0,68202.2,68353.5,1199.785
2026-03-03T04:00:00Z,68353.5,68434.4,68010.0,68087.8,1763.075
2026-03-03T05:00:00Z,68087.8,68537.5,67814.3,67911.4,3611.615
2026-03-03T06:00:00Z,67911.4,68210.0,67766.4,68070.1,2543.816
2026-03-03T07:00:00Z,68070.1,68250.0,67900.7,68141.9,2811.178
2026-03-03T08:00:00Z,68141.9,68281.0,66865.0,66976.0,8389.472
2026-03-03T09:00:00Z,66976.0,67157.0,66304.0,66616.0,7456.165
2026-03-03T10:00:00Z,66616.0,66996.3,66408.0,66822.4,3682.611
2026-03-03T11:00:00Z,66822.4,67129.8,66732.3,66999.3,3036.959
2026-03-03T12:00:00Z,66999.3,67950.0,66996.1,67364.4,5567.166
2026-03-03T13:00:00Z,67364.4,67400.0,66600.0,66895.5,5172.349
2026-03-03T14:00:00Z,66895.5,67564.1,66054.3,66540.0,10241.476
2026-03-03T15:00:00Z,66540.0,67826.7,66430.0,67703.4,8068.83
2026-03-03T16:00:00Z,67703.4,68967.8,67432.2,68135.7,14812.088
2026-03-03T17:00:00Z,68135.7,68370.0,67583.5,68280.4,6145.296
2026-03-03T18:00:00Z,68280.4,68892.3,67939.0,68599.9,5105.507
2026-03-03T19:00:00Z,68599.9,68859.7,68289.0,68405.9,4483.949
2026-03-03T20:00:00Z,68405.9,68562.5,67993.6,68231.8,3158.41
2026-03-03T21:00:00Z,68231.8,68231.8,67780.0,67982.5,2574.086
2026-03-03T22:00:00Z,67982.5,68495.2,67982.5,68277.9,2665.388
2026-03-03T23:00:00Z,68277.9,68849.2,68203.9,68299.5,2633.953
2026-03-04T00:00:00Z,68299.5,68395.3,67822.3,68067.5,2879.646
2026-03-04T01:00:00Z,68067.5,68880.0,67925.8,68388.4,4027.215
2026-03-04T02:00:00Z,68388.4,68428.7,67950.9,68291.5,2240.092
2026-03-04T03:00:00Z,68291.5,68359.0,67348.4,67697.1,3798.142
2026-03-04T04:00:00Z,67697.1,67942.3,67424.0,67750.6,3705.555
2026-03-04T05:00:00Z,67750.6,68352.3,67641.1,68169.5,2961.246
2026-03-04T06:00:00Z,68169.5,68649.9,67985.2,68466.5,3390.175
2026-03-04T07:00:00Z,68466.5,69624.2,68311.0,69460.2,6236.03
2026-03-04T08:00:00Z,69460.2,71154.3,69110.0,70982.7,13041.302
2026-03-04T09:00:00Z,70982.7,71872.3,70700.0,71488.8,13144.016
2026-03-04T10:00:00Z,71488.8,71850.0,71161.1,71315.7,6390.257
2026-03-04T11:00:00Z,71315.7,71466.7,70885.3,71080.1,3983.349
2026-03-04T12:00:00Z,71080.1,71315.3,70546.7,71305.3,4946.516
2026-03-04T13:00:00Z,71305.3,71590.0,71171.6,71443.1,4124.803
2026-03-04T14:00:00Z,71443.1,72600.0,71243.2,71573.5,15151.031
2026-03-04T15:00:00Z,71573.5,73450.1,71531.9,73351.1,15589.562
2026-03-04T16:00:00Z,73351.1,73481.0,72495.6,73245.2,7333.22
2026-03-04T17:00:00Z,73245.2,73715.5,72883.0,73177.5,6152.627
2026-03-04T18:00:00Z,73177.5,73668.1,72844.7,73646.0,5178.098
2026-03-04T19:00:00Z,73646.0,74021.8,73456.7,73576.4,5954.538
2026-03-04T20:00:00Z,73576.4,73672.9,72939.8,72976.7,4058.418
2026-03-04T21:00:00Z,72976.7,73280.0,72829.3,73265.0,2771.878
2026-03-04T22:00:00Z,73265.0,73493.7,72600.0,72667.1,2657.951
2026-03-04T23:00:00Z,72667.1,72841.4,72280.0,72640.4,3840.595
2026-03-05T00:00:00Z,72640.4,72975.0,72505.5,72723.2,1950.199
2026-03-05T01:00:00Z,72723.2,73250.0,72361.3,72495.0,4091.231
2026-03-05T02:00:00Z,72495.0,72853.0,72268.0,72465.8,3048.726
2026-03-05T03:00:00Z,72465.8,72716.4,72305.0,72460.1,2279.024
2026-03-05T04:00:00Z,72460.1,73068.9,72400.0,72775.8,3216.45
2026-03-05T05:00:00Z,72775.8,72898.4,72204.7,72368.8,2519.429
2026-03-05T06:00:00Z,72368.8,72622.6,71831.4,72511.0,5476.016
2026-03-05T07:00:00Z,72511.0,72642.3,71733.1,72025.6,4034.752
2026-03-05T08:00:00Z,72025.6,72345.0,71709.1,72301.9,3071.604
2026-03-05T09:00:00Z,72301.9,72852.9,72265.5,72562.5,3482.693
2026-03-05T10:00:00Z,72562.5,73537.9,72472.0,73346.5,6394.544
2026-03-05T11:00:00Z,73346.5,73441.5,72742.0,72878.8,3208.393
2026-03-05T12:00:00Z,72878.8,73035.0,72631.7,72846.8,3240.821
2026-03-05T13:00:00Z,72846.8,72900.0,72123.1,72422.4,5174.434
2026-03-05T14:00:00Z,72422.4,72803.0,71900.0,72573.3,7921.127
2026-03-05T15:00:00Z,72573.3,72751.5,71111.1,71622.8,13003.498
2026-03-05T16:00:00Z,71622.8,71628.7,70753.3,71270.3,9597.173
2026-03-05T17:00:00Z,71270.3,71546.0,70610.0,70667.1,5717.612
2026-03-05T18:00:00Z,70667.1,71056.8,70623.0,70966.8,4142.851
2026-03-05T19:00:00Z,70966.8,71400.0,70824.5,70883.5,2841.69
2026-03-05T20:00:00Z,70883.5,71358.4,70803.1,71201.3,2884.095
2026-03-05T21:00:00Z,71201.3,71536.6,70971.1,71089.9,3769.965
2026-03-05T22:00:00Z,71089.9,71325.9,71023.7,71164.1,1268.551
2026-03-05T23:00:00Z,71164.1,71265.6,70696.2,70847.6,1672.884
2026-03-06T00:00:00Z,70847.6,71019.7,70735.0,70945.7,1162.336
2026-03-06T01:00:00Z,70945.7,71259.8,70336.2,71209.2,4809.827
2026-03-06T02:00:00Z,71209.2,71384.5,70967.6,71201.7,2008.491
2026-03-06T03:00:00Z,71201.7,71252.1,70946.0,71038.7,1423.898
2026-03-06T04:00:00Z,71038.7,71088.4,70222.2,70582.8,3613.683
2026-03-06T05:00:00Z,70582.8,70630.5,70100.1,70400.4,4267.684
2026-03-06T06:00:00Z,70400.4,70831.4,70230.0,70571.6,2170.685
2026-03-06T07:00:00Z,70571.6,71158.2,70435.1,71035.1,3460.724
2026-03-06T08:00:00Z,71035.1,71044.0,70703.4,70760.4,2180.557
2026-03-06T09:00:00Z,70760.4,70787.6,70267.0,70528.7,2651.919
2026-03-06T10:00:00Z,70528.7,70777.0,70431.5,70506.8,1926.465
2026-03-06T11:00:00Z,70506.8,70631.6,70150.1,70183.7,2111.248
2026-03-06T12:00:00Z,70183.7,70200.0,69625.2,69895.1,6963.096
2026-03-06T13:00:00Z,69895.1,70299.0,69165.0,69182.8,9947.176
2026-03-06T14:00:00Z,69182.8,69225.0,68130.1,68373.6,15984.126
2026-03-06T15:00:00Z,68373.6,69060.0,68259.9,68461.0,7312.708
2026-03-06T16:00:00Z,68461.0,68766.2,68173.2,68418.5,4734.636
2026-03-06T17:00:00Z,68418.5,68625.9,67720.0,67926.6,6303.215
2026-03-06T18:00:00Z,67926.6,68449.3,67917.1,68141.3,3931.237
2026-03-06T19:00:00Z,68141.3,68444.0,67958.7,68091.2,2647.057
2026-03-06T20:00:00Z,68091.2,68252.3,67729.1,68072.3,4406.416
2026-03-06T21:00:00Z,68072.3,68292.8,67888.0,68252.8,1713.315
2026-03-06T22:00:00Z,68252.8,68405.3,68178.3,68289.5,1219.486
2026-03-06T23:00:00Z,68289.5,68333.0,68054.4,68075.5,791.609
2026-03-07T00:00:00Z,68075.5,68342.4,68068.0,68239.6,1014.321
2026-03-07T01:00:00Z,68239.6,68324.6,68135.5,68219.0,618.643
2026-03-07T02:00:00Z,68219.0,68332.8,68012.0,68312.4,1021.862
2026-03-07T03:00:00Z,68312.4,68536.8,68055.0,68058.2,2312.302
2026-03-07T04:00:00Z,68058.2,68119.3,67760.5,68025.5,1862.143
2026-03-07T05:00:00Z,68025.5,68108.0,67858.6,67983.3,1053.317
2026-03-07T06:00:00Z,67983.3,67991.5,67553.7,67662.1,2319.957
2026-03-07T07:00:00Z,67662.1,67831.5,67400.7,67804.8,3301.982
2026-03-07T08:00:00Z,67804.8,68017.6,67676.7,67763.1,1746.287
2026-03-07T09:00:00Z,67763.1,68049.0,67694.0,67967.3,1128.246
2026-03-07T10:00:00Z,67967.3,68074.2,67833.9,67852.0,914.367
2026-03-07T11:00:00Z,67852.0,68212.7,67802.2,67972.3,2001.247
2026-03-07T12:00:00Z,67972.3,68059.2,67856.3,67952.9,1271.586
2026-03-07T13:00:00Z,67952.9,68048.4,67799.4,67889.4,1304.661
2026-03-07T14:00:00Z,67889.4,68071.4,67565.2,67981.2,2459.989
2026-03-07T15:00:00Z,67981.2,68008.4,67728.0,67841.4,1236.436
2026-03-07T16:00:00Z,67841.4,67862.5,67670.1,67754.0,842.513
2026-03-07T17:00:00Z,67754.0,67917.9,67730.1,67751.7,636.476
2026-03-07T18:00:00Z,67751.7,67751.9,67428.1,67535.5,1990.196
2026-03-07T19:00:00Z,67535.5,67540.0,66885.4,67044.1,5272.373
2026-03-07T20:00:00Z,67044.1,67400.0,67031.1,67356.4,1588.149
2026-03-07T21:00:00Z,67356.4,67449.3,67234.6,67413.5,1250.238
2026-03-07T22:00:00Z,67413.5,67447.7,67048.6,67218.7,1416.523
2026-03-07T23:00:00Z,67218.7,67374.5,67150.0,67227.1,799.39
2026-03-08T00:00:00Z,67227.1,67449.4,67134.8,67155.0,1117.177
2026-03-08T01:00:00Z,67155.0,67326.1,67050.1,67257.9,1036.483
2026-03-08T02:00:00Z,67257.9,67390.0,66772.4,66890.1,2962.559
2026-03-08T03:00:00Z,66890.1,67050.0,66809.5,66972.2,1303.8
2026-03-08T04:00:00Z,66972.2,67061.1,66480.0,66599.5,2984.45
2026-03-08T05:00:00Z,66599.5,67214.6,66580.0,67111.7,2044.967
2026-03-08T06:00:00Z,67111.7,67198.2,67002.9,67135.3,1087.825
2026-03-08T07:00:00Z,67135.3,67432.9,67120.7,67274.9,2105.583
2026-03-08T08:00:00Z,67274.9,67540.0,67118.4,67492.7,2232.573
2026-03-08T09:00:00Z,67492.7,67874.6,67432.5,67659.1,2655.535
2026-03-08T10:00:00Z,67659.1,68167.7,67650.9,67862.6,3587.702
2026-03-08T11:00:00Z,67862.6,67862.7,67368.7,67479.2,3265.725
2026-03-08T12:00:00Z,67479.2,67629.4,66840.7,67281.5,4193.474
2026-03-08T13:00:00Z,67281.5,67399.6,66777.7,67201.2,3954.794
2026-03-08T14:00:00Z,67201.2,67389.0,67006.0,67300.6,1904.23
2026-03-08T15:00:00Z,67300.6,67341.3,67033.6,67176.7,1331.894
2026-03-08T16:00:00Z,67176.7,67232.0,66736.8,66837.9,2109.168
2026-03-08T17:00:00Z,66837.9,67170.0,66758.6,67015.5,2142.07
2026-03-08T18:00:00Z,67015.5,67034.3,66710.5,66775.8,1199.195
2026-03-08T19:00:00Z,66775.8,67435.0,66742.6,67297.6,2822.365
2026-03-08T20:00:00Z,67297.6,67487.7,66990.0,67193.6,2266.463
2026-03-08T21:00:00Z,67193.6,67228.4,66618.0,66976.5,2348.819
2026-03-08T22:00:00Z,66976.5,66976.5,65580.0,66204.1,14220.733
2026-03-08T23:00:00Z,66204.1,66545.3,65879.1,65943.8,2833.148
2026-03-09T00:00:00Z,65943.8,66730.0,65782.7,66331.3,3934.042
2026-03-09T01:00:00Z,66331.3,66664.2,66085.5,66159.1,2959.245
2026-03-09T02:00:00Z,66159.1,66690.5,65917.1,66504.1,3268.087
2026-03-09T03:00:00Z,66504.1,67672.3,66474.1,67171.4,7051.147
2026-03-09T04:00:00Z,67171.4,67583.4,67064.8,67103.2,2706.33
2026-03-09T05:00:00Z,67103.2,68038.7,67076.0,67877.8,5749.321
2026-03-09T06:00:00Z,67877.8,67916.3,67182.5,67226.3,3410.581
2026-03-09T07:00:00Z,67226.3,67541.5,66830.7,67506.5,4160.341
2026-03-09T08:00:00Z,67506.5,67891.9,67330.1,67773.5,3247.73
2026-03-09T09:00:00Z,67773.5,68431.5,67527.3,67946.0,4902.452
2026-03-09T10:00:00Z,67946.0,68061.2,67516.1,67569.9,2642.073
2026-03-09T11:00:00Z,67569.9,67824.3,67280.5,67724.0,3728.334
2026-03-09T12:00:00Z,67724.0,68315.3,67713.9,68120.8,4971.96
2026-03-09T13:00:00Z,68120.8,69277.7,68097.5,68937.8,9949.918
2026-03-09T14:00:00Z,68937.8,69444.4,68649.8,69107.5,8130.794
2026-03-09T15:00:00Z,69107.5,69215.5,68680.2,68820.0,4060.388
2026-03-09T16:00:00Z,68820.0,69221.4,68577.0,68914.9,3564.272
2026-03-09T17:00:00Z,68914.9,69051.7,68222.9,68559.2,3480.093
2026-03-09T18:00:00Z,68559.2,68667.9,68200.0,68313.6,2259.223
2026-03-09T19:00:00Z,68313.6,69500.0,68313.6,68944.8,8431.441
2026-03-09T20:00:00Z,68944.8,69118.8,68703.3,68914.1,2371.979
2026-03-09T21:00:00Z,68914.1,69060.0,68622.0,68870.8,1913.97
2026-03-09T22:00:00Z,68870.8,69000.9,68553.0,68597.0,1897.216
2026-03-09T23:00:00Z,68597.0,68671.9,68331.6,68390.7,1307.33
2026-03-10T00:00:00Z,68390.7,69269.0,68355.0,69116.7,3565.451
2026-03-10T01:00:00Z,69116.7,69363.7,68752.8,69225.3,2336.346
2026-03-10T02:00:00Z,69225.3,70600.0,69066.4,70240.2,10125.08
2026-03-10T03:00:00Z,70240.2,70341.9,69342.8,69392.6,4097.134
2026-03-10T04:00:00Z,69392.6,70100.0,69392.6,70046.8,2746.355
2026-03-10T05:00:00Z,70046.8,70334.6,69840.3,69942.1,2360.278
2026-03-10T06:00:00Z,69942.1,70165.3,69718.2,69885.3,2480.895
2026-03-10T07:00:00Z,69885.3,70539.9,69792.9,70385.8,4771.204
2026-03-10T08:00:00Z,70385.8,71077.8,70330.2,70650.0,7684.53
2026-03-10T09:00:00Z,70650.0,71300.0,70610.4,71035.2,5836.981
2026-03-10T10:00:00Z,71035.2,71055.9,70635.9,70743.0,2705.96
2026-03-10T11:00:00Z,70743.0,70842.1,70506.0,70560.3,2664.905
2026-03-10T12:00:00Z,70560.3,70600.0,70252.2,70486.0,3641.638
2026-03-10T13:00:00Z,70486.0,70899.4,69678.0,69877.5,10764.461
2026-03-10T14:00:00Z,69877.5,71498.8,69227.3,71437.2,16065.4
2026-03-10T15:00:00Z,71437.2,71762.8,70860.9,71311.0,9154.832
2026-03-10T16:00:00Z,71311.0,71687.0,70904.6,71235.8,4154.525
2026-03-10T17:00:00Z,71235.8,71428.1,70440.5,70833.5,5316.788
2026-03-10T18:00:00Z,70833.5,70884.0,69850.0,69977.6,7878.184
2026-03-10T19:00:00Z,69977.6,70248.7,69650.5,70003.3,4632.157
2026-03-10T20:00:00Z,70003.3,70322.1,69950.0,70196.5,2436.14
2026-03-10T21:00:00Z,70196.5,70374.0,69468.1,69715.2,3501.411
2026-03-10T22:00:00Z,69715.2,69829.1,69405.1,69653.8,2684.098
2026-03-10T23:00:00Z,69653.8,69931.9,69646.0,69907.5,2072.083
2026-03-11T00:00:00Z,69907.5,70162.3,69702.6,69997.0,2336.487
2026-03-11T01:00:00Z,69997.0,70114.1,69831.3,70028.5,1248.413
2026-03-11T02:00:00Z,70028.5,70082.0,69572.0,69775.1,1945.524
2026-03-11T03:00:00Z,69775.1,69858.4,69448.6,69515.7,1944.546
2026-03-11T04:00:00Z,69515.7,70239.0,69447.7,70085.3,2916.082
2026-03-11T05:00:00Z,70085.3,70170.0,69318.6,69464.3,3391.962
2026-03-11T06:00:00Z,69464.3,69972.8,69452.1,69910.1,2800.674
2026-03-11T07:00:00Z,69910.1,69995.5,69460.7,69621.6,2212.587
2026-03-11T08:00:00Z,69621.6,69765.0,69460.4,69615.7,1804.632
2026-03-11T09:00:00Z,69615.7,69729.0,69324.3,69430.4,2189.746
2026-03-11T10:00:00Z,69430.4,69688.0,69352.0,69573.1,1493.388
2026-03-11T11:00:00Z,69573.1,69643.6,69121.4,69136.1,2577.17
2026-03-11T12:00:00Z,69136.1,69763.4,68921.8,69316.8,6399.437
2026-03-11T13:00:00Z,69316.8,71067.5,69290.0,70142.1,16551.046
2026-03-11T14:00:00Z,70142.1,70952.1,69917.5,70536.8,11997.511
2026-03-11T15:00:00Z,70536.8,70614.7,69651.2,70200.0,6938.188
2026-03-11T16:00:00Z,70200.0,70800.0,70120.0,70544.5,4384.295
2026-03-11T17:00:00Z,70544.5,71300.0,70478.1,70746.4,8056.397
2026-03-11T18:00:00Z,70746.4,70873.9,70375.4,70589.0,3527.93
2026-03-11T19:00:00Z,70589.0,70718.4,70326.4,70606.6,2245.506
2026-03-11T20:00:00Z,70606.6,70675.3,70348.3,70594.2,1321.505
2026-03-11T21:00:00Z,70594.2,70749.7,70448.7,70701.3,1256.417
2026-03-11T22:00:00Z,70701.3,70900.0,70183.8,70324.9,2446.661
2026-03-11T23:00:00Z,70324.9,70471.8,70080.0,70150.8,1574.969
2026-03-12T00:00:00Z,70150.8,70319.1,70085.5,70173.8,1312.865
2026-03-12T01:00:00Z,70173.8,70185.8,69710.0,69807.0,2771.399
2026-03-12T02:00:00Z,69807.0,69852.6,69172.5,69235.2,3767.22
2026-03-12T03:00:00Z,69235.2,69580.5,69188.4,69395.7,2400.771
2026-03-12T04:00:00Z,69395.7,69632.9,69243.7,69325.4,1570.579
2026-03-12T05:00:00Z,69325.4,69509.2,69150.0,69433.4,1900.758
2026-03-12T06:00:00Z,69433.4,69534.3,69319.0,69468.6,1344.656
2026-03-12T07:00:00Z,69468.6,69829.8,69377.9,69786.6,2472.742
2026-03-12T08:00:00Z,69786.6,70077.1,69662.8,69875.6,3774.32
2026-03-12T09:00:00Z,69875.6,70362.9,69540.0,69915.5,4326.525
2026-03-12T10:00:00Z,69915.5,70499.9,69810.0,70381.3,3464.218
2026-03-12T11:00:00Z,70381.3,70772.4,70328.1,70389.3,3632.791
2026-03-12T12:00:00Z,70389.3,70598.9,70239.4,70351.9,2293.23
2026-03-12T13:00:00Z,70351.9,70497.5,69650.6,69939.9,7274.024
2026-03-12T14:00:00Z,69939.9,70638.9,69300.0,69542.8,10144.709
2026-03-12T15:00:00Z,69542.8,70536.8,69420.2,70287.7,7031.309
2026-03-12T16:00:00Z,70287.7,70533.9,69855.0,70335.1,5227.614
2026-03-12T17:00:00Z,70335.1,70511.8,70033.0,70167.5,3055.706
2026-03-12T18:00:00Z,70167.5,70265.0,69755.3,69786.5,2416.268
2026-03-12T19:00:00Z,69786.5,70520.0,69728.8,70394.3,4022.236
2026-03-12T20:00:00Z,70394.3,70530.9,70070.0,70128.3,2148.708
2026-03-12T21:00:00Z,70128.3,70462.0,70128.3,70234.7,1565.005
2026-03-12T22:00:00Z,70234.7,70282.3,69964.5,70132.8,1691.368
2026-03-12T23:00:00Z,70132.8,70737.8,70115.5,70482.0,4010.082
2026-03-13T00:00:00Z,70482.0,71996.9,70345.6,71445.5,12349.103
2026-03-13T01:00:00Z,71445.5,71728.8,71250.0,71634.2,2738.59
2026-03-13T02:00:00Z,71634.2,71666.1,71012.3,71110.0,3178.582
2026-03-13T03:00:00Z,71110.0,71493.0,70920.4,71370.5,2519.604
2026-03-13T04:00:00Z,71370.5,71463.4,71204.1,71347.6,1315.381
2026-03-13T05:00:00Z,71347.6,71600.0,71206.3,71517.2,2122.976
2026-03-13T06:00:00Z,71517.2,71564.5,71145.0,71311.1,1627.481
2026-03-13T07:00:00Z,71311.1,71647.7,71198.8,71591.3,2652.807
2026-03-13T08:00:00Z,71591.3,72184.8,71350.0,71796.4,5526.279
2026-03-13T09:00:00Z,71796.4,72108.3,71552.1,71971.6,3409.565
2026-03-13T10:00:00Z,71971.6,72551.8,71963.9,72428.0,6113.437
2026-03-13T11:00:00Z,72428.0,72499.0,72165.0,72194.4,2848.358
2026-03-13T12:00:00Z,72194.4,72881.8,72175.0,72742.7,5231.203
2026-03-13T13:00:00Z,72742.7,73579.0,72641.7,73339.8,11672.805
2026-03-13T14:00:00Z,73339.8,73869.8,72323.5,72351.7,13911.004
2026-03-13T15:00:00Z,72351.7,72796.8,71689.8,71788.3,10928.532
2026-03-13T16:00:00Z,71788.3,72064.7,71100.0,71841.4,10269.876
2026-03-13T17:00:00Z,71841.4,72217.8,70862.0,70987.4,7834.49
2026-03-13T18:00:00Z,70987.4,71315.2,70777.0,71009.3,4897.437
2026-03-13T19:00:00Z,71009.3,71268.1,70953.2,71133.2,2321.689
2026-03-13T20:00:00Z,71133.2,71434.3,71100.0,71307.0,2926.886
2026-03-13T21:00:00Z,71307.0,71468.0,71013.5,71053.1,1891.803
2026-03-13T22:00:00Z,71053.1,71152.5,70517.2,70786.4,5497.029
2026-03-13T23:00:00Z,70786.4,70971.6,70659.8,70884.0,1654.762
2026-03-14T00:00:00Z,70884.0,70918.6,70517.2,70600.0,1784.853
2026-03-14T01:00:00Z,70600.0,70865.0,70421.2,70780.5,2404.959
2026-03-14T02:00:00Z,70780.5,70861.6,70691.7,70751.5,851.28
2026-03-14T03:00:00Z,70751.5,71133.0,70751.4,71037.8,1872.684
2026-03-14T04:00:00Z,71037.8,71263.8,70965.6,71001.9,1620.336
2026-03-14T05:00:00Z,71001.9,71128.8,70873.4,70980.8,1002.613
2026-03-14T06:00:00Z,70980.8,70980.8,70262.0,70595.2,3528.941
2026-03-14T07:00:00Z,70595.2,70707.4,70435.7,70558.5,1272.754
2026-03-14T08:00:00Z,70558.5,70678.4,70496.5,70547.0,998.366
2026-03-14T09:00:00Z,70547.0,70700.0,70347.2,70471.5,1484.052
2026-03-14T10:00:00Z,70471.5,70536.0,70332.3,70521.8,1075.513
2026-03-14T11:00:00Z,70521.8,70754.8,70512.0,70699.4,1175.078
2026-03-14T12:00:00Z,70699.4,70838.4,70542.4,70729.8,1649.459
2026-03-14T13:00:00Z,70729.8,70885.5,70667.8,70816.7,1183.853
2026-03-14T14:00:00Z,70816.7,70900.0,70504.9,70559.7,1759.088
2026-03-14T15:00:00Z,70559.7,70689.9,70444.3,70545.6,1157.738
2026-03-14T16:00:00Z,70545.6,70689.6,70449.9,70634.2,899.558
2026-03-14T17:00:00Z,70634.2,70704.3,70539.2,70580.0,692.117
2026-03-14T18:00:00Z,70580.0,70689.9,70499.9,70621.3,586.999
2026-03-14T19:00:00Z,70621.3,70702.9,70554.4,70663.1,356.421
2026-03-14T20:00:00Z,70663.1,70837.1,70602.3,70756.0,701.472
2026-03-14T21:00:00Z,70756.0,70789.7,70605.0,70760.3,562.242
2026-03-14T22:00:00Z,70760.3,70767.7,70650.1,70672.4,341.706
2026-03-14T23:00:00Z,70672.4,71226.9,70667.4,71178.0,2514.837
2026-03-15T00:00:00Z,71178.0,71183.4,70923.0,70950.6,1100.823
2026-03-15T01:00:00Z,70950.6,71010.0,70811.9,70957.8,748.08
2026-03-15T02:00:00Z,70957.8,71600.0,70957.8,71411.6,3577.015
2026-03-15T03:00:00Z,71411.6,71499.7,71180.4,71319.6,1512.524
2026-03-15T04:00:00Z,71319.6,71631.0,71290.9,71550.0,1770.215
2026-03-15T05:00:00Z,71550.0,71820.0,71429.7,71452.6,2311.435
2026-03-15T06:00:00Z,71452.6,71558.2,71360.1,71422.8,1028.194
2026-03-15T07:00:00Z,71422.8,71637.3,71372.7,71427.0,1226.473
2026-03-15T08:00:00Z,71427.0,71687.8,71427.0,71687.7,1156.787
2026-03-15T09:00:00Z,71687.7,71912.3,71669.0,71754.1,2315.912
2026-03-15T10:00:00Z,71754.1,71887.5,71680.0,71744.8,754.873
2026-03-15T11:00:00Z,71744.8,71871.2,71622.5,71806.1,1260.017
2026-03-15T12:00:00Z,71806.1,71806.2,71506.2,71580.8,1199.51
2026-03-15T13:00:00Z,71580.8,71650.0,71230.6,71570.0,4020.212
2026-03-15T14:00:00Z,71570.0,71597.6,71305.3,71584.9,1437.283
2026-03-15T15:00:00Z,71584.9,71590.0,71367.1,71447.5,888.013
2026-03-15T16:00:00Z,71447.5,71561.9,71231.8,71401.5,1510.968
2026-03-15T17:00:00Z,71401.5,71963.6,71372.6,71782.1,2201.469
2026-03-15T18:00:00Z,71782.1,71856.8,71266.3,71344.9,1967.19
2026-03-15T19:00:00Z,71344.9,71539.7,71287.1,71514.6,1637.944
2026-03-15T20:00:00Z,71514.6,71898.2,71383.3,71686.1,1792.079
2026-03-15T21:00:00Z,71686.1,72191.9,71578.8,72074.3,3116.52
2026-03-15T22:00:00Z,72074.3,73079.8,71668.8,72710.9,9285.194
2026-03-15T23:00:00Z,72710.9,73217.2,72379.7,72777.5,7027.185
2026-03-16T00:00:00Z,72777.5,72980.5,72402.4,72495.0,3050.922
2026-03-16T01:00:00Z,72495.0,72820.6,72226.3,72727.9,2382.318
2026-03-16T02:00:00Z,72727.9,72832.9,72330.0,72478.8,1444.978
2026-03-16T03:00:00Z,72478.8,74297.5,72395.8,73548.3,12197.494
2026-03-16T04:00:00Z,73548.3,74488.2,73547.0,73801.2,6870.569
2026-03-16T05:00:00Z,73801.2,74225.7,73671.7,74165.8,3768.268
2026-03-16T06:00:00Z,74165.8,74165.9,73563.7,73680.1,2498.355
2026-03-16T07:00:00Z,73680.1,73895.0,73352.1,73426.9,2865.804
2026-03-16T08:00:00Z,73426.9,73750.0,72805.6,73104.3,5813.25
2026-03-16T09:00:00Z,73104.3,73315.9,73015.3,73229.1,1612.042
2026-03-16T10:00:00Z,73229.1,73754.0,73164.1,73753.3,3043.264
2026-03-16T11:00:00Z,73753.3,73826.2,73474.0,73515.0,1958.891
2026-03-16T12:00:00Z,73515.0,74035.9,73403.1,73827.7,4016.72
2026-03-16T13:00:00Z,73827.7,74499.8,73741.5,74078.7,6770.52
2026-03-16T14:00:00Z,74078.7,74430.0,72945.1,73527.7,9333.56
2026-03-16T15:00:00Z,73527.7,74000.0,73147.6,73232.9,5225.258
2026-03-16T16:00:00Z,73232.9,73890.1,73124.0,73717.8,3375.555
2026-03-16T17:00:00Z,73717.8,74044.7,73600.4,73907.3,2877.312
2026-03-16T18:00:00Z,73907.3,74340.8,73803.5,73883.7,4756.47
2026-03-16T19:00:00Z,73883.7,74398.3,73725.1,73931.9,3340.538
2026-03-16T20:00:00Z,73931.9,74212.0,73824.1,74200.6,1400.403
2026-03-16T21:00:00Z,74200.6,74777.0,74111.7,74361.8,6531.907
2026-03-16T22:00:00Z,74361.8,74892.0,74337.3,74729.3,4389.687
2026-03-16T23:00:00Z,74729.3,74900.0,74171.9,74854.7,3650.657
2026-03-17T00:00:00Z,74854.7,75500.0,74585.4,75294.9,8453.002
2026-03-17T01:00:00Z,75294.9,76053.9,75035.5,75587.6,7494.304
2026-03-17T02:00:00Z,75587.6,75651.2,75080.3,75167.5,3097.037
2026-03-17T03:00:00Z,75167.5,75300.0,74229.7,74434.7,5477.774
2026-03-17T04:00:00Z,74434.7,74657.5,73950.0,74213.2,5532.066
2026-03-17T05:00:00Z,74213.2,74425.0,73742.8,74004.2,3492.477
2026-03-17T06:00:00Z,74004.2,74246.8,73843.7,74045.1,2727.31
2026-03-17T07:00:00Z,74045.1,74413.8,74026.7,74219.9,1776.832
2026-03-17T08:00:00Z,74219.9,74436.6,74069.7,74158.1,2126.737
2026-03-17T09:00:00Z,74158.1,74379.9,73805.3,73908.6,2789.083
2026-03-17T10:00:00Z,73908.6,73933.4,73493.0,73694.6,4285.618
2026-03-17T11:00:00Z,73694.6,74167.5,73635.2,73996.1,2894.462
2026-03-17T12:00:00Z,73996.1,74138.8,73613.2,73704.9,2633.276
2026-03-17T13:00:00Z,73704.9,74132.0,73323.9,73581.7,6191.755
2026-03-17T14:00:00Z,73581.7,74374.0,73385.2,74344.0,5386.867
2026-03-17T15:00:00Z,74344.0,74876.6,73616.5,73877.5,7734.624
2026-03-17T16:00:00Z,73877.5,74306.7,73822.1,74121.6,2611.537
2026-03-17T17:00:00Z,74121.6,74569.6,73959.4,74489.4,2620.08
2026-03-17T18:00:00Z,74489.4,74732.3,74337.2,74641.6,2771.258
2026-03-17T19:00:00Z,74641.6,74780.9,74388.6,74469.5,2487.276
2026-03-17T20:00:00Z,74469.5,74656.3,74338.0,74475.7,1727.826
2026-03-17T21:00:00Z,74475.7,74777.9,74417.5,74651.1,1252.205
2026-03-17T22:00:00Z,74651.1,74740.0,73871.8,74270.7,2731.519
2026-03-17T23:00:00Z,74270.7,74372.0,73820.7,73861.6,2514.776
2026-03-18T00:00:00Z,73861.6,74023.1,73463.5,73826.6,2508.18
2026-03-18T01:00:00Z,73826.6,74173.4,73775.3,74032.8,1556.421
2026-03-18T02:00:00Z,74032.8,74450.0,74007.1,74304.0,1527.527
2026-03-18T03:00:00Z,74304.0,74640.2,74203.7,74417.6,2404.239
2026-03-18T04:00:00Z,74417.6,74457.9,74080.0,74142.0,1395.675
2026-03-18T05:00:00Z,74142.0,74266.2,73800.0,73917.6,1735.388
2026-03-18T06:00:00Z,73917.6,74195.9,73899.0,73915.4,1507.234
2026-03-18T07:00:00Z,73915.4,73963.9,73658.0,73845.0,1916.345
2026-03-18T08:00:00Z,73845.0,74090.0,73818.6,74004.8,1583.111
2026-03-18T09:00:00Z,74004.8,74249.9,73994.6,74138.8,1264.644
2026-03-18T10:00:00Z,74138.8,74224.1,73745.1,73894.9,1694.136
2026-03-18T11:00:00Z,73894.9,74026.9,72720.0,72902.3,10100.872
2026-03-18T12:00:00Z,72902.3,72938.1,72227.0,72320.0,10840.425
2026-03-18T13:00:00Z,72320.0,72530.0,71925.1,72092.7,7335.33
2026-03-18T14:00:00Z,72092.7,72185.6,71065.0,71149.6,10834.563
2026-03-18T15:00:00Z,71149.6,71494.7,70807.9,71440.4,10756.518
2026-03-18T16:00:00Z,71440.4,71534.8,70989.2,71283.0,4773.939
2026-03-18T17:00:00Z,71283.0,71730.1,71157.2,71557.7,3472.394
2026-03-18T18:00:00Z,71557.7,71967.6,70900.0,71056.7,6842.592
2026-03-18T19:00:00Z,71056.7,71449.0,70821.0,71027.0,3398.431
2026-03-18T20:00:00Z,71027.0,71295.9,70452.0,71177.4,6245.581
2026-03-18T21:00:00Z,71177.4,71396.9,71121.6,71223.6,1544.373
2026-03-18T22:00:00Z,71223.6,71239.8,70903.3,71120.7,2442.98
2026-03-18T23:00:00Z,71120.7,71333.0,71032.1,71213.7,1581.726
2026-03-19T00:00:00Z,71213.7,71287.1,70928.0,70968.9,1944.209
2026-03-19T01:00:00Z,70968.9,71148.9,70917.6,71077.4,987.455
2026-03-19T02:00:00Z,71077.4,71225.7,70847.9,71019.4,1256.12
2026-03-19T03:00:00Z,71019.4,71588.2,71019.3,71174.1,2775.45
2026-03-19T04:00:00Z,71174.1,71174.1,70608.4,70790.1,3549.719
2026-03-19T05:00:00Z,70790.1,70881.8,70615.8,70796.0,1208.501
2026-03-19T06:00:00Z,70796.0,70944.8,70463.7,70550.1,2124.583
2026-03-19T07:00:00Z,70550.1,70571.5,69432.9,70155.6,10805.52
2026-03-19T08:00:00Z,70155.6,70268.0,69855.6,69954.5,2698.93
2026-03-19T09:00:00Z,69954.5,70525.6,69945.1,70467.0,3702.368
2026-03-19T10:00:00Z,70467.0,70495.4,70070.1,70093.8,1680.006
2026-03-19T11:00:00Z,70093.8,70226.0,69865.0,69921.2,1868.558
2026-03-19T12:00:00Z,69921.2,69921.3,69065.8,69254.1,7073.388
2026-03-19T13:00:00Z,69254.1,70050.0,69036.8,69877.6,8383.167
2026-03-19T14:00:00Z,69877.6,70136.0,69054.0,69450.0,7525.802
2026-03-19T15:00:00Z,69450.0,69892.0,68750.0,69376.9,10155.953
2026-03-19T16:00:00Z,69376.9,69622.5,69136.1,69421.9,3874.749
2026-03-19T17:00:00Z,69421.9,69927.0,69086.4,69822.2,3598.633
2026-03-19T18:00:00Z,69822.2,69902.3,69541.7,69793.7,1517.164
2026-03-19T19:00:00Z,69793.7,70591.0,69765.8,70241.2,7818.683
2026-03-19T20:00:00Z,70241.2,70707.2,70166.2,70453.7,1870.97
2026-03-19T21:00:00Z,70453.7,70673.1,70341.3,70370.5,1816.011
2026-03-19T22:00:00Z,70370.5,70480.1,69925.2,70159.7,2502.699
2026-03-19T23:00:00Z,70159.7,70259.8,69679.4,69881.8,4411.922
2026-03-20T00:00:00Z,69881.8,70278.3,69800.0,70162.9,1522.284
2026-03-20T01:00:00Z,70162.9,70562.0,70150.1,70369.9,1809.705
2026-03-20T02:00:00Z,70369.9,70489.3,70046.5,70376.5,1869.349
2026-03-20T03:00:00Z,70376.5,70793.2,70350.3,70697.8,2510.425
2026-03-20T04:00:00Z,70697.8,70933.0,70510.5,70744.1,2609.297
2026-03-20T05:00:00Z,70744.1,70847.1,70470.4,70571.0,1637.15
2026-03-20T06:00:00Z,70571.0,70620.7,70315.0,70466.3,1935.157
2026-03-20T07:00:00Z,70466.3,70910.0,70164.1,70815.2,4088.703
2026-03-20T08:00:00Z,70815.2,71343.9,70755.1,71006.4,6686.846
2026-03-20T09:00:00Z,71006.4,71006.5,70370.6,70550.5,4239.866
2026-03-20T10:00:00Z,70550.5,70644.0,70170.6,70576.0,2866.751
2026-03-20T11:00:00Z,70576.0,70770.4,70250.0,70443.9,2476.217
2026-03-20T12:00:00Z,70443.9,70648.0,70202.0,70307.1,2154.796
2026-03-20T13:00:00Z,70307.1,70574.9,69753.4,69826.8,8334.93
2026-03-20T14:00:00Z,69826.8,70246.0,69544.7,69698.7,9839.146
2026-03-20T15:00:00Z,69698.7,69982.8,69431.7,69833.4,4579.21
2026-03-20T16:00:00Z,69833.4,70074.7,69561.6,69799.7,3378.033
2026-03-20T17:00:00Z,69799.7,70009.8,69338.0,69974.7,4798.177
2026-03-20T18:00:00Z,69974.7,70045.0,69474.8,69735.2,3413.741
2026-03-20T19:00:00Z,69735.2,70163.2,69630.1,70152.2,2854.841
2026-03-20T20:00:00Z,70152.2,70245.1,69718.0,70024.4,2397.381
2026-03-20T21:00:00Z,70024.4,70694.5,69915.0,70507.5,3536.775
2026-03-20T22:00:00Z,70507.5,70892.8,70507.5,70734.8,2583.107
2026-03-20T23:00:00Z,70734.8,70744.3,70394.8,70476.1,1889.183
2026-03-21T00:00:00Z,70476.1,70800.0,70434.3,70650.9,1177.11
2026-03-21T01:00:00Z,70650.9,70730.0,70431.0,70436.8,794.227
2026-03-21T02:00:00Z,70436.8,70759.4,70408.2,70711.4,1141.41
2026-03-21T03:00:00Z,70711.4,70766.9,70588.7,70640.2,753.377
2026-03-21T04:00:00Z,70640.2,70790.2,70580.9,70606.9,974.334
2026-03-21T05:00:00Z,70606.9,70812.9,70593.6,70671.6,1073.467
2026-03-21T06:00:00Z,70671.6,70789.1,70661.6,70739.9,682.869
2026-03-21T07:00:00Z,70739.9,70850.0,70631.5,70684.3,1243.71
2026-03-21T08:00:00Z,70684.3,70724.8,70452.5,70561.9,1506.204
2026-03-21T09:00:00Z,70561.9,70708.7,70533.5,70630.1,819.947
2026-03-21T10:00:00Z,70630.1,70660.0,70520.0,70571.7,629.455
2026-03-21T11:00:00Z,70571.7,70627.4,70520.8,70610.3,407.946
2026-03-21T12:00:00Z,70610.3,70767.7,70610.3,70672.9,974.97
2026-03-21T13:00:00Z,70672.9,70782.0,70655.7,70698.0,484.853
2026-03-21T14:00:00Z,70698.0,71068.0,70532.0,70587.5,3418.073
2026-03-21T15:00:00Z,70587.5,70728.4,70415.9,70591.5,1382.948
2026-03-21T16:00:00Z,70591.5,70623.8,70176.0,70262.0,3586.905
2026-03-21T17:00:00Z,70262.0,70389.5,70154.8,70271.8,1443.999
2026-03-21T18:00:00Z,70271.8,70496.0,70246.7,70345.3,948.873
2026-03-21T19:00:00Z,70345.3,70410.0,70268.8,70358.6,447.669
2026-03-21T20:00:00Z,70358.6,70472.7,70320.2,70426.6,454.307
2026-03-21T21:00:00Z,70426.6,70477.0,70213.0,70312.9,727.576
2026-03-21T22:00:00Z,70312.9,70347.1,70225.4,70245.6,579.851
2026-03-21T23:00:00Z,70245.6,70255.8,68500.0,68870.5,9661.445
2026-03-22T00:00:00Z,68870.5,69110.0,68166.8,68906.6,7961.883
2026-03-22T01:00:00Z,68906.6,69059.4,68724.0,68924.6,2517.513
2026-03-22T02:00:00Z,68924.6,69371.7,68898.2,69236.2,2243.416
2026-03-22T03:00:00Z,69236.2,69557.3,69080.0,69304.1,2173.312
2026-03-22T04:00:00Z,69304.1,69487.3,69174.0,69307.0,1596.353
2026-03-22T05:00:00Z,69307.0,69317.6,69100.0,69112.1,1184.041
2026-03-22T06:00:00Z,69112.1,69210.9,69021.8,69125.8,1005.292
2026-03-22T07:00:00Z,69125.8,69211.7,68851.0,68884.0,1411.54
2026-03-22T08:00:00Z,68884.0,68954.5,68515.0,68757.8,3189.442
2026-03-22T09:00:00Z,68757.8,68872.0,68537.0,68778.6,1385.525
2026-03-22T10:00:00Z,68778.6,68808.9,68540.4,68600.1,1154.266
2026-03-22T11:00:00Z,68600.1,68654.4,68060.0,68181.5,3997.23
2026-03-22T12:00:00Z,68181.5,68732.7,68158.2,68617.5,2784.392
2026-03-22T13:00:00Z,68617.5,68935.8,68500.8,68664.4,3469.214
2026-03-22T14:00:00Z,68664.4,68887.5,68500.0,68679.3,1289.027
2026-03-22T15:00:00Z,68679.3,69042.4,68675.6,68817.5,2469.754
2026-03-22T16:00:00Z,68817.5,68859.6,68628.2,68767.5,806.149
2026-03-22T17:00:00Z,68767.5,68826.8,68636.6,68637.0,751.174
2026-03-22T18:00:00Z,68637.0,68711.2,68311.7,68580.5,1559.651
2026-03-22T19:00:00Z,68580.5,68595.8,68089.3,68160.5,3709.906
2026-03-22T20:00:00Z,68160.5,68478.1,68013.8,68133.3,1623.478
2026-03-22T21:00:00Z,68133.3,68192.8,67300.1,67849.9,7210.838
2026-03-22T22:00:00Z,67849.9,68367.9,67519.2,68310.6,5463.174
2026-03-22T23:00:00Z,68310.6,68444.0,67794.8,67828.1,2199.772
2026-03-23T00:00:00Z,67828.1,68137.5,67412.7,67639.4,4067.129
2026-03-23T01:00:00Z,67639.4,68132.2,67501.2,67876.0,2810.664
2026-03-23T02:00:00Z,67876.0,68367.6,67765.4,68282.7,2138.744
2026-03-23T03:00:00Z,68282.7,68570.0,68028.5,68050.0,1989.309
2026-03-23T04:00:00Z,68050.0,68545.2,68017.1,68516.7,1570.701
2026-03-23T05:00:00Z,68516.7,68885.3,68516.6,68869.7,3256.342
2026-03-23T06:00:00Z,68869.7,68874.2,67654.0,67846.6,4179.999
2026-03-23T07:00:00Z,67846.6,68422.0,67470.7,68304.0,5337.176
2026-03-23T08:00:00Z,68304.0,68674.9,68300.1,68402.2,2945.599
2026-03-23T09:00:00Z,68402.2,68446.8,67880.0,68311.9,2473.441
2026-03-23T10:00:00Z,68311.9,68696.6,68260.0,68513.3,2125.709
2026-03-23T11:00:00Z,68513.3,71487.0,68513.3,70094.5,38518.165
2026-03-23T12:00:00Z,70094.5,70850.0,69640.5,70710.8,9513.089
2026-03-23T13:00:00Z,70710.8,71571.0,70559.5,71456.3,9115.224
2026-03-23T14:00:00Z,71456.3,71788.0,71095.2,71425.8,8446.551
2026-03-23T15:00:00Z,71425.8,71630.0,70065.5,70092.1,10640.199
2026-03-23T16:00:00Z,70092.1,70763.6,70092.0,70538.5,7571.476
2026-03-23T17:00:00Z,70538.5,71088.4,70307.7,71049.4,4100.677
2026-03-23T18:00:00Z,71049.4,71168.5,70837.4,71041.2,3411.834
2026-03-23T19:00:00Z,71041.2,71224.1,70607.9,70639.5,2863.833
2026-03-23T20:00:00Z,70639.5,70962.7,70511.4,70878.1,1862.403
2026-03-23T21:00:00Z,70878.1,70969.1,70783.1,70819.1,893.671
2026-03-23T22:00:00Z,70819.1,70868.3,70473.3,70743.5,1628.435
2026-03-23T23:00:00Z,70743.5,70991.6,70352.6,70865.0,2578.739
2026-03-24T00:00:00Z,70865.0,71072.4,70374.8,70647.3,2427.682
2026-03-24T01:00:00Z,70647.3,70849.9,70224.2,70478.2,2026.357
2026-03-24T02:00:00Z,70478.2,70673.0,70314.9,70416.4,1682.789
2026-03-24T03:00:00Z,70416.4,70557.2,70366.8,70505.2,1268.672
2026-03-24T04:00:00Z,70505.2,70724.0,70205.0,70342.5,1987.958
2026-03-24T05:00:00Z,70342.5,70349.9,70081.0,70248.8,1957.953
2026-03-24T06:00:00Z,70248.8,70549.3,70214.3,70500.0,1554.418
2026-03-24T07:00:00Z,70500.0,71393.8,70439.2,71269.9,7201.46
2026-03-24T08:00:00Z,71269.9,71323.0,70799.8,70936.1,4291.477
2026-03-24T09:00:00Z,70936.1,71349.9,70820.0,71297.8,1898.388
2026-03-24T10:00:00Z,71297.8,71309.0,71060.0,71245.5,1520.995
2026-03-24T11:00:00Z,71245.5,71300.0,70922.0,71122.8,2124.819
2026-03-24T12:00:00Z,71122.8,71156.9,70825.8,70930.2,1802.469
2026-03-24T13:00:00Z,70930.2,71027.8,69936.9,70071.5,9775.896
2026-03-24T14:00:00Z,70071.5,70436.4,69460.0,69843.5,10068.056
2026-03-24T15:00:00Z,69843.5,70251.7,69733.8,69830.1,5641.539
2026-03-24T16:00:00Z,69830.1,69986.3,69183.8,69446.1,5381.323
2026-03-24T17:00:00Z,69446.1,69485.4,68849.2,69200.0,7987.804
2026-03-24T18:00:00Z,69200.0,69712.4,69128.0,69388.1,4946.077
2026-03-24T19:00:00Z,69388.1,69662.7,69227.3,69336.6,2036.663
2026-03-24T20:00:00Z,69336.6,70266.3,69250.0,70068.1,9111.135
2026-03-24T21:00:00Z,70068.1,70396.9,69859.7,70300.4,5039.266
2026-03-24T22:00:00Z,70300.4,70568.1,70102.6,70284.3,3264.296
2026-03-24T23:00:00Z,70284.3,70823.1,70233.9,70518.3,3335.521
2026-03-25T00:00:00Z,70518.3,71021.6,70443.0,70804.4,3234.382
2026-03-25T01:00:00Z,70804.4,70957.4,70600.0,70642.2,1582.524
2026-03-25T02:00:00Z,70642.2,70745.7,70457.3,70505.0,1971.072
2026-03-25T03:00:00Z,70505.0,70794.6,70379.2,70688.9,1638.251
2026-03-25T04:00:00Z,70688.9,70957.0,70670.4,70950.5,1442.798
2026-03-25T05:00:00Z,70950.5,71323.5,70915.6,71087.2,4277.491
2026-03-25T06:00:00Z,71087.2,71248.8,70956.3,70956.7,2406.859
2026-03-25T07:00:00Z,70956.7,71246.3,70854.0,70904.3,2256.57
2026-03-25T08:00:00Z,70904.3,71485.0,70763.4,71212.8,4858.97
2026-03-25T09:00:00Z,71212.8,71387.7,71060.0,71313.1,2283.813
2026-03-25T10:00:00Z,71313.1,71630.0,71260.0,71467.1,2189.845
2026-03-25T11:00:00Z,71467.1,71984.8,71430.6,71644.6,6259.749
2026-03-25T12:00:00Z,71644.6,71930.0,71067.2,71684.2,8070.967
2026-03-25T13:00:00Z,71684.2,71930.0,71462.2,71539.0,3179.158
2026-03-25T14:00:00Z,71539.0,71673.5,71182.3,71195.8,6139.539
2026-03-25T15:00:00Z,71195.8,71266.5,70515.5,70788.4,7813.587
2026-03-25T16:00:00Z,70788.4,71731.0,70664.2,71284.1,6826.021
2026-03-25T17:00:00Z,71284.1,71361.5,70677.0,70743.0,3059.602
2026-03-25T18:00:00Z,70743.0,71169.9,70633.1,70782.3,3136.722
2026-03-25T19:00:00Z,70782.3,71074.5,70735.9,70850.0,1662.501
2026-03-25T20:00:00Z,70850.0,71025.0,70600.0,70969.4,1898.853
2026-03-25T21:00:00Z,70969.4,71149.8,70907.4,70997.6,1298.43
2026-03-25T22:00:00Z,70997.6,71630.4,70892.1,71330.7,2431.462
2026-03-25T23:00:00Z,71330.7,71415.5,71150.0,71304.3,1267.624
2026-03-26T00:00:00Z,71304.3,71420.9,71100.0,71269.2,1591.743
2026-03-26T01:00:00Z,71269.2,71354.5,71121.3,71214.4,881.946
2026-03-26T02:00:00Z,71214.4,71256.1,70646.2,70853.6,2332.624
2026-03-26T03:00:00Z,70853.6,70941.2,70650.0,70876.8,1132.295
2026-03-26T04:00:00Z,70876.8,70884.9,70678.0,70733.4,943.355
2026-03-26T05:00:00Z,70733.4,70769.7,69901.3,69978.8,6120.817
2026-03-26T06:00:00Z,69978.8,70111.0,69816.4,70054.0,3652.68
2026-03-26T07:00:00Z,70054.0,70134.4,69750.0,70052.7,2660.323
2026-03-26T08:00:00Z,70052.7,70092.8,69763.0,69987.9,4066.767
2026-03-26T09:00:00Z,69987.9,70117.0,69372.0,69545.1,4689.495
2026-03-26T10:00:00Z,69545.1,69685.4,69418.7,69486.6,2216.437
2026-03-26T11:00:00Z,69486.6,69633.3,69151.3,69237.0,3544.241
2026-03-26T12:00:00Z,69237.0,69432.7,69180.2,69399.8,2308.336
2026-03-26T13:00:00Z,69399.8,69846.2,69163.4,69610.3,6690.559
2026-03-26T14:00:00Z,69610.3,69796.3,69215.8,69434.3,3741.407
2026-03-26T15:00:00Z,69434.3,69462.7,68590.0,69056.0,8281.121
2026-03-26T16:00:00Z,69056.0,69056.0,68778.6,68896.0,3262.593
2026-03-26T17:00:00Z,68896.0,69136.0,68332.0,68454.6,4104.159
2026-03-26T18:00:00Z,68454.6,68582.9,68100.6,68460.4,4438.146
2026-03-26T19:00:00Z,68460.4,68661.1,68309.4,68505.8,2492.381
2026-03-26T20:00:00Z,68505.8,69506.0,68383.9,68973.2,10254.084
2026-03-26T21:00:00Z,68973.2,69186.8,68839.9,68884.9,1875.433
2026-03-26T22:00:00Z,68884.9,69000.0,68570.0,68870.5,2005.046
2026-03-26T23:00:00Z,68870.5,68979.8,68601.9,68793.4,1371.818
2026-03-27T00:00:00Z,68793.4,68949.3,68482.8,68749.6,2646.178
2026-03-27T01:00:00Z,68749.6,69038.0,68666.0,69022.8,1294.162
2026-03-27T02:00:00Z,69022.8,69150.0,68817.1,68873.5,1262.267
2026-03-27T03:00:00Z,68873.5,68890.1,68629.6,68738.9,1610.715
2026-03-27T04:00:00Z,68738.9,68764.8,68255.2,68541.3,3875.389
2026-03-27T05:00:00Z,68541.3,68841.7,68457.2,68595.8,1775.322
2026-03-27T06:00:00Z,68595.8,68815.9,68530.6,68624.2,1047.458
2026-03-27T07:00:00Z,68624.2,68935.3,68404.7,68500.8,4076.931
2026-03-27T08:00:00Z,68500.8,68594.0,67535.4,67875.7,8692.182
2026-03-27T09:00:00Z,67875.7,67908.0,67490.8,67655.2,4076.642
2026-03-27T10:00:00Z,67655.2,67743.9,66273.0,66464.0,11238.466
2026-03-27T11:00:00Z,66464.0,66829.3,66174.6,66667.9,5169.061
2026-03-27T12:00:00Z,66667.9,66745.8,66378.3,66576.1,3165.564
2026-03-27T13:00:00Z,66576.1,66710.3,65963.1,66148.9,7395.277
2026-03-27T14:00:00Z,66148.9,66372.1,65688.3,66157.6,8995.776
2026-03-27T15:00:00Z,66157.6,66624.3,65926.8,66086.0,6747.265
2026-03-27T16:00:00Z,66086.0,66163.5,65758.5,65945.4,4635.34
2026-03-27T17:00:00Z,65945.4,66300.3,65538.2,65596.6,6447.19
2026-03-27T18:00:00Z,65596.6,65926.4,65504.7,65802.7,2738.472
2026-03-27T19:00:00Z,65802.7,66156.3,65660.5,66015.6,5093.342
2026-03-27T20:00:00Z,66015.6,66160.1,65786.2,66000.6,2459.768
2026-03-27T21:00:00Z,66000.6,66189.1,65983.1,66054.7,1510.534
2026-03-27T22:00:00Z,66054.7,66067.5,65880.7,65992.1,975.359
2026-03-27T23:00:00Z,65992.1,66396.7,65938.3,66374.7,1635.066
2026-03-28T00:00:00Z,66374.7,66493.6,66257.4,66400.1,1582.985
2026-03-28T01:00:00Z,66400.1,66400.1,66014.7,66146.9,2486.982
2026-03-28T02:00:00Z,66146.9,66221.4,65880.7,66021.2,1804.682
2026-03-28T03:00:00Z,66021.2,66211.8,66021.1,66197.4,764.901
2026-03-28T04:00:00Z,66197.4,66273.1,66071.2,66251.8,735.31
2026-03-28T05:00:00Z,66251.8,66353.8,66170.8,66313.7,619.861
2026-03-28T06:00:00Z,66313.7,66469.3,66269.6,66355.3,967.093
2026-03-28T07:00:00Z,66355.3,66541.4,66346.5,66529.4,1262.419
2026-03-28T08:00:00Z,66529.4,66534.8,66354.5,66375.9,1530.265
2026-03-28T09:00:00Z,66375.9,66375.9,66191.7,66270.8,1282.369
2026-03-28T10:00:00Z,66270.8,66384.8,66068.2,66188.8,1262.792
2026-03-28T11:00:00Z,66188.8,66330.6,66163.5,66288.1,779.864
2026-03-28T12:00:00Z,66288.1,66498.0,66190.8,66419.4,1464.549
2026-03-28T13:00:00Z,66419.4,67142.8,66359.9,66806.1,5637.41
2026-03-28T14:00:00Z,66806.1,66948.9,66611.5,66710.7,1958.268
2026-03-28T15:00:00Z,66710.7,67287.8,66677.6,66983.9,3438.786
2026-03-28T16:00:00Z,66983.9,67072.0,66813.0,66890.1,2042.398
2026-03-28T17:00:00Z,66890.1,66959.4,66636.5,66808.6,1960.298
2026-03-28T18:00:00Z,66808.6,66923.7,66794.5,66870.2,786.232
2026-03-28T19:00:00Z,66870.2,66921.1,66752.1,66879.9,562.307
2026-03-28T20:00:00Z,66879.9,66979.2,66863.5,66883.1,845.902
2026-03-28T21:00:00Z,66883.1,66892.9,66558.0,66647.2,1275.493
2026-03-28T22:00:00Z,66647.2,66755.0,66558.1,66724.9,1104.948
2026-03-28T23:00:00Z,66724.9,66724.9,66239.1,66345.4,2999.465
2026-03-29T00:00:00Z,66345.4,66481.0,66250.0,66448.8,1033.353
2026-03-29T01:00:00Z,66448.8,66588.0,66339.5,66537.6,1318.025
2026-03-29T02:00:00Z,66537.6,66827.4,66501.4,66776.9,1215.945
2026-03-29T03:00:00Z,66776.9,67113.3,66719.4,66879.3,1768.652
2026-03-29T04:00:00Z,66879.3,66909.7,66682.0,66703.6,805.67
2026-03-29T05:00:00Z,66703.6,66789.0,66557.4,66738.3,1388.869
2026-03-29T06:00:00Z,66738.3,66847.3,66596.2,66700.2,619.135
2026-03-29T07:00:00Z,66700.2,66724.0,66511.3,66625.7,1112.922
2026-03-29T08:00:00Z,66625.7,66748.4,66552.7,66683.0,669.951
2026-03-29T09:00:00Z,66683.0,66728.5,66469.5,66595.6,966.87
2026-03-29T10:00:00Z,66595.6,66595.6,66369.6,66468.4,1599.91
2026-03-29T11:00:00Z,66468.4,66979.9,66468.3,66774.2,2296.003
2026-03-29T12:00:00Z,66774.2,66845.0,66666.0,66824.7,1330.76
2026-03-29T13:00:00Z,66824.7,66845.0,66500.0,66548.2,1615.754
2026-03-29T14:00:00Z,66548.2,66778.3,66420.2,66563.9,1377.066
2026-03-29T15:00:00Z,66563.9,66699.5,66276.6,66499.3,2945.385
2026-03-29T16:00:00Z,66499.3,66639.4,66396.1,66468.2,1229.166
2026-03-29T17:00:00Z,66468.2,66519.9,66111.2,66349.3,2140.607
2026-03-29T18:00:00Z,66349.3,66514.2,66283.0,66390.0,744.898
2026-03-29T19:00:00Z,66390.0,66457.5,66287.5,66320.5,892.113
2026-03-29T20:00:00Z,66320.5,66765.9,66312.1,66577.8,1676.617
2026-03-29T21:00:00Z,66577.8,66733.0,66470.0,66675.6,982.556
2026-03-29T22:00:00Z,66675.6,66684.9,64935.7,65828.1,12660.806
2026-03-29T23:00:00Z,65828.1,66377.9,65821.9,65990.7,5487.818
2026-03-30T00:00:00Z,65990.7,67049.6,65747.8,66248.0,9902.154
2026-03-30T01:00:00Z,66248.0,66800.0,66246.0,66622.0,2970.944
2026-03-30T02:00:00Z,66622.0,67442.5,66534.3,67084.3,5272.548
2026-03-30T03:00:00Z,67084.3,67299.5,66936.8,67143.6,1981.288
2026-03-30T04:00:00Z,67143.6,67641.0,67129.2,67582.9,3306.357
2026-03-30T05:00:00Z,67582.9,67802.3,67400.0,67462.8,2610.856
2026-03-30T06:00:00Z,67462.8,67550.0,67239.8,67271.1,1960.194
2026-03-30T07:00:00Z,67271.1,67610.9,67185.2,67595.0,2405.036
2026-03-30T08:00:00Z,67595.0,67924.1,67573.1,67634.2,3743.693
2026-03-30T09:00:00Z,67634.2,67662.8,67419.0,67463.9,1555.316
2026-03-30T10:00:00Z,67463.9,67487.8,67324.1,67457.5,1161.623
2026-03-30T11:00:00Z,67457.5,68000.0,67447.2,67649.5,4055.505
2026-03-30T12:00:00Z,67649.5,67955.6,67626.5,67861.5,2222.785
2026-03-30T13:00:00Z,67861.5,68199.9,67405.0,67500.1,5993.649
2026-03-30T14:00:00Z,67500.1,67853.7,67050.1,67774.1,6845.015
2026-03-30T15:00:00Z,67774.1,67887.0,67370.0,67602.7,5936.085
2026-03-30T16:00:00Z,67602.7,67626.2,67182.6,67335.8,2578.064
2026-03-30T17:00:00Z,67335.8,67444.3,66620.0,66803.3,6284.92
2026-03-30T18:00:00Z,66803.3,66900.0,66457.9,66620.5,3475.626
2026-03-30T19:00:00Z,66620.5,66636.4,66184.2,66512.2,4096.186
2026-03-30T20:00:00Z,66512.2,66666.0,66485.9,66613.8,1459.246
2026-03-30T21:00:00Z,66613.8,66957.4,66545.5,66769.3,2069.091
2026-03-30T22:00:00Z,66769.3,66961.0,66620.5,66743.8,1141.412
2026-03-30T23:00:00Z,66743.8,66767.4,66374.3,66767.3,1875.951
2026-03-31T00:00:00Z,66767.3,67286.0,66504.5,67178.0,3358.833
2026-03-31T01:00:00Z,67178.0,68397.1,67013.7,67903.4,8362.007
2026-03-31T02:00:00Z,67903.4,68075.9,67738.8,67920.3,2120.616
2026-03-31T03:00:00Z,67920.3,67986.5,67581.1,67677.8,2308.631
2026-03-31T04:00:00Z,67677.8,67865.6,67430.0,67511.0,2983.274
2026-03-31T05:00:00Z,67511.0,67748.7,67360.0,67644.0,2178.246
2026-03-31T06:00:00Z,67644.0,67677.1,67300.0,67466.9,1604.313
2026-03-31T07:00:00Z,67466.9,67496.2,67067.9,67344.9,2693.118
2026-03-31T08:00:00Z,67344.9,67475.7,66637.8,66736.5,4573.98
2026-03-31T09:00:00Z,66736.5,66897.0,65950.0,66096.2,7264.003
2026-03-31T10:00:00Z,66096.2,66458.1,66062.5,66322.9,3891.517
2026-03-31T11:00:00Z,66322.9,66847.3,66192.2,66649.7,5296.665
2026-03-31T12:00:00Z,66649.7,66925.2,66480.3,66611.2,3001.736
2026-03-31T13:00:00Z,66611.2,67400.0,66611.1,67270.1,6155.404
2026-03-31T14:00:00Z,67270.1,67744.7,66403.4,66562.9,9991.963
2026-03-31T15:00:00Z,66562.9,67267.1,66562.9,66710.0,7091.623
2026-03-31T16:00:00Z,66710.0,67993.8,66699.0,67644.7,7267.616
2026-03-31T17:00:00Z,67644.7,68599.9,67366.7,67500.0,11110.089
2026-03-31T18:00:00Z,67500.0,67921.5,67495.0,67813.9,2706.31
2026-03-31T19:00:00Z,67813.9,67997.9,67664.3,67802.9,2197.837
2026-03-31T20:00:00Z,67802.9,68248.6,67790.6,68241.0,2528.51
2026-03-31T21:00:00Z,68241.0,68400.0,67838.4,68235.4,2522.011
2026-03-31T22:00:00Z,68235.4,68318.0,67919.7,68149.2,2087.362
2026-03-31T23:00:00Z,68149.2,68339.8,68033.7,68244.6,1476.668
2026-04-01T00:00:00Z,68244.6,68320.6,67813.0,68295.9,2704.358
2026-04-01T01:00:00Z,68295.9,68333.0,67706.5,67755.6,3056.08
2026-04-01T02:00:00Z,67755.6,67879.3,67543.8,67632.7,2160.018
2026-04-01T03:00:00Z,67632.7,68226.3,67632.7,68134.9,2236.369
2026-04-01T04:00:00Z,68134.9,68474.5,67973.7,68279.5,3062.72
2026-04-01T05:00:00Z,68279.5,68779.0,68119.0,68423.6,4398.96
2026-04-01T06:00:00Z,68423.6,69225.0,68423.6,69077.3,5908.293
2026-04-01T07:00:00Z,69077.3,69301.0,68643.0,68662.3,5453.299
2026-04-01T08:00:00Z,68662.3,68858.8,68428.0,68633.1,3596.5
2026-04-01T09:00:00Z,68633.1,68710.0,68342.7,68611.8,2469.061
2026-04-01T10:00:00Z,68611.8,68641.1,68373.5,68551.6,1565.81
2026-04-01T11:00:00Z,68551.6,68731.4,68472.0,68674.7,1495.706
2026-04-01T12:00:00Z,68674.7,68777.0,68222.2,68365.4,4707.483
2026-04-01T13:00:00Z,68365.4,68650.0,67831.7,68081.9,6434.917
2026-04-01T14:00:00Z,68081.9,68648.6,68016.0,68562.0,4023.607
2026-04-01T15:00:00Z,68562.0,68933.0,68380.4,68879.5,3447.392
2026-04-01T16:00:00Z,68879.5,68970.0,68572.1,68777.5,3584.28
2026-04-01T17:00:00Z,68777.5,69164.4,68203.9,68225.7,4565.764
2026-04-01T18:00:00Z,68225.7,68299.6,67900.0,68049.1,3734.885
2026-04-01T19:00:00Z,68049.1,68259.9,67985.3,68140.7,1775.709
2026-04-01T20:00:00Z,68140.7,68212.0,67922.0,68155.5,1207.658
2026-04-01T21:00:00Z,68155.5,68498.3,68130.0,68321.1,1789.677
2026-04-01T22:00:00Z,68321.1,68321.1,68030.0,68086.9,1202.77
2026-04-01T23:00:00Z,68086.9,68224.5,67955.2,68086.0,852.078
2026-04-02T00:00:00Z,68086.0,68645.7,68011.0,68556.9,2267.706
2026-04-02T01:00:00Z,68556.9,68556.9,67000.0,67317.8,14535.652
2026-04-02T02:00:00Z,67317.8,67319.8,66583.1,66820.1,4963.48
2026-04-02T03:00:00Z,66820.1,66933.1,66444.0,66540.0,3195.171
2026-04-02T04:00:00Z,66540.0,66615.1,66171.1,66290.1,3245.031
2026-04-02T05:00:00Z,66290.1,66605.7,66270.1,66550.1,2867.558
2026-04-02T06:00:00Z,66550.1,66783.3,66500.0,66649.0,2418.385
2026-04-02T07:00:00Z,66649.0,66900.0,66508.2,66889.0,2109.443
2026-04-02T08:00:00Z,66889.0,66889.1,66299.0,66414.9,2449.384
2026-04-02T09:00:00Z,66414.9,66492.9,66255.0,66429.1,2242.248
2026-04-02T10:00:00Z,66429.1,66474.1,66179.5,66424.7,1968.919
2026-04-02T11:00:00Z,66424.7,66450.0,66106.0,66176.4,2657.454
2026-04-02T12:00:00Z,66176.4,66215.1,65903.5,66013.2,4087.213
2026-04-02T13:00:00Z,66013.2,66273.9,65666.0,66236.8,6057.302
2026-04-02T14:00:00Z,66236.8,67081.1,66130.0,66829.6,9756.524
2026-04-02T15:00:00Z,66829.6,66970.4,66602.3,66814.9,3653.985
2026-04-02T16:00:00Z,66814.9,67288.0,66718.3,67054.7,4191.563
2026-04-02T17:00:00Z,67054.7,67403.9,66635.3,66653.5,5702.506
2026-04-02T18:00:00Z,66653.5,67041.9,66568.2,66949.9,2390.724
2026-04-02T19:00:00Z,66949.9,67083.5,66824.3,66946.3,2505.493
2026-04-02T20:00:00Z,66946.3,67089.8,66754.1,66911.5,1328.547
2026-04-02T21:00:00Z,66911.5,66983.3,66680.0,66913.0,1399.227
2026-04-02T22:00:00Z,66913.0,67013.3,66785.6,66954.1,979.504
2026-04-02T23:00:00Z,66954.1,67069.6,66818.5,66870.9,728.1
2026-04-03T00:00:00Z,66870.9,66976.3,66653.2,66758.7,1144.763
2026-04-03T01:00:00Z,66758.7,66890.4,66450.1,66592.9,2099.244
2026-04-03T02:00:00Z,66592.9,66720.8,66240.0,66503.3,3161.544
2026-04-03T03:00:00Z,66503.3,66696.4,66455.0,66544.4,1323.859
2026-04-03T04:00:00Z,66544.4,66662.4,66465.1,66578.2,792.01
2026-04-03T05:00:00Z,66578.2,66773.3,66373.0,66579.3,1657.975
2026-04-03T06:00:00Z,66579.3,66777.4,66516.1,66770.2,1367.445
2026-04-03T07:00:00Z,66770.2,67230.0,66720.9,67011.9,4519.368
2026-04-03T08:00:00Z,67011.9,67273.3,66876.0,66931.9,2665.12
2026-04-03T09:00:00Z,66931.9,66985.0,66707.5,66835.2,1980.678
2026-04-03T10:00:00Z,66835.2,66870.0,66647.2,66848.6,1308.508
2026-04-03T11:00:00Z,66848.6,67032.9,66784.6,66987.7,1548.497
2026-04-03T12:00:00Z,66987.7,67344.9,66600.0,66693.0,4709.297
2026-04-03T13:00:00Z,66693.0,66709.6,66468.9,66642.9,3100.891
2026-04-03T14:00:00Z,66642.9,66964.0,66600.0,66896.9,3057.112
2026-04-03T15:00:00Z,66896.9,66998.0,66790.1,66809.1,1464.026
2026-04-03T16:00:00Z,66809.1,67046.2,66799.0,66973.0,992.543
2026-04-03T17:00:00Z,66973.0,67043.2,66726.0,66807.6,1943.576
2026-04-03T18:00:00Z,66807.6,66898.8,66744.0,66780.3,540.309
2026-04-03T19:00:00Z,66780.3,66881.7,66736.9,66859.2,613.798
2026-04-03T20:00:00Z,66859.2,66894.0,66790.6,66796.9,427.588
2026-04-03T21:00:00Z,66796.9,66946.0,66785.2,66930.4,1033.809
2026-04-03T22:00:00Z,66930.4,66946.0,66814.9,66856.7,393.353
2026-04-03T23:00:00Z,66856.7,66932.8,66795.0,66932.7,446.023
2026-04-04T00:00:00Z,66932.7,66945.5,66827.1,66874.4,634.338
2026-04-04T01:00:00Z,66874.4,66900.0,66794.8,66824.3,520.137
2026-04-04T02:00:00Z,66824.3,66891.9,66778.7,66817.2,306.414
2026-04-04T03:00:00Z,66817.2,66876.4,66792.1,66799.6,311.901
2026-04-04T04:00:00Z,66799.6,66848.0,66737.0,66829.0,475.504
2026-04-04T05:00:00Z,66829.0,66905.3,66802.7,66876.0,479.11
2026-04-04T06:00:00Z,66876.0,67022.1,66873.9,66976.0,726.701
2026-04-04T07:00:00Z,66976.0,67015.0,66903.1,66980.5,858.227
2026-04-04T08:00:00Z,66980.5,67025.3,66880.0,66913.6,526.308
2026-04-04T09:00:00Z,66913.6,66963.1,66878.8,66952.7,513.844
2026-04-04T10:00:00Z,66952.7,67148.7,66857.0,67136.4,1536.151
2026-04-04T11:00:00Z,67136.4,67199.9,67036.2,67136.5,1405.537
2026-04-04T12:00:00Z,67136.5,67165.7,67019.4,67064.9,573.16
2026-04-04T13:00:00Z,67064.9,67240.4,67050.0,67164.9,862.577
2026-04-04T14:00:00Z,67164.9,67192.4,66983.3,67181.4,1367.77
2026-04-04T15:00:00Z,67181.4,67543.0,67142.2,67352.4,3439.842
2026-04-04T16:00:00Z,67352.4,67488.0,67290.2,67336.4,1807.77
2026-04-04T17:00:00Z,67336.4,67388.0,67254.3,67309.1,828.58
2026-04-04T18:00:00Z,67309.1,67350.0,67215.3,67262.6,565.157
2026-04-04T19:00:00Z,67262.6,67526.0,67240.0,67262.2,931.845
2026-04-04T20:00:00Z,67262.2,67269.1,67125.1,67242.4,796.74
2026-04-04T21:00:00Z,67242.4,67445.9,67175.9,67322.3,705.606
2026-04-04T22:00:00Z,67322.3,67432.9,67295.6,67369.9,687.637
2026-04-04T23:00:00Z,67369.9,67370.0,67222.0,67266.7,495.467
2026-04-05T00:00:00Z,67266.7,67274.4,67127.7,67178.5,511.434
2026-04-05T01:00:00Z,67178.5,67207.8,67036.0,67051.1,1095.978
2026-04-05T02:00:00Z,67051.1,67150.0,66905.1,67135.7,1217.407
2026-04-05T03:00:00Z,67135.7,67159.6,67047.1,67110.0,354.671
2026-04-05T04:00:00Z,67110.0,67159.0,67032.6,67062.7,350.232
2026-04-05T05:00:00Z,67062.7,67122.9,66810.6,66897.2,931.904
2026-04-05T06:00:00Z,66897.2,66912.8,66567.0,66763.1,2880.611
2026-04-05T07:00:00Z,66763.1,66881.1,66673.4,66780.5,1393.324
2026-04-05T08:00:00Z,66780.5,66898.9,66774.6,66890.2,946.2
2026-04-05T09:00:00Z,66890.2,67012.9,66857.1,66990.8,738.653
2026-04-05T10:00:00Z,66990.8,67115.9,66919.7,67006.1,1021.696
2026-04-05T11:00:00Z,67006.1,67064.4,66933.1,66972.7,565.352
2026-04-05T12:00:00Z,66972.7,66972.7,66638.0,66751.2,1938.121
2026-04-05T13:00:00Z,66751.2,66897.2,66659.5,66859.4,1706.552
2026-04-05T14:00:00Z,66859.4,66942.4,66778.8,66899.5,882.36
2026-04-05T15:00:00Z,66899.5,67828.6,66799.8,67268.6,8418.916
2026-04-05T16:00:00Z,67268.6,67385.8,67142.7,67183.3,1590.47
2026-04-05T17:00:00Z,67183.3,67386.2,67151.3,67343.9,955.639
2026-04-05T18:00:00Z,67343.9,67429.0,67241.5,67382.4,1042.245
2026-04-05T19:00:00Z,67382.4,67551.9,67250.0,67331.8,1065.048
2026-04-05T20:00:00Z,67331.8,67685.0,67298.4,67629.8,1774.55
2026-04-05T21:00:00Z,67629.8,67650.0,67377.4,67521.5,1362.857
2026-04-05T22:00:00Z,67521.5,68363.6,67302.5,68311.0,7548.527
2026-04-05T23:00:00Z,68311.0,69115.9,68225.0,69002.4,7856.37
2026-04-06T00:00:00Z,69002.4,69564.0,69000.9,69053.3,7121.857
2026-04-06T01:00:00Z,69053.3,69105.1,68754.6,68780.7,2565.49
2026-04-06T02:00:00Z,68780.7,69387.8,68733.6,69181.9,2719.486
2026-04-06T03:00:00Z,69181.9,69231.7,69030.5,69099.7,1170.827
2026-04-06T04:00:00Z,69099.7,69194.3,68950.0,69102.9,1181.416
2026-04-06T05:00:00Z,69102.9,69214.0,69050.0,69166.1,792.235
2026-04-06T06:00:00Z,69166.1,69322.9,68769.3,68939.9,2633.511
2026-04-06T07:00:00Z,68939.9,69195.2,68791.8,69085.1,1726.42
2026-04-06T08:00:00Z,69085.1,69349.2,69043.7,69186.3,1296.288
2026-04-06T09:00:00Z,69186.3,70250.0,69179.1,69699.4,9050.414
2026-04-06T10:00:00Z,69699.4,69923.0,69652.5,69732.7,2117.065
2026-04-06T11:00:00Z,69732.7,69732.7,69512.7,69584.3,1341.508
2026-04-06T12:00:00Z,69584.3,69606.8,69288.8,69337.6,2837.65
2026-04-06T13:00:00Z,69337.6,69516.6,69160.2,69396.0,3270.763
2026-04-06T14:00:00Z,69396.0,69784.0,69120.0,69619.7,6348.101
2026-04-06T15:00:00Z,69619.7,69939.5,69490.0,69925.8,3474.335
2026-04-06T16:00:00Z,69925.8,70351.7,69740.0,69759.2,5852.181
2026-04-06T17:00:00Z,69759.2,69783.2,69226.3,69531.5,4946.061
2026-04-06T18:00:00Z,69531.5,69950.7,69437.6,69853.0,3696.389
2026-04-06T19:00:00Z,69853.0,69854.1,69532.7,69700.5,2114.578
2026-04-06T20:00:00Z,69700.5,69950.0,69576.6,69782.7,1466.842
2026-04-06T21:00:00Z,69782.7,69785.2,69386.9,69472.5,1140.129
2026-04-06T22:00:00Z,69472.5,69547.0,68769.0,68769.0,4191.959
2026-04-06T23:00:00Z,68769.0,68875.0,68272.0,68807.5,7442.631
2026-04-07T00:00:00Z,68807.5,69087.5,68670.5,68732.7,2595.469
2026-04-07T01:00:00Z,68732.7,68873.6,68300.0,68362.1,2938.323
2026-04-07T02:00:00Z,68362.1,68688.0,68224.7,68632.9,2275.583
2026-04-07T03:00:00Z,68632.9,68767.0,68580.9,68741.3,1134.881
2026-04-07T04:00:00Z,68741.3,68944.0,68504.9,68814.1,1886.771
2026-04-07T05:00:00Z,68814.1,68826.0,68574.7,68620.4,998.104
2026-04-07T06:00:00Z,68620.4,68623.3,68404.0,68539.1,1380.615
2026-04-07T07:00:00Z,68539.1,68676.8,68460.3,68582.5,1247.655
2026-04-07T08:00:00Z,68582.5,68958.9,68563.5,68905.4,2179.37
2026-04-07T09:00:00Z,68905.4,69224.3,68890.2,69112.9,3348.235
2026-04-07T10:00:00Z,69112.9,69181.3,68175.0,68200.9,6436.513
2026-04-07T11:00:00Z,68200.9,68427.9,68015.1,68299.9,3744.721
2026-04-07T12:00:00Z,68299.9,68591.6,68020.1,68361.9,4336.134
2026-04-07T13:00:00Z,68361.9,68641.4,68155.7,68202.9,3143.865
2026-04-07T14:00:00Z,68202.9,68227.1,67721.2,67822.0,6132.776
2026-04-07T15:00:00Z,67822.0,68241.6,67679.0,68132.6,4126.097
2026-04-07T16:00:00Z,68132.6,68424.4,68037.0,68206.8,3357.949
2026-04-07T17:00:00Z,68206.8,69000.0,68156.4,68666.0,4662.02
2026-04-07T18:00:00Z,68666.0,68740.0,68312.5,68409.6,2593.854
2026-04-07T19:00:00Z,68409.6,69089.5,68316.6,68976.5,5031.443
2026-04-07T20:00:00Z,68976.5,69535.3,68976.5,69291.7,6832.263
2026-04-07T21:00:00Z,69291.7,70197.7,69277.0,69896.0,8118.283
2026-04-07T22:00:00Z,69896.0,71500.0,69896.0,71484.2,18870.051
2026-04-07T23:00:00Z,71484.2,72766.4,71140.4,71894.6,19568.423
2026-04-08T00:00:00Z,71894.6,72107.0,71502.4,71682.9,5714.638
2026-04-08T01:00:00Z,71682.9,71736.6,71420.0,71450.9,2680.412
2026-04-08T02:00:00Z,71450.9,71710.0,71201.1,71330.6,3266.349
2026-04-08T03:00:00Z,71330.6,71449.3,71236.2,71255.1,1499.613
2026-04-08T04:00:00Z,71255.1,71679.6,71244.1,71535.0,2003.5
2026-04-08T05:00:00Z,71535.0,71827.1,71514.3,71713.0,2216.755
2026-04-08T06:00:00Z,71713.0,71928.3,71546.4,71705.3,2009.77
2026-04-08T07:00:00Z,71705.3,71879.8,71555.7,71612.6,1471.164
2026-04-08T08:00:00Z,71612.6,71805.8,71612.5,71777.2,1732.243
2026-04-08T09:00:00Z,71777.2,71953.2,71552.0,71654.0,1469.221
2026-04-08T10:00:00Z,71654.0,71764.9,71422.6,71435.4,1799.495
2026-04-08T11:00:00Z,71435.4,71700.0,71341.3,71650.0,2179.429
2026-04-08T12:00:00Z,71650.0,72178.8,71533.2,72033.1,4302.037
2026-04-08T13:00:00Z,72033.1,72850.0,71461.7,71560.2,16827.83
2026-04-08T14:00:00Z,71560.2,71725.0,70666.4,70877.7,9098.936
2026-04-08T15:00:00Z,70877.7,71312.5,70788.6,71270.6,4500.732
2026-04-08T16:00:00Z,71270.6,71669.2,71202.7,71554.8,4800.358
2026-04-08T17:00:00Z,71554.8,71966.5,71450.0,71847.6,4360.918
2026-04-08T18:00:00Z,71847.6,71857.9,70992.6,71066.3,6516.238
2026-04-08T19:00:00Z,71066.3,71341.7,70976.8,71283.5,2979.646
2026-04-08T20:00:00Z,71283.5,71458.0,71242.2,71340.5,1106.165
2026-04-08T21:00:00Z,71340.5,71733.9,71291.2,71518.0,2223.331
2026-04-08T22:00:00Z,71518.0,71548.4,71024.8,71024.8,2444.261
2026-04-08T23:00:00Z,71024.8,71174.6,70870.0,71033.2,2950.831
2026-04-09T00:00:00Z,71033.2,71102.2,70601.3,70773.1,2569.896
2026-04-09T01:00:00Z,70773.1,70929.4,70417.2,70891.0,3305.215
2026-04-09T02:00:00Z,70891.0,71163.6,70769.2,71026.7,3565.811
2026-04-09T03:00:00Z,71026.7,71092.0,70800.0,70958.9,2260.842
2026-04-09T04:00:00Z,70958.9,70979.9,70705.0,70749.9,1597.862
2026-04-09T05:00:00Z,70749.9,71080.0,70662.5,70950.1,1861.617
2026-04-09T06:00:00Z,70950.1,71061.2,70761.4,70989.8,1820.511
2026-04-09T07:00:00Z,70989.8,71079.8,70919.4,70950.9,1625.721
2026-04-09T08:00:00Z,70950.9,71365.2,70829.1,71216.8,3752.236
2026-04-09T09:00:00Z,71216.8,71582.7,71069.2,71505.8,4041.894
2026-04-09T10:00:00Z,71505.8,71515.6,71240.8,71240.9,1438.437
2026-04-09T11:00:00Z,71240.9,71320.1,71012.7,71120.0,2158.897
2026-04-09T12:00:00Z,71120.0,71311.2,70997.0,71259.5,1964.128
2026-04-09T13:00:00Z,71259.5,71348.5,70600.1,70775.5,5134.99
2026-04-09T14:00:00Z,70775.5,71239.3,70478.4,71088.3,6477.186
2026-04-09T15:00:00Z,71088.3,72338.4,70889.0,72118.3,14150.279
2026-04-09T16:00:00Z,72118.3,72400.0,71695.5,72051.2,7142.416
2026-04-09T17:00:00Z,72051.2,72541.1,72037.1,72317.4,6274.026
2026-04-09T18:00:00Z,72317.4,72349.9,71696.6,71858.8,4333.238
2026-04-09T19:00:00Z,71858.8,72298.5,71704.0,72053.4,4723.901
2026-04-09T20:00:00Z,72053.4,72421.5,71939.8,72384.4,3991.943
2026-04-09T21:00:00Z,72384.4,72698.0,72056.8,72232.4,4687.274
2026-04-09T22:00:00Z,72232.4,73141.6,71905.7,71910.0,9171.118
2026-04-09T23:00:00Z,71910.0,72019.1,71560.0,71755.0,4965.175
2026-04-10T00:00:00Z,71755.0,72018.6,71550.2,71946.3,2444.203
2026-04-10T01:00:00Z,71946.3,72366.5,71626.9,72134.7,3880.459
2026-04-10T02:00:00Z,72134.7,72270.9,71875.3,71931.6,1200.042
2026-04-10T03:00:00Z,71931.6,72000.0,71780.5,71841.4,1486.67
2026-04-10T04:00:00Z,71841.4,72199.2,71760.5,72095.4,1828.234
2026-04-10T05:00:00Z,72095.4,72250.0,71975.0,72099.0,1681.914
2026-04-10T06:00:00Z,72099.0,72158.1,71761.2,71776.0,1251.436
2026-04-10T07:00:00Z,71776.0,71822.6,71377.6,71459.3,2432.844
2026-04-10T08:00:00Z,71459.3,71734.0,71394.5,71575.5,2078.522
2026-04-10T09:00:00Z,71575.5,71859.0,71557.0,71741.9,1630.124
2026-04-10T10:00:00Z,71741.9,71896.0,71674.0,71869.1,1043.975
2026-04-10T11:00:00Z,71869.1,72236.4,71857.1,72097.2,2311.852
2026-04-10T12:00:00Z,72097.2,72451.7,71959.9,72226.4,4857.175
2026-04-10T13:00:00Z,72226.4,72384.3,71877.0,72292.5,3032.536
2026-04-10T14:00:00Z,72292.5,73133.3,72220.0,72882.6,10533.531
2026-04-10T15:00:00Z,72882.6,73268.0,72320.3,72429.7,6322.819
2026-04-10T16:00:00Z,72429.7,73044.3,72352.2,72963.8,4098.868
2026-04-10T17:00:00Z,72963.8,73120.0,72750.0,73095.2,2829.56
2026-04-10T18:00:00Z,73095.2,73146.4,72848.7,73065.0,2065.701
2026-04-10T19:00:00Z,73065.0,73238.8,72849.2,73203.7,3502.174
2026-04-10T20:00:00Z,73203.7,73454.9,73003.3,73325.9,5251.915
2026-04-10T21:00:00Z,73325.9,73327.6,72878.6,73153.8,2047.498
2026-04-10T22:00:00Z,73153.8,73220.7,72664.1,72830.9,2519.492
2026-04-10T23:00:00Z,72830.9,72926.5,72733.0,72920.0,966.643
2026-04-11T00:00:00Z,72920.0,72920.1,72719.2,72790.3,904.396
2026-04-11T01:00:00Z,72790.3,72967.1,72623.9,72922.0,1215.353
2026-04-11T02:00:00Z,72922.0,73063.0,72870.6,72929.5,1114.544
2026-04-11T03:00:00Z,72929.5,73039.4,72765.0,72831.6,776.779
2026-04-11T04:00:00Z,72831.6,72923.0,72628.3,72770.0,1545.734
2026-04-11T05:00:00Z,72770.0,72803.4,72626.4,72683.1,802.467
2026-04-11T06:00:00Z,72683.1,72741.0,72571.4,72725.8,827.597
2026-04-11T07:00:00Z,72725.8,72798.0,72635.4,72715.8,1018.503
2026-04-11T08:00:00Z,72715.8,72767.9,72601.0,72628.3,557.408
2026-04-11T09:00:00Z,72628.3,72878.5,72580.9,72867.9,1368.61
2026-04-11T10:00:00Z,72867.9,72880.0,72721.3,72803.4,1047.246
2026-04-11T11:00:00Z,72803.4,72887.1,72779.6,72871.5,586.748
2026-04-11T12:00:00Z,72871.5,72957.5,72761.2,72900.0,1372.559
2026-04-11T13:00:00Z,72900.0,72900.0,72481.3,72621.9,2400.284
2026-04-11T14:00:00Z,72621.9,72734.5,72567.9,72662.9,750.956
2026-04-11T15:00:00Z,72662.9,72869.4,72638.3,72823.2,1026.435
2026-04-11T16:00:00Z,72823.2,73197.5,72780.0,73002.6,2297.371
2026-04-11T17:00:00Z,73002.6,73146.5,72912.4,73065.2,1408.712
2026-04-11T18:00:00Z,73065.2,73718.3,73000.0,73520.3,4609.783
2026-04-11T19:00:00Z,73520.3,73800.0,73427.5,73658.9,3600.511
2026-04-11T20:00:00Z,73658.9,73671.3,73180.9,73263.1,3076.226
2026-04-11T21:00:00Z,73263.1,73517.1,73166.0,73395.1,1154.88
2026-04-11T22:00:00Z,73395.1,73538.0,73200.2,73337.9,1171.342
2026-04-11T23:00:00Z,73337.9,73337.9,72859.6,73011.6,2170.569
2026-04-12T00:00:00Z,73011.6,73086.2,72800.0,73042.5,1649.294
2026-04-12T01:00:00Z,73042.5,73104.0,71267.8,71603.8,10287.388
2026-04-12T02:00:00Z,71603.8,71926.0,71294.2,71726.5,5635.235
2026-04-12T03:00:00Z,71726.5,71830.0,71556.0,71561.6,1645.56
2026-04-12T04:00:00Z,71561.6,71650.0,71401.7,71433.3,1650.41
2026-04-12T05:00:00Z,71433.3,71749.9,71380.1,71666.1,1476.566
2026-04-12T06:00:00Z,71666.1,71718.0,71600.1,71618.6,891.048
2026-04-12T07:00:00Z,71618.6,71722.6,71545.0,71635.0,983.184
2026-04-12T08:00:00Z,71635.0,71740.0,71552.0,71588.6,812.717
2026-04-12T09:00:00Z,71588.6,71597.9,71471.4,71495.1,780.345
2026-04-12T10:00:00Z,71495.1,71672.6,71309.4,71413.6,2011.465
2026-04-12T11:00:00Z,71413.6,71507.1,71378.1,71426.7,792.838
2026-04-12T12:00:00Z,71426.7,71466.6,71000.0,71041.8,4626.966
2026-04-12T13:00:00Z,71041.8,71113.4,70815.3,70860.0,4248.218
2026-04-12T14:00:00Z,70860.0,71070.3,70650.1,70708.3,4154.873
2026-04-12T15:00:00Z,70708.3,70895.2,70567.0,70848.5,3010.659
2026-04-12T16:00:00Z,70848.5,70916.9,70777.0,70889.9,1178.518
2026-04-12T17:00:00Z,70889.9,71200.0,70848.6,71100.0,2051.457
2026-04-12T18:00:00Z,71100.0,71181.0,71012.6,71089.3,1082.889
2026-04-12T19:00:00Z,71089.3,71180.6,71026.4,71049.3,1031.932
2026-04-12T20:00:00Z,71049.3,71410.0,70913.7,71293.6,2598.538
2026-04-12T21:00:00Z,71293.6,71418.5,71114.4,71327.5,1193.237
2026-04-12T22:00:00Z,71327.5,71331.7,70450.0,70876.0,6637.535
2026-04-12T23:00:00Z,70876.0,70878.5,70521.5,70715.0,1804.97
2026-04-13T00:00:00Z,70715.0,71234.6,70580.6,71134.1,2288.554
2026-04-13T01:00:00Z,71134.1,71198.8,70992.0,71158.6,1274.778
2026-04-13T02:00:00Z,71158.6,71247.8,70941.8,71049.9,969.661
2026-04-13T03:00:00Z,71049.9,71136.7,70870.3,70947.1,965.1
2026-04-13T04:00:00Z,70947.1,71128.5,70820.9,70865.0,1078.292
2026-04-13T05:00:00Z,70865.0,70891.6,70628.0,70849.9,1371.646
2026-04-13T06:00:00Z,70849.9,71076.6,70842.7,70993.9,1250.386
2026-04-13T07:00:00Z,70993.9,71039.8,70650.0,70776.0,1642.691
2026-04-13T08:00:00Z,70776.0,70834.4,70523.4,70637.6,2727.936
2026-04-13T09:00:00Z,70637.6,70866.8,70637.6,70762.7,1138.124
2026-04-13T10:00:00Z,70762.7,70815.7,70650.0,70718.7,900.503
2026-04-13T11:00:00Z,70718.7,70954.2,70703.1,70889.0,1688.06
2026-04-13T12:00:00Z,70889.0,71190.0,70724.3,71036.4,2549.837
2026-04-13T13:00:00Z,71036.4,71675.1,70775.5,71618.1,7582.449
2026-04-13T14:00:00Z,71618.1,72363.0,71335.0,72348.4,11094.82
2026-04-13T15:00:00Z,72348.4,72421.6,71609.7,71826.1,6918.236
2026-04-13T16:00:00Z,71826.1,72400.0,71626.8,72159.6,7265.412
2026-04-13T17:00:00Z,72159.6,72571.5,72018.5,72104.9,4702.244
2026-04-13T18:00:00Z,72104.9,72428.5,72000.5,72388.2,3238.636
2026-04-13T19:00:00Z,72388.2,73447.3,72253.1,73275.6,10370.392
2026-04-13T20:00:00Z,73275.6,73356.0,72967.5,73101.9,3875.876
2026-04-13T21:00:00Z,73101.9,73338.0,73033.4,73143.4,1586.084
2026-04-13T22:00:00Z,73143.4,74746.4,73129.3,74592.0,13000.935
2026-04-13T23:00:00Z,74592.0,74868.2,74350.3,74383.7,4987.198
2026-04-14T00:00:00Z,74383.7,74492.3,74074.1,74125.7,3194.919
2026-04-14T01:00:00Z,74125.7,74411.3,73932.0,74351.0,1983.253
2026-04-14T02:00:00Z,74351.0,74565.0,74249.9,74304.5,1735.856
2026-04-14T03:00:00Z,74304.5,74470.0,74215.2,74413.4,1123.608
2026-04-14T04:00:00Z,74413.4,74494.7,74315.6,74358.3,976.478
2026-04-14T05:00:00Z,74358.3,74410.0,74128.6,74185.8,1215.243
2026-04-14T06:00:00Z,74185.8,74524.7,74185.8,74490.7,1361.951
2026-04-14T07:00:00Z,74490.7,74932.4,74396.6,74527.2,4373.549
2026-04-14T08:00:00Z,74527.2,74900.0,74428.4,74724.2,2629.393
2026-04-14T09:00:00Z,74724.2,74802.5,74399.5,74471.7,2178.398
2026-04-14T10:00:00Z,74471.7,74574.0,74292.6,74310.8,1554.936
2026-04-14T11:00:00Z,74310.8,74434.5,74270.6,74342.2,1150.037
2026-04-14T12:00:00Z,74342.2,74479.7,74226.9,74425.5,1747.169
2026-04-14T13:00:00Z,74425.5,75491.9,74362.6,75482.0,10084.661
2026-04-14T14:00:00Z,75482.0,76010.3,74968.3,74974.2,12371.84
2026-04-14T15:00:00Z,74974.2,75412.4,74520.3,75272.3,8420.342
2026-04-14T16:00:00Z,75272.3,75649.0,74454.6,74606.0,5337.876
2026-04-14T17:00:00Z,74606.0,74914.5,74200.0,74701.0,5028.312
2026-04-14T18:00:00Z,74701.0,74771.6,73783.7,74048.1,6023.184
2026-04-14T19:00:00Z,74048.1,74348.2,73820.0,74170.3,4566.352
2026-04-14T20:00:00Z,74170.3,74395.0,73951.3,74045.2,2474.541
2026-04-14T21:00:00Z,74045.2,74271.9,73874.6,74220.1,1759.791
2026-04-14T22:00:00Z,74220.1,74327.9,73754.5,73983.2,3252.782
2026-04-14T23:00:00Z,73983.2,74207.2,73955.0,74092.2,1843.142
2026-04-15T00:00:00Z,74092.2,74634.4,74070.8,74515.0,3171.326
2026-04-15T01:00:00Z,74515.0,74765.6,74447.4,74558.2,1944.156
2026-04-15T02:00:00Z,74558.2,74654.5,74121.0,74275.4,2294.215
2026-04-15T03:00:00Z,74275.4,74333.0,74130.9,74299.9,933.289
2026-04-15T04:00:00Z,74299.9,74398.0,74210.2,74288.7,1195.55
2026-04-15T05:00:00Z,74288.7,74398.4,73820.2,73975.1,3313.715
2026-04-15T06:00:00Z,73975.1,74010.0,73810.7,73848.0,1305.648
2026-04-15T07:00:00Z,73848.0,73970.8,73455.5,73701.9,3733.158
2026-04-15T08:00:00Z,73701.9,74187.9,73630.1,74063.0,2740.48
2026-04-15T09:00:00Z,74063.0,74136.0,73865.0,73963.2,1472.784
2026-04-15T10:00:00Z,73963.2,74222.0,73737.2,73817.8,2660.941
2026-04-15T11:00:00Z,73817.8,74217.0,73817.8,74158.0,2179.99
2026-04-15T12:00:00Z,74158.0,74432.9,74001.8,74222.1,3200.876
2026-04-15T13:00:00Z,74222.1,74395.5,73766.2,74014.1,4208.693
2026-04-15T14:00:00Z,74014.1,74474.6,73780.8,74111.5,6056.686
2026-04-15T15:00:00Z,74111.5,74263.3,73519.0,73798.3,5209.256
2026-04-15T16:00:00Z,73798.3,74145.4,73714.4,73899.9,2592.002
2026-04-15T17:00:00Z,73899.9,74200.0,73870.0,74094.0,1694.092
2026-04-15T18:00:00Z,74094.0,74362.0,74023.7,74347.5,2021.095
2026-04-15T19:00:00Z,74347.5,75246.7,74306.7,74960.3,7355.216
2026-04-15T20:00:00Z,74960.3,74999.0,74456.9,74791.3,3979.677
2026-04-15T21:00:00Z,74791.3,74819.0,74505.4,74704.6,1278.275
2026-04-15T22:00:00Z,74704.6,75396.0,74693.6,74929.8,3155.133
2026-04-15T23:00:00Z,74929.8,74929.8,74573.6,74778.3,1900.049
2026-04-16T00:00:00Z,74778.3,74853.9,74381.1,74770.1,2482.05
2026-04-16T01:00:00Z,74770.1,74770.2,74410.4,74611.2,953.603
2026-04-16T02:00:00Z,74611.2,75225.0,74557.3,74844.7,2766.577
2026-04-16T03:00:00Z,74844.7,75120.0,74826.0,74847.0,1345.5
2026-04-16T04:00:00Z,74847.0,75136.2,74680.0,74900.0,1921.774
2026-04-16T05:00:00Z,74900.0,75100.5,74850.0,75004.5,827.776
2026-04-16T06:00:00Z,75004.5,75076.0,74811.6,74984.6,1080.703
2026-04-16T07:00:00Z,74984.6,75045.4,74578.0,74668.9,1554.438
2026-04-16T08:00:00Z,74668.9,74718.5,74460.5,74633.9,3266.339
2026-04-16T09:00:00Z,74633.9,74865.0,74548.0,74549.5,1970.844
2026-04-16T10:00:00Z,74549.5,74611.4,74229.0,74269.0,3337.486
2026-04-16T11:00:00Z,74269.0,74540.8,74229.2,74524.9,1935.918
2026-04-16T12:00:00Z,74524.9,74875.7,74520.0,74574.7,1787.573
2026-04-16T13:00:00Z,74574.7,74976.9,73235.8,73740.0,10286.906
2026-04-16T14:00:00Z,73740.0,74154.9,73376.5,73930.1,7414.013
2026-04-16T15:00:00Z,73930.1,74871.0,73888.6,74657.0,8211.615
2026-04-16T16:00:00Z,74657.0,74899.9,74013.3,74132.7,5129.42
2026-04-16T17:00:00Z,74132.7,74414.0,73837.6,74301.9,5025.021
2026-04-16T18:00:00Z,74301.9,75069.3,74199.3,75001.1,4270.094
2026-04-16T19:00:00Z,75001.1,75388.0,74700.0,75317.4,4877.347
2026-04-16T20:00:00Z,75317.4,75506.2,74962.2,75186.9,3009.483
2026-04-16T21:00:00Z,75186.9,75249.1,74755.1,74904.1,1963.379
2026-04-16T22:00:00Z,74904.1,75095.8,74790.8,74833.0,1492.622
2026-04-16T23:00:00Z,74833.0,75140.0,74795.0,75105.6,954.837
2026-04-17T00:00:00Z,75105.6,75116.8,74836.2,74897.1,1439.215
2026-04-17T01:00:00Z,74897.1,74997.6,74519.6,74703.1,3481.531
2026-04-17T02:00:00Z,74703.1,74771.5,74480.2,74667.7,1139.976
2026-04-17T03:00:00Z,74667.7,74799.9,74560.0,74569.1,1103.06
2026-04-17T04:00:00Z,74569.1,74818.6,74541.9,74745.3,820.36
2026-04-17T05:00:00Z,74745.3,74769.5,74491.6,74595.9,1756.191
2026-04-17T06:00:00Z,74595.9,74909.7,74544.7,74904.4,2421.616
2026-04-17T07:00:00Z,74904.4,75066.2,74890.3,75047.1,2186.973
2026-04-17T08:00:00Z,75047.1,75850.1,74952.0,75736.5,5451.971
2026-04-17T09:00:00Z,75736.5,76333.0,75481.0,75743.1,8516.468
2026-04-17T10:00:00Z,75743.1,75850.0,75049.6,75234.5,4849.659
2026-04-17T11:00:00Z,75234.5,75575.2,75203.3,75553.4,1803.774
2026-04-17T12:00:00Z,75553.4,76250.0,75486.2,76200.0,5975.952
2026-04-17T13:00:00Z,76200.0,77400.0,76015.0,77305.5,19394.819
2026-04-17T14:00:00Z,77305.5,78043.4,76970.1,77850.7,12445.456
2026-04-17T15:00:00Z,77850.7,77944.1,77386.0,77736.7,5454.714
2026-04-17T16:00:00Z,77736.7,78332.6,77652.6,77814.6,5694.536
2026-04-17T17:00:00Z,77814.6,77875.6,77056.0,77468.0,5474.84
2026-04-17T18:00:00Z,77468.0,77523.9,77034.8,77113.3,2737.566
2026-04-17T19:00:00Z,77113.3,77423.9,76900.0,77350.2,3195.096
2026-04-17T20:00:00Z,77350.2,77570.9,77099.1,77285.4,1709.901
2026-04-17T21:00:00Z,77285.4,77455.9,77232.4,77400.1,1010.84
2026-04-17T22:00:00Z,77400.1,77472.8,77220.0,77251.6,1083.714
2026-04-17T23:00:00Z,77251.6,77260.8,76837.8,77018.5,2324.33
2026-04-18T00:00:00Z,77018.5,77200.1,76904.4,77127.6,1395.699
2026-04-18T01:00:00Z,77127.6,77306.8,77065.4,77162.8,1276.128
2026-04-18T02:00:00Z,77162.8,77379.9,77065.9,77245.0,1753.627
2026-04-18T03:00:00Z,77245.0,77250.0,76911.2,76964.3,1403.676
2026-04-18T04:00:00Z,76964.3,77122.5,76825.0,77061.0,1085.64
2026-04-18T05:00:00Z,77061.0,77232.8,77057.0,77082.2,925.945
2026-04-18T06:00:00Z,77082.2,77192.5,77000.9,77085.3,702.825
2026-04-18T07:00:00Z,77085.3,77091.7,76851.1,76955.9,869.89
2026-04-18T08:00:00Z,76955.9,77011.0,76444.0,76688.8,3385.318
2026-04-18T09:00:00Z,76688.8,76688.9,76368.2,76549.1,2245.881
2026-04-18T10:00:00Z,76549.1,76549.2,76080.0,76150.0,3795.15
2026-04-18T11:00:00Z,76150.0,76150.0,75702.1,75993.2,4745.904
2026-04-18T12:00:00Z,75993.2,76262.8,75993.1,76156.4,2139.634
2026-04-18T13:00:00Z,76156.4,76166.0,75728.1,76074.7,1789.817
2026-04-18T14:00:00Z,76074.7,76260.8,75930.0,76209.1,1931.257
2026-04-18T15:00:00Z,76209.1,76384.4,75950.5,76120.7,2042.789
2026-04-18T16:00:00Z,76120.7,76174.4,75609.5,75899.0,2864.863
2026-04-18T17:00:00Z,75899.0,75922.9,75730.2,75780.2,1032.689
2026-04-18T18:00:00Z,75780.2,75808.7,75380.0,75602.1,3614.128
2026-04-18T19:00:00Z,75602.1,75764.9,75524.7,75605.0,1164.223
2026-04-18T20:00:00Z,75605.0,75803.6,75555.4,75710.3,1130.87
2026-04-18T21:00:00Z,75710.3,75803.7,75547.5,75776.8,652.695
2026-04-18T22:00:00Z,75776.8,75840.7,75554.5,75771.7,937.894
2026-04-18T23:00:00Z,75771.7,75868.1,75650.0,75650.0,650.553
2026-04-19T00:00:00Z,75650.0,75809.7,75500.0,75633.7,981.605
2026-04-19T01:00:00Z,75633.7,75764.4,75412.0,75577.3,880.356
2026-04-19T02:00:00Z,75577.3,75680.0,75356.0,75453.4,1313.019
2026-04-19T03:00:00Z,75453.4,75606.9,75302.8,75477.4,957.487
2026-04-19T04:00:00Z,75477.4,75748.7,75369.2,75625.9,1502.881
2026-04-19T05:00:00Z,75625.9,75650.0,75470.6,75509.2,692.878
2026-04-19T06:00:00Z,75509.2,75510.0,75219.3,75356.1,1829.052
2026-04-19T07:00:00Z,75356.1,75358.8,74810.3,75209.0,4302.394
2026-04-19T08:00:00Z,75209.0,75265.0,75034.8,75217.8,1717.609
2026-04-19T09:00:00Z,75217.8,75231.7,74881.2,74986.2,1469.265
2026-04-19T10:00:00Z,74986.2,75221.9,74894.5,75186.3,1614.726
2026-04-19T11:00:00Z,75186.3,75619.0,75178.8,75564.6,2630.055
2026-04-19T12:00:00Z,75564.6,75674.0,75391.4,75539.1,2457.452
2026-04-19T13:00:00Z,75539.1,76211.8,75517.4,75889.7,4345.259
2026-04-19T14:00:00Z,75889.7,76118.2,75633.0,75983.9,2078.463
2026-04-19T15:00:00Z,75983.9,76121.2,75338.6,75813.4,2666.155
2026-04-19T16:00:00Z,75813.4,75822.0,75208.1,75349.9,2957.28
2026-04-19T17:00:00Z,75349.9,75361.9,74591.1,74745.2,5356.189
2026-04-19T18:00:00Z,74745.2,74866.7,74550.0,74737.0,2445.945
2026-04-19T19:00:00Z,74737.0,75040.2,74737.0,74919.0,1276.31
2026-04-19T20:00:00Z,74919.0,74921.4,74358.4,74600.2,2521.785
2026-04-19T21:00:00Z,74600.2,74779.1,74300.5,74378.3,1452.315
2026-04-19T22:00:00Z,74378.3,74378.3,73700.1,74002.4,7774.455
2026-04-19T23:00:00Z,74002.4,74025.0,73750.2,73765.8,2166.99
2026-04-20T00:00:00Z,73765.8,74330.0,73653.6,74238.8,3887.14
2026-04-20T01:00:00Z,74238.8,74700.0,74172.5,74555.7,2548.667
2026-04-20T02:00:00Z,74555.7,74592.7,74265.0,74373.6,1423.348
2026-04-20T03:00:00Z,74373.6,74612.6,74320.1,74598.8,1297.854
2026-04-20T04:00:00Z,74598.8,74600.0,74400.0,74527.6,1203.675
2026-04-20T05:00:00Z,74527.6,74527.6,74057.3,74232.3,1966.704
2026-04-20T06:00:00Z,74232.3,74865.6,74205.0,74748.7,2636.615
2026-04-20T07:00:00Z,74748.7,75544.5,74620.0,74785.8,7827.682
2026-04-20T08:00:00Z,74785.8,74969.1,74564.6,74688.4,2998.914
2026-04-20T09:00:00Z,74688.4,75204.9,74655.1,75029.1,2153.125
2026-04-20T10:00:00Z,75029.1,75371.4,74960.2,74990.5,1695.724
2026-04-20T11:00:00Z,74990.5,75250.0,74915.0,75153.2,1499.496
2026-04-20T12:00:00Z,75153.2,75621.3,75031.0,75251.5,3845.692
2026-04-20T13:00:00Z,75251.5,75399.0,74809.2,75229.9,4353.559
2026-04-20T14:00:00Z,75229.9,75737.5,74865.9,74989.1,5687.613
2026-04-20T15:00:00Z,74989.1,75759.0,74655.0,75667.3,7240.88
2026-04-20T16:00:00Z,75667.3,75682.9,75250.0,75301.0,2623.009
2026-04-20T17:00:00Z,75301.0,75931.7,75241.9,75849.6,3543.76
2026-04-20T18:00:00Z,75849.6,76429.7,75849.6,76389.9,4705.774
2026-04-20T19:00:00Z,76389.9,76444.8,76088.2,76246.5,2490.672
2026-04-20T20:00:00Z,76246.5,76528.2,76052.0,76220.9,1972.218
2026-04-20T21:00:00Z,76220.9,76323.9,75727.3,75905.9,2024.153
2026-04-20T22:00:00Z,75905.9,76110.8,75850.7,75927.6,1173.397
2026-04-20T23:00:00Z,75927.6,75927.6,75562.9,75789.1,1744.306
2026-04-21T00:00:00Z,75789.1,76073.6,75646.2,76056.1,1956.485
2026-04-21T01:00:00Z,76056.1,76234.5,75820.5,75887.2,1679.517
2026-04-21T02:00:00Z,75887.2,75905.6,75509.3,75538.7,2855.16
2026-04-21T03:00:00Z,75538.7,75709.6,75440.0,75667.4,1677.316
2026-04-21T04:00:00Z,75667.4,75780.4,75556.1,75760.8,980.849
2026-04-21T05:00:00Z,75760.8,75943.4,75732.0,75762.3,1044.242
2026-04-21T06:00:00Z,75762.3,76096.1,75647.5,75930.0,1352.387
2026-04-21T07:00:00Z,75930.0,76283.3,75767.1,76056.0,2529.345
2026-04-21T08:00:00Z,76056.0,76934.1,76024.4,76469.4,4100.564
2026-04-21T09:00:00Z,76469.4,76555.0,76117.3,76331.4,2207.532
2026-04-21T10:00:00Z,76331.4,76851.7,76309.3,76700.1,2620.288
2026-04-21T11:00:00Z,76700.1,76713.0,76282.4,76415.4,2393.461
2026-04-21T12:00:00Z,76415.4,76498.0,75622.7,75968.4,5417.584
2026-04-21T13:00:00Z,75968.4,76151.6,75687.6,75858.2,4213.413
2026-04-21T14:00:00Z,75858.2,76559.6,75567.3,75616.2,6186.879
2026-04-21T15:00:00Z,75616.2,75940.6,75359.7,75791.0,4051.638
2026-04-21T16:00:00Z,75791.0,76147.4,75708.7,75729.7,2209.63
2026-04-21T17:00:00Z,75729.7,75877.8,75006.7,75508.7,6441.965
2026-04-21T18:00:00Z,75508.7,75627.5,75258.9,75568.8,1926.128
2026-04-21T19:00:00Z,75568.8,75877.5,74769.6,74984.9,6566.002
2026-04-21T20:00:00Z,74984.9,75827.1,74940.0,75650.4,5033.572
2026-04-21T21:00:00Z,75650.4,75734.0,75400.0,75501.8,850.181
2026-04-21T22:00:00Z,75501.8,75620.5,75250.8,75607.2,1318.663
2026-04-21T23:00:00Z,75607.2,76396.8,75585.0,76294.8,3368.151
2026-04-22T00:00:00Z,76294.8,76489.0,76138.7,76337.4,3681.214
2026-04-22T01:00:00Z,76337.4,76392.2,76100.0,76266.0,1262.246
2026-04-22T02:00:00Z,76266.0,77622.0,76176.1,77569.6,9822.148
2026-04-22T03:00:00Z,77569.6,77700.0,77370.0,77492.0,4190.989
2026-04-22T04:00:00Z,77492.0,77674.4,77320.0,77485.6,1954.623
2026-04-22T05:00:00Z,77485.6,78432.0,77408.0,77950.0,9621.511
2026-04-22T06:00:00Z,77950.0,78000.0,77846.0,77964.3,1779.456
2026-04-22T07:00:00Z,77964.3,78087.8,77767.3,77976.0,2238.47
2026-04-22T08:00:00Z,77976.0,78172.3,77886.7,77965.9,2197.015
2026-04-22T09:00:00Z,77965.9,78174.8,77912.0,77965.0,1908.698
2026-04-22T10:00:00Z,77965.0,78145.5,77903.8,78119.1,1566.442
2026-04-22T11:00:00Z,78119.1,78406.5,78040.2,78264.6,3065.243
2026-04-22T12:00:00Z,78264.6,78481.4,78056.4,78194.4,3381.652
2026-04-22T13:00:00Z,78194.4,78794.0,78118.4,78789.7,6247.957
2026-04-22T14:00:00Z,78789.7,79175.9,78507.6,78994.8,8316.798
2026-04-22T15:00:00Z,78994.8,79387.8,78784.0,79224.1,5501.128
2026-04-22T16:00:00Z,79224.1,79423.5,78577.7,78699.2,4622.075
2026-04-22T17:00:00Z,78699.2,78988.6,78648.3,78856.0,2165.795
2026-04-22T18:00:00Z,78856.0,79128.7,78773.8,78982.5,1579.279
2026-04-22T19:00:00Z,78982.5,79029.7,78646.2,78794.2,2470.086
2026-04-22T20:00:00Z,78794.2,78877.6,78333.0,78390.5,2393.751
2026-04-22T21:00:00Z,78390.5,78789.9,78372.6,78716.3,1193.556
2026-04-22T22:00:00Z,78716.3,78789.0,78409.2,78564.9,1195.79
2026-04-22T23:00:00Z,78564.9,78567.8,78110.0,78139.5,2218.354
2026-04-23T00:00:00Z,78139.5,78548.1,77535.0,78399.9,6178.717
2026-04-23T01:00:00Z,78399.9,78431.8,78018.3,78321.5,1741.436
2026-04-23T02:00:00Z,78321.5,78322.5,77710.6,77887.6,2757.826
2026-04-23T03:00:00Z,77887.6,77988.0,77407.9,77699.4,4312.506
2026-04-23T04:00:00Z,77699.4,77909.3,77625.5,77864.4,1866.873
2026-04-23T05:00:00Z,77864.4,78064.4,77722.3,77985.1,2393.872
2026-04-23T06:00:00Z,77985.1,78310.0,77985.1,78167.8,3046.391
2026-04-23T07:00:00Z,78167.8,78208.3,77936.2,78018.0,2151.877
2026-04-23T08:00:00Z,78018.0,78144.6,77659.4,77812.9,3157.283
2026-04-23T09:00:00Z,77812.9,77824.6,77375.2,77610.1,2876.116
2026-04-23T10:00:00Z,77610.1,77679.4,77114.5,77370.2,4323.632
2026-04-23T11:00:00Z,77370.2,77708.7,77328.1,77650.2,1946.625
2026-04-23T12:00:00Z,77650.2,77840.9,77471.0,77828.5,3886.445
2026-04-23T13:00:00Z,77828.5,77876.3,77347.8,77491.0,2484.263
2026-04-23T14:00:00Z,77491.0,78186.5,77376.1,78143.3,5104.568
2026-04-23T15:00:00Z,78143.3,78633.0,77930.2,78339.3,6078.226
2026-04-23T16:00:00Z,78339.3,78479.0,77975.4,78046.3,4659.414
2026-04-23T17:00:00Z,78046.3,78137.6,76900.0,77722.3,12754.919
2026-04-23T18:00:00Z,77722.3,78100.0,77628.7,77630.6,6938.605
2026-04-23T19:00:00Z,77630.6,77854.0,77539.2,77671.8,3018.288
2026-04-23T20:00:00Z,77671.8,78018.0,77603.6,77839.6,1893.451
2026-04-23T21:00:00Z,77839.6,78041.8,77745.1,77820.1,1105.196
2026-04-23T22:00:00Z,77820.1,78297.0,77820.1,78194.3,2427.184
2026-04-23T23:00:00Z,78194.3,78266.0,77975.9,78214.3,738.483
2026-04-24T00:00:00Z,78214.3,78459.0,78116.6,78384.5,1279.851
2026-04-24T01:00:00Z,78384.5,78420.0,77910.6,78378.5,1849.08
2026-04-24T02:00:00Z,78378.5,78537.0,78007.6,78083.6,1440.553
2026-04-24T03:00:00Z,78083.6,78175.7,77508.3,77700.1,3843.276
2026-04-24T04:00:00Z,77700.1,77816.1,77421.9,77631.4,1755.119
2026-04-24T05:00:00Z,77631.4,78017.7,77416.0,77910.5,2172.213
2026-04-24T06:00:00Z,77910.5,77946.3,77722.8,77753.2,1264.612
2026-04-24T07:00:00Z,77753.2,77820.0,77509.6,77627.1,2086.98
2026-04-24T08:00:00Z,77627.1,77977.4,77534.7,77754.3,2239.669
2026-04-24T09:00:00Z,77754.3,77777.0,77358.9,77499.9,2073.801
2026-04-24T10:00:00Z,77499.9,77762.9,77414.0,77711.0,1968.995
2026-04-24T11:00:00Z,77711.0,78357.5,77711.0,78200.0,6220.989
2026-04-24T12:00:00Z,78200.0,78314.9,77967.1,78225.4,2865.563
2026-04-24T13:00:00Z,78225.4,78430.2,77853.6,78041.9,5429.525
2026-04-24T14:00:00Z,78041.9,78043.0,77620.1,77986.8,5246.045
2026-04-24T15:00:00Z,77986.8,78215.5,77495.0,78004.2,6811.786
2026-04-24T16:00:00Z,78004.2,78022.8,77532.9,77726.8,3561.698
2026-04-24T17:00:00Z,77726.8,77786.8,77439.2,77643.0,3291.489
2026-04-24T18:00:00Z,77643.0,77682.4,77311.9,77572.2,1907.454
2026-04-24T19:00:00Z,77572.2,77705.8,77483.9,77589.4,1017.169
2026-04-24T20:00:00Z,77589.4,77729.1,77400.4,77688.3,1258.59
2026-04-24T21:00:00Z,77688.3,77724.4,77488.2,77488.2,895.496
2026-04-24T22:00:00Z,77488.2,77574.3,77200.0,77299.9,1471.802
2026-04-24T23:00:00Z,77299.9,77430.7,77291.2,77404.9,854.688
2026-04-25T00:00:00Z,77404.9,77467.8,77234.3,77424.2,724.597
2026-04-25T01:00:00Z,77424.2,77580.0,77395.3,77494.2,587.777
2026-04-25T02:00:00Z,77494.2,77611.4,77460.8,77560.0,414.394
2026-04-25T03:00:00Z,77560.0,77668.1,77506.5,77630.1,614.574
2026-04-25T04:00:00Z,77630.1,77655.5,77558.9,77584.8,353.047
2026-04-25T05:00:00Z,77584.8,77584.8,77402.2,77481.5,842.662
2026-04-25T06:00:00Z,77481.5,77554.5,77444.5,77458.0,527.763
2026-04-25T07:00:00Z,77458.0,77535.2,77410.0,77457.4,490.626
2026-04-25T08:00:00Z,77457.4,77614.8,77447.1,77607.6,478.046
2026-04-25T09:00:00Z,77607.6,77750.7,77540.4,77669.3,679.443
2026-04-25T10:00:00Z,77669.3,77847.6,77669.2,77744.2,1405.866
2026-04-25T11:00:00Z,77744.2,77744.2,77572.8,77647.5,827.47
2026-04-25T12:00:00Z,77647.5,77675.8,77502.9,77521.0,715.169
2026-04-25T13:00:00Z,77521.0,77672.4,77520.0,77642.9,496.55
2026-04-25T14:00:00Z,77642.9,77717.9,77590.0,77616.9,577.197
2026-04-25T15:00:00Z,77616.9,77679.4,77256.6,77287.0,1562.99
2026-04-25T16:00:00Z,77287.0,77415.7,77090.2,77356.0,2296.408
2026-04-25T17:00:00Z,77356.0,77364.5,77165.3,77203.4,962.529
2026-04-25T18:00:00Z,77203.4,77348.8,77163.9,77254.5,633.051
2026-04-25T19:00:00Z,77254.5,77310.0,77141.9,77278.8,713.667
2026-04-25T20:00:00Z,77278.8,77448.9,77263.3,77435.6,576.137
2026-04-25T21:00:00Z,77435.6,77516.8,77378.4,77497.7,1247.747
2026-04-25T22:00:00Z,77497.7,77610.1,77461.0,77520.4,802.433
2026-04-25T23:00:00Z,77520.4,77634.2,77490.0,77591.4,546.975
2026-04-26T00:00:00Z,77591.4,77610.5,77413.1,77470.1,728.131
2026-04-26T01:00:00Z,77470.1,77538.6,77415.0,77427.6,484.067
2026-04-26T02:00:00Z,77427.6,77563.7,77419.2,77485.2,406.101
2026-04-26T03:00:00Z,77485.2,77509.3,77284.7,77356.1,528.393
2026-04-26T04:00:00Z,77356.1,77793.0,77336.7,77734.1,1719.749
2026-04-26T05:00:00Z,77734.1,78179.9,77672.5,77945.0,3729.674
2026-04-26T06:00:00Z,77945.0,78010.0,77851.0,77960.9,1040.584
2026-04-26T07:00:00Z,77960.9,78094.0,77918.4,78069.3,689.668
2026-04-26T08:00:00Z,78069.3,78176.0,77970.1,77989.8,1061.132
2026-04-26T09:00:00Z,77989.8,78023.1,77880.6,77968.8,840.773
2026-04-26T10:00:00Z,77968.8,78016.3,77913.0,77961.1,452.778
2026-04-26T11:00:00Z,77961.1,78129.2,77961.1,78052.4,933.61
2026-04-26T12:00:00Z,78052.4,78063.0,77689.8,77788.6,2411.267
2026-04-26T13:00:00Z,77788.6,77955.8,77750.0,77933.7,1408.874
2026-04-26T14:00:00Z,77933.7,78150.0,77833.6,78047.0,1545.519
2026-04-26T15:00:00Z,78047.0,78094.8,77952.1,78010.6,979.509
2026-04-26T16:00:00Z,78010.6,78053.4,77890.4,77890.4,712.223
2026-04-26T17:00:00Z,77890.4,78024.3,77794.3,77972.8,900.651
2026-04-26T18:00:00Z,77972.8,78318.7,77946.4,78233.0,1934.451
2026-04-26T19:00:00Z,78233.0,78483.4,77969.2,78182.9,3082.855
2026-04-26T20:00:00Z,78182.9,78388.8,78103.6,78141.8,1483.168
2026-04-26T21:00:00Z,78141.8,78942.3,77777.2,78375.5,6029.935
2026-04-26T22:00:00Z,78375.5,78841.3,77923.2,78283.0,6163.305
2026-04-26T23:00:00Z,78283.0,78899.7,78000.9,78622.1,5200.95
2026-04-27T00:00:00Z,78622.1,79335.0,78338.7,79265.0,4828.133
2026-04-27T01:00:00Z,79265.0,79457.4,78690.0,79252.9,6369.877
2026-04-27T02:00:00Z,79252.9,79280.0,79000.7,79093.6,1867.213
2026-04-27T03:00:00Z,79093.6,79288.0,79036.6,79069.9,1126.455
2026-04-27T04:00:00Z,79069.9,79152.5,78841.3,78895.8,1337.9
2026-04-27T05:00:00Z,78895.8,78910.0,77550.0,77746.2,10364.219
2026-04-27T06:00:00Z,77746.2,77840.2,77424.0,77663.3,4060.578
2026-04-27T07:00:00Z,77663.3,77700.0,77524.8,77558.2,1935.437
2026-04-27T08:00:00Z,77558.2,77776.8,77503.6,77766.5,1664.598
2026-04-27T09:00:00Z,77766.5,77950.0,77652.8,77857.9,2145.442
2026-04-27T10:00:00Z,77857.9,77905.5,77735.4,77809.3,1377.455
2026-04-27T11:00:00Z,77809.3,77847.8,77686.9,77794.8,806.373
2026-04-27T12:00:00Z,77794.8,77833.6,77580.6,77631.8,1489.776
2026-04-27T13:00:00Z,77631.8,77919.3,77522.3,77703.8,3507.728
2026-04-27T14:00:00Z,77703.8,78244.4,77628.9,77781.0,5617.041
2026-04-27T15:00:00Z,77781.0,77793.2,76512.0,76755.6,12900.807
2026-04-27T16:00:00Z,76755.6,76831.3,76502.0,76588.8,3016.842
2026-04-27T17:00:00Z,76588.8,76900.0,76583.2,76701.6,2344.119
2026-04-27T18:00:00Z,76701.6,76882.1,76622.1,76792.4,1301.455
2026-04-27T19:00:00Z,76792.4,76863.0,76415.8,76849.2,2500.073
2026-04-27T20:00:00Z,76849.2,77045.0,76800.0,76920.0,1218.328
2026-04-27T21:00:00Z,76920.0,76948.0,76740.1,76743.7,857.438
2026-04-27T22:00:00Z,76743.7,77040.2,76720.0,77024.6,1247.797
2026-04-27T23:00:00Z,77024.6,77415.6,76965.0,77328.7,1851.692
2026-04-28T00:00:00Z,77328.7,77448.2,77165.1,77341.7,2089.307
2026-04-28T01:00:00Z,77341.7,77366.3,76997.7,77056.7,1235.867
2026-04-28T02:00:00Z,77056.7,77196.7,76615.5,76845.9,3583.638
2026-04-28T03:00:00Z,76845.9,76857.0,76597.0,76765.5,1750.688
2026-04-28T04:00:00Z,76765.5,76910.0,76639.2,76843.9,1534.586
2026-04-28T05:00:00Z,76843.9,77118.8,76764.5,76842.4,1250.488
2026-04-28T06:00:00Z,76842.4,76983.9,76530.0,76660.7,1887.343
2026-04-28T07:00:00Z,76660.7,76868.5,76323.0,76826.7,3603.317
2026-04-28T08:00:00Z,76826.7,76955.6,76683.4,76807.7,1634.547
2026-04-28T09:00:00Z,76807.7,76819.1,76444.7,76548.5,1149.731
2026-04-28T10:00:00Z,76548.5,76657.6,76434.0,76572.2,1097.893
2026-04-28T11:00:00Z,76572.2,76598.6,76071.3,76193.3,3744.162
2026-04-28T12:00:00Z,76193.3,76395.4,76116.6,76340.0,2480.082
2026-04-28T13:00:00Z,76340.0,76383.8,75907.4,76152.7,4526.796
2026-04-28T14:00:00Z,76152.7,76166.7,75620.9,75910.0,4641.311
2026-04-28T15:00:00Z,75910.0,76049.6,75781.4,76024.0,2495.628
2026-04-28T16:00:00Z,76024.0,76272.8,75838.0,76091.6,2490.796
2026-04-28T17:00:00Z,76091.6,76254.6,75912.0,76145.7,2188.308
2026-04-28T18:00:00Z,76145.7,76243.7,76088.7,76189.8,1113.511
2026-04-28T19:00:00Z,76189.8,76347.4,76021.9,76285.9,1036.463
2026-04-28T20:00:00Z,76285.9,76440.0,76283.0,76427.5,1297.508
2026-04-28T21:00:00Z,76427.5,76442.1,76222.5,76322.3,1031.484
2026-04-28T22:00:00Z,76322.3,76414.0,76180.0,76209.9,662.551
2026-04-28T23:00:00Z,76209.9,76340.9,76136.1,76300.0,970.587
2026-04-29T00:00:00Z,76300.0,76536.8,76233.2,76472.7,1388.0
2026-04-29T01:00:00Z,76472.7,76633.4,76140.2,76534.3,2010.29
2026-04-29T02:00:00Z,76534.3,76624.9,76360.0,76488.2,752.754
2026-04-29T03:00:00Z,76488.2,77093.9,76472.9,76954.7,3044.337
2026-04-29T04:00:00Z,76954.7,77420.0,76844.7,77220.2,4179.081
2026-04-29T05:00:00Z,77220.2,77280.6,77142.7,77240.9,1757.622
2026-04-29T06:00:00Z,77240.9,77281.8,76880.1,76986.7,2053.133
2026-04-29T07:00:00Z,76986.7,77141.8,76966.7,77001.9,1159.315
2026-04-29T08:00:00Z,77001.9,77111.8,76916.7,77000.1,1001.468
2026-04-29T09:00:00Z,77000.1,77758.0,76911.1,77599.6,5638.295
2026-04-29T10:00:00Z,77599.6,77860.0,77500.0,77571.6,3674.895
2026-04-29T11:00:00Z,77571.6,77640.8,77425.4,77544.0,2096.891
2026-04-29T12:00:00Z,77544.0,77551.5,76934.1,77096.9,4086.37
2026-04-29T13:00:00Z,77096.9,77210.2,76338.7,76734.8,5659.605
2026-04-29T14:00:00Z,76734.8,76828.1,76435.0,76531.6,3131.678
2026-04-29T15:00:00Z,76531.6,76597.4,75661.7,75888.3,7435.66
2026-04-29T16:00:00Z,75888.3,76091.2,75635.2,75770.2,5018.385
2026-04-29T17:00:00Z,75770.2,76170.5,75760.2,76157.0,2647.82
2026-04-29T18:00:00Z,76157.0,76248.6,74900.0,75469.5,12647.853
2026-04-29T19:00:00Z,75469.5,75571.6,75258.8,75517.0,1776.968
2026-04-29T20:00:00Z,75517.0,75832.0,75445.4,75632.3,2572.666
2026-04-29T21:00:00Z,75632.3,76060.7,75570.0,75883.0,1685.645
2026-04-29T22:00:00Z,75883.0,75969.6,75774.7,75881.6,1148.824
2026-04-29T23:00:00Z,75881.6,75954.3,75653.7,75750.0,976.469
2026-04-30T00:00:00Z,75750.0,76327.2,75612.4,76204.1,2664.416
2026-04-30T01:00:00Z,76204.1,76429.1,76137.8,76193.9,2163.085
2026-04-30T02:00:00Z,76193.9,76318.4,75431.7,75663.5,3802.883
2026-04-30T03:00:00Z,75663.5,75955.3,75620.8,75882.6,1137.313
2026-04-30T04:00:00Z,75882.6,75926.6,75342.9,75449.0,2341.298
2026-04-30T05:00:00Z,75449.0,75712.0,75272.9,75562.0,1732.847
2026-04-30T06:00:00Z,75562.0,75840.0,75530.2,75716.1,1189.37
2026-04-30T07:00:00Z,75716.1,76146.0,75676.7,76128.4,1906.859
2026-04-30T08:00:00Z,76128.4,76179.8,75973.9,76018.2,1581.537
2026-04-30T09:00:00Z,76018.2,76323.5,75964.0,76060.2,1842.564
2026-04-30T10:00:00Z,76060.2,76135.1,75937.0,75991.5,1628.119
2026-04-30T11:00:00Z,75991.5,76232.1,75805.3,76032.0,1965.865
2026-04-30T12:00:00Z,76032.0,76384.8,76003.7,76258.4,2120.907
2026-04-30T13:00:00Z,76258.4,76644.3,76062.4,76374.8,3766.655
2026-04-30T14:00:00Z,76374.8,76550.0,76035.6,76255.3,3716.006
2026-04-30T15:00:00Z,76255.3,76612.8,76114.4,76422.1,1810.472
2026-04-30T16:00:00Z,76422.1,76444.0,76174.8,76213.7,1297.866
2026-04-30T17:00:00Z,76213.7,76296.5,76065.0,76201.0,1468.67
2026-04-30T18:00:00Z,76201.0,76432.5,76161.7,76301.6,1130.142
2026-04-30T19:00:00Z,76301.6,76480.0,76262.5,76360.4,1398.575
2026-04-30T20:00:00Z,76360.4,76547.3,76273.7,76452.2,1127.738
2026-04-30T21:00:00Z,76452.2,76500.0,76189.0,76198.1,1415.79
2026-04-30T22:00:00Z,76198.1,76410.0,76141.1,76189.7,765.579
2026-04-30T23:00:00Z,76189.7,76337.9,76170.1,76301.0,595.671
2026-05-01T00:00:00Z,76301.0,76546.1,76269.5,76404.0,960.01
2026-05-01T01:00:00Z,76404.0,76725.0,76398.1,76637.7,1331.883
2026-05-01T02:00:00Z,76637.7,76688.2,76479.6,76549.6,899.204
2026-05-01T03:00:00Z,76549.6,77429.4,76505.0,77078.9,5987.927
2026-05-01T04:00:00Z,77078.9,77169.7,76888.1,77002.8,1625.93
2026-05-01T05:00:00Z,77002.8,77152.2,76987.9,77130.9,768.036
2026-05-01T06:00:00Z,77130.9,77148.0,76835.3,76958.3,1324.867
2026-05-01T07:00:00Z,76958.3,77110.6,76922.0,77102.0,1618.697
2026-05-01T08:00:00Z,77102.0,77488.0,77005.8,77339.0,3420.802
2026-05-01T09:00:00Z,77339.0,77360.5,77162.9,77241.1,1418.59
2026-05-01T10:00:00Z,77241.1,77389.3,77101.4,77254.2,1315.944
2026-05-01T11:00:00Z,77254.2,77580.0,77213.1,77420.1,1832.697
2026-05-01T12:00:00Z,77420.1,78141.7,77355.6,77857.9,6736.336
2026-05-01T13:00:00Z,77857.9,78900.0,77857.8,78700.0,9648.935
2026-05-01T14:00:00Z,78700.0,78840.6,78009.8,78310.8,5535.431
2026-05-01T15:00:00Z,78310.8,78702.2,78128.6,78399.2,3747.288
2026-05-01T16:00:00Z,78399.2,78649.0,78108.6,78172.6,3094.336
2026-05-01T17:00:00Z,78172.6,78550.0,78080.0,78510.2,1795.348
2026-05-01T18:00:00Z,78510.2,78586.0,78328.2,78387.7,1601.631
2026-05-01T19:00:00Z,78387.7,78500.0,78262.0,78311.1,1086.012
2026-05-01T20:00:00Z,78311.1,78382.3,77703.0,77836.0,2660.039
2026-05-01T21:00:00Z,77836.0,78157.4,77796.6,78157.4,1235.623
2026-05-01T22:00:00Z,78157.4,78363.0,78085.2,78106.5,1211.447
2026-05-01T23:00:00Z,78106.5,78202.0,77983.0,78189.3,793.307
2026-05-02T00:00:00Z,78189.3,78346.9,78110.4,78301.7,912.643
2026-05-02T01:00:00Z,78301.7,78394.1,78248.2,78296.0,587.03
2026-05-02T02:00:00Z,78296.0,78493.9,78206.1,78316.1,766.158
2026-05-02T03:00:00Z,78316.1,78491.6,78192.5,78371.6,726.836
2026-05-02T04:00:00Z,78371.6,78439.1,78068.7,78140.5,1412.509
2026-05-02T05:00:00Z,78140.5,78202.7,77992.6,78150.0,1136.049
2026-05-02T06:00:00Z,78150.0,78327.3,78103.6,78278.1,884.096
2026-05-02T07:00:00Z,78278.1,78318.2,78161.1,78187.1,478.377
2026-05-02T08:00:00Z,78187.1,78325.0,78115.3,78279.2,843.323
2026-05-02T09:00:00Z,78279.2,78363.7,78175.7,78258.6,638.766
2026-05-02T10:00:00Z,78258.6,78279.4,78182.5,78208.3,443.111
2026-05-02T11:00:00Z,78208.3,78208.3,78050.0,78105.9,739.832
2026-05-02T12:00:00Z,78105.9,78226.7,78065.1,78173.6,656.152
2026-05-02T13:00:00Z,78173.6,78392.3,78173.6,78326.9,827.184
2026-05-02T14:00:00Z,78326.9,78449.8,78267.3,78377.8,858.746
2026-05-02T15:00:00Z,78377.8,78450.0,78317.8,78450.0,447.968
2026-05-02T16:00:00Z,78450.0,78569.0,78381.7,78419.6,950.316
2026-05-02T17:00:00Z,78419.6,78452.5,78336.3,78355.7,317.212
2026-05-02T18:00:00Z,78355.7,78470.9,78265.3,78424.6,773.438
2026-05-02T19:00:00Z,78424.6,78488.9,78398.5,78445.8,283.644
2026-05-02T20:00:00Z,78445.8,78445.8,78367.0,78415.3,184.427
2026-05-02T21:00:00Z,78415.3,79182.5,78395.2,78693.0,4858.824
2026-05-02T22:00:00Z,78693.0,78843.3,78576.4,78799.3,1081.592
2026-05-02T23:00:00Z,78799.3,78799.3,78590.1,78655.1,561.59
2026-05-03T00:00:00Z,78655.1,78728.3,78446.0,78510.0,939.025
2026-05-03T01:00:00Z,78510.0,78510.1,78100.1,78201.4,1734.099
2026-05-03T02:00:00Z,78201.4,78304.2,78060.7,78128.3,1468.316
2026-05-03T03:00:00Z,78128.3,78174.6,78065.0,78156.9,620.183
2026-05-03T04:00:00Z,78156.9,78199.4,78070.0,78123.5,708.78
2026-05-03T05:00:00Z,78123.5,78217.2,78109.4,78206.4,502.419
2026-05-03T06:00:00Z,78206.4,78300.0,78025.0,78244.9,888.007
2026-05-03T07:00:00Z,78244.9,78433.1,78244.8,78320.1,1634.573
2026-05-03T08:00:00Z,78320.1,78459.2,78320.1,78347.8,637.793
2026-05-03T09:00:00Z,78347.8,78559.9,78307.6,78495.7,1173.023
2026-05-03T10:00:00Z,78495.7,78500.0,78363.2,78371.6,421.633
2026-05-03T11:00:00Z,78371.6,78820.3,78339.9,78631.2,2769.251
2026-05-03T12:00:00Z,78631.2,78861.6,78631.2,78724.9,1703.074
2026-05-03T13:00:00Z,78724.9,78743.1,78550.2,78640.7,1011.575
2026-05-03T14:00:00Z,78640.7,78764.0,78575.7,78704.1,1003.668
2026-05-03T15:00:00Z,78704.1,78784.2,78590.9,78631.5,688.619
2026-05-03T16:00:00Z,78631.5,78753.4,78556.0,78623.4,632.641
2026-05-03T17:00:00Z,78623.4,78794.3,78522.6,78697.9,927.454
2026-05-03T18:00:00Z,78697.9,78732.9,78594.0,78705.1,592.723
2026-05-03T19:00:00Z,78705.1,78820.0,78639.3,78733.5,593.815
2026-05-03T20:00:00Z,78733.5,79369.4,78700.0,78895.0,3934.05
2026-05-03T21:00:00Z,78895.0,79037.6,78610.0,78799.8,2078.959
2026-05-03T22:00:00Z,78799.8,79421.0,78799.8,79137.3,4261.685
2026-05-03T23:00:00Z,79137.3,79262.9,78444.0,78529.9,3243.784
2026-05-04T00:00:00Z,78529.9,78531.7,78220.0,78501.7,2574.314
2026-05-04T01:00:00Z,78501.7,79838.0,78368.6,79759.9,9468.107
2026-05-04T02:00:00Z,79759.9,80414.8,79500.5,80142.6,10546.287
2026-05-04T03:00:00Z,80142.6,80433.0,79885.3,80279.5,4461.167
2026-05-04T04:00:00Z,80279.5,80600.9,80199.5,80299.9,3819.07
2026-05-04T05:00:00Z,80299.9,80387.6,79920.0,79991.3,2946.258
2026-05-04T06:00:00Z,79991.3,80017.1,79455.0,79829.0,3088.245
2026-05-04T07:00:00Z,79829.0,79908.0,79636.1,79662.5,1300.073
2026-05-04T08:00:00Z,79662.5,79782.3,79553.5,79664.5,1332.846
2026-05-04T09:00:00Z,79664.5,79886.9,79604.1,79790.1,1428.391
2026-05-04T10:00:00Z,79790.1,79835.8,78170.4,78901.4,16276.88
2026-05-04T11:00:00Z,78901.4,79093.0,78649.9,78753.7,3724.637
2026-05-04T12:00:00Z,78753.7,78984.0,78668.4,78805.2,1579.223
2026-05-04T13:00:00Z,78805.2,79100.0,78530.0,78743.7,3520.254
2026-05-04T14:00:00Z,78743.7,80507.0,78430.5,80175.9,10413.464
2026-05-04T15:00:00Z,80175.9,80338.9,79252.0,79983.5,10254.234
2026-05-04T16:00:00Z,79983.5,80381.5,79567.9,79977.5,5126.355
2026-05-04T17:00:00Z,79977.5,80742.2,79977.5,80349.1,4449.094
2026-05-04T18:00:00Z,80349.1,80401.4,79990.4,80071.8,2149.162
2026-05-04T19:00:00Z,80071.8,80099.7,79833.4,80007.2,2051.09
2026-05-04T20:00:00Z,80007.2,80112.3,79815.8,79889.8,1061.584
2026-05-04T21:00:00Z,79889.8,80350.6,79889.8,80216.7,1108.85
2026-05-04T22:00:00Z,80216.7,80360.0,80005.8,80020.2,993.386
2026-05-04T23:00:00Z,80020.2,80020.3,79705.7,79818.9,1263.751
2026-05-05T00:00:00Z,79818.9,80152.1,79752.5,80130.2,1606.234
2026-05-05T01:00:00Z,80130.2,80355.5,80032.8,80313.1,1433.41
2026-05-05T02:00:00Z,80313.1,80900.0,80260.0,80520.6,3138.135
2026-05-05T03:00:00Z,80520.6,81064.0,80417.9,80839.0,4027.147
2026-05-05T04:00:00Z,80839.0,80946.2,80675.0,80856.0,1645.546
2026-05-05T05:00:00Z,80856.0,81300.0,80786.3,80923.8,4522.908
2026-05-05T06:00:00Z,80923.8,80976.5,80759.7,80932.0,1417.993
2026-05-05T07:00:00Z,80932.0,81110.0,80803.0,80821.9,1947.847
2026-05-05T08:00:00Z,80821.9,80855.6,80682.7,80776.6,1655.116
2026-05-05T09:00:00Z,80776.6,80776.7,80474.4,80547.3,1600.306
2026-05-05T10:00:00Z,80547.3,80795.9,80480.1,80791.6,1673.81
2026-05-05T11:00:00Z,80791.6,81084.6,80731.2,80972.9,2295.411
2026-05-05T12:00:00Z,80972.9,81277.1,80876.8,81229.5,2808.921
2026-05-05T13:00:00Z,81229.5,81694.6,81136.9,81287.7,8102.956
2026-05-05T14:00:00Z,81287.7,81464.5,80895.8,81291.4,4524.393
2026-05-05T15:00:00Z,81291.4,81659.8,81186.5,81490.6,2619.838
2026-05-05T16:00:00Z,81490.6,81582.6,81005.0,81249.2,3113.895
2026-05-05T17:00:00Z,81249.2,81432.0,81142.1,81227.8,1339.607
2026-05-05T18:00:00Z,81227.8,81576.5,81227.8,81470.5,1517.485
2026-05-05T19:00:00Z,81470.5,81643.3,81352.4,81553.0,1430.493
2026-05-05T20:00:00Z,81553.0,81749.9,81450.1,81601.1,2632.507
2026-05-05T21:00:00Z,81601.1,81787.0,81263.4,81360.6,1641.61
2026-05-05T22:00:00Z,81360.6,81566.7,80736.9,81062.9,6247.909
2026-05-05T23:00:00Z,81062.9,81177.3,80711.3,80851.6,2198.29
2026-05-06T00:00:00Z,80851.6,81224.9,80638.0,80967.7,3261.333
2026-05-06T01:00:00Z,80967.7,81475.0,80932.7,81384.3,3013.075
2026-05-06T02:00:00Z,81384.3,81397.3,80981.5,81331.3,2237.843
2026-05-06T03:00:00Z,81331.3,81750.0,81304.4,81543.4,2302.531
2026-05-06T04:00:00Z,81543.4,81600.0,81231.1,81288.5,1665.052
2026-05-06T05:00:00Z,81288.5,81314.9,81013.4,81280.6,1664.428
2026-05-06T06:00:00Z,81280.6,81485.1,81163.0,81430.8,1284.558
2026-05-06T07:00:00Z,81430.8,81571.2,81257.8,81332.1,1540.66
2026-05-06T08:00:00Z,81332.1,81999.9,81276.4,81917.4,4884.901
2026-05-06T09:00:00Z,81917.4,82055.0,81635.0,81966.6,3660.989
2026-05-06T10:00:00Z,81966.6,82363.7,81923.7,82243.1,3670.111
2026-05-06T11:00:00Z,82243.1,82811.0,82209.3,82486.4,5995.761
2026-05-06T12:00:00Z,82486.4,82514.7,82125.4,82184.9,2530.122
2026-05-06T13:00:00Z,82184.9,82188.7,81552.3,81628.8,5735.04
2026-05-06T14:00:00Z,81628.8,81940.9,81086.7,81479.9,7632.56
2026-05-06T15:00:00Z,81479.9,81787.0,81255.1,81662.2,2765.399
2026-05-06T16:00:00Z,81662.2,81880.0,81384.0,81573.6,3401.638
2026-05-06T17:00:00Z,81573.6,81657.5,81334.2,81405.9,1511.439
2026-05-06T18:00:00Z,81405.9,81526.4,81193.4,81306.5,1410.944
2026-05-06T19:00:00Z,81306.5,81478.7,81133.4,81411.8,1172.145
2026-05-06T20:00:00Z,81411.8,81664.1,81237.1,81380.1,2495.645
2026-05-06T21:00:00Z,81380.1,81576.3,81240.7,81496.4,725.213
2026-05-06T22:00:00Z,81496.4,81504.7,81190.1,81294.4,801.125
2026-05-06T23:00:00Z,81294.4,81410.8,80929.1,81394.2,1865.081
2026-05-07T00:00:00Z,81394.2,81442.7,80910.3,80979.2,2394.617
2026-05-07T01:00:00Z,80979.2,81251.2,80788.0,81132.1,1681.999
2026-05-07T02:00:00Z,81132.1,81146.7,80850.0,81079.4,1669.158
2026-05-07T03:00:00Z,81079.4,81079.4,80800.0,80807.2,1323.527
2026-05-07T04:00:00Z,80807.2,80954.8,80675.9,80948.1,1569.428
2026-05-07T05:00:00Z,80948.1,81144.7,80935.5,81052.9,873.071
2026-05-07T06:00:00Z,81052.9,81415.9,80830.1,81398.8,3247.333
2026-05-07T07:00:00Z,81398.8,81671.0,81345.0,81481.3,2320.795
2026-05-07T08:00:00Z,81481.3,81564.0,81160.0,81191.2,1428.764
2026-05-07T09:00:00Z,81191.2,81194.1,80817.2,80890.4,3045.699
2026-05-07T10:00:00Z,80890.4,80969.3,80532.2,80809.9,3123.715
2026-05-07T11:00:00Z,80809.9,81022.0,80750.0,80835.0,1909.567
2026-05-07T12:00:00Z,80835.0,81148.0,80803.5,81115.5,1712.725
2026-05-07T13:00:00Z,81115.5,81125.0,80224.6,80463.7,5851.303
2026-05-07T14:00:00Z,80463.7,80660.1,80001.1,80133.4,5882.316
2026-05-07T15:00:00Z,80133.4,80240.0,79635.0,79864.0,5024.574
2026-05-07T16:00:00Z,79864.0,79983.2,79651.5,79763.8,2909.319
2026-05-07T17:00:00Z,79763.8,80112.2,79461.7,80060.0,3227.479
2026-05-07T18:00:00Z,80060.0,80247.1,79958.3,80168.5,3964.247
2026-05-07T19:00:00Z,80168.5,80196.2,79900.0,80112.0,1136.917
2026-05-07T20:00:00Z,80112.0,80348.5,79822.5,79846.0,1487.787
2026-05-07T21:00:00Z,79846.0,79900.1,79614.7,79691.3,1663.729
2026-05-07T22:00:00Z,79691.3,79960.0,79539.0,79883.0,1607.358
2026-05-07T23:00:00Z,79883.0,80037.3,79823.7,79975.4,699.552
2026-05-08T00:00:00Z,79975.4,80105.5,79689.7,79796.9,1912.572
2026-05-08T01:00:00Z,79796.9,79870.0,79575.1,79707.0,699.819
2026-05-08T02:00:00Z,79707.0,79723.5,79296.4,79444.4,2876.611
2026-05-08T03:00:00Z,79444.4,79640.5,79120.0,79533.0,2130.389
2026-05-08T04:00:00Z,79533.0,79720.8,79502.6,79621.5,785.843
2026-05-08T05:00:00Z,79621.5,79740.9,79531.0,79558.4,1352.092
2026-05-08T06:00:00Z,79558.4,79620.6,79365.0,79482.5,1144.345
2026-05-08T07:00:00Z,79482.5,79697.9,79204.0,79642.6,2061.035
2026-05-08T08:00:00Z,79642.6,79971.9,79630.0,79842.2,1735.414
2026-05-08T09:00:00Z,79842.2,80019.7,79743.9,79832.2,1782.435
2026-05-08T10:00:00Z,79832.2,80243.0,79728.6,80175.8,2998.356
2026-05-08T11:00:00Z,80175.8,80300.0,80088.1,80185.2,1838.126
2026-05-08T12:00:00Z,80185.2,80477.6,79913.6,79992.4,2463.259
2026-05-08T13:00:00Z,79992.4,80100.0,79505.0,79610.3,4865.773
2026-05-08T14:00:00Z,79610.3,80428.8,79609.4,80111.5,4742.817
2026-05-08T15:00:00Z,80111.5,80173.9,79570.0,80120.6,3711.256
2026-05-08T16:00:00Z,80120.6,80161.7,79695.9,79764.5,2769.336
2026-05-08T17:00:00Z,79764.5,80240.3,79689.7,80036.3,2294.223
2026-05-08T18:00:00Z,80036.3,80274.8,80033.4,80048.9,1502.657
2026-05-08T19:00:00Z,80048.9,80153.5,79910.5,80143.2,814.688
2026-05-08T20:00:00Z,80143.2,80264.0,80046.2,80104.6,896.885
2026-05-08T21:00:00Z,80104.6,80230.0,80076.8,80223.8,518.965
2026-05-08T22:00:00Z,80223.8,80385.6,80200.9,80233.7,885.498
2026-05-08T23:00:00Z,80233.7,80256.8,80066.0,80158.1,540.682
2026-05-09T00:00:00Z,80158.1,80195.7,80083.0,80186.5,955.019
2026-05-09T01:00:00Z,80186.5,80400.0,80172.6,80280.5,833.601
2026-05-09T02:00:00Z,80280.5,80446.3,80280.5,80379.6,644.185
2026-05-09T03:00:00Z,80379.6,80537.3,80260.1,80345.6,1013.975
2026-05-09T04:00:00Z,80345.6,80641.4,80324.0,80349.0,1087.45
2026-05-09T05:00:00Z,80349.0,80447.1,80310.0,80336.1,420.768
2026-05-09T06:00:00Z,80336.1,80394.4,80155.2,80214.4,1219.304
2026-05-09T07:00:00Z,80214.4,80254.0,80084.0,80189.3,1341.043
2026-05-09T08:00:00Z,80189.3,80400.0,80176.3,80364.9,1003.805
2026-05-09T09:00:00Z,80364.9,80365.3,80144.0,80198.1,795.359
2026-05-09T10:00:00Z,80198.1,80316.5,80116.5,80227.7,678.598
2026-05-09T11:00:00Z,80227.7,80336.3,80201.5,80307.8,429.653
2026-05-09T12:00:00Z,80307.8,80384.1,80220.0,80367.8,598.515
2026-05-09T13:00:00Z,80367.8,80379.8,80278.0,80361.2,370.749
2026-05-09T14:00:00Z,80361.2,80398.7,80203.8,80287.7,664.781
2026-05-09T15:00:00Z,80287.7,80567.5,80182.7,80493.0,1639.046
2026-05-09T16:00:00Z,80493.0,80763.8,80446.2,80581.0,2212.641
2026-05-09T17:00:00Z,80581.0,80889.3,80581.0,80770.0,1649.131
2026-05-09T18:00:00Z,80770.0,81049.9,80739.9,80864.9,1545.082
2026-05-09T19:00:00Z,80864.9,80931.0,80731.4,80893.9,664.487
2026-05-09T20:00:00Z,80893.9,80898.5,80695.4,80762.0,379.511
2026-05-09T21:00:00Z,80762.0,80860.4,80694.3,80730.4,365.345
2026-05-09T22:00:00Z,80730.4,80788.0,80618.6,80726.4,469.528
2026-05-09T23:00:00Z,80726.4,80811.4,80570.0,80628.0,448.448
2026-05-10T00:00:00Z,80628.0,80727.5,80575.7,80632.4,1353.474
2026-05-10T01:00:00Z,80632.4,80651.7,80523.8,80639.8,761.81
2026-05-10T02:00:00Z,80639.8,80767.6,80566.3,80745.9,447.516
2026-05-10T03:00:00Z,80745.9,80850.0,80673.0,80733.4,1236.474
2026-05-10T04:00:00Z,80733.4,80808.0,80683.9,80709.8,270.229
2026-05-10T05:00:00Z,80709.8,80776.9,80631.8,80652.3,445.342
2026-05-10T06:00:00Z,80652.3,80778.7,80603.9,80694.7,1003.061
2026-05-10T07:00:00Z,80694.7,80766.0,80673.0,80698.8,500.909
2026-05-10T08:00:00Z,80698.8,80874.9,80675.5,80797.0,1410.755
2026-05-10T09:00:00Z,80797.0,80875.0,80705.5,80771.8,402.627
2026-05-10T10:00:00Z,80771.8,80856.0,80643.6,80840.0,691.763
2026-05-10T11:00:00Z,80840.0,80947.5,80702.6,80783.4,1172.77
2026-05-10T12:00:00Z,80783.4,80915.0,80744.2,80891.2,675.063
2026-05-10T13:00:00Z,80891.2,80968.0,80823.4,80929.2,1037.722
2026-05-10T14:00:00Z,80929.2,80991.0,80776.8,80944.3,845.172
2026-05-10T15:00:00Z,80944.3,81400.0,80889.3,81376.4,3668.359
2026-05-10T16:00:00Z,81376.4,81468.0,81160.0,81338.1,2006.592
2026-05-10T17:00:00Z,81338.1,81552.7,81174.2,81446.1,1633.471
2026-05-10T18:00:00Z,81446.1,81466.3,81190.0,81231.7,923.022
2026-05-10T19:00:00Z,81231.7,81450.1,81100.1,81396.1,1027.78
2026-05-10T20:00:00Z,81396.1,81426.0,80206.3,80700.1,7601.733
2026-05-10T21:00:00Z,80700.1,80921.2,80525.0,80672.6,2855.411
2026-05-10T22:00:00Z,80672.6,82171.0,80622.0,82014.9,8142.134
2026-05-10T23:00:00Z,82014.9,82450.0,82010.7,82181.9,4554.169
2026-05-11T00:00:00Z,82181.9,82350.0,81229.2,81436.4,4863.14
2026-05-11T01:00:00Z,81436.4,81727.9,81243.6,81463.5,2302.899
2026-05-11T02:00:00Z,81463.5,81533.3,81066.3,81139.6,2017.578
2026-05-11T03:00:00Z,81139.6,81159.4,80482.1,80695.7,4376.717
2026-05-11T04:00:00Z,80695.7,80849.0,80598.8,80772.3,1528.011
2026-05-11T05:00:00Z,80772.3,80942.9,80711.3,80801.8,1195.721
2026-05-11T06:00:00Z,80801.8,81017.0,80714.6,80790.8,831.875
2026-05-11T07:00:00Z,80790.8,80799.7,80631.6,80705.0,952.918
2026-05-11T08:00:00Z,80705.0,80837.6,80580.2,80725.0,1160.455
2026-05-11T09:00:00Z,80725.0,80970.0,80716.0,80926.6,991.245
2026-05-11T10:00:00Z,80926.6,81168.9,80900.0,80904.3,1775.475
2026-05-11T11:00:00Z,80904.3,81165.0,80862.0,81161.4,823.724
2026-05-11T12:00:00Z,81161.4,81316.3,80982.2,81014.6,1665.929
2026-05-11T13:00:00Z,81014.6,81299.6,80724.4,81028.4,2982.706
2026-05-11T14:00:00Z,81028.4,81214.6,80410.0,80906.0,3632.926
2026-05-11T15:00:00Z,80906.0,81425.0,80781.5,81403.8,3758.509
2026-05-11T16:00:00Z,81403.8,81889.1,81304.3,81533.1,5199.504
2026-05-11T17:00:00Z,81533.1,82038.7,81325.0,81902.5,2840.591
2026-05-11T18:00:00Z,81902.5,82107.6,81792.1,81821.4,2453.165
2026-05-11T19:00:00Z,81821.4,82059.6,81684.3,81920.3,1850.961
2026-05-11T20:00:00Z,81920.3,82039.1,81711.3,81780.9,1264.346
2026-05-11T21:00:00Z,81780.9,81866.7,81551.0,81786.3,996.389
2026-05-11T22:00:00Z,81786.3,81935.4,81681.9,81788.7,680.392
2026-05-11T23:00:00Z,81788.7,81788.7,81560.0,81699.8,658.745
2026-05-12T00:00:00Z,81699.8,81768.1,81428.3,81508.3,1637.674
2026-05-12T01:00:00Z,81508.3,81582.0,80660.1,81145.6,5392.243
2026-05-12T02:00:00Z,81145.6,81295.2,81035.8,81220.3,1045.025
2026-05-12T03:00:00Z,81220.3,81256.8,80980.0,81015.5,798.732
2026-05-12T04:00:00Z,81015.5,81260.0,80946.9,81180.7,1129.504
2026-05-12T05:00:00Z,81180.7,81278.6,81143.8,81178.3,787.211
2026-05-12T06:00:00Z,81178.3,81278.0,80966.7,80981.9,1362.943
2026-05-12T07:00:00Z,80981.9,81097.6,80760.0,80816.1,2787.141
2026-05-12T08:00:00Z,80816.1,80931.9,80711.0,80795.4,1646.628
2026-05-12T09:00:00Z,80795.4,80939.8,80671.6,80802.2,2012.796
2026-05-12T10:00:00Z,80802.2,80821.9,80574.4,80644.0,1543.561
2026-05-12T11:00:00Z,80644.0,80750.0,80460.0,80738.0,1855.845
2026-05-12T12:00:00Z,80738.0,81000.0,80575.0,80849.4,4134.795
2026-05-12T13:00:00Z,80849.4,80898.0,80350.0,80431.3,4813.08
2026-05-12T14:00:00Z,80431.3,80854.6,80350.1,80503.2,3508.749
2026-05-12T15:00:00Z,80503.2,80624.0,80115.0,80292.0,4234.516
2026-05-12T16:00:00Z,80292.0,80396.2,79800.1,79962.0,4117.086
2026-05-12T17:00:00Z,79962.0,80550.8,79909.1,80483.3,2767.371
2026-05-12T18:00:00Z,80483.3,80720.0,80380.0,80627.9,1376.15
2026-05-12T19:00:00Z,80627.9,80830.0,80608.5,80791.6,2634.234
2026-05-12T20:00:00Z,80791.6,80840.0,80556.4,80646.8,1324.707
2026-05-12T21:00:00Z,80646.8,80700.8,80441.8,80543.3,693.241
2026-05-12T22:00:00Z,80543.3,80750.0,80543.3,80607.4,653.798
2026-05-12T23:00:00Z,80607.4,80674.8,80382.9,80459.8,830.832
2026-05-13T00:00:00Z,80459.8,80729.8,80362.9,80664.8,947.313
2026-05-13T01:00:00Z,80664.8,81153.0,80625.0,80957.3,2779.177
2026-05-13T02:00:00Z,80957.3,81250.6,80890.6,81017.0,1629.949
2026-05-13T03:00:00Z,81017.0,81274.4,80937.4,81214.2,1087.566
2026-05-13T04:00:00Z,81214.2,81245.8,81077.2,81199.2,853.788
2026-05-13T05:00:00Z,81199.2,81208.7,80963.1,80994.4,1073.811
2026-05-13T06:00:00Z,80994.4,81124.5,80931.8,80948.0,828.339
2026-05-13T07:00:00Z,80948.0,81019.2,80850.0,80981.1,896.666
2026-05-13T08:00:00Z,80981.1,81172.0,80904.3,81157.2,1081.058
2026-05-13T09:00:00Z,81157.2,81305.9,81100.0,81258.7,1671.752
2026-05-13T10:00:00Z,81258.7,81265.0,80767.9,80774.2,1700.487
2026-05-13T11:00:00Z,80774.2,80818.5,80456.1,80460.1,2497.178
2026-05-13T12:00:00Z,80460.1,80560.0,79804.3,80150.0,6901.069
2026-05-13T13:00:00Z,80150.0,80304.6,79525.0,79605.9,6047.34
2026-05-13T14:00:00Z,79605.9,79857.8,79425.6,79718.5,4152.997
2026-05-13T15:00:00Z,79718.5,79824.6,78754.2,78792.5,7988.011
2026-05-13T16:00:00Z,78792.5,79194.7,78724.9,79078.4,4666.966
2026-05-13T17:00:00Z,79078.4,79527.5,79063.3,79482.2,2309.415
2026-05-13T18:00:00Z,79482.2,79769.7,79474.9,79564.2,2332.877
2026-05-13T19:00:00Z,79564.2,79613.0,79356.4,79608.6,1576.128
2026-05-13T20:00:00Z,79608.6,79743.2,79580.3,79675.7,1105.524
2026-05-13T21:00:00Z,79675.7,79678.9,79301.0,79365.3,1499.094
2026-05-13T22:00:00Z,79365.3,79441.6,79185.7,79395.5,1446.49
2026-05-13T23:00:00Z,79395.5,79504.6,79188.8,79285.8,1038.706
2026-05-14T00:00:00Z,79285.8,79656.7,79269.5,79534.4,1591.514
2026-05-14T01:00:00Z,79534.4,79663.9,79372.6,79561.3,954.978
2026-05-14T02:00:00Z,79561.3,79642.9,79166.1,79329.8,1963.984
2026-05-14T03:00:00Z,79329.8,79422.9,78863.2,79003.0,3322.577
2026-05-14T04:00:00Z,79003.0,79440.0,78930.1,79403.3,1800.02
2026-05-14T05:00:00Z,79403.3,79974.3,79330.9,79773.3,2676.287
2026-05-14T06:00:00Z,79773.3,79914.8,79724.4,79770.1,1425.972
2026-05-14T07:00:00Z,79770.1,79920.1,79660.9,79711.0,1368.737
2026-05-14T08:00:00Z,79711.0,79900.0,79591.8,79782.8,1328.063
2026-05-14T09:00:00Z,79782.8,79878.3,79528.0,79596.5,1607.457
2026-05-14T10:00:00Z,79596.5,79728.8,79364.0,79530.5,2150.213
2026-05-14T11:00:00Z,79530.5,79577.0,79191.0,79215.0,1593.149
2026-05-14T12:00:00Z,79215.0,79748.7,79190.5,79724.0,1786.53
2026-05-14T13:00:00Z,79724.0,80035.8,79622.0,79656.0,4229.64
2026-05-14T14:00:00Z,79656.0,80975.9,79515.5,80922.1,9290.666
2026-05-14T15:00:00Z,80922.1,81295.5,80743.3,81244.0,6601.728
2026-05-14T16:00:00Z,81244.0,81876.8,81018.8,81834.5,9102.96
2026-05-14T17:00:00Z,81834.5,81999.0,81211.0,81624.3,6971.293
2026-05-14T18:00:00Z,81624.3,81904.4,81370.2,81528.2,4078.721
2026-05-14T19:00:00Z,81528.2,81663.4,81267.0,81374.5,2463.829
2026-05-14T20:00:00Z,81374.5,81542.9,81102.8,81375.0,1967.385
2026-05-14T21:00:00Z,81375.0,81490.0,81221.8,81347.8,1056.181
2026-05-14T22:00:00Z,81347.8,81532.9,81289.3,81416.2,662.687
2026-05-14T23:00:00Z,81416.2,81416.3,81018.0,81052.6,1430.267
2026-05-15T00:00:00Z,81052.6,81639.1,81020.2,81467.0,2111.617
2026-05-15T01:00:00Z,81467.0,81582.5,81052.4,81084.4,1832.071
2026-05-15T02:00:00Z,81084.4,81312.3,80700.0,81256.2,4625.61
2026-05-15T03:00:00Z,81256.2,81300.0,80866.3,81019.0,1412.428
2026-05-15T04:00:00Z,81019.0,81065.8,80606.1,80685.8,1967.148
2026-05-15T05:00:00Z,80685.8,80842.1,80258.0,80313.4,5075.632
2026-05-15T06:00:00Z,80313.4,80600.9,80263.3,80542.0,2486.346
2026-05-15T07:00:00Z,80542.0,80974.4,80513.2,80788.9,3412.159
2026-05-15T08:00:00Z,80788.9,80800.8,80354.3,80604.0,2438.815
2026-05-15T09:00:00Z,80604.0,80634.1,80312.0,80450.8,3392.572
2026-05-15T10:00:00Z,80450.8,80730.3,80349.9,80676.5,2743.463
2026-05-15T11:00:00Z,80676.5,80719.7,80534.8,80578.5,920.569
2026-05-15T12:00:00Z,80578.5,80604.3,80258.3,80350.0,2337.367
2026-05-15T13:00:00Z,80350.0,80350.0,78622.9,78716.1,15807.853
2026-05-15T14:00:00Z,78716.1,79300.0,78610.0,79106.0,8121.08
2026-05-15T15:00:00Z,79106.0,79343.1,78970.6,79120.2,3269.374
2026-05-15T16:00:00Z,79120.2,79364.1,79093.7,79257.5,1678.552
2026-05-15T17:00:00Z,79257.5,79472.2,79178.2,79423.8,1411.464
2026-05-15T18:00:00Z,79423.8,79525.1,79127.5,79233.3,1705.167
2026-05-15T19:00:00Z,79233.3,79251.4,79003.3,79092.9,1427.101
2026-05-15T20:00:00Z,79092.9,79183.4,78943.3,79079.6,1214.111
2026-05-15T21:00:00Z,79079.6,79167.9,78846.1,78927.2,1446.301
2026-05-15T22:00:00Z,78927.2,79110.0,78924.5,79061.2,642.763
2026-05-15T23:00:00Z,79061.2,79120.0,79028.5,79069.5,455.027
2026-05-16T00:00:00Z,79069.5,79192.8,79027.2,79067.0,558.741
2026-05-16T01:00:00Z,79067.0,79149.9,78964.8,79122.1,626.632
2026-05-16T02:00:00Z,79122.1,79172.1,79030.5,79109.5,631.121
2026-05-16T03:00:00Z,79109.5,79146.7,79010.0,79030.0,347.956
2026-05-16T04:00:00Z,79030.0,79088.3,78800.0,78999.7,895.786
2026-05-16T05:00:00Z,78999.7,79002.9,78873.5,78989.6,481.018
2026-05-16T06:00:00Z,78989.6,79014.6,78413.1,78615.1,3240.25
2026-05-16T07:00:00Z,78615.1,78615.1,78010.0,78329.8,6040.247
2026-05-16T08:00:00Z,78329.8,78500.0,78290.0,78380.8,1184.966
2026-05-16T09:00:00Z,78380.8,78400.0,77839.4,78040.0,4827.874
2026-05-16T10:00:00Z,78040.0,78063.6,77601.0,77929.4,3304.606
2026-05-16T11:00:00Z,77929.4,78160.0,77929.3,78041.1,1230.661
2026-05-16T12:00:00Z,78041.1,78100.0,77866.8,77973.3,1090.85
2026-05-16T13:00:00Z,77973.3,77993.9,77795.4,77993.8,892.788
2026-05-16T14:00:00Z,77993.8,78318.0,77850.9,78090.0,1916.526
2026-05-16T15:00:00Z,78090.0,78253.8,78033.0,78189.9,898.439
2026-05-16T16:00:00Z,78189.9,78337.4,78072.9,78163.5,2198.95
2026-05-16T17:00:00Z,78163.5,78289.7,78160.9,78162.7,554.499
2026-05-16T18:00:00Z,78162.7,78297.3,78106.9,78197.2,661.342
2026-05-16T19:00:00Z,78197.2,78268.8,78167.8,78226.9,381.549
2026-05-16T20:00:00Z,78226.9,78288.4,78162.3,78218.1,462.618
2026-05-16T21:00:00Z,78218.1,78274.9,78169.8,78229.1,548.308
2026-05-16T22:00:00Z,78229.1,78253.4,78137.7,78140.4,612.93
2026-05-16T23:00:00Z,78140.4,78236.6,78084.1,78106.5,406.303
2026-05-17T00:00:00Z,78106.5,78207.1,77762.4,77919.2,1387.245
2026-05-17T01:00:00Z,77919.2,78080.0,77675.0,77682.1,2056.221
2026-05-17T02:00:00Z,77682.1,77900.0,77677.1,77854.3,900.345
2026-05-17T03:00:00Z,77854.3,78050.0,77846.6,77984.9,606.46
2026-05-17T04:00:00Z,77984.9,78165.0,77956.4,78112.6,1093.032
2026-05-17T05:00:00Z,78112.6,78284.4,78069.8,78090.9,910.8
2026-05-17T06:00:00Z,78090.9,78175.9,77974.9,78073.7,738.399
2026-05-17T07:00:00Z,78073.7,78175.7,78018.0,78142.9,761.468
2026-05-17T08:00:00Z,78142.9,78157.0,77995.2,78058.5,502.942
2026-05-17T09:00:00Z,78058.5,78271.3,78042.6,78208.6,779.595
2026-05-17T10:00:00Z,78208.6,78569.9,78205.8,78430.0,2551.906
2026-05-17T11:00:00Z,78430.0,78441.0,78252.8,78382.9,1020.762
2026-05-17T12:00:00Z,78382.9,78528.7,78280.7,78330.5,969.68
2026-05-17T13:00:00Z,78330.5,78330.5,78134.0,78172.1,1245.749
2026-05-17T14:00:00Z,78172.1,78183.7,77792.2,78004.1,2567.05
2026-05-17T15:00:00Z,78004.1,78087.1,77872.2,78002.8,866.553
2026-05-17T16:00:00Z,78002.8,78165.0,77988.6,77996.2,845.248
2026-05-17T17:00:00Z,77996.2,78062.0,77781.6,78050.8,1568.494
2026-05-17T18:00:00Z,78050.8,78240.0,77968.6,78225.8,884.652
2026-05-17T19:00:00Z,78225.8,78444.4,78172.1,78370.0,1005.376
2026-05-17T20:00:00Z,78370.0,78403.2,78197.3,78234.7,712.508
2026-05-17T21:00:00Z,78234.7,78457.1,78190.3,78369.1,1137.957
2026-05-17T22:00:00Z,78369.1,78376.0,77777.0,77959.9,3325.256
2026-05-17T23:00:00Z,77959.9,77967.0,76671.5,77416.4,11790.089
2026-05-18T00:00:00Z,77416.4,77443.8,76866.1,77172.5,4736.036
2026-05-18T01:00:00Z,77172.5,77252.8,76705.1,77085.2,3825.739
2026-05-18T02:00:00Z,77085.2,77194.2,76659.1,76805.2,2030.052
2026-05-18T03:00:00Z,76805.2,76989.9,76777.7,76900.4,1482.01
2026-05-18T04:00:00Z,76900.4,77040.0,76737.1,77002.3,2212.972
2026-05-18T05:00:00Z,77002.3,77053.0,76850.0,76887.5,1338.493
2026-05-18T06:00:00Z,76887.5,76947.1,76540.0,76884.8,3798.68
2026-05-18T07:00:00Z,76884.8,77061.5,76729.5,77043.1,2714.828
2026-05-18T08:00:00Z,77043.1,77161.7,76855.1,77003.7,1658.109
2026-05-18T09:00:00Z,77003.7,77025.0,76837.0,76902.4,897.577
2026-05-18T10:00:00Z,76902.4,76930.0,76675.0,76731.2,1773.372
2026-05-18T11:00:00Z,76731.2,77378.1,76616.2,77262.0,3456.518
2026-05-18T12:00:00Z,77262.0,77766.4,77242.4,77611.3,6758.259
2026-05-18T13:00:00Z,77611.3,77614.9,76655.0,76907.5,7400.053
2026-05-18T14:00:00Z,76907.5,76927.3,76178.0,76365.1,9304.502
2026-05-18T15:00:00Z,76365.1,76450.0,75999.9,76381.2,6986.09
2026-05-18T16:00:00Z,76381.2,76620.0,76176.0,76380.4,3891.702
2026-05-18T17:00:00Z,76380.4,76731.1,76330.7,76669.9,2497.592
2026-05-18T18:00:00Z,76669.9,76679.3,76105.3,76210.2,3354.962
2026-05-18T19:00:00Z,76210.2,76972.9,76189.9,76903.8,4962.344
2026-05-18T20:00:00Z,76903.8,77155.0,76841.2,76869.0,2707.91
2026-05-18T21:00:00Z,76869.0,77169.0,76753.8,77059.0,2179.428
2026-05-18T22:00:00Z,77059.0,77193.3,76893.5,77041.3,1633.174
2026-05-18T23:00:00Z,77041.3,77130.0,76904.8,76963.9,900.101
2026-05-19T00:00:00Z,76963.9,77377.6,76913.4,77099.5,2376.042
2026-05-19T01:00:00Z,77099.5,77126.7,76625.0,76630.9,2202.488
2026-05-19T02:00:00Z,76630.9,76976.9,76433.4,76580.1,1768.038
2026-05-19T03:00:00Z,76580.1,76837.3,76543.3,76755.2,880.489
2026-05-19T04:00:00Z,76755.2,76913.9,76658.0,76886.9,811.709
2026-05-19T05:00:00Z,76886.9,76984.3,76600.1,76868.3,1286.403
2026-05-19T06:00:00Z,76868.3,77077.6,76843.9,76993.9,1130.486
2026-05-19T07:00:00Z,76993.9,77256.7,76931.2,77196.8,1332.276
2026-05-19T08:00:00Z,77196.8,77298.1,76923.7,77011.7,1702.207
2026-05-19T09:00:00Z,77011.7,77038.9,76664.1,76782.4,1766.19
2026-05-19T10:00:00Z,76782.4,77075.6,76655.0,77006.1,1846.582
2026-05-19T11:00:00Z,77006.1,77046.9,76588.3,76671.0,1216.372
2026-05-19T12:00:00Z,76671.0,76950.0,76607.1,76898.3,867.421
2026-05-19T13:00:00Z,76898.3,77024.9,76550.0,76845.2,2949.458
2026-05-19T14:00:00Z,76845.2,76988.3,76105.0,76362.0,5528.624
2026-05-19T15:00:00Z,76362.0,76658.4,76300.9,76497.0,2866.891
2026-05-19T16:00:00Z,76497.0,76904.7,76379.4,76864.1,1917.263
2026-05-19T17:00:00Z,76864.1,76999.3,76730.0,76821.8,1947.09
2026-05-19T18:00:00Z,76821.8,76927.7,76708.6,76773.4,1256.224
2026-05-19T19:00:00Z,76773.4,77054.0,76727.4,76789.5,1880.047
2026-05-19T20:00:00Z,76789.5,77002.5,76789.5,76987.6,619.15
2026-05-19T21:00:00Z,76987.6,77014.9,76938.1,76946.1,791.58
2026-05-19T22:00:00Z,76946.1,76946.1,76613.0,76679.7,1329.938
2026-05-19T23:00:00Z,76679.7,76959.0,76636.6,76806.1,791.814
2026-05-20T00:00:00Z,76806.1,76870.0,76465.9,76763.6,1352.955
2026-05-20T01:00:00Z,76763.6,76898.0,76496.3,76784.5,1514.401
2026-05-20T02:00:00Z,76784.5,76884.3,76564.4,76654.6,830.853
2026-05-20T03:00:00Z,76654.6,76797.8,76567.3,76688.7,634.365
2026-05-20T04:00:00Z,76688.7,76805.8,76643.6,76751.9,491.493
2026-05-20T05:00:00Z,76751.9,77309.1,76751.9,77166.2,2892.32
2026-05-20T06:00:00Z,77166.2,77389.9,77154.9,77384.8,1479.242
2026-05-20T07:00:00Z,77384.8,77445.0,77200.5,77253.9,1533.244
2026-05-20T08:00:00Z,77253.9,77610.0,77163.6,77424.3,2033.09
2026-05-20T09:00:00Z,77424.3,77516.0,77330.0,77445.1,1283.859
2026-05-20T10:00:00Z,77445.1,77635.0,77445.1,77480.1,1236.769
2026-05-20T11:00:00Z,77480.1,77537.6,77289.8,77350.1,945.108
2026-05-20T12:00:00Z,77350.1,77716.9,77325.7,77588.8,1459.158
2026-05-20T13:00:00Z,77588.8,77622.3,76915.1,77177.8,5064.347
2026-05-20T14:00:00Z,77177.8,77546.5,76850.0,77418.9,4869.067
2026-05-20T15:00:00Z,77418.9,77838.9,77271.6,77421.9,4731.229
2026-05-20T16:00:00Z,77421.9,77528.6,76977.7,77297.8,3046.977
2026-05-20T17:00:00Z,77297.8,77691.9,77190.1,77535.3,1994.912
2026-05-20T18:00:00Z,77535.3,77608.0,77350.0,77378.6,1349.973
2026-05-20T19:00:00Z,77378.6,77678.3,77300.3,77638.1,1418.735
2026-05-20T20:00:00Z,77638.1,77737.7,77430.7,77677.6,1810.98
2026-05-20T21:00:00Z,77677.6,77738.6,77459.5,77459.5,861.32
2026-05-20T22:00:00Z,77459.5,77467.9,77176.9,77467.8,1352.821
2026-05-20T23:00:00Z,77467.8,77528.9,77340.2,77518.9,468.444
2026-05-21T00:00:00Z,77518.9,78051.1,77476.0,77925.2,2113.96
2026-05-21T01:00:00Z,77925.2,78142.8,77756.3,77821.1,1799.392
2026-05-21T02:00:00Z,77821.1,78070.7,77774.9,77917.0,1957.529
2026-05-21T03:00:00Z,77917.0,78070.0,77862.4,78050.0,815.823
2026-05-21T04:00:00Z,78050.0,78153.6,77925.9,78000.8,1145.058
2026-05-21T05:00:00Z,78000.8,78115.0,77640.2,77796.9,1742.544
2026-05-21T06:00:00Z,77796.9,77845.5,77485.4,77588.2,1508.887
2026-05-21T07:00:00Z,77588.2,77867.5,77479.5,77840.1,1585.435
2026-05-21T08:00:00Z,77840.1,78173.0,77840.0,77890.5,2636.002
2026-05-21T09:00:00Z,77890.5,77946.0,77600.2,77600.2,1328.657
2026-05-21T10:00:00Z,77600.2,77648.0,77150.0,77171.1,4410.413
2026-05-21T11:00:00Z,77171.1,77346.1,77073.4,77159.5,2279.508
2026-05-21T12:00:00Z,77159.5,77331.8,77039.1,77247.5,1862.459
2026-05-21T13:00:00Z,77247.5,77327.0,76680.1,77089.4,5112.477
2026-05-21T14:00:00Z,77089.4,77208.0,76748.8,76944.8,2816.368
2026-05-21T15:00:00Z,76944.8,77375.0,76859.8,77225.5,2606.4
2026-05-21T16:00:00Z,77225.5,77323.1,76970.0,77153.9,1603.856
2026-05-21T17:00:00Z,77153.9,78070.1,77140.0,77840.0,8249.175
2026-05-21T18:00:00Z,77840.0,77898.4,77218.2,77355.1,3961.096
2026-05-21T19:00:00Z,77355.1,77782.4,77331.5,77666.6,2007.901
2026-05-21T20:00:00Z,77666.6,77777.1,77594.9,77669.0,1178.809
2026-05-21T21:00:00Z,77669.0,77782.8,77602.9,77647.3,694.182
2026-05-21T22:00:00Z,77647.3,77725.3,77512.2,77589.5,760.926
2026-05-21T23:00:00Z,77589.5,77727.2,77498.7,77588.4,650.456
2026-05-22T00:00:00Z,77588.4,77609.0,77331.0,77341.8,1288.077
2026-05-22T01:00:00Z,77341.8,77641.5,77280.1,77585.6,917.298
2026-05-22T02:00:00Z,77585.6,77731.3,77526.9,77635.7,1672.918
2026-05-22T03:00:00Z,77635.7,77771.7,77635.6,77738.7,564.786
2026-05-22T04:00:00Z,77738.7,77865.0,77600.0,77623.2,1140.526
2026-05-22T05:00:00Z,77623.2,77688.9,77400.3,77456.8,970.594
2026-05-22T06:00:00Z,77456.8,77496.4,77318.3,77387.8,2412.597
2026-05-22T07:00:00Z,77387.8,77514.5,77227.6,77366.9,1990.977
2026-05-22T08:00:00Z,77366.9,77504.0,77175.0,77238.6,1500.385
2026-05-22T09:00:00Z,77238.6,77322.5,77175.0,77276.5,1382.905
2026-05-22T10:00:00Z,77276.5,77324.6,77237.0,77286.4,791.265
2026-05-22T11:00:00Z,77286.4,77399.8,77155.0,77394.9,1144.211
2026-05-22T12:00:00Z,77394.9,77550.0,77355.4,77501.3,1500.286
2026-05-22T13:00:00Z,77501.3,77520.0,77075.0,77254.7,2852.34
2026-05-22T14:00:00Z,77254.7,77254.7,76713.7,76738.5,4926.77
2026-05-22T15:00:00Z,76738.5,77016.6,76530.0,76755.9,5004.87
2026-05-22T16:00:00Z,76755.9,76971.5,76736.3,76920.0,1356.699
2026-05-22T17:00:00Z,76920.0,77070.0,76711.7,76716.6,2268.353
2026-05-22T18:00:00Z,76716.6,76873.9,76046.0,76497.9,7202.388
2026-05-22T19:00:00Z,76497.9,76554.0,75611.7,75831.3,9874.402
2026-05-22T20:00:00Z,75831.3,76059.4,75782.3,75951.9,2128.274
2026-05-22T21:00:00Z,75951.9,76065.7,75894.3,75934.4,1014.528
2026-05-22T22:00:00Z,75934.4,75948.3,75500.0,75703.7,2764.307
2026-05-22T23:00:00Z,75703.7,75852.8,75311.0,75509.6,2601.025
2026-05-23T00:00:00Z,75509.6,75600.0,75185.1,75325.2,2884.389
2026-05-23T01:00:00Z,75325.2,75471.5,75303.1,75461.3,1554.347
2026-05-23T02:00:00Z,75461.3,75549.1,75373.1,75532.4,757.937
2026-05-23T03:00:00Z,75532.4,75626.4,75524.2,75592.4,933.192
2026-05-23T04:00:00Z,75592.4,75614.1,75460.9,75499.9,591.206
2026-05-23T05:00:00Z,75499.9,75522.4,75430.0,75453.4,571.577
2026-05-23T06:00:00Z,75453.4,75468.3,75344.5,75365.9,603.234
2026-05-23T07:00:00Z,75365.9,75406.0,74221.4,74568.3,10136.209
2026-05-23T08:00:00Z,74568.3,74711.7,74302.7,74643.6,5124.407
2026-05-23T09:00:00Z,74643.6,74726.5,74549.9,74618.0,1484.772
2026-05-23T10:00:00Z,74618.0,74755.0,74618.0,74679.6,718.099
2026-05-23T11:00:00Z,74679.6,74844.7,74672.0,74757.8,712.172
2026-05-23T12:00:00Z,74757.8,74760.4,74607.9,74718.9,931.624
2026-05-23T13:00:00Z,74718.9,75232.6,74715.9,75178.6,3789.724
2026-05-23T14:00:00Z,75178.6,75674.2,75061.8,75490.1,3935.564
2026-05-23T15:00:00Z,75490.1,75646.7,75357.6,75487.4,2714.372
2026-05-23T16:00:00Z,75487.4,75611.9,75349.7,75406.1,1642.394
2026-05-23T17:00:00Z,75406.1,75528.9,75327.8,75457.5,1385.57
2026-05-23T18:00:00Z,75457.5,75957.9,75426.2,75806.3,3290.318
2026-05-23T19:00:00Z,75806.3,75992.3,75740.9,75949.8,1948.068
2026-05-23T20:00:00Z,75949.8,77267.8,75906.2,77238.6,11790.432
2026-05-23T21:00:00Z,77238.6,77371.9,76500.0,76783.0,6300.63
2026-05-23T22:00:00Z,76783.0,76860.0,76364.6,76546.7,1917.312
2026-05-23T23:00:00Z,76546.7,76791.3,76496.0,76709.0,1519.08
2026-05-24T00:00:00Z,76709.0,76898.1,76591.1,76807.8,892.677
2026-05-24T01:00:00Z,76807.8,76887.9,76713.3,76855.4,716.361
2026-05-24T02:00:00Z,76855.4,76931.0,76669.0,76788.7,653.922
2026-05-24T03:00:00Z,76788.7,76980.0,76694.3,76704.8,872.348
2026-05-24T04:00:00Z,76704.8,76816.6,76684.7,76744.2,737.076
2026-05-24T05:00:00Z,76744.2,76842.1,76613.7,76780.1,865.406
2026-05-24T06:00:00Z,76780.1,77056.9,76674.2,76956.0,2186.896
2026-05-24T07:00:00Z,76956.0,76995.0,76760.0,76778.5,1187.025
2026-05-24T08:00:00Z,76778.5,76825.0,76701.6,76804.9,1057.653
2026-05-24T09:00:00Z,76804.9,77018.0,76782.4,76992.2,1459.64
2026-05-24T10:00:00Z,76992.2,77490.0,76887.0,77154.7,3531.858
2026-05-24T11:00:00Z,77154.7,77324.5,77146.9,77280.6,941.015
2026-05-24T12:00:00Z,77280.6,77290.0,77000.1,77078.3,1119.735
2026-05-24T13:00:00Z,77078.3,77090.0,76650.0,76767.3,2927.415
2026-05-24T14:00:00Z,76767.3,76806.5,76144.1,76426.9,6777.903
2026-05-24T15:00:00Z,76426.9,76508.7,76314.9,76329.9,1363.74
2026-05-24T16:00:00Z,76329.9,76700.0,76329.9,76633.6,2677.322
2026-05-24T17:00:00Z,76633.6,76760.0,76525.1,76651.6,840.857
2026-05-24T18:00:00Z,76651.6,76754.5,76550.8,76625.3,549.408
2026-05-24T19:00:00Z,76625.3,76755.8,76566.7,76734.9,582.543
2026-05-24T20:00:00Z,76734.9,76767.0,76562.8,76632.7,627.785
2026-05-24T21:00:00Z,76632.7,76717.4,76062.2,76111.1,3106.453
2026-05-24T22:00:00Z,76111.1,76990.0,76095.0,76769.2,5085.218
2026-05-24T23:00:00Z,76769.2,77200.0,76769.2,77032.5,1933.25
2026-05-25T00:00:00Z,77032.5,77266.5,77032.5,77122.7,1506.771
2026-05-25T01:00:00Z,77122.7,77215.8,76859.9,76908.9,1610.178
2026-05-25T02:00:00Z,76908.9,77449.9,76908.8,77069.7,1916.757
2026-05-25T03:00:00Z,77069.7,77135.6,76968.8,76994.4,648.438
2026-05-25T04:00:00Z,76994.4,77430.0,76952.4,77363.0,2119.954
2026-05-25T05:00:00Z,77363.0,77489.8,77286.6,77379.9,2840.613
2026-05-25T06:00:00Z,77379.9,77641.0,77173.2,77396.5,3086.82
2026-05-25T07:00:00Z,77396.5,77500.0,77150.0,77381.7,1486.127
2026-05-25T08:00:00Z,77381.7,77448.5,77244.8,77432.1,840.19
2026-05-25T09:00:00Z,77432.1,77682.0,77390.4,77564.5,1593.46
2026-05-25T10:00:00Z,77564.5,77661.2,77454.4,77507.4,994.375
2026-05-25T11:00:00Z,77507.4,77507.5,77300.0,77327.7,1195.996
2026-05-25T12:00:00Z,77327.7,77411.0,77247.9,77326.8,1270.871
2026-05-25T13:00:00Z,77326.8,77416.0,77255.0,77307.4,754.19
2026-05-25T14:00:00Z,77307.4,77750.0,77280.0,77685.9,2324.267
2026-05-25T15:00:00Z,77685.9,77885.0,77513.4,77597.9,2378.855
2026-05-25T16:00:00Z,77597.9,77788.0,77488.0,77704.0,1427.5
2026-05-25T17:00:00Z,77704.0,77786.5,77519.0,77528.2,1229.879
2026-05-25T18:00:00Z,77528.2,77633.9,77512.4,77516.6,654.541
2026-05-25T19:00:00Z,77516.6,77518.3,77310.0,77402.7,1089.588
2026-05-25T20:00:00Z,77402.7,77472.0,77180.0,77237.6,1432.23
2026-05-25T21:00:00Z,77237.6,77368.2,77235.1,77341.5,1051.065
2026-05-25T22:00:00Z,77341.5,77417.5,76974.1,77077.2,2461.172
2026-05-25T23:00:00Z,77077.2,77333.1,77017.5,77280.5,865.225
2026-05-26T00:00:00Z,77280.5,77316.3,76517.3,76739.2,3420.142
2026-05-26T01:00:00Z,76739.2,76855.9,76542.9,76713.2,3074.275
2026-05-26T02:00:00Z,76713.2,76785.4,76469.1,76625.6,1751.84
2026-05-26T03:00:00Z,76625.6,76676.0,76436.0,76625.3,1240.293
2026-05-26T04:00:00Z,76625.3,76776.0,76559.9,76705.8,1075.343
2026-05-26T05:00:00Z,76705.8,76968.6,76660.7,76881.9,1266.77
2026-05-26T06:00:00Z,76881.9,77023.1,76723.9,76868.0,1202.88
2026-05-26T07:00:00Z,76868.0,76885.7,76565.0,76687.1,2037.97
2026-05-26T08:00:00Z,76687.1,76824.0,76654.0,76684.2,1127.501
2026-05-26T09:00:00Z,76684.2,76772.0,76603.0,76635.3,1119.673
2026-05-26T10:00:00Z,76635.3,77589.1,76536.2,77395.6,6024.186
2026-05-26T11:00:00Z,77395.6,77458.0,77136.7,77159.9,2664.162
2026-05-26T12:00:00Z,77159.9,77203.7,76837.7,77096.8,3885.752
2026-05-26T13:00:00Z,77096.8,77442.7,76646.3,77202.8,4872.535
2026-05-26T14:00:00Z,77202.8,78049.0,76677.0,76862.9,12667.892
2026-05-26T15:00:00Z,76862.9,76980.0,76216.4,76464.2,8175.463
2026-05-26T16:00:00Z,76464.2,76689.1,76150.0,76527.4,5330.817
2026-05-26T17:00:00Z,76527.4,76624.1,75800.0,75890.4,7190.533
2026-05-26T18:00:00Z,75890.4,76247.9,75733.0,75810.0,3876.906
2026-05-26T19:00:00Z,75810.0,76073.0,75762.9,76019.8,1546.323
2026-05-26T20:00:00Z,76019.8,76143.1,75940.0,76070.6,1611.091
2026-05-26T21:00:00Z,76070.6,76087.7,75800.0,75855.6,950.207
2026-05-26T22:00:00Z,75855.6,75968.0,75627.9,75717.8,2213.696
2026-05-26T23:00:00Z,75717.8,75952.4,75717.7,75897.4,1071.863
2026-05-27T00:00:00Z,75897.4,76053.5,75833.9,76040.2,1355.578
2026-05-27T01:00:00Z,76040.2,76077.9,75771.9,75834.2,1431.642
2026-05-27T02:00:00Z,75834.2,75859.5,75633.1,75835.9,1144.694
2026-05-27T03:00:00Z,75835.9,75926.4,75550.0,75621.3,1475.567
2026-05-27T04:00:00Z,75621.3,75665.9,75235.7,75524.4,4555.864
2026-05-27T05:00:00Z,75524.4,75698.0,75524.3,75654.9,1647.317
2026-05-27T06:00:00Z,75654.9,75863.3,75624.9,75791.1,1776.055
2026-05-27T07:00:00Z,75791.1,75929.1,75711.0,75920.0,1443.868
2026-05-27T08:00:00Z,75920.0,76028.5,75783.2,75827.2,2152.343
2026-05-27T09:00:00Z,75827.2,75932.9,75655.0,75863.2,1835.676
2026-05-27T10:00:00Z,75863.2,75994.3,75822.6,75848.5,1056.852
2026-05-27T11:00:00Z,75848.5,75984.5,75709.6,75729.6,1127.022
2026-05-27T12:00:00Z,75729.6,76136.8,75526.7,75647.4,3905.92
2026-05-27T13:00:00Z,75647.4,75729.0,74818.0,75038.5,9420.657
2026-05-27T14:00:00Z,75038.5,75237.0,74707.5,74996.7,5151.489
2026-05-27T15:00:00Z,74996.7,75468.0,74936.5,75297.1,4449.246
2026-05-27T16:00:00Z,75297.1,75379.0,74953.1,75273.8,2343.506
2026-05-27T17:00:00Z,75273.8,75310.0,74642.4,74828.4,5281.415
2026-05-27T18:00:00Z,74828.4,74994.9,74626.9,74994.9,2422.81
2026-05-27T19:00:00Z,74994.9,75114.1,74911.0,75034.6,2078.86
2026-05-27T20:00:00Z,75034.6,75379.0,75018.1,75234.0,1872.745
2026-05-27T21:00:00Z,75234.0,75234.0,74305.4,74446.0,5260.377
2026-05-27T22:00:00Z,74446.0,74742.5,74236.1,74388.6,4162.942
2026-05-27T23:00:00Z,74388.6,74547.7,74201.2,74412.4,2722.039
2026-05-28T00:00:00Z,74412.4,74546.8,74320.8,74530.7,1361.566
2026-05-28T01:00:00Z,74530.7,74557.7,74104.7,74312.4,3557.937
2026-05-28T02:00:00Z,74312.4,74368.1,74070.0,74249.2,1830.423
2026-05-28T03:00:00Z,74249.2,74347.2,73020.0,73231.8,11929.901
2026-05-28T04:00:00Z,73231.8,73231.8,72687.4,73146.9,7372.954
2026-05-28T05:00:00Z,73146.9,73146.9,72875.2,72958.6,2214.698
2026-05-28T06:00:00Z,72958.6,73180.0,72726.9,73169.2,2711.243
2026-05-28T07:00:00Z,73169.2,73479.6,73118.3,73460.3,2377.643
2026-05-28T08:00:00Z,73460.3,73474.4,73171.7,73285.7,1619.274
2026-05-28T09:00:00Z,73285.7,73534.0,73218.5,73510.4,1816.661
2026-05-28T10:00:00Z,73510.4,73588.9,73300.6,73367.9,1838.236
2026-05-28T11:00:00Z,73367.9,73510.3,73280.9,73474.1,1317.406
2026-05-28T12:00:00Z,73474.1,73560.0,73214.2,73490.3,2444.319
2026-05-28T13:00:00Z,73490.3,73550.0,72727.0,72993.4,7018.181
2026-05-28T14:00:00Z,72993.4,73561.4,72552.0,73000.1,13434.833
2026-05-28T15:00:00Z,73000.1,73155.0,72660.0,72896.6,3528.151
2026-05-28T16:00:00Z,72896.6,73437.7,72696.2,73424.9,5135.878
2026-05-28T17:00:00Z,73424.9,73718.2,73284.0,73518.9,3707.416
2026-05-28T18:00:00Z,73518.9,73729.0,73486.2,73629.8,1785.28
2026-05-28T19:00:00Z,73629.8,73629.8,73350.4,73397.4,1580.12
2026-05-28T20:00:00Z,73397.4,73696.5,73195.7,73550.7,2986.944
2026-05-28T21:00:00Z,73550.7,73901.6,73522.6,73789.3,1465.22
2026-05-28T22:00:00Z,73789.3,73920.0,73421.0,73447.7,2340.814
2026-05-28T23:00:00Z,73447.7,73710.0,73447.6,73597.6,1167.751
2026-05-29T00:00:00Z,73597.6,73845.0,73597.5,73704.7,2258.839
2026-05-29T01:00:00Z,73704.7,73853.8,73432.1,73565.3,1724.17
2026-05-29T02:00:00Z,73565.3,73625.0,73140.5,73189.9,3461.202
2026-05-29T03:00:00Z,73189.9,73422.6,73189.9,73264.0,1297.808
2026-05-29T04:00:00Z,73264.0,73477.9,73169.5,73462.9,1203.231
2026-05-29T05:00:00Z,73462.9,73700.1,73451.9,73673.6,2049.61
2026-05-29T06:00:00Z,73673.6,73911.1,73604.0,73751.7,1694.538
2026-05-29T07:00:00Z,73751.7,73794.9,73337.8,73480.0,3307.614
2026-05-29T08:00:00Z,73480.0,73798.6,73480.0,73620.9,1842.167
2026-05-29T09:00:00Z,73620.9,73877.5,73611.3,73705.7,1118.474
2026-05-29T10:00:00Z,73705.7,73718.9,73551.7,73600.0,946.857
2026-05-29T11:00:00Z,73600.0,73668.5,73311.2,73449.9,1196.16
2026-05-29T12:00:00Z,73449.9,73450.0,73157.3,73253.6,2132.86
2026-05-29T13:00:00Z,73253.6,73316.2,72865.0,73110.9,4539.575
2026-05-29T14:00:00Z,73110.9,73176.0,72460.7,73058.1,9739.333
2026-05-29T15:00:00Z,73058.1,74187.8,72961.5,73774.1,15487.637
2026-05-29T16:00:00Z,73774.1,74100.0,73520.8,74018.3,5463.761
2026-05-29T17:00:00Z,74018.3,74310.0,73888.9,73951.9,3684.48
2026-05-29T18:00:00Z,73951.9,74034.2,73123.9,73342.4,6252.041
2026-05-29T19:00:00Z,73342.4,73721.0,73205.6,73491.1,3740.511
2026-05-29T20:00:00Z,73491.1,73738.1,73479.7,73645.7,816.479
2026-05-29T21:00:00Z,73645.7,73819.7,73372.4,73389.6,1634.936
2026-05-29T22:00:00Z,73389.6,73544.9,73340.4,73449.4,1974.799
2026-05-29T23:00:00Z,73449.4,73485.3,73276.2,73437.3,797.357
2026-05-30T00:00:00Z,73437.3,73563.0,73372.7,73466.2,729.428
2026-05-30T01:00:00Z,73466.2,73639.5,73433.7,73632.0,886.934
2026-05-30T02:00:00Z,73632.0,73750.0,73574.5,73749.9,625.273
2026-05-30T03:00:00Z,73749.9,73756.4,73493.1,73495.8,647.473
2026-05-30T04:00:00Z,73495.8,73549.7,73160.3,73365.7,1693.242
2026-05-30T05:00:00Z,73365.7,73600.0,73312.0,73560.9,2083.831
2026-05-30T06:00:00Z,73560.9,73694.2,73477.1,73542.7,1079.603
2026-05-30T07:00:00Z,73542.7,73552.3,73449.8,73515.7,476.02
2026-05-30T08:00:00Z,73515.7,73523.2,73464.9,73488.3,331.167
2026-05-30T09:00:00Z,73488.3,73581.9,73464.9,73571.0,427.169
2026-05-30T10:00:00Z,73571.0,73646.0,73548.5,73621.7,461.294
2026-05-30T11:00:00Z,73621.7,73625.0,73519.2,73569.4,396.704
2026-05-30T12:00:00Z,73569.4,73693.4,73556.0,73658.2,385.958
2026-05-30T13:00:00Z,73658.2,73841.1,73625.9,73793.0,1215.321
2026-05-30T14:00:00Z,73793.0,74076.8,73780.5,73895.0,2172.17
2026-05-30T15:00:00Z,73895.0,74016.8,73803.4,73889.3,1147.366
2026-05-30T16:00:00Z,73889.3,73959.0,73842.0,73904.1,528.029
2026-05-30T17:00:00Z,73904.1,74003.6,73780.4,73986.6,962.416
2026-05-30T18:00:00Z,73986.6,74117.7,73920.0,74014.1,1014.058
2026-05-30T19:00:00Z,74014.1,74049.4,73944.9,73978.8,988.918
2026-05-30T20:00:00Z,73978.8,73990.0,73891.8,73950.2,831.364
2026-05-30T21:00:00Z,73950.2,74025.3,73892.7,73955.1,480.086
2026-05-30T22:00:00Z,73955.1,73955.1,73756.0,73843.3,743.816
2026-05-30T23:00:00Z,73843.3,73971.9,73740.4,73854.1,911.774
2026-05-31T00:00:00Z,73854.1,74009.9,73817.6,73997.4,683.728
2026-05-31T01:00:00Z,73997.4,74246.1,73988.0,74023.8,1698.937
2026-05-31T02:00:00Z,74023.8,74223.9,73854.4,74060.1,1948.942
2026-05-31T03:00:00Z,74060.1,74190.3,74027.7,74109.9,822.018
2026-05-31T04:00:00Z,74109.9,74197.4,74051.4,74142.2,779.618
2026-05-31T05:00:00Z,74142.2,74179.4,74019.1,74022.3,549.683
2026-05-31T06:00:00Z,74022.3,74068.0,73953.6,74016.2,354.976
2026-05-31T07:00:00Z,74016.2,74016.2,73800.0,73842.4,1036.792
2026-05-31T08:00:00Z,73842.4,73963.7,73815.4,73913.8,697.151
2026-05-31T09:00:00Z,73913.8,74003.4,73774.0,73814.2,976.013
2026-05-31T10:00:00Z,73814.2,73879.7,73687.6,73873.7,1159.393
2026-05-31T11:00:00Z,73873.7,73948.0,73863.0,73911.0,406.574
2026-05-31T12:00:00Z,73911.0,73968.0,73836.7,73894.0,680.785
2026-05-31T13:00:00Z,73894.0,74007.2,73783.1,73841.0,533.231
2026-05-31T14:00:00Z,73841.0,73841.1,73467.8,73577.1,4975.562
2026-05-31T15:00:00Z,73577.1,73744.1,73549.8,73617.0,1114.453
2026-05-31T16:00:00Z,73617.0,73694.1,73351.0,73499.9,2206.165
2026-05-31T17:00:00Z,73499.9,73699.5,73427.5,73677.9,860.658
2026-05-31T18:00:00Z,73677.9,73681.9,73543.8,73573.3,471.131
2026-05-31T19:00:00Z,73573.3,73625.6,73412.1,73520.6,806.505
2026-05-31T20:00:00Z,73520.6,73734.0,73520.6,73714.7,913.982
2026-05-31T21:00:00Z,73714.7,73899.0,73582.3,73857.4,1987.916
2026-05-31T22:00:00Z,73857.4,73979.2,73650.0,73915.0,1364.883
2026-05-31T23:00:00Z,73915.0,74173.8,73452.3,73649.6,2950.14
2026-06-01T00:00:00Z,73649.6,74057.6,73614.4,73850.2,1514.913
2026-06-01T01:00:00Z,73850.2,73887.4,73228.0,73256.1,2166.735
2026-06-01T02:00:00Z,73256.1,73849.0,73176.0,73753.6,1915.008
2026-06-01T03:00:00Z,73753.6,73985.5,73688.9,73726.2,1539.669
2026-06-01T04:00:00Z,73726.2,73806.0,73288.0,73486.3,1930.933
2026-06-01T05:00:00Z,73486.3,73500.0,73287.6,73314.7,1551.181
2026-06-01T06:00:00Z,73314.7,73342.4,72923.0,73105.4,3420.105
2026-06-01T07:00:00Z,73105.4,73175.0,72654.8,72770.2,3984.87
2026-06-01T08:00:00Z,72770.2,72899.8,72580.1,72877.2,3172.569
2026-06-01T09:00:00Z,72877.2,73064.9,72801.1,72861.0,3856.863
2026-06-01T10:00:00Z,72861.0,72882.7,72541.7,72719.0,3220.91
2026-06-01T11:00:00Z,72719.0,72734.5,72160.5,72449.7,5185.521
2026-06-01T12:00:00Z,72449.7,72590.0,71862.0,72178.5,10383.48
2026-06-01T13:00:00Z,72178.5,72200.0,71350.0,71679.9,15065.039
2026-06-01T14:00:00Z,71679.9,71856.0,71383.1,71544.1,5836.573
2026-06-01T15:00:00Z,71544.1,71648.0,71040.0,71103.9,6577.84
2026-06-01T16:00:00Z,71103.9,71584.2,70650.4,71539.1,9631.386
2026-06-01T17:00:00Z,71539.1,71800.0,71445.0,71623.4,3776.555
2026-06-01T18:00:00Z,71623.4,71677.8,71354.9,71474.4,1870.688
2026-06-01T19:00:00Z,71474.4,71652.7,71360.1,71576.1,2358.743
2026-06-01T20:00:00Z,71576.1,71683.1,71391.3,71428.2,1104.997
2026-06-01T21:00:00Z,71428.2,71431.6,70879.3,71008.1,3206.2
2026-06-01T22:00:00Z,71008.1,71449.5,70805.0,71382.7,3255.573
2026-06-01T23:00:00Z,71382.7,71571.2,71194.4,71391.3,2203.071
2026-06-02T00:00:00Z,71391.3,71398.4,71057.1,71269.7,1232.398
2026-06-02T01:00:00Z,71269.7,71359.7,70555.1,70634.9,4107.874
2026-06-02T02:00:00Z,70634.9,70858.5,70063.9,70830.0,9289.249
2026-06-02T03:00:00Z,70830.0,71016.9,70777.0,70933.9,2870.161
2026-06-02T04:00:00Z,70933.9,71039.2,70683.5,70788.0,2651.742
2026-06-02T05:00:00Z,70788.0,70825.0,70200.2,70243.7,4870.596
2026-06-02T06:00:00Z,70243.7,70424.0,69902.0,70083.2,4225.162
2026-06-02T07:00:00Z,70083.2,70251.3,69705.1,70080.8,5820.417
2026-06-02T08:00:00Z,70080.8,70150.7,69665.0,69801.1,3408.36
2026-06-02T09:00:00Z,69801.1,69828.5,69290.0,69398.0,6538.344
2026-06-02T10:00:00Z,69398.0,69741.6,69309.6,69622.7,3024.776
2026-06-02T11:00:00Z,69622.7,69640.8,69363.3,69434.2,1427.347
2026-06-02T12:00:00Z,69434.2,69519.0,68962.0,68984.9,5649.268
2026-06-02T13:00:00Z,68984.9,69157.4,68723.1,68782.0,8377.09
2026-06-02T14:00:00Z,68782.0,68810.0,67564.8,67992.2,20219.218
2026-06-02T15:00:00Z,67992.2,68067.5,67030.4,67269.4,16029.752
2026-06-02T16:00:00Z,67269.4,68112.1,67193.8,67382.9,10937.618
2026-06-02T17:00:00Z,67382.9,67823.4,67329.2,67456.5,4469.074
2026-06-02T18:00:00Z,67456.5,67628.5,67082.3,67306.1,3062.175
2026-06-02T19:00:00Z,67306.1,67474.4,66356.0,67287.9,12318.368
2026-06-02T20:00:00Z,67287.9,67676.1,66870.0,67550.5,6380.325
2026-06-02T21:00:00Z,67550.5,67891.4,67360.7,67532.9,4384.806
2026-06-02T22:00:00Z,67532.9,67532.9,66191.3,66363.5,9580.492
2026-06-02T23:00:00Z,66363.5,66838.7,66160.0,66725.2,7457.482
2026-06-03T00:00:00Z,66725.2,67174.6,66611.4,66900.0,4918.377
2026-06-03T01:00:00Z,66900.0,67019.7,66424.9,66878.8,3483.332
2026-06-03T02:00:00Z,66878.8,66909.8,66542.1,66581.4,1898.308
2026-06-03T03:00:00Z,66581.4,66631.3,65400.0,65818.7,10623.681
2026-06-03T04:00:00Z,65818.7,66589.0,65797.2,66439.2,5122.048
2026-06-03T05:00:00Z,66439.2,67380.0,66439.2,67300.1,8048.629
2026-06-03T06:00:00Z,67300.1,67497.5,66930.9,66954.3,3921.189
2026-06-03T07:00:00Z,66954.3,67322.9,66826.0,67188.5,4240.634
2026-06-03T08:00:00Z,67188.5,67236.9,66945.0,66998.6,2129.847
2026-06-03T09:00:00Z,66998.6,67311.0,66627.5,67040.7,4821.002
2026-06-03T10:00:00Z,67040.7,67450.0,67027.6,67267.7,2880.791
2026-06-03T11:00:00Z,67267.7,67344.3,67027.0,67044.9,1651.434
2026-06-03T12:00:00Z,67044.9,67135.1,66755.6,67054.6,3150.598
2026-06-03T13:00:00Z,67054.6,67220.0,66605.3,66880.6,4598.189
2026-06-03T14:00:00Z,66880.6,66975.4,66620.0,66831.7,2919.828
2026-06-03T15:00:00Z,66831.7,66868.2,66041.3,66046.9,7771.045
2026-06-03T16:00:00Z,66046.9,66346.9,65500.0,66034.4,12484.583
2026-06-03T17:00:00Z,66034.4,66158.4,65671.7,65931.4,3427.06
2026-06-03T18:00:00Z,65931.4,66132.2,65703.1,66002.5,1967.018
2026-06-03T19:00:00Z,66002.5,66025.9,65201.2,65428.4,7263.293
2026-06-03T20:00:00Z,65428.4,65583.1,64686.2,64970.1,8692.095
2026-06-03T21:00:00Z,64970.1,65827.8,64919.3,65736.5,6101.124
2026-06-03T22:00:00Z,65736.5,65809.3,64730.2,64875.7,6100.62
2026-06-03T23:00:00Z,64875.7,64952.3,64035.3,64115.2,8736.453
2026-06-04T00:00:00Z,64115.2,64400.0,62950.1,63315.6,11599.157
2026-06-04T01:00:00Z,63315.6,63476.0,62057.7,62141.4,12727.37
2026-06-04T02:00:00Z,62141.4,63605.7,61333.0,63198.9,19733.155
2026-06-04T03:00:00Z,63198.9,64500.0,63186.7,64335.8,8923.837
2026-06-04T04:00:00Z,64335.8,64734.4,64229.4,64373.6,5669.155
2026-06-04T05:00:00Z,64373.6,64373.6,63617.4,63926.6,5599.798
2026-06-04T06:00:00Z,63926.6,64458.9,63855.8,64004.4,2911.493
2026-06-04T07:00:00Z,64004.4,64042.2,63376.4,63562.6,5213.346
2026-06-04T08:00:00Z,63562.6,63881.6,63204.0,63594.5,4228.326
2026-06-04T09:00:00Z,63594.5,63619.4,62662.4,63250.4,7187.474
2026-06-04T10:00:00Z,63250.4,63265.2,62221.5,62375.4,10842.028
2026-06-04T11:00:00Z,62375.4,62798.4,62133.0,62519.2,6675.152
2026-06-04T12:00:00Z,62519.2,63944.1,62355.7,63732.3,10477.475
2026-06-04T13:00:00Z,63732.3,64224.0,63019.6,64205.8,11925.702
2026-06-04T14:00:00Z,64205.8,64473.6,63760.6,63928.1,5758.15
2026-06-04T15:00:00Z,63928.1,64377.5,63662.7,63866.9,4437.526
2026-06-04T16:00:00Z,63866.9,63899.1,63424.0,63533.6,3259.002
2026-06-04T17:00:00Z,63533.6,63703.6,62904.7,63505.4,5735.601
2026-06-04T18:00:00Z,63505.4,64082.7,63111.6,63767.7,5475.743
2026-06-04T19:00:00Z,63767.7,64121.5,63491.0,63597.3,3615.367
2026-06-04T20:00:00Z,63597.3,63638.0,63150.0,63595.2,3328.092
2026-06-04T21:00:00Z,63595.2,63848.3,63072.4,63244.8,3018.524
2026-06-04T22:00:00Z,63244.8,63745.6,63150.0,63693.9,2985.202
2026-06-04T23:00:00Z,63693.9,63893.6,63335.2,63849.1,2138.472
2026-06-05T00:00:00Z,63849.1,63954.5,63354.0,63388.0,2033.065
2026-06-05T01:00:00Z,63388.0,63538.5,63006.6,63340.7,2444.095
2026-06-05T02:00:00Z,63340.7,63414.9,62558.0,62586.6,3793.763
2026-06-05T03:00:00Z,62586.6,62854.4,62297.6,62695.3,4020.122
2026-06-05T04:00:00Z,62695.3,63615.6,62444.4,63585.0,4415.854
2026-06-05T05:00:00Z,63585.0,63684.4,62222.2,62293.5,7478.537
2026-06-05T06:00:00Z,62293.5,62605.5,61076.6,61917.9,18100.996
2026-06-05T07:00:00Z,61917.9,63087.9,61340.2,63080.1,10004.521
2026-06-05T08:00:00Z,63080.1,63091.2,62245.7,62432.0,5346.55
2026-06-05T09:00:00Z,62432.0,63268.5,62406.2,62830.5,5284.511
2026-06-05T10:00:00Z,62830.5,62910.8,62349.7,62512.8,3402.536
2026-06-05T11:00:00Z,62512.8,62621.0,61925.2,61925.2,4701.14
2026-06-05T12:00:00Z,61925.2,62430.0,61582.0,61933.0,7544.003
2026-06-05T13:00:00Z,61933.0,62313.4,60685.6,60695.4,12746.425
2026-06-05T14:00:00Z,60695.4,61192.9,60285.7,60828.0,16094.21
2026-06-05T15:00:00Z,60828.0,61093.4,60013.0,60400.7,14427.141
2026-06-05T16:00:00Z,60400.7,61529.7,59718.5,61364.6,22813.271
2026-06-05T17:00:00Z,61364.6,61490.0,60612.0,60786.2,4679.296
2026-06-05T18:00:00Z,60786.2,60945.1,59101.6,59369.7,14671.572
2026-06-05T19:00:00Z,59369.7,60431.4,59081.4,60269.6,10010.726
2026-06-05T20:00:00Z,60269.6,61759.3,59902.9,61592.5,10317.932
2026-06-05T21:00:00Z,61592.5,61992.8,61420.8,61643.7,6625.491
2026-06-05T22:00:00Z,61643.7,61941.2,61118.1,61559.5,10101.457
2026-06-05T23:00:00Z,61559.5,61757.2,60481.4,61026.6,7559.441
2026-06-06T00:00:00Z,61026.6,61496.4,61021.1,61240.2,3515.778
2026-06-06T01:00:00Z,61240.2,61350.0,60920.1,61028.6,2052.307
2026-06-06T02:00:00Z,61028.6,61159.9,60642.0,60917.2,2315.59
2026-06-06T03:00:00Z,60917.2,60936.2,60488.7,60661.7,2810.971
2026-06-06T04:00:00Z,60661.7,60841.1,59428.7,60067.6,10724.246
2026-06-06T05:00:00Z,60067.6,61056.2,59578.7,60920.8,11678.731
2026-06-06T06:00:00Z,60920.8,61268.3,60656.3,60767.5,5202.444
2026-06-06T07:00:00Z,60767.5,61224.6,60706.3,60975.3,3067.862
2026-06-06T08:00:00Z,60975.3,61473.0,60850.1,61240.0,2652.737
2026-06-06T09:00:00Z,61240.0,61297.7,60852.1,60953.4,1926.947
2026-06-06T10:00:00Z,60953.4,60954.0,60073.8,60552.9,8077.374
2026-06-06T11:00:00Z,60552.9,60934.0,60510.9,60771.6,2618.501
2026-06-06T12:00:00Z,60771.6,61168.3,60601.3,60998.8,4414.005
2026-06-06T13:00:00Z,60998.8,61078.2,60672.1,60779.8,1964.481
2026-06-06T14:00:00Z,60779.8,60995.0,60740.7,60761.9,1332.227
2026-06-06T15:00:00Z,60761.9,60902.1,60350.6,60754.3,4291.884
2026-06-06T16:00:00Z,60754.3,60950.0,60428.9,60751.6,3130.775
2026-06-06T17:00:00Z,60751.6,60818.5,60456.2,60548.4,2409.073
2026-06-06T18:00:00Z,60548.4,60721.3,60365.4,60604.9,1820.456
2026-06-06T19:00:00Z,60604.9,60750.0,60500.0,60557.8,1155.522
2026-06-06T20:00:00Z,60557.8,60726.3,60484.3,60679.1,1285.012
2026-06-06T21:00:00Z,60679.1,60967.8,60671.2,60720.1,2088.559
2026-06-06T22:00:00Z,60720.1,60790.2,60394.0,60510.0,1651.972
2026-06-06T23:00:00Z,60510.0,60914.5,60510.0,60855.6,1963.84
2026-06-07T00:00:00Z,60855.6,60962.0,60711.1,60752.2,1222.669
2026-06-07T01:00:00Z,60752.2,61633.7,60728.7,61451.0,7576.042
2026-06-07T02:00:00Z,61451.0,61547.3,61150.2,61470.5,2636.852
2026-06-07T03:00:00Z,61470.5,61747.0,61382.1,61668.6,2448.568
2026-06-07T04:00:00Z,61668.6,61879.9,61443.2,61851.7,1919.091
2026-06-07T05:00:00Z,61851.7,62169.0,61609.6,61711.1,4185.482
2026-06-07T06:00:00Z,61711.1,62239.0,61580.0,62071.6,3702.532
2026-06-07T07:00:00Z,62071.6,62381.8,61950.1,62368.6,3031.884
2026-06-07T08:00:00Z,62368.6,62950.0,62220.1,62820.2,6678.061
2026-06-07T09:00:00Z,62820.2,62872.9,62380.1,62507.9,3481.472
2026-06-07T10:00:00Z,62507.9,62545.1,62270.0,62337.4,2422.429
2026-06-07T11:00:00Z,62337.4,62731.3,62325.4,62598.2,2511.334
2026-06-07T12:00:00Z,62598.2,62617.3,61524.5,61869.4,11342.813
2026-06-07T13:00:00Z,61869.4,61878.5,61622.8,61671.4,2466.115
2026-06-07T14:00:00Z,61671.4,62303.8,61668.2,61871.0,4666.941
2026-06-07T15:00:00Z,61871.0,62191.6,61636.0,62070.7,3175.303
2026-06-07T16:00:00Z,62070.7,62313.4,61930.5,62052.8,2194.397
2026-06-07T17:00:00Z,62052.8,62303.6,62013.5,62124.8,1564.168
2026-06-07T18:00:00Z,62124.8,62264.4,61976.5,61996.6,1052.093
2026-06-07T19:00:00Z,61996.6,62003.8,61138.5,61299.8,7944.998
2026-06-07T20:00:00Z,61299.8,61940.6,61178.7,61840.9,4242.449
2026-06-07T21:00:00Z,61840.9,61994.5,61614.1,61749.9,3219.427
2026-06-07T22:00:00Z,61749.9,64250.0,61685.0,62833.6,21486.058
2026-06-07T23:00:00Z,62833.6,63437.5,62771.5,63306.5,3123.302
2026-06-08T00:00:00Z,63306.5,63842.9,63110.2,63604.2,3719.167
2026-06-08T01:00:00Z,63604.2,63623.1,62678.8,63183.8,3828.36
2026-06-08T02:00:00Z,63183.8,63231.4,62880.5,63093.0,1773.771
2026-06-08T03:00:00Z,63093.0,63432.1,62929.8,63095.9,1865.876
2026-06-08T04:00:00Z,63095.9,63141.4,62600.1,62650.1,1985.566
2026-06-08T05:00:00Z,62650.1,62792.9,62374.0,62736.1,2879.831
2026-06-08T06:00:00Z,62736.1,63118.0,62701.4,62963.9,2416.693
2026-06-08T07:00:00Z,62963.9,63331.4,62778.0,63263.5,2976.585
2026-06-08T08:00:00Z,63263.5,63263.5,62951.3,63105.5,1635.146
2026-06-08T09:00:00Z,63105.5,63571.6,63093.4,63466.2,3145.052
2026-06-08T10:00:00Z,63466.2,63536.0,63064.5,63129.4,2908.675
2026-06-08T11:00:00Z,63129.4,63888.6,63010.3,63451.4,5189.049
2026-06-08T12:00:00Z,63451.4,63935.0,62672.7,63840.0,10509.74
2026-06-08T13:00:00Z,63840.0,63932.6,63330.3,63726.4,5826.68
2026-06-08T14:00:00Z,63726.4,64070.0,63534.4,63940.9,5568.437
2026-06-08T15:00:00Z,63940.9,64220.9,63671.1,63745.6,6715.108
2026-06-08T16:00:00Z,63745.6,64025.9,63434.8,63501.6,4056.076
2026-06-08T17:00:00Z,63501.6,63623.5,63226.3,63526.1,3681.355
2026-06-08T18:00:00Z,63526.1,63665.3,63303.0,63438.5,1704.968
2026-06-08T19:00:00Z,63438.5,63573.9,63320.1,63342.1,1261.11
2026-06-08T20:00:00Z,63342.1,63456.4,63065.9,63456.3,3026.192
2026-06-08T21:00:00Z,63456.3,63840.7,63453.4,63694.3,2383.594
2026-06-08T22:00:00Z,63694.3,63694.3,63177.5,63406.4,2271.156
2026-06-08T23:00:00Z,63406.4,63567.7,62939.0,63056.4,2934.375
2026-06-09T00:00:00Z,63056.4,63155.2,62386.1,62522.8,6510.404
2026-06-09T01:00:00Z,62522.8,62844.3,62515.2,62731.1,2108.696
2026-06-09T02:00:00Z,62731.1,62841.6,62505.4,62841.6,1475.772
2026-06-09T03:00:00Z,62841.6,62943.0,62668.3,62844.7,2066.546
2026-06-09T04:00:00Z,62844.7,63407.7,62718.5,63209.7,5323.849
2026-06-09T05:00:00Z,63209.7,63501.0,63089.1,63317.9,1959.252
2026-06-09T06:00:00Z,63317.9,63481.8,63194.4,63275.1,1460.036
2026-06-09T07:00:00Z,63275.1,63422.9,62977.7,63170.6,2621.974
2026-06-09T08:00:00Z,63170.6,63182.3,62730.5,62814.5,4183.145
2026-06-09T09:00:00Z,62814.5,62937.1,62547.4,62685.6,2769.407
2026-06-09T10:00:00Z,62685.6,62797.4,62544.4,62749.0,2031.178
2026-06-09T11:00:00Z,62749.0,62778.3,62462.9,62676.2,2504.465
2026-06-09T12:00:00Z,62676.2,62878.0,62385.4,62611.9,3778.586
2026-06-09T13:00:00Z,62611.9,62706.1,62130.0,62245.4,6882.856
2026-06-09T14:00:00Z,62245.4,62368.4,61111.0,61514.1,13235.627
2026-06-09T15:00:00Z,61514.1,61683.3,61000.3,61104.9,7625.835
2026-06-09T16:00:00Z,61104.9,61475.0,60705.0,61362.0,11381.499
2026-06-09T17:00:00Z,61362.0,61877.1,61362.0,61667.7,6679.208
2026-06-09T18:00:00Z,61667.7,61954.5,61565.8,61760.6,3546.046
2026-06-09T19:00:00Z,61760.6,62087.1,61690.9,62071.5,3823.956
2026-06-09T20:00:00Z,62071.5,62250.1,61920.7,62138.3,2631.402
2026-06-09T21:00:00Z,62138.3,62150.0,61658.3,61742.3,2936.352
2026-06-09T22:00:00Z,61742.3,61956.4,61630.0,61689.3,2156.824
2026-06-09T23:00:00Z,61689.3,61855.9,61520.0,61699.9,2980.944
2026-06-10T00:00:00Z,61699.9,61914.0,61423.0,61889.2,2717.707
2026-06-10T01:00:00Z,61889.2,61948.5,61551.9,61690.7,2092.285
2026-06-10T02:00:00Z,61690.7,61813.0,61206.0,61278.3,2744.971
2026-06-10T03:00:00Z,61278.3,61563.2,61256.0,61517.2,1544.417
2026-06-10T04:00:00Z,61517.2,61530.0,61141.2,61266.1,1816.796
2026-06-10T05:00:00Z,61266.1,61365.2,61039.8,61320.7,2253.371
2026-06-10T06:00:00Z,61320.7,61495.4,61107.5,61432.0,2346.702
2026-06-10T07:00:00Z,61432.0,61766.4,61398.1,61655.2,2496.15
2026-06-10T08:00:00Z,61655.2,61702.6,61121.3,61227.1,3558.845
2026-06-10T09:00:00Z,61227.1,61392.5,60614.5,61307.1,5036.002
2026-06-10T10:00:00Z,61307.1,61428.6,61117.4,61356.0,1549.625
2026-06-10T11:00:00Z,61356.0,61409.4,60824.0,60998.0,4078.419
2026-06-10T12:00:00Z,60998.0,61926.5,60917.1,61533.1,7800.657
2026-06-10T13:00:00Z,61533.1,62438.7,61409.4,62120.8,8253.073
2026-06-10T14:00:00Z,62120.8,62235.8,61779.8,62171.7,5161.315
2026-06-10T15:00:00Z,62171.7,62846.8,61822.4,62606.5,8439.952
2026-06-10T16:00:00Z,62606.5,62620.0,61893.6,62198.4,4858.066
2026-06-10T17:00:00Z,62198.4,62335.0,61615.3,61947.3,6438.745
2026-06-10T18:00:00Z,61947.3,62132.3,61550.4,61860.0,2139.372
2026-06-10T19:00:00Z,61860.0,62035.6,61649.6,61916.4,2416.303
2026-06-10T20:00:00Z,61916.4,61922.3,61651.0,61769.3,2148.664
2026-06-10T21:00:00Z,61769.3,61769.7,61152.3,61324.4,4328.468
2026-06-10T22:00:00Z,61324.4,61550.0,61069.5,61350.6,4460.522
2026-06-10T23:00:00Z,61350.6,61576.6,61127.4,61476.4,2235.839
2026-06-11T00:00:00Z,61476.4,61951.9,61476.4,61792.7,3144.547
2026-06-11T01:00:00Z,61792.7,62384.9,61791.3,62179.3,2931.723
2026-06-11T02:00:00Z,62179.3,62279.8,61914.6,62118.3,2019.766
2026-06-11T03:00:00Z,62118.3,63023.2,61964.7,62671.5,8775.707
2026-06-11T04:00:00Z,62671.5,62835.2,62522.5,62702.5,2092.491
2026-06-11T05:00:00Z,62702.5,62705.0,62537.1,62587.5,1549.413
2026-06-11T06:00:00Z,62587.5,63037.9,62518.2,62733.0,2814.272
2026-06-11T07:00:00Z,62733.0,62822.8,62580.9,62692.6,1622.169
2026-06-11T08:00:00Z,62692.6,63026.9,62692.1,62931.0,1733.548
2026-06-11T09:00:00Z,62931.0,62974.9,62763.4,62899.6,1720.878
2026-06-11T10:00:00Z,62899.6,63199.3,62778.3,63113.6,2090.946
2026-06-11T11:00:00Z,63113.6,63235.9,63014.0,63075.2,2150.427
2026-06-11T12:00:00Z,63075.2,63175.0,62468.2,62974.1,7222.8
2026-06-11T13:00:00Z,62974.1,63216.6,62649.8,63052.3,4406.484
2026-06-11T14:00:00Z,63052.3,63075.9,62697.6,62700.6,3196.352
2026-06-11T15:00:00Z,62700.6,62858.9,62505.6,62726.3,3182.979
2026-06-11T16:00:00Z,62726.3,62819.9,62518.2,62548.0,2227.988
2026-06-11T17:00:00Z,62548.0,63670.5,62315.0,63616.6,11500.613
2026-06-11T18:00:00Z,63616.6,63776.8,63301.0,63428.6,4613.308
2026-06-11T19:00:00Z,63428.6,63900.0,63370.0,63580.1,5573.89
2026-06-11T20:00:00Z,63580.1,63645.7,63239.8,63369.1,2554.928
2026-06-11T21:00:00Z,63369.1,63583.8,63369.1,63494.3,1264.685
2026-06-11T22:00:00Z,63494.3,63648.7,63435.5,63473.1,860.522
2026-06-11T23:00:00Z,63473.1,63699.9,63331.6,63600.0,1367.872
2026-06-12T00:00:00Z,63600.0,63780.0,63496.1,63618.5,1375.632
2026-06-12T01:00:00Z,63618.5,63618.5,63258.0,63397.7,1984.384
2026-06-12T02:00:00Z,63397.7,63757.6,63397.6,63593.9,1640.045
2026-06-12T03:00:00Z,63593.9,63623.0,63307.2,63494.7,1033.181
2026-06-12T04:00:00Z,63494.7,63849.6,63392.5,63670.6,1991.791
2026-06-12T05:00:00Z,63670.6,63696.8,63267.6,63323.7,2517.555
2026-06-12T06:00:00Z,63323.7,63384.8,62810.0,62955.2,3905.938
2026-06-12T07:00:00Z,62955.2,63194.6,62917.7,63063.2,2140.331
2026-06-12T08:00:00Z,63063.2,63600.0,63061.0,63442.1,2852.214
2026-06-12T09:00:00Z,63442.1,63934.9,63403.5,63730.1,4022.306
2026-06-12T10:00:00Z,63730.1,63836.8,63556.2,63667.9,1751.334
2026-06-12T11:00:00Z,63667.9,63863.8,63649.3,63730.5,1599.659
2026-06-12T12:00:00Z,63730.5,63753.7,63348.0,63432.5,2440.168
2026-06-12T13:00:00Z,63432.5,63509.9,63010.1,63201.6,4149.529
2026-06-12T14:00:00Z,63201.6,63988.8,63153.7,63979.9,6240.269
2026-06-12T15:00:00Z,63979.9,64371.8,63515.0,63565.7,10585.816
2026-06-12T16:00:00Z,63565.7,63979.9,63477.3,63954.0,3866.821
2026-06-12T17:00:00Z,63954.0,64080.8,63698.8,63832.9,1933.493
2026-06-12T18:00:00Z,63832.9,63906.4,63640.6,63659.3,1441.054
2026-06-12T19:00:00Z,63659.3,63791.8,63534.9,63549.1,1318.115
2026-06-12T20:00:00Z,63549.1,63666.9,63358.7,63423.4,1432.297
2026-06-12T21:00:00Z,63423.4,63605.3,63405.8,63448.9,1189.983
2026-06-12T22:00:00Z,63448.9,63632.1,63434.1,63477.7,912.76
2026-06-12T23:00:00Z,63477.7,63556.3,63388.2,63547.1,869.698
2026-06-13T00:00:00Z,63547.1,63620.0,63476.6,63577.0,725.67
2026-06-13T01:00:00Z,63577.0,63816.6,63575.7,63800.0,1600.152
2026-06-13T02:00:00Z,63800.0,63800.0,63496.1,63613.8,1198.719
2026-06-13T03:00:00Z,63613.8,63697.0,63372.8,63493.9,1026.718
2026-06-13T04:00:00Z,63493.9,63619.4,63445.8,63475.3,511.323
2026-06-13T05:00:00Z,63475.3,63590.9,63455.8,63556.4,810.19
2026-06-13T06:00:00Z,63556.4,63715.9,63515.4,63700.8,974.007
2026-06-13T07:00:00Z,63700.8,63867.3,63642.9,63821.6,2628.839
2026-06-13T08:00:00Z,63821.6,63888.0,63729.9,63769.8,1517.519
2026-06-13T09:00:00Z,63769.8,63837.2,63697.8,63712.0,670.832
2026-06-13T10:00:00Z,63712.0,63898.5,63694.6,63812.9,811.161
2026-06-13T11:00:00Z,63812.9,63947.9,63812.3,63936.3,1006.155
2026-06-13T12:00:00Z,63936.3,64188.8,63884.7,64105.5,2350.228
2026-06-13T13:00:00Z,64105.5,64234.0,64004.8,64065.1,1939.319
2026-06-13T14:00:00Z,64065.1,64203.5,64055.7,64196.7,726.574
2026-06-13T15:00:00Z,64196.7,64316.4,64141.5,64263.6,1843.547
2026-06-13T16:00:00Z,64263.6,64278.8,63876.1,63997.4,4458.131
2026-06-13T17:00:00Z,63997.4,64095.7,63903.7,63943.0,1208.212
2026-06-13T18:00:00Z,63943.0,64253.1,63942.9,64124.1,1375.173
2026-06-13T19:00:00Z,64124.1,64310.9,64110.1,64267.0,895.13
2026-06-13T20:00:00Z,64267.0,64267.0,64197.4,64258.3,515.888
2026-06-13T21:00:00Z,64258.3,64746.9,64185.1,64439.7,3687.858
2026-06-13T22:00:00Z,64439.7,64537.9,64349.5,64419.4,1101.076
2026-06-13T23:00:00Z,64419.4,64565.4,64350.1,64416.6,1186.619
2026-06-14T00:00:00Z,64416.6,64550.0,64337.8,64525.0,952.648
2026-06-14T01:00:00Z,64525.0,64685.9,64465.7,64543.2,1040.836
2026-06-14T02:00:00Z,64543.2,64609.7,64435.1,64451.2,517.241
2026-06-14T03:00:00Z,64451.2,64512.7,64422.8,64508.8,633.942
2026-06-14T04:00:00Z,64508.8,64528.3,64280.0,64303.6,944.888
2026-06-14T05:00:00Z,64303.6,64380.0,64260.1,64328.5,743.395
2026-06-14T06:00:00Z,64328.5,64446.6,64203.9,64257.8,1160.522
2026-06-14T07:00:00Z,64257.8,64420.0,64176.6,64401.5,1185.626
2026-06-14T08:00:00Z,64401.5,64490.4,64358.0,64428.8,813.577
2026-06-14T09:00:00Z,64428.8,64598.8,64288.2,64584.7,1207.054
2026-06-14T10:00:00Z,64584.7,64641.8,64465.5,64489.2,1212.985
2026-06-14T11:00:00Z,64489.2,64608.8,64420.0,64516.1,916.298
2026-06-14T12:00:00Z,64516.1,64533.1,64269.3,64300.6,1457.66
2026-06-14T13:00:00Z,64300.6,64367.1,64207.6,64288.0,1027.51
2026-06-14T14:00:00Z,64288.0,64312.0,63831.0,63959.2,3507.509
2026-06-14T15:00:00Z,63959.2,64119.1,63951.2,63991.6,1854.393
2026-06-14T16:00:00Z,63991.6,64211.1,63895.3,63913.1,1527.455
2026-06-14T17:00:00Z,63913.1,64000.0,63643.7,63707.7,2487.515
2026-06-14T18:00:00Z,63707.7,63788.0,63654.0,63785.0,1033.963
2026-06-14T19:00:00Z,63785.0,63830.5,63703.2,63775.1,693.591
2026-06-14T20:00:00Z,63775.1,64069.0,63760.9,63975.6,1665.827
2026-06-14T21:00:00Z,63975.6,65677.0,63971.9,65286.6,15479.655
2026-06-14T22:00:00Z,65286.6,65550.9,64920.0,65389.1,6649.998
2026-06-14T23:00:00Z,65389.1,65770.0,65219.3,65710.0,3755.289
2026-06-15T00:00:00Z,65710.0,65899.2,65452.0,65597.6,3058.166
2026-06-15T01:00:00Z,65597.6,65690.6,65317.0,65487.0,1704.694
2026-06-15T02:00:00Z,65487.0,65759.1,65384.0,65430.6,1288.745
2026-06-15T03:00:00Z,65430.6,65983.0,65392.0,65895.4,2471.308
2026-06-15T04:00:00Z,65895.4,65895.4,65599.3,65608.4,1220.161
2026-06-15T05:00:00Z,65608.4,65842.4,65564.4,65826.4,1496.929
2026-06-15T06:00:00Z,65826.4,65933.0,65735.1,65774.8,1768.368
2026-06-15T07:00:00Z,65774.8,65997.9,65602.5,65644.0,2242.807
2026-06-15T08:00:00Z,65644.0,65776.7,65589.0,65627.1,1344.821
2026-06-15T09:00:00Z,65627.1,65770.0,65468.6,65563.8,1300.293
2026-06-15T10:00:00Z,65563.8,66019.2,65548.5,65888.3,2999.245
2026-06-15T11:00:00Z,65888.3,66372.8,65811.7,66202.4,6749.319
2026-06-15T12:00:00Z,66202.4,66597.6,66067.3,66530.7,4891.011
2026-06-15T13:00:00Z,66530.7,66916.9,66377.2,66418.7,9111.236
2026-06-15T14:00:00Z,66418.7,66648.2,66267.3,66552.0,3374.29
2026-06-15T15:00:00Z,66552.0,67276.0,66542.9,67256.4,5851.156
2026-06-15T16:00:00Z,67256.4,67265.8,67058.2,67128.1,3151.069
2026-06-15T17:00:00Z,67128.1,67128.2,66645.0,66823.6,3637.672
2026-06-15T18:00:00Z,66823.6,66917.2,66688.0,66733.6,1468.192
2026-06-15T19:00:00Z,66733.6,66863.1,66275.2,66580.1,3555.767
2026-06-15T20:00:00Z,66580.1,66656.3,66457.2,66491.0,1416.975
2026-06-15T21:00:00Z,66491.0,66537.6,66301.1,66337.2,987.452
2026-06-15T22:00:00Z,66337.2,66441.0,66060.1,66176.8,2768.303
2026-06-15T23:00:00Z,66176.8,66337.5,66092.0,66287.2,1162.003
2026-06-16T00:00:00Z,66287.2,66434.7,66202.2,66218.7,1455.093
2026-06-16T01:00:00Z,66218.7,66392.8,66207.8,66313.7,888.437
2026-06-16T02:00:00Z,66313.7,66341.8,65605.5,65707.4,5953.979
2026-06-16T03:00:00Z,65707.4,66130.0,65606.9,66121.5,3134.729
2026-06-16T04:00:00Z,66121.5,66247.5,65763.1,65807.3,2404.469
2026-06-16T05:00:00Z,65807.3,66113.7,65807.2,66024.6,1484.87
2026-06-16T06:00:00Z,66024.6,66566.9,66024.5,66400.1,3333.594
2026-06-16T07:00:00Z,66400.1,66494.2,66270.0,66338.4,1342.213
2026-06-16T08:00:00Z,66338.4,66970.0,66304.8,66864.5,3959.786
2026-06-16T09:00:00Z,66864.5,66908.1,66433.4,66479.8,2749.007
2026-06-16T10:00:00Z,66479.8,66760.0,66453.2,66480.0,2839.295
2026-06-16T11:00:00Z,66480.0,66621.8,66336.8,66460.3,1608.954
2026-06-16T12:00:00Z,66460.3,66795.3,66328.9,66395.8,3169.019
2026-06-16T13:00:00Z,66395.8,66444.5,65896.7,66021.0,5028.07
2026-06-16T14:00:00Z,66021.0,66243.5,65327.4,65632.4,6802.505
2026-06-16T15:00:00Z,65632.4,65969.0,65579.9,65835.3,2953.737
2026-06-16T16:00:00Z,65835.3,65930.8,65671.2,65730.5,1468.146
2026-06-16T17:00:00Z,65730.5,65992.3,65675.7,65949.1,1456.226
2026-06-16T18:00:00Z,65949.1,66263.6,65770.6,65817.7,2590.558
2026-06-16T19:00:00Z,65817.7,65817.7,65525.0,65656.3,1957.243
2026-06-16T20:00:00Z,65656.3,65838.5,65558.8,65826.9,964.706
2026-06-16T21:00:00Z,65826.9,65918.4,65624.0,65748.7,1016.57
2026-06-16T22:00:00Z,65748.7,65850.0,65650.0,65748.5,597.277
2026-06-16T23:00:00Z,65748.5,65810.1,65588.5,65640.0,995.034
2026-06-17T00:00:00Z,65640.0,65827.4,65640.0,65681.7,1119.934
2026-06-17T01:00:00Z,65681.7,65922.0,65421.3,65902.6,2161.801
2026-06-17T02:00:00Z,65902.6,66108.3,65750.0,65875.4,2025.565
2026-06-17T03:00:00Z,65875.4,65875.4,65680.8,65828.4,818.571
2026-06-17T04:00:00Z,65828.4,66020.9,65765.7,65863.0,587.863
2026-06-17T05:00:00Z,65863.0,65952.3,65708.4,65801.2,631.769
2026-06-17T06:00:00Z,65801.2,65867.4,65534.4,65593.3,1380.419
2026-06-17T07:00:00Z,65593.3,65685.1,65159.5,65505.9,4399.962
2026-06-17T08:00:00Z,65505.9,65545.3,64805.0,64896.4,5217.931
2026-06-17T09:00:00Z,64896.4,65053.7,64818.3,64889.9,1761.074
2026-06-17T10:00:00Z,64889.9,64977.3,64731.0,64771.2,1706.709
2026-06-17T11:00:00Z,64771.2,64832.0,64529.6,64773.7,3537.664
2026-06-17T12:00:00Z,64773.7,65103.0,64552.6,65007.3,3675.185
2026-06-17T13:00:00Z,65007.3,65332.1,64807.0,65239.4,3831.117
2026-06-17T14:00:00Z,65239.4,65439.0,64729.2,65068.5,4386.436
2026-06-17T15:00:00Z,65068.5,65838.6,64950.3,65712.8,5798.438
2026-06-17T16:00:00Z,65712.8,66444.7,65673.7,65837.2,6724.958
2026-06-17T17:00:00Z,65837.2,66180.0,65767.8,66081.8,2154.709
2026-06-17T18:00:00Z,66081.8,66081.8,64734.0,65479.0,13996.248
2026-06-17T19:00:00Z,65479.0,65643.0,64001.8,64267.2,14470.19
2026-06-17T20:00:00Z,64267.2,64454.2,64146.0,64397.5,2905.414
2026-06-17T21:00:00Z,64397.5,64419.5,64101.0,64220.8,1500.176
2026-06-17T22:00:00Z,64220.8,64406.8,63869.6,64266.5,2896.005
2026-06-17T23:00:00Z,64266.5,64502.8,64219.3,64476.6,1580.866
2026-06-18T00:00:00Z,64476.6,64678.5,64420.4,64434.8,1299.541
2026-06-18T01:00:00Z,64434.8,64781.8,64434.7,64522.1,1177.429
2026-06-18T02:00:00Z,64522.1,64750.4,64445.6,64649.2,1131.161
2026-06-18T03:00:00Z,64649.2,64653.4,64220.0,64255.4,2481.136
2026-06-18T04:00:00Z,64255.4,64307.2,63752.1,63847.0,3911.855
2026-06-18T05:00:00Z,63847.0,63993.3,63656.3,63957.7,3014.306
2026-06-18T06:00:00Z,63957.7,64096.8,63811.1,64050.8,1972.411
2026-06-18T07:00:00Z,64050.8,64478.2,63979.9,64467.1,2790.52
2026-06-18T08:00:00Z,64467.1,64619.4,64341.0,64368.4,3038.031
2026-06-18T09:00:00Z,64368.4,64450.0,64148.3,64177.0,1764.638
2026-06-18T10:00:00Z,64177.0,64199.9,63881.6,64049.3,3366.292
2026-06-18T11:00:00Z,64049.3,64174.5,63851.1,63943.0,2288.688
2026-06-18T12:00:00Z,63943.0,64368.5,63885.5,64337.0,2793.034
2026-06-18T13:00:00Z,64337.0,64409.8,63753.0,63948.1,5457.902
2026-06-18T14:00:00Z,63948.1,64176.0,63500.0,63780.0,6681.831
2026-06-18T15:00:00Z,63780.0,63798.2,62216.9,62326.1,20919.829
2026-06-18T16:00:00Z,62326.1,62778.7,62299.9,62653.2,7310.18
2026-06-18T17:00:00Z,62653.2,62710.0,62216.4,62557.8,4545.474
2026-06-18T18:00:00Z,62557.8,62920.1,62533.5,62669.7,4613.884
2026-06-18T19:00:00Z,62669.7,62971.6,62589.7,62915.9,2267.969
2026-06-18T20:00:00Z,62915.9,63238.3,62915.9,63054.6,2581.305
2026-06-18T21:00:00Z,63054.6,63093.1,62829.0,62934.2,1877.331
2026-06-18T22:00:00Z,62934.2,62970.2,62703.9,62848.2,1291.993
2026-06-18T23:00:00Z,62848.2,62955.5,62715.9,62920.1,844.973
2026-06-19T00:00:00Z,62920.1,63061.2,62807.3,62988.7,1035.593
2026-06-19T01:00:00Z,62988.7,63066.7,62802.8,62988.0,1093.037
2026-06-19T02:00:00Z,62988.0,63076.6,62848.6,62970.4,924.578
2026-06-19T03:00:00Z,62970.4,63000.0,62345.3,62742.7,5682.095
2026-06-19T04:00:00Z,62742.7,62888.6,62365.1,62421.6,3123.756
2026-06-19T05:00:00Z,62421.6,62715.6,62401.3,62700.0,2281.855
2026-06-19T06:00:00Z,62700.0,62887.4,62684.7,62857.2,1416.231
2026-06-19T07:00:00Z,62857.2,62885.9,62460.9,62589.8,2731.943
2026-06-19T08:00:00Z,62589.8,62755.5,62497.1,62569.4,1388.847
2026-06-19T09:00:00Z,62569.4,62621.5,62271.6,62355.1,2708.482
2026-06-19T10:00:00Z,62355.1,62564.2,62345.1,62495.7,2202.27
2026-06-19T11:00:00Z,62495.7,62650.0,62409.6,62596.7,1648.17
2026-06-19T12:00:00Z,62596.7,62845.8,62309.7,62792.5,3593.803
2026-06-19T13:00:00Z,62792.5,63397.3,62620.1,63168.4,6544.002
2026-06-19T14:00:00Z,63168.4,63380.0,62966.2,63165.9,3257.19
2026-06-19T15:00:00Z,63165.9,63260.4,62981.9,63187.0,1739.316
2026-06-19T16:00:00Z,63187.0,63363.5,62891.9,62938.9,3104.727
2026-06-19T17:00:00Z,62938.9,63198.0,62827.2,63161.0,2066.186
2026-06-19T18:00:00Z,63161.0,63168.4,62951.7,63079.5,666.239
2026-06-19T19:00:00Z,63079.5,63111.2,62909.2,62999.9,903.164
2026-06-19T20:00:00Z,62999.9,63255.0,62926.9,63216.8,973.497
2026-06-19T21:00:00Z,63216.8,63249.4,63019.7,63048.5,706.626
2026-06-19T22:00:00Z,63048.5,63347.0,63020.6,63284.0,835.515
2026-06-19T23:00:00Z,63284.0,63641.1,63237.3,63508.9,2576.113
2026-06-20T00:00:00Z,63508.9,63767.2,63430.3,63493.0,2778.922
2026-06-20T01:00:00Z,63493.0,63590.5,63369.2,63546.2,890.286
2026-06-20T02:00:00Z,63546.2,63546.2,63302.7,63304.6,959.157
2026-06-20T03:00:00Z,63304.6,63478.0,63286.0,63443.1,517.436
2026-06-20T04:00:00Z,63443.1,63585.0,63365.0,63552.1,655.279
2026-06-20T05:00:00Z,63552.1,63945.7,63505.3,63645.9,3758.557
2026-06-20T06:00:00Z,63645.9,63732.0,63605.6,63704.2,846.833
2026-06-20T07:00:00Z,63704.2,63766.3,63560.0,63624.3,1458.622
2026-06-20T08:00:00Z,63624.3,63633.2,63360.0,63393.9,2289.201
2026-06-20T09:00:00Z,63393.9,63760.7,63390.6,63703.1,1501.646
2026-06-20T10:00:00Z,63703.1,63748.2,63561.8,63651.0,1029.575
2026-06-20T11:00:00Z,63651.0,63790.4,63583.3,63652.9,1029.363
2026-06-20T12:00:00Z,63652.9,63762.6,63514.5,63624.3,2152.037
2026-06-20T13:00:00Z,63624.3,63624.4,63238.3,63369.6,2846.87
2026-06-20T14:00:00Z,63369.6,64143.0,63154.5,63925.7,6418.139
2026-06-20T15:00:00Z,63925.7,64356.6,63810.0,64135.6,5063.512
2026-06-20T16:00:00Z,64135.6,64140.6,63871.0,64000.1,1790.261
2026-06-20T17:00:00Z,64000.1,64015.9,63700.8,63811.3,1765.254
2026-06-20T18:00:00Z,63811.3,63902.2,63750.4,63775.3,684.484
2026-06-20T19:00:00Z,63775.3,63935.6,63761.1,63908.6,585.411
2026-06-20T20:00:00Z,63908.6,63957.2,63822.7,63905.0,440.764
2026-06-20T21:00:00Z,63905.0,64065.9,63890.1,63983.8,568.285
2026-06-20T22:00:00Z,63983.8,64339.3,63957.0,64242.0,1521.592
2026-06-20T23:00:00Z,64242.0,64315.8,64219.9,64265.4,681.701
2026-06-21T00:00:00Z,64265.4,64293.4,64199.4,64264.6,780.423
2026-06-21T01:00:00Z,64264.6,64298.0,64169.2,64214.2,747.422
2026-06-21T02:00:00Z,64214.2,64245.5,64182.4,64210.6,483.795
2026-06-21T03:00:00Z,64210.6,64449.0,64200.0,64394.1,1444.122
2026-06-21T04:00:00Z,64394.1,64589.1,64232.7,64249.4,1721.53
2026-06-21T05:00:00Z,64249.4,64337.3,64174.2,64226.4,867.901
2026-06-21T06:00:00Z,64226.4,64299.4,64156.7,64267.3,608.533
2026-06-21T07:00:00Z,64267.3,64269.7,64137.0,64158.5,911.99
2026-06-21T08:00:00Z,64158.5,64200.0,63867.9,63992.7,1768.745
2026-06-21T09:00:00Z,63992.7,64220.0,63931.0,64180.9,1565.833
2026-06-21T10:00:00Z,64180.9,64374.0,64168.1,64334.7,1440.291
2026-06-21T11:00:00Z,64334.7,64452.2,64069.4,64140.0,2627.778
2026-06-21T12:00:00Z,64140.0,64205.5,63915.6,64162.3,2227.153
2026-06-21T13:00:00Z,64162.3,64162.3,63974.6,64113.6,960.621
2026-06-21T14:00:00Z,64113.6,64125.5,63962.0,64115.1,787.145
2026-06-21T15:00:00Z,64115.1,64327.1,64083.3,64194.3,1355.676
2026-06-21T16:00:00Z,64194.3,64227.2,64002.9,64111.1,1049.897
2026-06-21T17:00:00Z,64111.1,64193.8,64032.0,64110.0,538.625
2026-06-21T18:00:00Z,64110.0,64212.6,63909.8,64174.8,1142.069
2026-06-21T19:00:00Z,64174.8,64267.5,64127.4,64169.9,401.638
2026-06-21T20:00:00Z,64169.9,64239.7,63648.0,63817.9,2527.478
2026-06-21T21:00:00Z,63817.9,63935.2,63467.9,63773.6,4014.926
2026-06-21T22:00:00Z,63773.6,63836.9,63538.2,63767.4,2350.239
2026-06-21T23:00:00Z,63767.4,63767.4,63209.3,63283.4,3785.325
2026-06-22T00:00:00Z,63283.4,64084.7,63279.8,63870.9,5593.869
2026-06-22T01:00:00Z,63870.9,64827.6,63822.8,64572.8,7495.692
2026-06-22T02:00:00Z,64572.8,64649.3,64207.8,64225.0,1845.182
2026-06-22T03:00:00Z,64225.0,64434.6,63859.1,63931.6,3783.949
2026-06-22T04:00:00Z,63931.6,64088.1,63835.0,64062.5,1646.462
2026-06-22T05:00:00Z,64062.5,64313.3,64052.1,64221.1,1690.324
2026-06-22T06:00:00Z,64221.1,64307.1,63916.9,63961.0,1623.857
2026-06-22T07:00:00Z,63961.0,64387.6,63931.3,64184.1,2763.995
2026-06-22T08:00:00Z,64184.1,64325.7,64008.7,64136.9,1432.056
2026-06-22T09:00:00Z,64136.9,64233.0,64016.4,64115.1,702.844
2026-06-22T10:00:00Z,64115.1,64252.8,64047.8,64112.6,676.622
2026-06-22T11:00:00Z,64112.6,64757.2,64070.0,64630.4,5777.228
2026-06-22T12:00:00Z,64630.4,65200.0,64558.4,65122.5,8422.347
2026-06-22T13:00:00Z,65122.5,65571.0,64917.8,65550.0,7093.722
2026-06-22T14:00:00Z,65550.0,65596.0,64790.6,64937.7,7621.979
2026-06-22T15:00:00Z,64937.7,65110.9,64718.0,64801.0,3347.359
2026-06-22T16:00:00Z,64801.0,64828.5,64482.3,64689.0,4941.665
2026-06-22T17:00:00Z,64689.0,64743.5,64350.0,64577.9,2806.941
2026-06-22T18:00:00Z,64577.9,64707.0,64270.1,64306.9,3229.932
2026-06-22T19:00:00Z,64306.9,64469.9,64203.5,64445.2,3081.452
2026-06-22T20:00:00Z,64445.2,64635.0,64311.4,64407.0,2294.439
2026-06-22T21:00:00Z,64407.0,64456.6,64104.9,64287.8,2295.544
2026-06-22T22:00:00Z,64287.8,64370.1,63771.0,63941.1,3149.748
2026-06-22T23:00:00Z,63941.1,64024.9,63843.0,63989.3,1200.229
2026-06-23T00:00:00Z,63989.3,64135.8,63796.9,64120.0,2074.423
2026-06-23T01:00:00Z,64120.0,64252.8,63860.0,64118.0,3515.284
2026-06-23T02:00:00Z,64118.0,64243.1,64003.5,64164.0,1050.391
2026-06-23T03:00:00Z,64164.0,64173.7,63938.0,64035.1,1022.62
2026-06-23T04:00:00Z,64035.1,64063.7,63581.0,63597.9,2670.724
2026-06-23T05:00:00Z,63597.9,63708.5,63323.7,63368.0,3543.748
2026-06-23T06:00:00Z,63368.0,63375.1,62530.0,62907.4,9760.97
2026-06-23T07:00:00Z,62907.4,63064.1,62831.7,62853.8,3077.632
2026-06-23T08:00:00Z,62853.8,62916.5,61878.4,62344.8,11962.546
2026-06-23T09:00:00Z,62344.8,62470.0,62300.0,62344.6,2338.116
2026-06-23T10:00:00Z,62344.6,62555.3,62203.7,62280.4,2625.107
2026-06-23T11:00:00Z,62280.4,62626.3,62280.4,62470.1,2799.683
2026-06-23T12:00:00Z,62470.1,62522.4,62125.1,62230.6,2436.971
2026-06-23T13:00:00Z,62230.6,62511.1,61921.9,62449.5,7025.878
2026-06-23T14:00:00Z,62449.5,62822.5,62360.9,62461.2,6693.334
2026-06-23T15:00:00Z,62461.2,62480.0,62166.2,62459.2,4347.76
2026-06-23T16:00:00Z,62459.2,62804.4,62393.7,62519.4,3294.412
2026-06-23T17:00:00Z,62519.4,62661.9,62288.5,62323.8,1909.404
2026-06-23T18:00:00Z,62323.8,62421.7,62068.0,62210.4,2318.349
2026-06-23T19:00:00Z,62210.4,62449.8,62197.4,62358.3,1757.59
2026-06-23T20:00:00Z,62358.3,62514.6,62337.5,62437.1,1115.983
2026-06-23T21:00:00Z,62437.1,62631.8,62437.1,62562.0,924.643
2026-06-23T22:00:00Z,62562.0,62748.0,62482.3,62559.0,1702.284
2026-06-23T23:00:00Z,62559.0,62772.3,62458.6,62693.7,995.641
2026-06-24T00:00:00Z,62693.7,62999.0,62692.2,62984.9,2283.793
2026-06-24T01:00:00Z,62984.9,63113.4,62741.8,62909.6,2216.59
2026-06-24T02:00:00Z,62909.6,62990.9,62573.1,62602.2,1989.629
2026-06-24T03:00:00Z,62602.2,62804.0,62427.0,62707.1,1661.298
2026-06-24T04:00:00Z,62707.1,62770.0,62501.0,62719.2,1294.93
2026-06-24T05:00:00Z,62719.2,63060.4,62677.0,62859.1,1763.447
2026-06-24T06:00:00Z,62859.1,62884.0,62691.4,62756.2,930.247
2026-06-24T07:00:00Z,62756.2,62820.7,62577.0,62629.9,1541.515
2026-06-24T08:00:00Z,62629.9,62782.8,62574.0,62767.8,996.894
2026-06-24T09:00:00Z,62767.8,62768.7,62603.0,62652.0,664.225
2026-06-24T10:00:00Z,62652.0,62657.1,62383.0,62412.1,1601.013
2026-06-24T11:00:00Z,62412.1,63232.7,62277.0,62887.9,4965.059
2026-06-24T12:00:00Z,62887.9,62950.0,62536.8,62589.8,2359.118
2026-06-24T13:00:00Z,62589.8,62604.5,61220.1,61300.3,16591.334
2026-06-24T14:00:00Z,61300.3,61437.4,60841.0,61075.2,13311.885
2026-06-24T15:00:00Z,61075.2,61114.0,60220.0,60238.3,10349.104
2026-06-24T16:00:00Z,60238.3,60637.1,59554.0,59806.9,14109.126
2026-06-24T17:00:00Z,59806.9,60023.5,59065.8,59362.0,12068.525
2026-06-24T18:00:00Z,59362.0,59890.0,59261.7,59571.2,6736.817
2026-06-24T19:00:00Z,59571.2,59971.7,59482.3,59923.7,3913.961
2026-06-24T20:00:00Z,59923.7,61176.2,59814.4,60927.4,13004.169
2026-06-24T21:00:00Z,60927.4,61117.0,60624.2,61076.3,3226.158
2026-06-24T22:00:00Z,61076.3,61239.6,60768.0,60850.1,3650.371
2026-06-24T23:00:00Z,60850.1,61087.9,60798.2,61054.7,2059.517
2026-06-25T00:00:00Z,61054.7,61146.0,60690.5,60785.2,3011.123
2026-06-25T01:00:00Z,60785.2,60958.4,60684.8,60885.0,1383.06
2026-06-25T02:00:00Z,60885.0,60933.4,60665.2,60761.3,1432.976
2026-06-25T03:00:00Z,60761.3,60875.2,60650.0,60853.3,1398.521
2026-06-25T04:00:00Z,60853.3,61383.1,60755.1,61322.7,3365.237
2026-06-25T05:00:00Z,61322.7,61794.4,61250.0,61565.1,5420.788
2026-06-25T06:00:00Z,61565.1,61819.0,61565.1,61694.5,2056.203
2026-06-25T07:00:00Z,61694.5,61942.3,61630.2,61881.2,2850.404
2026-06-25T08:00:00Z,61881.2,61894.7,61643.5,61684.3,1955.729
2026-06-25T09:00:00Z,61684.3,61763.8,61577.6,61699.7,1082.571
2026-06-25T10:00:00Z,61699.7,61724.1,61231.5,61237.2,4267.208
2026-06-25T11:00:00Z,61237.2,61395.9,61031.2,61252.3,4248.221
2026-06-25T12:00:00Z,61252.3,61765.8,61043.5,61203.2,5806.381
2026-06-25T13:00:00Z,61203.2,61333.4,58042.6,58259.6,25947.062
2026-06-25T14:00:00Z,58259.6,60463.4,58253.9,59434.4,31889.383
2026-06-25T15:00:00Z,59434.4,59625.1,58799.8,59531.7,10751.735
2026-06-25T16:00:00Z,59531.7,60037.7,59121.3,59275.8,8059.42
2026-06-25T17:00:00Z,59275.8,59708.8,59103.7,59650.3,4608.383
2026-06-25T18:00:00Z,59650.3,59766.0,59328.5,59481.7,4486.639
2026-06-25T19:00:00Z,59481.7,59488.8,59139.1,59295.3,3529.079
2026-06-25T20:00:00Z,59295.3,59722.8,59290.8,59430.0,3531.781
2026-06-25T21:00:00Z,59430.0,60236.8,59423.5,60180.3,3388.836
2026-06-25T22:00:00Z,60180.3,60180.3,59702.8,59812.9,3303.322
2026-06-25T23:00:00Z,59812.9,60166.7,59707.2,59767.3,3494.041
2026-06-26T00:00:00Z,59767.3,59880.4,59600.2,59628.7,2519.37
2026-06-26T01:00:00Z,59628.7,59758.5,59200.0,59408.0,3247.27
2026-06-26T02:00:00Z,59408.0,59425.0,58310.0,58535.5,11861.088
2026-06-26T03:00:00Z,58535.5,60101.7,58289.5,60003.6,10241.018
2026-06-26T04:00:00Z,60003.6,60237.4,59800.0,59895.5,3546.801
2026-06-26T05:00:00Z,59895.5,60027.4,59701.0,59914.8,2268.939
2026-06-26T06:00:00Z,59914.8,60432.0,59672.2,60299.7,4569.52
2026-06-26T07:00:00Z,60299.7,60731.3,60250.4,60487.0,5215.023
2026-06-26T08:00:00Z,60487.0,60539.3,60113.1,60215.4,3581.155
2026-06-26T09:00:00Z,60215.4,60228.5,59551.1,59706.9,5125.451
2026-06-26T10:00:00Z,59706.9,59837.4,59214.1,59291.4,3717.142
2026-06-26T11:00:00Z,59291.4,59568.5,59232.1,59389.2,2955.168
2026-06-26T12:00:00Z,59389.2,59987.2,58936.3,59159.9,10998.843
2026-06-26T13:00:00Z,59159.9,60181.2,58450.0,60141.8,17416.331
2026-06-26T14:00:00Z,60141.8,60272.9,59359.0,59566.4,8442.252
2026-06-26T15:00:00Z,59566.4,60475.3,59557.9,60291.9,7323.713
2026-06-26T16:00:00Z,60291.9,60585.0,59936.0,60011.8,4099.53
2026-06-26T17:00:00Z,60011.8,60266.0,59919.7,59996.0,1766.508
2026-06-26T18:00:00Z,59996.0,60133.4,59505.0,59644.2,2620.093
2026-06-26T19:00:00Z,59644.2,60091.5,59584.7,59735.5,3258.379
2026-06-26T20:00:00Z,59735.5,59973.2,59541.5,59690.4,2678.933
2026-06-26T21:00:00Z,59690.4,60031.9,59646.8,59882.8,1795.13
2026-06-26T22:00:00Z,59882.8,60057.7,59720.4,60009.9,874.256
2026-06-26T23:00:00Z,60009.9,60090.0,59898.0,60073.4,1036.237
2026-06-27T00:00:00Z,60073.4,60174.4,59839.4,60032.2,1286.307
2026-06-27T01:00:00Z,60032.2,60045.2,59900.0,59920.8,407.865
2026-06-27T02:00:00Z,59920.8,60350.0,59888.9,60251.4,1717.054
2026-06-27T03:00:00Z,60251.4,60392.0,60131.6,60277.2,1484.638
2026-06-27T04:00:00Z,60277.2,60450.0,60176.4,60214.0,1247.658
2026-06-27T05:00:00Z,60214.0,60284.2,60101.0,60206.7,854.857
2026-06-27T06:00:00Z,60206.7,60472.1,60082.3,60342.8,1757.629
2026-06-27T07:00:00Z,60342.8,60557.7,60263.2,60525.6,1700.261
2026-06-27T08:00:00Z,60525.6,60525.6,60343.4,60419.1,965.484
2026-06-27T09:00:00Z,60419.1,60479.4,60258.1,60389.7,790.058
2026-06-27T10:00:00Z,60389.7,60465.8,60341.7,60390.6,607.773
2026-06-27T11:00:00Z,60390.6,60431.1,60170.0,60335.4,1274.031
2026-06-27T12:00:00Z,60335.4,60407.8,60209.5,60396.5,1304.756
2026-06-27T13:00:00Z,60396.5,60642.6,60351.8,60548.1,1593.881
2026-06-27T14:00:00Z,60548.1,60699.0,60473.1,60579.1,1499.196
2026-06-27T15:00:00Z,60579.1,60918.3,60530.6,60812.8,3632.355
2026-06-27T16:00:00Z,60812.8,60823.3,60631.0,60781.4,1523.395
2026-06-27T17:00:00Z,60781.4,60792.8,60382.0,60490.3,3014.891
2026-06-27T18:00:00Z,60490.3,60540.2,60411.1,60530.6,1178.073
2026-06-27T19:00:00Z,60530.6,60572.6,60025.0,60141.3,2976.516
2026-06-27T20:00:00Z,60141.3,60276.7,60135.6,60270.8,567.954
2026-06-27T21:00:00Z,60270.8,60450.0,60096.2,60165.7,2109.308
2026-06-27T22:00:00Z,60165.7,60231.0,59807.5,60198.4,2325.47
2026-06-27T23:00:00Z,60198.4,60296.0,59908.7,59995.3,1523.672
2026-06-28T00:00:00Z,59995.3,60163.7,59977.2,60119.1,1047.543
2026-06-28T01:00:00Z,60119.1,60242.8,59943.5,60189.9,1086.579
2026-06-28T02:00:00Z,60189.9,60308.4,60016.4,60116.7,670.34
2026-06-28T03:00:00Z,60116.7,60258.7,60113.7,60169.7,518.083
2026-06-28T04:00:00Z,60169.7,60204.8,60060.5,60108.7,469.366
2026-06-28T05:00:00Z,60108.7,60112.9,59715.9,59954.4,2772.157
2026-06-28T06:00:00Z,59954.4,59999.9,59767.0,59966.8,973.329
2026-06-28T07:00:00Z,59966.8,60236.4,59962.5,60188.8,1662.051
2026-06-28T08:00:00Z,60188.8,60522.5,60109.5,60337.4,1772.623
2026-06-28T09:00:00Z,60337.4,60444.0,60220.0,60228.2,874.918
2026-06-28T10:00:00Z,60228.2,60270.0,60032.7,60136.0,1148.735
2026-06-28T11:00:00Z,60136.0,60348.7,60084.2,60320.4,1099.742
2026-06-28T12:00:00Z,60320.4,60443.5,60164.8,60267.1,1122.847
2026-06-28T13:00:00Z,60267.1,60267.1,59933.0,60042.5,1942.086
2026-06-28T14:00:00Z,60042.5,60224.0,59979.4,60000.0,1284.857
2026-06-28T15:00:00Z,60000.0,60108.0,59784.9,59862.2,1942.344
2026-06-28T16:00:00Z,59862.2,59919.6,59545.2,59657.3,3463.816
2026-06-28T17:00:00Z,59657.3,59825.5,59348.1,59553.1,2853.573
2026-06-28T18:00:00Z,59553.1,59675.4,59466.8,59581.3,1331.24
2026-06-28T19:00:00Z,59581.3,59671.7,59225.4,59450.6,3264.353
2026-06-28T20:00:00Z,59450.6,59742.8,59444.0,59622.2,1816.214
2026-06-28T21:00:00Z,59622.2,59779.6,59300.0,59416.5,2306.593
2026-06-28T22:00:00Z,59416.5,59882.3,58860.0,59037.1,5683.089
2026-06-28T23:00:00Z,59037.1,59821.1,58972.7,59550.4,4000.335
2026-06-29T00:00:00Z,59550.4,59680.0,58961.8,59634.8,5654.009
2026-06-29T01:00:00Z,59634.8,59672.6,59165.1,59405.0,2275.711
2026-06-29T02:00:00Z,59405.0,59783.6,58850.6,59730.8,5685.145
2026-06-29T03:00:00Z,59730.8,60223.4,59730.8,60017.7,4149.555
2026-06-29T04:00:00Z,60017.7,60029.4,59712.0,59796.0,1999.569
2026-06-29T05:00:00Z,59796.0,60079.0,59340.0,60079.0,4584.096
2026-06-29T06:00:00Z,60079.0,60321.7,60018.6,60044.8,3026.435
2026-06-29T07:00:00Z,60044.8,60167.4,59895.8,59988.7,1881.537
2026-06-29T08:00:00Z,59988.7,60062.3,59704.2,59805.1,2994.098
2026-06-29T09:00:00Z,59805.1,60090.2,59750.0,60041.3,2720.386
2026-06-29T10:00:00Z,60041.3,60307.7,60034.9,60065.8,4140.849
2026-06-29T11:00:00Z,60065.8,60207.4,59766.8,59933.1,3369.691
2026-06-29T12:00:00Z,59933.1,60775.0,59570.0,59929.0,17312.094
2026-06-29T13:00:00Z,59929.0,60325.4,59295.1,59549.9,11176.872
2026-06-29T14:00:00Z,59549.9,59671.0,58973.4,59440.1,9302.449
2026-06-29T15:00:00Z,59440.1,59930.0,59060.1,59793.1,6572.426
2026-06-29T16:00:00Z,59793.1,60000.0,59555.6,59866.2,2796.104
2026-06-29T17:00:00Z,59866.2,60666.0,59866.2,60388.0,8051.084
2026-06-29T18:00:00Z,60388.0,60500.0,60165.1,60276.7,2821.946
2026-06-29T19:00:00Z,60276.7,60535.9,60129.0,60401.7,2067.87
2026-06-29T20:00:00Z,60401.7,60529.5,60274.1,60275.9,1053.316
2026-06-29T21:00:00Z,60275.9,60578.9,60234.3,60460.1,1026.62
2026-06-29T22:00:00Z,60460.1,60501.3,60325.9,60330.0,810.704
2026-06-29T23:00:00Z,60330.0,60360.0,60169.5,60224.0,1350.45
2026-06-30T00:00:00Z,60224.0,60249.0,59650.3,59803.6,4447.214
2026-06-30T01:00:00Z,59803.6,60022.8,59740.0,59910.0,2047.868
2026-06-30T02:00:00Z,59910.0,60012.9,59719.7,59912.7,1385.647
2026-06-30T03:00:00Z,59912.7,59995.1,59566.0,59587.3,1967.817
2026-06-30T04:00:00Z,59587.3,59666.7,59381.5,59460.0,3029.225
2026-06-30T05:00:00Z,59460.0,59623.4,59324.3,59623.3,2348.164
2026-06-30T06:00:00Z,59623.3,59690.3,59480.3,59565.1,1228.474
2026-06-30T07:00:00Z,59565.1,59606.1,59412.0,59495.9,1574.696
2026-06-30T08:00:00Z,59495.9,59528.3,59155.3,59278.5,3786.447
2026-06-30T09:00:00Z,59278.5,59392.0,59223.2,59346.7,1687.306
2026-06-30T10:00:00Z,59346.7,59396.7,59250.7,59297.9,1183.265
2026-06-30T11:00:00Z,59297.9,59387.9,59090.0,59160.1,3084.383
2026-06-30T12:00:00Z,59160.1,59160.1,58341.2,58378.6,10775.422
2026-06-30T13:00:00Z,58378.6,58786.0,58191.7,58710.3,11921.094
2026-06-30T14:00:00Z,58710.3,59247.3,58402.7,58458.1,10164.579
2026-06-30T15:00:00Z,58458.1,58787.2,58156.7,58358.8,7630.642
2026-06-30T16:00:00Z,58358.8,58610.0,58233.4,58477.5,3201.49
2026-06-30T17:00:00Z,58477.5,58600.0,58289.2,58400.8,2122.953
2026-06-30T18:00:00Z,58400.8,58681.1,58329.1,58655.6,2199.097
2026-06-30T19:00:00Z,58655.6,58823.4,58555.1,58793.5,2558.357
2026-06-30T20:00:00Z,58793.5,58860.0,58620.1,58703.1,1490.364
2026-06-30T21:00:00Z,58703.1,58749.4,58477.0,58619.7,1442.511
2026-06-30T22:00:00Z,58619.7,58775.3,58472.2,58573.4,846.434
2026-06-30T23:00:00Z,58573.4,58642.2,58514.1,58603.5,566.233
